<?xml version="1.0" encoding="UTF-8"?>

<project name="Polyspace" files="1" includes="24" ap_cg_cycle="0" ap_cg_direct_cycle="0" pshv="0" unpshv="0">
<file name="C:\component\SF003A_Dampg_Impl\src\Dampg.c" total_lines="661" lines_without_cmt="244" comf="29" fco="104">
<function name="HydPwrSteerDampgCmd" path="1" goto="0" vg="1" calling="1" calls="17" param="4" stmt="21" level="1" return="1" vocf="9.8" flin="98" fxln="45" ncalls="41">
</function>
<function name="MotVelDampgCmd" path="18" goto="0" vg="6" calling="1" calls="13" param="4" stmt="27" level="2" return="1" vocf="7.0" flin="94" fxln="37" ncalls="26">
</function>
<function name="DampgPer1" path="2" goto="0" vg="2" calling="0" calls="25" param="0" stmt="25" level="1" return="0" vocf="5.2" flin="93" fxln="39" ncalls="32">
</function>
<function name="DampgInit1" path="1" goto="0" vg="1" calling="0" calls="5" param="0" stmt="4" level="1" return="0" vocf="4.0" flin="12" fxln="4" ncalls="8">
</function>
<function name="FixdToFloat_f32_u32" path="1" goto="0" vg="1" calling="0" calls="0" param="2" stmt="1" level="1" return="1" vocf="1.9" flin="0" fxln="0" ncalls="0">
</function>
<function name="FixdToFloat_f32_u16" path="1" goto="0" vg="1" calling="3" calls="0" param="2" stmt="1" level="1" return="1" vocf="1.9" flin="0" fxln="0" ncalls="0">
</function>
<function name="FixdToFloat_f32_s32" path="1" goto="0" vg="1" calling="0" calls="0" param="2" stmt="1" level="1" return="1" vocf="1.9" flin="0" fxln="0" ncalls="0">
</function>
<function name="FixdToFloat_f32_s16" path="1" goto="0" vg="1" calling="0" calls="0" param="2" stmt="1" level="1" return="1" vocf="1.9" flin="0" fxln="0" ncalls="0">
</function>
<function name="FloatToFixd_u32_f32" path="1" goto="0" vg="1" calling="0" calls="0" param="2" stmt="1" level="1" return="1" vocf="2.1" flin="0" fxln="0" ncalls="0">
</function>
<function name="FloatToFixd_u16_f32" path="1" goto="0" vg="1" calling="3" calls="0" param="2" stmt="1" level="1" return="1" vocf="2.0" flin="0" fxln="0" ncalls="0">
</function>
<function name="FloatToFixd_s32_f32" path="1" goto="0" vg="1" calling="0" calls="0" param="2" stmt="1" level="1" return="1" vocf="1.9" flin="0" fxln="0" ncalls="0">
</function>
<function name="FloatToFixd_s16_f32" path="1" goto="0" vg="1" calling="1" calls="0" param="2" stmt="1" level="1" return="1" vocf="2.0" flin="0" fxln="0" ncalls="0">
</function>
<function name="FloatToFixdWithRound_u32_f32" path="1" goto="0" vg="1" calling="0" calls="0" param="2" stmt="1" level="1" return="1" vocf="1.9" flin="0" fxln="0" ncalls="0">
</function>
<function name="FloatToFixdWithRound_u16_f32" path="1" goto="0" vg="1" calling="0" calls="0" param="2" stmt="1" level="1" return="1" vocf="2.0" flin="0" fxln="0" ncalls="0">
</function>
<function name="FloatToFixdWithRound_s32_f32" path="1" goto="0" vg="2" calling="0" calls="0" param="2" stmt="1" level="1" return="1" vocf="2.8" flin="0" fxln="0" ncalls="0">
</function>
<function name="FloatToFixdWithRound_s16_f32" path="1" goto="0" vg="2" calling="0" calls="0" param="2" stmt="1" level="1" return="1" vocf="5.6" flin="0" fxln="0" ncalls="0">
</function>
<function name="FilHpInit" path="1" goto="0" vg="1" calling="0" calls="2" param="4" stmt="2" level="1" return="0" vocf="2.1" flin="0" fxln="0" ncalls="2">
</function>
<function name="FilHpUpdOutp_f32" path="1" goto="0" vg="1" calling="0" calls="1" param="2" stmt="1" level="1" return="1" vocf="1.8" flin="0" fxln="0" ncalls="1">
</function>
<function name="FilHpUpdGain" path="1" goto="0" vg="1" calling="1" calls="3" param="3" stmt="2" level="1" return="0" vocf="2.7" flin="0" fxln="0" ncalls="3">
</function>
<function name="FilLpInit" path="1" goto="0" vg="1" calling="2" calls="1" param="4" stmt="2" level="1" return="0" vocf="1.7" flin="0" fxln="0" ncalls="1">
</function>
<function name="FilLpUpdOutp_f32" path="1" goto="0" vg="1" calling="3" calls="0" param="2" stmt="2" level="1" return="1" vocf="2.0" flin="0" fxln="0" ncalls="0">
</function>
<function name="FilLpUpdGain" path="1" goto="0" vg="1" calling="2" calls="1" param="3" stmt="1" level="1" return="0" vocf="4.2" flin="0" fxln="0" ncalls="1">
</function>
<function name="SinLookup" path="8" goto="0" vg="4" calling="0" calls="0" param="1" stmt="15" level="1" return="1" vocf="2.1" flin="0" fxln="0" ncalls="0">
</function>
<function name="SinCos_f32" path="16" goto="0" vg="17" calling="0" calls="0" param="3" stmt="56" level="1" return="0" vocf="10.8" flin="0" fxln="0" ncalls="0">
</function>
<function name="Mod_f32" path="1" goto="0" vg="1" calling="0" calls="1" param="2" stmt="1" level="1" return="1" vocf="1.7" flin="0" fxln="0" ncalls="1">
</function>
<function name="Sqrt_f32" path="1" goto="0" vg="1" calling="1" calls="1" param="1" stmt="1" level="1" return="1" vocf="1.5" flin="0" fxln="0" ncalls="1">
</function>
<function name="Exp_f32" path="1" goto="0" vg="1" calling="2" calls="1" param="1" stmt="1" level="1" return="1" vocf="1.5" flin="0" fxln="0" ncalls="1">
</function>
<function name="Cos_f32" path="1" goto="0" vg="1" calling="0" calls="1" param="1" stmt="1" level="1" return="1" vocf="1.5" flin="0" fxln="0" ncalls="1">
</function>
<function name="Sin_f32" path="1" goto="0" vg="1" calling="0" calls="1" param="1" stmt="1" level="1" return="1" vocf="1.5" flin="0" fxln="0" ncalls="1">
</function>
<function name="Arctan2_f32" path="1" goto="0" vg="1" calling="0" calls="1" param="2" stmt="1" level="1" return="1" vocf="1.7" flin="0" fxln="0" ncalls="1">
</function>
<function name="Lim_f32" path="1" goto="0" vg="3" calling="2" calls="0" param="3" stmt="1" level="1" return="1" vocf="3.1" flin="0" fxln="0" ncalls="0">
</function>
<function name="Lim_u32" path="1" goto="0" vg="3" calling="0" calls="0" param="3" stmt="1" level="1" return="1" vocf="3.1" flin="0" fxln="0" ncalls="0">
</function>
<function name="Lim_s32" path="1" goto="0" vg="3" calling="0" calls="0" param="3" stmt="1" level="1" return="1" vocf="3.1" flin="0" fxln="0" ncalls="0">
</function>
<function name="Lim_u16" path="1" goto="0" vg="3" calling="0" calls="0" param="3" stmt="1" level="1" return="1" vocf="3.1" flin="0" fxln="0" ncalls="0">
</function>
<function name="Lim_s16" path="1" goto="0" vg="3" calling="0" calls="0" param="3" stmt="1" level="1" return="1" vocf="3.1" flin="0" fxln="0" ncalls="0">
</function>
<function name="Lim_u08" path="1" goto="0" vg="3" calling="0" calls="0" param="3" stmt="1" level="1" return="1" vocf="3.1" flin="0" fxln="0" ncalls="0">
</function>
<function name="Lim_s08" path="1" goto="0" vg="3" calling="0" calls="0" param="3" stmt="1" level="1" return="1" vocf="3.1" flin="0" fxln="0" ncalls="0">
</function>
<function name="Max_f32" path="1" goto="0" vg="2" calling="1" calls="0" param="2" stmt="1" level="1" return="1" vocf="2.2" flin="0" fxln="0" ncalls="0">
</function>
<function name="Max_u32" path="1" goto="0" vg="2" calling="0" calls="0" param="2" stmt="1" level="1" return="1" vocf="2.2" flin="0" fxln="0" ncalls="0">
</function>
<function name="Max_s32" path="1" goto="0" vg="2" calling="0" calls="0" param="2" stmt="1" level="1" return="1" vocf="2.2" flin="0" fxln="0" ncalls="0">
</function>
<function name="Max_u16" path="1" goto="0" vg="2" calling="0" calls="0" param="2" stmt="1" level="1" return="1" vocf="2.2" flin="0" fxln="0" ncalls="0">
</function>
<function name="Max_s16" path="1" goto="0" vg="2" calling="0" calls="0" param="2" stmt="1" level="1" return="1" vocf="2.2" flin="0" fxln="0" ncalls="0">
</function>
<function name="Max_u08" path="1" goto="0" vg="2" calling="0" calls="0" param="2" stmt="1" level="1" return="1" vocf="2.2" flin="0" fxln="0" ncalls="0">
</function>
<function name="Max_s08" path="1" goto="0" vg="2" calling="0" calls="0" param="2" stmt="1" level="1" return="1" vocf="2.2" flin="0" fxln="0" ncalls="0">
</function>
<function name="Min_f32" path="1" goto="0" vg="2" calling="0" calls="0" param="2" stmt="1" level="1" return="1" vocf="2.2" flin="0" fxln="0" ncalls="0">
</function>
<function name="Min_u32" path="1" goto="0" vg="2" calling="0" calls="0" param="2" stmt="1" level="1" return="1" vocf="2.2" flin="0" fxln="0" ncalls="0">
</function>
<function name="Min_s32" path="1" goto="0" vg="2" calling="0" calls="0" param="2" stmt="1" level="1" return="1" vocf="2.2" flin="0" fxln="0" ncalls="0">
</function>
<function name="Min_u16" path="1" goto="0" vg="2" calling="0" calls="0" param="2" stmt="1" level="1" return="1" vocf="2.2" flin="0" fxln="0" ncalls="0">
</function>
<function name="Min_s16" path="1" goto="0" vg="2" calling="0" calls="0" param="2" stmt="1" level="1" return="1" vocf="2.2" flin="0" fxln="0" ncalls="0">
</function>
<function name="Min_u08" path="1" goto="0" vg="2" calling="0" calls="0" param="2" stmt="1" level="1" return="1" vocf="2.2" flin="0" fxln="0" ncalls="0">
</function>
<function name="Min_s08" path="1" goto="0" vg="2" calling="0" calls="0" param="2" stmt="1" level="1" return="1" vocf="2.2" flin="0" fxln="0" ncalls="0">
</function>
<function name="Sign_s08_f32" path="1" goto="0" vg="2" calling="3" calls="0" param="1" stmt="1" level="1" return="1" vocf="2.2" flin="0" fxln="0" ncalls="0">
</function>
<function name="Sign_s08_s32" path="1" goto="0" vg="2" calling="0" calls="0" param="1" stmt="1" level="1" return="1" vocf="2.2" flin="0" fxln="0" ncalls="0">
</function>
<function name="Sign_s08_s16" path="1" goto="0" vg="2" calling="0" calls="0" param="1" stmt="1" level="1" return="1" vocf="2.2" flin="0" fxln="0" ncalls="0">
</function>
<function name="Sign_s08_s08" path="1" goto="0" vg="2" calling="0" calls="0" param="1" stmt="1" level="1" return="1" vocf="2.3" flin="0" fxln="0" ncalls="0">
</function>
<function name="Abslt_f32_f32" path="1" goto="0" vg="1" calling="3" calls="1" param="1" stmt="1" level="1" return="1" vocf="1.5" flin="0" fxln="0" ncalls="1">
</function>
<function name="Abslt_u32_s32" path="1" goto="0" vg="2" calling="0" calls="0" param="1" stmt="1" level="1" return="1" vocf="2.8" flin="0" fxln="0" ncalls="0">
</function>
<function name="Abslt_u16_s16" path="1" goto="0" vg="2" calling="0" calls="0" param="1" stmt="1" level="1" return="1" vocf="2.8" flin="0" fxln="0" ncalls="0">
</function>
<function name="Abslt_u08_s08" path="1" goto="0" vg="2" calling="0" calls="0" param="1" stmt="1" level="1" return="1" vocf="2.8" flin="0" fxln="0" ncalls="0">
</function>
<function name="Blnd_f32" path="1" goto="0" vg="1" calling="0" calls="0" param="3" stmt="1" level="1" return="1" vocf="6.4" flin="0" fxln="0" ncalls="0">
</function>
</file>
</project>
