<?xml version="1.0" encoding="UTF-8"?>

<MISRA-C-Report version="1.3">


<CodeStruct Name="HwAgTrajInitVaris" File="C:\Component\SF021A_HwAgTrajGenn_Impl\src\HwAgTrajGenn.c" Line="297" Column="12">

<Rule Name="21.1" Mode="required" Report="warning" Id="3">
<Loc File="C:\Component\SF021A_HwAgTrajGenn_Impl\src\HwAgTrajGenn.c" Line="310" Column="12">
</Loc>
<Message>
Minimisation of run-time failures.
</Message>
</Rule>

<Rule Name="21.1" Mode="required" Report="warning" Id="4">
<Loc File="C:\Component\SF021A_HwAgTrajGenn_Impl\src\HwAgTrajGenn.c" Line="310" Column="35">
</Loc>
<Message>
Minimisation of run-time failures.
</Message>
</Rule>

<Rule Name="21.1" Mode="required" Report="warning" Id="5">
<Loc File="C:\Component\SF021A_HwAgTrajGenn_Impl\src\HwAgTrajGenn.c" Line="312" Column="17">
</Loc>
<Message>
Minimisation of run-time failures.
</Message>
</Rule>

<Rule Name="21.1" Mode="required" Report="warning" Id="6">
<Loc File="C:\Component\SF021A_HwAgTrajGenn_Impl\src\HwAgTrajGenn.c" Line="322" Column="17">
</Loc>
<Message>
Minimisation of run-time failures.
</Message>
</Rule>

<Rule Name="21.1" Mode="required" Report="warning" Id="7">
<Loc File="C:\Component\SF021A_HwAgTrajGenn_Impl\src\HwAgTrajGenn.c" Line="326" Column="85">
</Loc>
<Message>
Minimisation of run-time failures.
</Message>
</Rule>

<Rule Name="21.1" Mode="required" Report="warning" Id="8">
<Loc File="C:\Component\SF021A_HwAgTrajGenn_Impl\src\HwAgTrajGenn.c" Line="330" Column="17">
</Loc>
<Message>
Minimisation of run-time failures.
</Message>
</Rule>

<Rule Name="21.1" Mode="required" Report="warning" Id="9">
<Loc File="C:\Component\SF021A_HwAgTrajGenn_Impl\src\HwAgTrajGenn.c" Line="332" Column="122">
</Loc>
<Message>
Minimisation of run-time failures.
</Message>
</Rule>

<Rule Name="21.1" Mode="required" Report="warning" Id="10">
<Loc File="C:\Component\SF021A_HwAgTrajGenn_Impl\src\HwAgTrajGenn.c" Line="332" Column="125">
</Loc>
<Message>
Minimisation of run-time failures.
</Message>
</Rule>

<Rule Name="21.1" Mode="required" Report="warning" Id="11">
<Loc File="C:\Component\SF021A_HwAgTrajGenn_Impl\src\HwAgTrajGenn.c" Line="339" Column="24">
</Loc>
<Message>
Minimisation of run-time failures.
</Message>
</Rule>

<Rule Name="21.1" Mode="required" Report="warning" Id="12">
<Loc File="C:\Component\SF021A_HwAgTrajGenn_Impl\src\HwAgTrajGenn.c" Line="340" Column="24">
</Loc>
<Message>
Minimisation of run-time failures.
</Message>
</Rule>

<Rule Name="21.1" Mode="required" Report="warning" Id="13">
<Loc File="C:\Component\SF021A_HwAgTrajGenn_Impl\src\HwAgTrajGenn.c" Line="340" Column="64">
</Loc>
<Message>
Minimisation of run-time failures.
</Message>
</Rule>

<Rule Name="21.1" Mode="required" Report="warning" Id="14">
<Loc File="C:\Component\SF021A_HwAgTrajGenn_Impl\src\HwAgTrajGenn.c" Line="341" Column="24">
</Loc>
<Message>
Minimisation of run-time failures.
</Message>
</Rule>

<Rule Name="21.1" Mode="required" Report="warning" Id="15">
<Loc File="C:\Component\SF021A_HwAgTrajGenn_Impl\src\HwAgTrajGenn.c" Line="345" Column="24">
</Loc>
<Message>
Minimisation of run-time failures.
</Message>
</Rule>

<Rule Name="21.1" Mode="required" Report="warning" Id="16">
<Loc File="C:\Component\SF021A_HwAgTrajGenn_Impl\src\HwAgTrajGenn.c" Line="346" Column="24">
</Loc>
<Message>
Minimisation of run-time failures.
</Message>
</Rule>

<Rule Name="21.1" Mode="required" Report="warning" Id="17">
<Loc File="C:\Component\SF021A_HwAgTrajGenn_Impl\src\HwAgTrajGenn.c" Line="347" Column="24">
</Loc>
<Message>
Minimisation of run-time failures.
</Message>
</Rule>

<Rule Name="21.1" Mode="required" Report="warning" Id="18">
<Loc File="C:\Component\SF021A_HwAgTrajGenn_Impl\src\HwAgTrajGenn.c" Line="347" Column="154">
</Loc>
<Message>
Minimisation of run-time failures.
</Message>
</Rule>

</CodeStruct>

<CodeStruct Name="" File="C:\Component\SF021A_HwAgTrajGenn_Impl\src\HwAgTrajGenn.c" Line="0" Column="0">

<Rule Name="19.1" Mode="advisory" Report="warning" Id="1">
<Loc File="C:\Component\SF021A_HwAgTrajGenn_Impl\src\HwAgTrajGenn.c" Line="141" Column="0">
</Loc>
<Message>
#include statements in a file shall only be preceded by other preprocessor directives or comments.
</Message>
</Rule>

<Rule Name="19.1" Mode="advisory" Report="warning" Id="2">
<Loc File="C:\Component\SF021A_HwAgTrajGenn_Impl\src\HwAgTrajGenn.c" Line="283" Column="0">
</Loc>
<Message>
#include statements in a file shall only be preceded by other preprocessor directives or comments.
</Message>
</Rule>

</CodeStruct>

<CodeStruct Name="HwAgTrajGenSigs" File="C:\Component\SF021A_HwAgTrajGenn_Impl\src\HwAgTrajGenn.c" Line="361" Column="15">

<Rule Name="21.1" Mode="required" Report="warning" Id="19">
<Loc File="C:\Component\SF021A_HwAgTrajGenn_Impl\src\HwAgTrajGenn.c" Line="369" Column="35">
</Loc>
<Message>
Minimisation of run-time failures.
</Message>
</Rule>

<Rule Name="21.1" Mode="required" Report="warning" Id="20">
<Loc File="C:\Component\SF021A_HwAgTrajGenn_Impl\src\HwAgTrajGenn.c" Line="382" Column="32">
</Loc>
<Message>
Minimisation of run-time failures.
</Message>
</Rule>

<Rule Name="21.1" Mode="required" Report="warning" Id="21">
<Loc File="C:\Component\SF021A_HwAgTrajGenn_Impl\src\HwAgTrajGenn.c" Line="386" Column="32">
</Loc>
<Message>
Minimisation of run-time failures.
</Message>
</Rule>

<Rule Name="21.1" Mode="required" Report="warning" Id="22">
<Loc File="C:\Component\SF021A_HwAgTrajGenn_Impl\src\HwAgTrajGenn.c" Line="389" Column="24">
</Loc>
<Message>
Minimisation of run-time failures.
</Message>
</Rule>

<Rule Name="21.1" Mode="required" Report="warning" Id="23">
<Loc File="C:\Component\SF021A_HwAgTrajGenn_Impl\src\HwAgTrajGenn.c" Line="390" Column="24">
</Loc>
<Message>
Minimisation of run-time failures.
</Message>
</Rule>

<Rule Name="21.1" Mode="required" Report="warning" Id="24">
<Loc File="C:\Component\SF021A_HwAgTrajGenn_Impl\src\HwAgTrajGenn.c" Line="390" Column="67">
</Loc>
<Message>
Minimisation of run-time failures.
</Message>
</Rule>

<Rule Name="21.1" Mode="required" Report="warning" Id="25">
<Loc File="C:\Component\SF021A_HwAgTrajGenn_Impl\src\HwAgTrajGenn.c" Line="397" Column="57">
</Loc>
<Message>
Minimisation of run-time failures.
</Message>
</Rule>

<Rule Name="21.1" Mode="required" Report="warning" Id="26">
<Loc File="C:\Component\SF021A_HwAgTrajGenn_Impl\src\HwAgTrajGenn.c" Line="398" Column="90">
</Loc>
<Message>
Minimisation of run-time failures.
</Message>
</Rule>

<Rule Name="21.1" Mode="required" Report="warning" Id="27">
<Loc File="C:\Component\SF021A_HwAgTrajGenn_Impl\src\HwAgTrajGenn.c" Line="399" Column="78">
</Loc>
<Message>
Minimisation of run-time failures.
</Message>
</Rule>

<Rule Name="21.1" Mode="required" Report="warning" Id="28">
<Loc File="C:\Component\SF021A_HwAgTrajGenn_Impl\src\HwAgTrajGenn.c" Line="400" Column="78">
</Loc>
<Message>
Minimisation of run-time failures.
</Message>
</Rule>

<Rule Name="21.1" Mode="required" Report="warning" Id="29">
<Loc File="C:\Component\SF021A_HwAgTrajGenn_Impl\src\HwAgTrajGenn.c" Line="402" Column="68">
</Loc>
<Message>
Minimisation of run-time failures.
</Message>
</Rule>

<Rule Name="21.1" Mode="required" Report="warning" Id="30">
<Loc File="C:\Component\SF021A_HwAgTrajGenn_Impl\src\HwAgTrajGenn.c" Line="404" Column="32">
</Loc>
<Message>
Minimisation of run-time failures.
</Message>
</Rule>

<Rule Name="21.1" Mode="required" Report="warning" Id="31">
<Loc File="C:\Component\SF021A_HwAgTrajGenn_Impl\src\HwAgTrajGenn.c" Line="410" Column="32">
</Loc>
<Message>
Minimisation of run-time failures.
</Message>
</Rule>

<Rule Name="21.1" Mode="required" Report="warning" Id="32">
<Loc File="C:\Component\SF021A_HwAgTrajGenn_Impl\src\HwAgTrajGenn.c" Line="418" Column="57">
</Loc>
<Message>
Minimisation of run-time failures.
</Message>
</Rule>

<Rule Name="21.1" Mode="required" Report="warning" Id="33">
<Loc File="C:\Component\SF021A_HwAgTrajGenn_Impl\src\HwAgTrajGenn.c" Line="419" Column="78">
</Loc>
<Message>
Minimisation of run-time failures.
</Message>
</Rule>

<Rule Name="21.1" Mode="required" Report="warning" Id="34">
<Loc File="C:\Component\SF021A_HwAgTrajGenn_Impl\src\HwAgTrajGenn.c" Line="420" Column="78">
</Loc>
<Message>
Minimisation of run-time failures.
</Message>
</Rule>

<Rule Name="21.1" Mode="required" Report="warning" Id="35">
<Loc File="C:\Component\SF021A_HwAgTrajGenn_Impl\src\HwAgTrajGenn.c" Line="421" Column="78">
</Loc>
<Message>
Minimisation of run-time failures.
</Message>
</Rule>

<Rule Name="21.1" Mode="required" Report="warning" Id="36">
<Loc File="C:\Component\SF021A_HwAgTrajGenn_Impl\src\HwAgTrajGenn.c" Line="423" Column="68">
</Loc>
<Message>
Minimisation of run-time failures.
</Message>
</Rule>

<Rule Name="21.1" Mode="required" Report="warning" Id="37">
<Loc File="C:\Component\SF021A_HwAgTrajGenn_Impl\src\HwAgTrajGenn.c" Line="425" Column="32">
</Loc>
<Message>
Minimisation of run-time failures.
</Message>
</Rule>

<Rule Name="21.1" Mode="required" Report="warning" Id="38">
<Loc File="C:\Component\SF021A_HwAgTrajGenn_Impl\src\HwAgTrajGenn.c" Line="431" Column="32">
</Loc>
<Message>
Minimisation of run-time failures.
</Message>
</Rule>

<Rule Name="21.1" Mode="required" Report="warning" Id="39">
<Loc File="C:\Component\SF021A_HwAgTrajGenn_Impl\src\HwAgTrajGenn.c" Line="439" Column="57">
</Loc>
<Message>
Minimisation of run-time failures.
</Message>
</Rule>

<Rule Name="21.1" Mode="required" Report="warning" Id="40">
<Loc File="C:\Component\SF021A_HwAgTrajGenn_Impl\src\HwAgTrajGenn.c" Line="440" Column="78">
</Loc>
<Message>
Minimisation of run-time failures.
</Message>
</Rule>

<Rule Name="21.1" Mode="required" Report="warning" Id="41">
<Loc File="C:\Component\SF021A_HwAgTrajGenn_Impl\src\HwAgTrajGenn.c" Line="441" Column="80">
</Loc>
<Message>
Minimisation of run-time failures.
</Message>
</Rule>

<Rule Name="21.1" Mode="required" Report="warning" Id="42">
<Loc File="C:\Component\SF021A_HwAgTrajGenn_Impl\src\HwAgTrajGenn.c" Line="441" Column="121">
</Loc>
<Message>
Minimisation of run-time failures.
</Message>
</Rule>

<Rule Name="21.1" Mode="required" Report="warning" Id="43">
<Loc File="C:\Component\SF021A_HwAgTrajGenn_Impl\src\HwAgTrajGenn.c" Line="442" Column="80">
</Loc>
<Message>
Minimisation of run-time failures.
</Message>
</Rule>

<Rule Name="21.1" Mode="required" Report="warning" Id="44">
<Loc File="C:\Component\SF021A_HwAgTrajGenn_Impl\src\HwAgTrajGenn.c" Line="445" Column="68">
</Loc>
<Message>
Minimisation of run-time failures.
</Message>
</Rule>

<Rule Name="21.1" Mode="required" Report="warning" Id="45">
<Loc File="C:\Component\SF021A_HwAgTrajGenn_Impl\src\HwAgTrajGenn.c" Line="447" Column="32">
</Loc>
<Message>
Minimisation of run-time failures.
</Message>
</Rule>

<Rule Name="21.1" Mode="required" Report="warning" Id="46">
<Loc File="C:\Component\SF021A_HwAgTrajGenn_Impl\src\HwAgTrajGenn.c" Line="453" Column="32">
</Loc>
<Message>
Minimisation of run-time failures.
</Message>
</Rule>

<Rule Name="21.1" Mode="required" Report="warning" Id="47">
<Loc File="C:\Component\SF021A_HwAgTrajGenn_Impl\src\HwAgTrajGenn.c" Line="462" Column="24">
</Loc>
<Message>
Minimisation of run-time failures.
</Message>
</Rule>

<Rule Name="21.1" Mode="required" Report="warning" Id="48">
<Loc File="C:\Component\SF021A_HwAgTrajGenn_Impl\src\HwAgTrajGenn.c" Line="463" Column="24">
</Loc>
<Message>
Minimisation of run-time failures.
</Message>
</Rule>

<Rule Name="21.1" Mode="required" Report="warning" Id="49">
<Loc File="C:\Component\SF021A_HwAgTrajGenn_Impl\src\HwAgTrajGenn.c" Line="464" Column="56">
</Loc>
<Message>
Minimisation of run-time failures.
</Message>
</Rule>

<Rule Name="9.1" Mode="required" Report="warning" Id="50">
<Loc File="C:\Component\SF021A_HwAgTrajGenn_Impl\src\HwAgTrajGenn.c" Line="472" Column="15">
</Loc>
<Message>
All automatic variables shall have been assigned a value before being used.
</Message>
</Rule>

</CodeStruct>

<CodeStruct Name="HwAgTrajGennPer1" File="C:\Component\SF021A_HwAgTrajGenn_Impl\src\HwAgTrajGenn.c" Line="200" Column="5">

<Rule Name="9.1" Mode="required" Report="warning" Id="51">
<Loc File="C:\Component\SF021A_HwAgTrajGenn_Impl\src\HwAgTrajGenn.c" Line="219" Column="26">
</Loc>
<Message>
All automatic variables shall have been assigned a value before being used.
</Message>
</Rule>

<Rule Name="9.1" Mode="required" Report="warning" Id="52">
<Loc File="C:\Component\SF021A_HwAgTrajGenn_Impl\src\HwAgTrajGenn.c" Line="220" Column="42">
</Loc>
<Message>
All automatic variables shall have been assigned a value before being used.
</Message>
</Rule>

</CodeStruct>

</MISRA-C-Report>
