<?xml version="1.0" encoding="UTF-8"?>
<MISRA-C-Report-Summary>
<File Mode="advisory" Error="0" Warning="2" Total="2">
<Name>
C:\Component\ES104A_XcpIf_Impl\src\CDD_XcpIf.c</Name>
</File>
<File Mode="required" Error="0" Warning="6" Total="6">
<Name>
C:\Component\ES104A_XcpIf_Impl\src\CDD_XcpIf.c</Name>
</File>
<Rule Name="8.10" Count="6" Mode="required" Severity="warning">
<Message>
</Message>
</Rule>
<Rule Name="11.3" Count="1" Mode="advisory" Severity="warning">
<Message>
A cast should not be performed between a pointer type and an integral type.</Message>
</Rule>
<Rule Name="19.1" Count="1" Mode="advisory" Severity="warning">
<Message>
#include statements in a file shall only be preceded by other preprocessor directives or comments.</Message>
</Rule>
</MISRA-C-Report-Summary>
