<?xml version="1.0" encoding="UTF-8"?>
<Navig version="1.0">
<Files>
<F id="1" n="C:\Program Files\MATLAB\R2013b\polyspace\verifier\cxx\cinclude\stdarg.h"/>
<F id="2" n="C:\component\AR201A_ArCplrSuprt_Impl\include\ASR4.0.3\Platform_Types.h"/>
<F id="3" n="C:\component\AR200A_ArSuprt_Impl\include\ASR4.0.3\Std_Types.h"/>
<F id="4" n="C:\component\ES100A_SysStMod_Impl\tools\contract\Rte_Type.h"/>
<F id="5" n="C:\component\ES100A_SysStMod_Impl\tools\contract\Rte_SysStMod.h"/>
<F id="6" n="C:\component\ES100A_SysStMod_Impl\src\SysStMod.c"/>
<F id="7" n="C-STUBS\__polyspace__stdstubs.c"/>
<F id="8" n="C:\component\ES100A_SysStMod_Impl\doc\Polyspace_Results\CodeProver\C-ALL\C-STUBS\pst_stub_types.h"/>
<F id="9" n="C-STUBS\pst_stubs_1.c"/>
<F id="10" n="C-STUBS\pst_stubs_0.c"/>
<F id="11" n="C-STUBS\__polyspace_main.c"/>
<F id="12" n="C:\Program Files\MATLAB\R2013b\polyspace\verifier\cxx\cinclude\__polyspace__std_decls.h"/>
<F id="13" n="C:\Program Files\MATLAB\R2013b\polyspace\verifier\cxx\cinclude\assert.h"/>
<F id="14" n="C:\Program Files\MATLAB\R2013b\polyspace\verifier\cxx\cinclude\__polyspace__libc_defs.h"/>
<F id="15" n="C:\component\ES100A_SysStMod_Impl\tools\contract\Rte_SysStMod_Type.h"/>
<F id="16" n="C:\component\ES100A_SysStMod_Impl\tools\contract\Rte.h"/>
<F id="17" n="C:\component\AR201A_ArCplrSuprt_Impl\include\ASR4.0.3\Compiler.h"/>
<F id="18" n="C:\component\AR201A_ArCplrSuprt_Impl\tools\contract\Compiler_Cfg.h"/>
<F id="19" n="C:\component\AR201A_ArCplrSuprt_Impl\tools\contract\Renesas_Compiler.h"/>
<F id="20" n="C:\component\ES100A_SysStMod_Impl\tools\contract\Rte_DataHandleType.h"/>
<F id="21" n="C:\component\AR200A_ArSuprt_Impl\tools\contract\MemMap.h"/>
<F id="22" n="C:\component\ES100A_SysStMod_Impl\tools\contract\SysStMod_MemMap.h"/>
<F id="23" n="C:\component\ES100A_SysStMod_Impl\tools\contract\ElecGlbPrm.h"/>
</Files>
<Definitions>
<D id="1" f="10" l="120" c="21" n="random_for_return" t="4" d="1"/>
<D id="2" f="10" l="203" c="30" n="real_random_for_return" t="4" d="1"/>
<D id="3" f="10" l="102" c="13" n="Rte_Read_SysStMod_SysStFltOutpReqDi_Logl" t="2" d="1"/>
<D id="4" f="10" l="231" c="30" n="real_random_for_return" t="4" d="1"/>
<D id="5" f="10" l="130" c="13" n="Rte_Read_SysStMod_SysStImdtTranReqOff_Logl" t="2" d="1"/>
<D id="6" f="10" l="204" c="21" n="random_for_return" t="4" d="1"/>
<D id="7" f="10" l="232" c="21" n="random_for_return" t="4" d="1"/>
<D id="8" f="10" l="251" c="30" n="real_random_for_return" t="4" d="1"/>
<D id="9" f="10" l="130" c="69" n="P_0" t="4" d="1"/>
<D id="10" f="10" l="252" c="21" n="random_for_return" t="4" d="1"/>
<D id="11" f="10" l="214" c="13" n="Rte_Read_SysStMod_SysStWrmIninCmpl_Logl" t="2" d="1"/>
<D id="12" f="10" l="244" c="13" n="Rte_Write_SysStMod_SysSt_Val" t="2" d="1"/>
<D id="13" f="10" l="119" c="30" n="real_random_for_return" t="4" d="1"/>
<D id="14" f="10" l="147" c="30" n="real_random_for_return" t="4" d="1"/>
<D id="15" f="10" l="175" c="30" n="real_random_for_return" t="4" d="1"/>
<D id="16" f="10" l="148" c="21" n="random_for_return" t="4" d="1"/>
<D id="17" f="10" l="176" c="21" n="random_for_return" t="4" d="1"/>
<D id="18" f="10" l="158" c="13" n="Rte_Read_SysStMod_SysStReqDi_Logl" t="2" d="1"/>
<D id="19" f="10" l="186" c="13" n="Rte_Read_SysStMod_SysStReqEna_Logl" t="2" d="1"/>
<D id="20" f="10" l="158" c="60" n="P_0" t="4" d="1"/>
<D id="21" f="10" l="102" c="67" n="P_0" t="4" d="1"/>
<D id="22" f="10" l="244" c="55" n="P_0" t="4" d="1"/>
<D id="23" f="10" l="186" c="61" n="P_0" t="4" d="1"/>
<D id="24" f="10" l="214" c="66" n="P_0" t="4" d="1"/>
<D id="25" f="7" l="6947" c="14" n="_polyspace_compare_function_type" t="7" d="1"/>
<D id="26" f="7" l="11407" c="21" n="HUGE_VAL" t="1" d="1"/>
<D id="27" f="7" l="11408" c="21" n="HUGE_VALF" t="1" d="1"/>
<D id="28" f="7" l="11409" c="21" n="HUGE_VALL" t="1" d="1"/>
<D id="29" f="7" l="12251" c="16" n="__polyspace_absolute_address" t="1" d="1"/>
<D id="30" f="7" l="11391" c="23" n="random" t="4" d="1"/>
<D id="31" f="7" l="11389" c="12" n="_polyspace_random_long_double" t="2" d="1"/>
<D id="32" f="8" l="3" c="20" n="__PST__SINT8" t="7" d="1"/>
<D id="33" f="8" l="5" c="19" n="__PST__SINT32" t="7" d="1"/>
<D id="34" f="8" l="1" c="13" n="__PST__CHAR" t="7" d="1"/>
<D id="35" f="8" l="4" c="21" n="__PST__SINT16" t="7" d="1"/>
<D id="36" f="8" l="2" c="13" n="__PST__VOID" t="7" d="1"/>
<D id="37" f="8" l="7" c="22" n="__PST__UINT8" t="7" d="1"/>
<D id="38" f="8" l="9" c="21" n="__PST__UINT32" t="7" d="1"/>
<D id="39" f="8" l="8" c="23" n="__PST__UINT16" t="7" d="1"/>
<D id="40" f="8" l="6" c="25" n="__PST__SINT64" t="7" d="1"/>
<D id="41" f="8" l="25" c="7" n="Rte_CDS_SysStMod" t="6" d="1"/>
<D id="42" f="5" l="48" c="7" n="Rte_CDS_SysStMod" t="6" d="1"/>
<D id="43" f="8" l="30" c="20" n="__PST__g__28" t="7" d="1"/>
<D id="44" f="5" l="51" c="10" n="Pim_SysStModPrevSysSt" t="9" d="1"/>
<D id="45" f="5" l="52" c="10" n="Pim_dSysStModTranVect" t="9" d="1"/>
<D id="46" f="8" l="12" c="21" n="__PST__g__11" t="7" d="1"/>
<D id="47" f="8" l="14" c="20" n="__PST__g__15" t="7" d="1"/>
<D id="48" f="3" l="141" c="2" n="Std_VersionInfoType" t="7" d="1"/>
<D id="49" f="8" l="31" c="21" n="__PST__g__29" t="7" d="1"/>
<D id="50" f="8" l="21" c="22" n="__PST__g__23" t="7" d="1"/>
<D id="51" f="8" l="32" c="21" n="__PST__g__30" t="7" d="1"/>
<D id="52" f="8" l="40" c="22" n="__PST__g__38" t="7" d="1"/>
<D id="53" f="9" l="25" c="20" n="pst_random_int" t="3" d="1"/>
<D id="54" f="8" l="11" c="14" n="__PST__FLOAT32" t="7" d="1"/>
<D id="55" f="8" l="50" c="22" n="__PST__g__53" t="7" d="1"/>
<D id="56" f="8" l="23" c="22" n="__PST__g__26" t="7" d="1"/>
<D id="57" f="8" l="51" c="31" n="__PST__g__54" t="7" d="1"/>
<D id="58" f="8" l="42" c="22" n="__PST__g__40" t="7" d="1"/>
<D id="59" f="9" l="27" c="29" n="pst_random_g_6" t="3" d="1"/>
<D id="60" f="9" l="42" c="13" n="_main_gen_init_g6" t="2" d="1"/>
<D id="61" f="5" l="64" c="39" n="Rte_Instance" t="7" d="1"/>
<D id="62" f="9" l="74" c="29" n="_main_gen_tmp_4" t="4" d="1"/>
<D id="63" f="8" l="43" c="22" n="__PST__g__41" t="7" d="1"/>
<D id="64" f="9" l="50" c="14" n="_main_gen_init_g7" t="2" d="1"/>
<D id="65" f="8" l="34" c="22" n="__PST__g__32" t="7" d="1"/>
<D id="66" f="8" l="45" c="21" n="__PST__g__48" t="7" d="1"/>
<D id="67" f="11" l="42" c="5" n="main" t="2" d="1"/>
<D id="68" f="8" l="36" c="21" n="__PST__g__34" t="7" d="1"/>
<D id="69" f="8" l="16" c="22" n="__PST__g__18" t="7" d="1"/>
<D id="70" f="8" l="44" c="31" n="__PST__g__42" t="7" d="1"/>
<D id="71" f="8" l="46" c="30" n="__PST__g__49" t="7" d="1"/>
<D id="72" f="8" l="24" c="23" n="__PST__g__27" t="7" d="1"/>
<D id="73" f="8" l="13" c="15" n="__PST__FLOAT64" t="7" d="1"/>
<D id="74" f="8" l="15" c="23" n="__PST__g__16" t="7" d="1"/>
<D id="75" f="9" l="113" c="5" n="_extern_init" t="2" d="1"/>
<D id="76" f="8" l="19" c="30" n="__PST__g__20" t="7" d="1"/>
<D id="77" f="9" l="28" c="30" n="pst_random_g_7" t="3" d="1"/>
<D id="78" f="8" l="47" c="21" n="__PST__g__50" t="7" d="1"/>
<D id="79" f="1" l="45" c="14" n="__va_list" t="7" d="1"/>
<D id="80" f="4" l="35" c="14" n="SysSt1" t="7" d="1"/>
<D id="81" f="8" l="18" c="22" n="__PST__g__21" t="7" d="1"/>
<D id="82" f="8" l="48" c="30" n="__PST__g__51" t="7" d="1"/>
<D id="83" f="8" l="17" c="32" n="__PST__g__19" t="7" d="1"/>
<D id="84" f="8" l="37" c="22" n="__PST__g__35" t="7" d="1"/>
<D id="85" f="8" l="10" c="27" n="__PST__UINT64" t="7" d="1"/>
<D id="86" f="9" l="65" c="22" n="_i_main_gen_tmp_3" t="4" d="1"/>
<D id="87" f="8" l="38" c="22" n="__PST__g__36" t="7" d="1"/>
<D id="88" f="9" l="90" c="24" n="Rte_Inst_SysStMod" t="1" d="0"/>
<D id="89" f="9" l="75" c="22" n="_i_main_gen_tmp_5" t="4" d="1"/>
<D id="90" f="1" l="50" c="18" n="__gnuc_va_list" t="7" d="1"/>
<D id="91" f="8" l="39" c="22" n="__PST__g__37" t="7" d="1"/>
<D id="92" f="6" l="135" c="5" n="SysStModInit1" t="2" d="1"/>
<D id="93" f="9" l="60" c="35" n="x" t="4" d="1"/>
<D id="94" f="8" l="49" c="22" n="__PST__g__52" t="7" d="1"/>
<D id="95" f="8" l="22" c="27" n="__PST__g__22" t="7" d="1"/>
<D id="96" f="6" l="182" c="5" n="SysStModPer1" t="2" d="1"/>
<D id="97" f="8" l="41" c="27" n="__PST__g__39" t="7" d="1"/>
<D id="98" f="9" l="88" c="12" n="_main_gen_init_sym_Rte_Inst_SysStMod" t="5" d="1"/>
<D id="99" f="8" l="20" c="38" n="__PST__g__24" t="7" d="1"/>
<D id="100" f="8" l="33" c="27" n="__PST__g__31" t="7" d="1"/>
<D id="101" f="9" l="44" c="17" n="x" t="4" d="1"/>
<D id="102" f="9" l="52" c="18" n="x" t="4" d="1"/>
<D id="103" f="9" l="23" c="28" n="pst_random_char" t="3" d="1"/>
<D id="104" f="9" l="58" c="24" n="_main_gen_init_g25" t="2" d="1"/>
<D id="105" f="8" l="27" c="17" n="Pim_SysStModPrevSysSt" t="9" d="1"/>
<D id="106" f="8" l="35" c="27" n="__PST__g__33" t="7" d="1"/>
<D id="107" f="8" l="28" c="17" n="Pim_dSysStModTranVect" t="9" d="1"/>
<D id="108" f="9" l="96" c="43" n="_main_gen_tmp_0" t="4" d="1"/>
<D id="109" f="5" l="59" c="44" n="Rte_Inst_SysStMod" t="1" d="0"/>
<D id="110" f="9" l="64" c="28" n="_main_gen_tmp_2" t="4" d="1"/>
<D id="111" f="1" l="49" c="18" n="va_list" t="7" d="1"/>
<D id="112" f="9" l="97" c="26" n="_i_main_gen_tmp_1" t="4" d="1"/>
<D id="113" f="7" l="498" c="4" n="errno" t="1" d="1"/>
<D id="114" f="3" l="140" c="10" n="sw_patch_version" t="9" d="1"/>
<D id="115" f="2" l="110" c="31" n="uint32" t="7" d="1"/>
<D id="116" f="10" l="25" c="20" n="pst_random_int" t="3" d="1"/>
<D id="117" f="11" l="25" c="20" n="pst_random_int" t="3" d="1"/>
<D id="118" f="2" l="112" c="31" n="sint8_least" t="7" d="1"/>
<D id="119" f="2" l="103" c="31" n="boolean" t="7" d="1"/>
<D id="120" f="6" l="203" c="21" n="SYSSTMODPRSNTSTENA_CNT_U16" t="4" d="1"/>
<D id="121" f="7" l="122" c="21" n="size_t" t="7" d="1"/>
<D id="122" f="2" l="113" c="31" n="uint8_least" t="7" d="1"/>
<D id="123" f="6" l="213" c="21" n="SYSSTMODPRSNTSTOFF_CNT_U16" t="4" d="1"/>
<D id="124" f="10" l="27" c="29" n="pst_random_g_6" t="3" d="1"/>
<D id="125" f="3" l="136" c="10" n="vendorID" t="9" d="1"/>
<D id="126" f="6" l="223" c="21" n="SYSSTMODPRSNTSTWRMININ_CNT_U16" t="4" d="1"/>
<D id="127" f="2" l="114" c="31" n="sint16_least" t="7" d="1"/>
<D id="128" f="10" l="63" c="30" n="real_random_for_return" t="4" d="1"/>
<D id="129" f="2" l="105" c="31" n="sint8" t="7" d="1"/>
<D id="130" f="3" l="137" c="10" n="moduleID" t="9" d="1"/>
<D id="131" f="10" l="91" c="30" n="real_random_for_return" t="4" d="1"/>
<D id="132" f="7" l="124" c="12" n="ptrdiff_t" t="7" d="1"/>
<D id="133" f="2" l="115" c="31" n="uint16_least" t="7" d="1"/>
<D id="134" f="2" l="106" c="31" n="uint8" t="7" d="1"/>
<D id="135" f="10" l="64" c="21" n="random_for_return" t="4" d="1"/>
<D id="136" f="3" l="138" c="10" n="sw_major_version" t="9" d="1"/>
<D id="137" f="10" l="92" c="21" n="random_for_return" t="4" d="1"/>
<D id="138" f="3" l="132" c="14" n="Std_ReturnType" t="7" d="1"/>
<D id="139" f="2" l="116" c="31" n="sint32_least" t="7" d="1"/>
<D id="140" f="2" l="107" c="31" n="sint16" t="7" d="1"/>
<D id="141" f="3" l="125" c="22" n="StatusType" t="7" d="1"/>
<D id="142" f="3" l="139" c="10" n="sw_minor_version" t="9" d="1"/>
<D id="143" f="2" l="117" c="31" n="uint32_least" t="7" d="1"/>
<D id="144" f="2" l="108" c="31" n="uint16" t="7" d="1"/>
<D id="145" f="7" l="127" c="21" n="wchar_t" t="7" d="1"/>
<D id="146" f="7" l="532" c="13" n="_polyspace_random_int" t="5" d="1"/>
<D id="147" f="6" l="240" c="15" n="PrevSysSt_Cnt_T_enum" t="4" d="1"/>
<D id="148" f="10" l="46" c="13" n="Rte_Read_SysStMod_PwrSplyEnaReq_Logl" t="2" d="1"/>
<D id="149" f="7" l="540" c="14" n="_polyspace_random_long" t="5" d="1"/>
<D id="150" f="2" l="127" c="31" n="sint64" t="7" d="1"/>
<D id="151" f="10" l="74" c="13" n="Rte_Read_SysStMod_StrtUpSt_Val" t="2" d="1"/>
<D id="152" f="2" l="109" c="31" n="sint32" t="7" d="1"/>
<D id="153" f="7" l="3602" c="4" n="__polyspace_nb_varargs" t="1" d="1"/>
<D id="154" f="2" l="128" c="31" n="uint64" t="7" d="1"/>
<D id="155" f="6" l="234" c="14" n="StrtUpSt_Cnt_T_u08" t="4" d="1"/>
<D id="156" f="6" l="242" c="15" n="TranVect_Cnt_T_u16" t="4" d="1"/>
<D id="157" f="2" l="138" c="31" n="float32" t="7" d="1"/>
<D id="158" f="6" l="194" c="21" n="SYSSTMODPRSNTSTDI_CNT_U16" t="4" d="1"/>
<D id="159" f="7" l="524" c="23" n="_polyspace_random_uchar" t="5" d="1"/>
<D id="160" f="6" l="243" c="15" n="SysSt_Cnt_T_enum" t="4" d="1"/>
<D id="161" f="2" l="139" c="31" n="float64" t="7" d="1"/>
<D id="162" f="10" l="263" c="5" n="__PST__MAIN__ENTRY__POINT__" t="2" d="1"/>
<D id="163" f="6" l="233" c="16" n="PwrSplyEnaReq_Cnt_T_Logl" t="4" d="1"/>
<D id="164" f="7" l="516" c="14" n="_polyspace_random_char" t="5" d="1"/>
<D id="165" f="7" l="550" c="34" n="random" t="4" d="1"/>
<D id="166" f="10" l="23" c="28" n="pst_random_char" t="3" d="1"/>
<D id="167" f="7" l="3601" c="7" n="__polyspace_vararg" t="1" d="1"/>
<D id="168" f="7" l="534" c="24" n="random" t="4" d="1"/>
<D id="169" f="11" l="23" c="28" n="pst_random_char" t="3" d="1"/>
<D id="170" f="7" l="542" c="25" n="random" t="4" d="1"/>
<D id="171" f="6" l="235" c="16" n="SysStFltOutpReqDi_Cnt_T_Logl" t="4" d="1"/>
<D id="172" f="6" l="236" c="16" n="SysStImdtTranReqOff_Cnt_T_Logl" t="4" d="1"/>
<D id="173" f="10" l="46" c="63" n="P_0" t="4" d="1"/>
<D id="174" f="7" l="526" c="34" n="random" t="4" d="1"/>
<D id="175" f="6" l="237" c="16" n="SysStReqDi_Cnt_T_Logl" t="4" d="1"/>
<D id="176" f="7" l="548" c="23" n="_polyspace_random_ulong" t="5" d="1"/>
<D id="177" f="6" l="238" c="16" n="SysStReqEna_Cnt_T_Logl" t="4" d="1"/>
<D id="178" f="7" l="518" c="25" n="random" t="4" d="1"/>
<D id="179" f="7" l="555" c="16" n="_polyspace_random_double" t="5" d="1"/>
<D id="180" f="6" l="239" c="16" n="SysStWrmIninCmpl_Cnt_T_Logl" t="4" d="1"/>
<D id="181" f="10" l="74" c="57" n="P_0" t="4" d="1"/>
<D id="182" f="7" l="557" c="27" n="random" t="4" d="1"/>
</Definitions>
<Uses>
<U id="1" f="10" l="111" c="12" d="21" a="0"/>
<U id="2" f="10" l="120" c="41" d="13" a="0"/>
<U id="3" f="10" l="223" c="12" d="24" a="0"/>
<U id="4" f="10" l="121" c="15" d="1" a="0"/>
<U id="5" f="10" l="204" c="41" d="2" a="0"/>
<U id="6" f="10" l="111" c="34" d="124" a="0"/>
<U id="7" f="10" l="232" c="41" d="4" a="0"/>
<U id="8" f="10" l="111" c="16" d="116" a="0"/>
<U id="9" f="10" l="221" c="15" d="116" a="0"/>
<U id="10" f="10" l="252" c="41" d="8" a="0"/>
<U id="11" f="10" l="266" c="20" d="67" a="0"/>
<U id="12" f="10" l="205" c="15" d="6" a="0"/>
<U id="13" f="10" l="102" c="54" d="56" a="0"/>
<U id="14" f="10" l="233" c="15" d="7" a="0"/>
<U id="15" f="10" l="223" c="34" d="124" a="0"/>
<U id="16" f="10" l="203" c="17" d="37" a="0"/>
<U id="17" f="10" l="113" c="17" d="124" a="0"/>
<U id="18" f="10" l="223" c="16" d="116" a="0"/>
<U id="19" f="10" l="139" c="12" d="9" a="0"/>
<U id="20" f="10" l="231" c="17" d="37" a="0"/>
<U id="21" f="10" l="141" c="17" d="124" a="0"/>
<U id="22" f="10" l="244" c="42" d="37" a="0"/>
<U id="23" f="10" l="167" c="12" d="20" a="0"/>
<U id="24" f="10" l="214" c="53" d="56" a="0"/>
<U id="25" f="10" l="253" c="15" d="10" a="0"/>
<U id="26" f="10" l="195" c="12" d="23" a="0"/>
<U id="27" f="10" l="251" c="17" d="37" a="0"/>
<U id="28" f="10" l="109" c="15" d="116" a="0"/>
<U id="29" f="10" l="130" c="56" d="56" a="0"/>
<U id="30" f="10" l="148" c="41" d="14" a="0"/>
<U id="31" f="10" l="137" c="15" d="116" a="0"/>
<U id="32" f="10" l="176" c="41" d="15" a="0"/>
<U id="33" f="10" l="165" c="15" d="116" a="0"/>
<U id="34" f="10" l="225" c="17" d="124" a="0"/>
<U id="35" f="10" l="193" c="15" d="116" a="0"/>
<U id="36" f="10" l="149" c="15" d="16" a="0"/>
<U id="37" f="10" l="139" c="34" d="124" a="0"/>
<U id="38" f="10" l="119" c="17" d="37" a="0"/>
<U id="39" f="10" l="177" c="15" d="17" a="0"/>
<U id="40" f="10" l="139" c="16" d="116" a="0"/>
<U id="41" f="10" l="167" c="34" d="124" a="0"/>
<U id="42" f="10" l="147" c="17" d="37" a="0"/>
<U id="43" f="10" l="167" c="16" d="116" a="0"/>
<U id="44" f="10" l="195" c="34" d="124" a="0"/>
<U id="45" f="10" l="175" c="17" d="37" a="0"/>
<U id="46" f="10" l="195" c="16" d="116" a="0"/>
<U id="47" f="10" l="169" c="17" d="124" a="0"/>
<U id="48" f="10" l="197" c="17" d="124" a="0"/>
<U id="49" f="10" l="158" c="47" d="56" a="0"/>
<U id="50" f="10" l="186" c="48" d="56" a="0"/>
<U id="51" f="7" l="11392" c="9" d="30" a="0"/>
<U id="52" f="9" l="50" c="0" d="39" a="0"/>
<U id="53" f="9" l="42" c="0" d="37" a="0"/>
<U id="54" f="5" l="90" c="0" d="138" a="0"/>
<U id="55" f="5" l="51" c="2" d="80" a="0"/>
<U id="56" f="5" l="91" c="0" d="138" a="0"/>
<U id="57" f="5" l="52" c="2" d="144" a="0"/>
<U id="58" f="5" l="92" c="0" d="138" a="0"/>
<U id="59" f="5" l="93" c="0" d="138" a="0"/>
<U id="60" f="5" l="94" c="0" d="138" a="0"/>
<U id="61" f="9" l="52" c="4" d="39" a="0"/>
<U id="62" f="5" l="87" c="0" d="138" a="0"/>
<U id="63" f="9" l="44" c="4" d="37" a="0"/>
<U id="64" f="5" l="88" c="0" d="138" a="0"/>
<U id="65" f="9" l="54" c="4" d="102" a="1"/>
<U id="66" f="1" l="50" c="8" d="79" a="0"/>
<U id="67" f="8" l="30" c="8" d="36" a="0"/>
<U id="68" f="5" l="89" c="0" d="138" a="0"/>
<U id="69" f="8" l="27" c="4" d="56" a="0"/>
<U id="70" f="8" l="21" c="8" d="99" a="0"/>
<U id="71" f="8" l="12" c="8" d="36" a="0"/>
<U id="72" f="8" l="40" c="8" d="43" a="0"/>
<U id="73" f="8" l="31" c="8" d="37" a="0"/>
<U id="74" f="9" l="46" c="4" d="101" a="1"/>
<U id="75" f="8" l="28" c="4" d="72" a="0"/>
<U id="76" f="8" l="50" c="8" d="38" a="0"/>
<U id="77" f="8" l="32" c="8" d="37" a="0"/>
<U id="78" f="8" l="23" c="8" d="37" a="0"/>
<U id="79" f="8" l="14" c="8" d="36" a="0"/>
<U id="80" f="8" l="42" c="8" d="97" a="0"/>
<U id="81" f="8" l="24" c="8" d="39" a="0"/>
<U id="82" f="9" l="70" c="8" d="93" a="1"/>
<U id="83" f="8" l="15" c="8" d="73" a="0"/>
<U id="84" f="8" l="43" c="8" d="51" a="0"/>
<U id="85" f="8" l="34" c="8" d="100" a="0"/>
<U id="86" f="9" l="80" c="8" d="93" a="1"/>
<U id="87" f="4" l="35" c="8" d="134" a="0"/>
<U id="88" f="8" l="16" c="8" d="46" a="0"/>
<U id="89" f="1" l="84" c="7" d="111" a="0"/>
<U id="90" f="8" l="45" c="8" d="32" a="0"/>
<U id="91" f="9" l="54" c="8" d="77" a="0"/>
<U id="92" f="8" l="36" c="8" d="106" a="0"/>
<U id="93" f="8" l="18" c="8" d="32" a="0"/>
<U id="94" f="8" l="37" c="8" d="68" a="0"/>
<U id="95" f="9" l="46" c="8" d="59" a="0"/>
<U id="96" f="9" l="65" c="8" d="38" a="0"/>
<U id="97" f="8" l="47" c="8" d="37" a="0"/>
<U id="98" f="8" l="38" c="8" d="49" a="0"/>
<U id="99" f="1" l="49" c="8" d="79" a="0"/>
<U id="100" f="9" l="58" c="7" d="41" a="0"/>
<U id="101" f="9" l="75" c="8" d="38" a="0"/>
<U id="102" f="8" l="39" c="8" d="106" a="0"/>
<U id="103" f="8" l="49" c="8" d="33" a="0"/>
<U id="104" f="8" l="20" c="21" d="41" a="0"/>
<U id="105" f="9" l="70" c="10" d="105" a="0"/>
<U id="106" f="9" l="80" c="10" d="107" a="0"/>
<U id="107" f="3" l="140" c="3" d="134" a="0"/>
<U id="108" f="10" l="46" c="0" d="37" a="0"/>
<U id="109" f="10" l="74" c="0" d="37" a="0"/>
<U id="110" f="9" l="90" c="11" d="95" a="0"/>
<U id="111" f="9" l="82" c="11" d="93" a="0"/>
<U id="112" f="8" l="22" c="14" d="50" a="0"/>
<U id="113" f="8" l="30" c="33" d="33" a="0"/>
<U id="114" f="9" l="55" c="11" d="102" a="0"/>
<U id="115" f="8" l="41" c="14" d="72" a="0"/>
<U id="116" f="5" l="64" c="21" d="42" a="0"/>
<U id="117" f="1" l="84" c="39" d="111" a="0"/>
<U id="118" f="5" l="91" c="49" d="119" a="0"/>
<U id="119" f="9" l="47" c="11" d="101" a="0"/>
<U id="120" f="8" l="33" c="14" d="56" a="0"/>
<U id="121" f="8" l="31" c="34" d="56" a="0"/>
<U id="122" f="3" l="136" c="3" d="144" a="0"/>
<U id="123" f="5" l="59" c="20" d="42" a="0"/>
<U id="124" f="5" l="92" c="50" d="119" a="0"/>
<U id="125" f="8" l="32" c="34" d="37" a="0"/>
<U id="126" f="8" l="35" c="14" d="37" a="0"/>
<U id="127" f="3" l="137" c="3" d="144" a="0"/>
<U id="128" f="5" l="90" c="15" d="5" a="0"/>
<U id="129" f="10" l="50" c="8" d="173" a="0"/>
<U id="130" f="9" l="23" c="16" d="34" a="0"/>
<U id="131" f="9" l="70" c="34" d="53" a="0"/>
<U id="132" f="5" l="91" c="15" d="18" a="0"/>
<U id="133" f="3" l="138" c="3" d="134" a="0"/>
<U id="134" f="10" l="51" c="8" d="116" a="0"/>
<U id="135" f="9" l="66" c="13" d="86" a="1"/>
<U id="136" f="9" l="68" c="12" d="110" a="1"/>
<U id="137" f="9" l="80" c="34" d="53" a="0"/>
<U id="138" f="5" l="92" c="15" d="19" a="0"/>
<U id="139" f="9" l="76" c="13" d="89" a="1"/>
<U id="140" f="8" l="51" c="17" d="38" a="0"/>
<U id="141" f="9" l="68" c="49" d="60" a="0"/>
<U id="142" f="9" l="78" c="12" d="62" a="1"/>
<U id="143" f="9" l="118" c="4" d="98" a="0"/>
<U id="144" f="3" l="132" c="8" d="134" a="0"/>
<U id="145" f="3" l="139" c="3" d="134" a="0"/>
<U id="146" f="6" l="240" c="8" d="80" a="0"/>
<U id="147" f="9" l="64" c="15" d="37" a="0"/>
<U id="148" f="9" l="97" c="12" d="38" a="0"/>
<U id="149" f="5" l="93" c="15" d="11" a="0"/>
<U id="150" f="9" l="78" c="49" d="64" a="0"/>
<U id="151" f="9" l="74" c="15" d="39" a="0"/>
<U id="152" f="5" l="94" c="15" d="12" a="0"/>
<U id="153" f="9" l="60" c="18" d="41" a="0"/>
<U id="154" f="8" l="44" c="17" d="33" a="0"/>
<U id="155" f="9" l="27" c="16" d="37" a="0"/>
<U id="156" f="9" l="98" c="40" d="112" a="0"/>
<U id="157" f="6" l="242" c="8" d="144" a="0"/>
<U id="158" f="6" l="233" c="8" d="119" a="0"/>
<U id="159" f="8" l="17" c="17" d="73" a="0"/>
<U id="160" f="9" l="28" c="16" d="39" a="0"/>
<U id="161" f="10" l="64" c="8" d="37" a="0"/>
<U id="162" f="6" l="243" c="8" d="80" a="0"/>
<U id="163" f="5" l="87" c="15" d="148" a="0"/>
<U id="164" f="6" l="234" c="8" d="134" a="0"/>
<U id="165" f="10" l="92" c="8" d="37" a="0"/>
<U id="166" f="8" l="46" c="17" d="32" a="0"/>
<U id="167" f="5" l="94" c="44" d="80" a="0"/>
<U id="168" f="5" l="87" c="52" d="119" a="0"/>
<U id="169" f="6" l="253" c="8" d="147" a="1"/>
<U id="170" f="5" l="88" c="15" d="151" a="0"/>
<U id="171" f="8" l="19" c="17" d="81" a="0"/>
<U id="172" f="9" l="70" c="56" d="110" a="1"/>
<U id="173" f="6" l="235" c="8" d="119" a="0"/>
<U id="174" f="9" l="80" c="56" d="62" a="1"/>
<U id="175" f="6" l="263" c="8" d="156" a="1"/>
<U id="176" f="5" l="89" c="15" d="3" a="0"/>
<U id="177" f="8" l="48" c="17" d="37" a="0"/>
<U id="178" f="10" l="57" c="8" d="173" a="0"/>
<U id="179" f="6" l="236" c="8" d="119" a="0"/>
<U id="180" f="5" l="93" c="55" d="119" a="0"/>
<U id="181" f="10" l="85" c="8" d="181" a="0"/>
<U id="182" f="9" l="66" c="36" d="86" a="0"/>
<U id="183" f="6" l="237" c="8" d="119" a="0"/>
<U id="184" f="9" l="96" c="26" d="41" a="0"/>
<U id="185" f="9" l="76" c="36" d="89" a="0"/>
<U id="186" f="5" l="90" c="58" d="119" a="0"/>
<U id="187" f="6" l="238" c="8" d="119" a="0"/>
<U id="188" f="10" l="78" c="8" d="181" a="0"/>
<U id="189" f="9" l="98" c="17" d="112" a="1"/>
<U id="190" f="6" l="239" c="8" d="119" a="0"/>
<U id="191" f="10" l="79" c="8" d="116" a="0"/>
<U id="192" f="9" l="68" c="28" d="86" a="0"/>
<U id="193" f="5" l="88" c="46" d="134" a="0"/>
<U id="194" f="9" l="78" c="28" d="89" a="0"/>
<U id="195" f="5" l="89" c="56" d="119" a="0"/>
<U id="196" f="10" l="102" c="0" d="37" a="0"/>
<U id="197" f="10" l="130" c="0" d="37" a="0"/>
<U id="198" f="10" l="214" c="0" d="37" a="0"/>
<U id="199" f="11" l="62" c="19" d="36" a="0"/>
<U id="200" f="6" l="330" c="11" d="109" a="0"/>
<U id="201" f="9" l="102" c="12" d="88" a="1"/>
<U id="202" f="11" l="54" c="19" d="36" a="0"/>
<U id="203" f="11" l="60" c="12" d="117" a="0"/>
<U id="204" f="6" l="330" c="30" d="44" a="0"/>
<U id="205" f="10" l="244" c="0" d="37" a="0"/>
<U id="206" f="9" l="100" c="32" d="112" a="0"/>
<U id="207" f="11" l="52" c="12" d="117" a="0"/>
<U id="208" f="6" l="143" c="11" d="109" a="0"/>
<U id="209" f="9" l="102" c="32" d="53" a="0"/>
<U id="210" f="6" l="250" c="49" d="175" a="1"/>
<U id="211" f="6" l="143" c="30" d="44" a="0"/>
<U id="212" f="11" l="46" c="11" d="117" a="0"/>
<U id="213" f="7" l="551" c="11" d="165" a="0"/>
<U id="214" f="6" l="270" c="12" d="163" a="0"/>
<U id="215" f="11" l="62" c="31" d="96" a="0"/>
<U id="216" f="6" l="203" c="14" d="80" a="0"/>
<U id="217" f="10" l="55" c="12" d="173" a="0"/>
<U id="218" f="9" l="100" c="16" d="108" a="1"/>
<U id="219" f="6" l="280" c="12" d="175" a="0"/>
<U id="220" f="11" l="64" c="12" d="96" a="0"/>
<U id="221" f="7" l="543" c="11" d="170" a="0"/>
<U id="222" f="10" l="83" c="12" d="181" a="0"/>
<U id="223" f="11" l="54" c="31" d="92" a="0"/>
<U id="224" f="6" l="213" c="14" d="80" a="0"/>
<U id="225" f="6" l="301" c="61" d="156" a="0"/>
<U id="226" f="9" l="100" c="53" d="104" a="0"/>
<U id="227" f="6" l="250" c="14" d="18" a="0"/>
<U id="228" f="6" l="316" c="21" d="160" a="0"/>
<U id="229" f="6" l="251" c="50" d="177" a="1"/>
<U id="230" f="11" l="56" c="12" d="92" a="0"/>
<U id="231" f="10" l="158" c="0" d="37" a="0"/>
<U id="232" f="7" l="535" c="11" d="168" a="0"/>
<U id="233" f="6" l="223" c="14" d="80" a="0"/>
<U id="234" f="10" l="120" c="8" d="37" a="0"/>
<U id="235" f="6" l="301" c="16" d="160" a="1"/>
<U id="236" f="6" l="251" c="14" d="19" a="0"/>
<U id="237" f="10" l="23" c="16" d="34" a="0"/>
<U id="238" f="10" l="186" c="0" d="37" a="0"/>
<U id="239" f="11" l="23" c="16" d="34" a="0"/>
<U id="240" f="10" l="64" c="41" d="128" a="0"/>
<U id="241" f="10" l="46" c="50" d="56" a="0"/>
<U id="242" f="7" l="527" c="11" d="174" a="0"/>
<U id="243" f="10" l="53" c="15" d="116" a="0"/>
<U id="244" f="10" l="92" c="41" d="131" a="0"/>
<U id="245" f="6" l="252" c="14" d="11" a="0"/>
<U id="246" f="6" l="301" c="35" d="158" a="1"/>
<U id="247" f="10" l="81" c="15" d="116" a="0"/>
<U id="248" f="6" l="329" c="11" d="109" a="0"/>
<U id="249" f="6" l="265" c="12" d="177" a="0"/>
<U id="250" f="7" l="519" c="11" d="178" a="0"/>
<U id="251" f="6" l="311" c="17" d="147" a="0"/>
<U id="252" f="10" l="113" c="8" d="21" a="0"/>
<U id="253" f="6" l="275" c="12" d="171" a="0"/>
<U id="254" f="9" l="102" c="54" d="108" a="1"/>
<U id="255" f="6" l="313" c="16" d="160" a="1"/>
<U id="256" f="6" l="329" c="30" d="45" a="0"/>
<U id="257" f="6" l="333" c="15" d="12" a="0"/>
<U id="258" f="10" l="141" c="8" d="9" a="0"/>
<U id="259" f="6" l="285" c="12" d="180" a="0"/>
<U id="260" f="10" l="204" c="8" d="37" a="0"/>
<U id="261" f="6" l="303" c="17" d="147" a="0"/>
<U id="262" f="10" l="65" c="15" d="135" a="0"/>
<U id="263" f="6" l="305" c="16" d="160" a="1"/>
<U id="264" f="6" l="313" c="35" d="126" a="1"/>
<U id="265" f="10" l="232" c="8" d="37" a="0"/>
<U id="266" f="6" l="295" c="12" d="172" a="0"/>
<U id="267" f="10" l="27" c="16" d="37" a="0"/>
<U id="268" f="10" l="55" c="34" d="124" a="0"/>
<U id="269" f="10" l="93" c="15" d="137" a="0"/>
<U id="270" f="7" l="558" c="11" d="182" a="0"/>
<U id="271" f="6" l="246" c="14" d="148" a="0"/>
<U id="272" f="6" l="305" c="62" d="156" a="0"/>
<U id="273" f="10" l="55" c="16" d="116" a="0"/>
<U id="274" f="10" l="83" c="34" d="124" a="0"/>
<U id="275" f="6" l="253" c="34" d="109" a="0"/>
<U id="276" f="10" l="106" c="8" d="21" a="0"/>
<U id="277" f="10" l="63" c="17" d="37" a="0"/>
<U id="278" f="10" l="83" c="16" d="116" a="0"/>
<U id="279" f="6" l="305" c="35" d="123" a="1"/>
<U id="280" f="6" l="247" c="14" d="151" a="0"/>
<U id="281" f="6" l="333" c="44" d="160" a="0"/>
<U id="282" f="10" l="91" c="17" d="37" a="0"/>
<U id="283" f="6" l="325" c="16" d="160" a="1"/>
<U id="284" f="10" l="134" c="8" d="9" a="0"/>
<U id="285" f="6" l="194" c="14" d="80" a="0"/>
<U id="286" f="6" l="272" c="16" d="156" a="1"/>
<U id="287" f="10" l="252" c="8" d="37" a="0"/>
<U id="288" f="6" l="253" c="53" d="44" a="0"/>
<U id="289" f="10" l="107" c="8" d="116" a="0"/>
<U id="290" f="10" l="162" c="8" d="20" a="0"/>
<U id="291" f="10" l="74" c="44" d="56" a="0"/>
<U id="292" f="9" l="66" c="179" d="86" a="1"/>
<U id="293" f="6" l="248" c="14" d="3" a="0"/>
<U id="294" f="6" l="317" c="25" d="155" a="0"/>
<U id="295" f="10" l="225" c="8" d="24" a="0"/>
<U id="296" f="6" l="246" c="52" d="163" a="1"/>
<U id="297" f="6" l="282" c="16" d="156" a="1"/>
<U id="298" f="10" l="135" c="8" d="116" a="0"/>
<U id="299" f="10" l="190" c="8" d="23" a="0"/>
<U id="300" f="6" l="319" c="24" d="160" a="1"/>
<U id="301" f="6" l="330" c="56" d="160" a="0"/>
<U id="302" f="6" l="249" c="14" d="5" a="0"/>
<U id="303" f="10" l="163" c="8" d="116" a="0"/>
<U id="304" f="6" l="307" c="17" d="147" a="0"/>
<U id="305" f="6" l="309" c="16" d="160" a="1"/>
<U id="306" f="10" l="191" c="8" d="116" a="0"/>
<U id="307" f="10" l="57" c="17" d="124" a="0"/>
<U id="308" f="6" l="252" c="55" d="180" a="1"/>
<U id="309" f="6" l="309" c="62" d="156" a="0"/>
<U id="310" f="10" l="85" c="17" d="124" a="0"/>
<U id="311" f="6" l="309" c="35" d="120" a="1"/>
<U id="312" f="10" l="218" c="8" d="24" a="0"/>
<U id="313" f="9" l="98" c="205" d="112" a="1"/>
<U id="314" f="6" l="313" c="66" d="156" a="0"/>
<U id="315" f="9" l="76" c="181" d="89" a="1"/>
<U id="316" f="6" l="267" c="16" d="156" a="1"/>
<U id="317" f="10" l="219" c="8" d="116" a="0"/>
<U id="318" f="6" l="277" c="16" d="156" a="1"/>
<U id="319" f="10" l="148" c="8" d="37" a="0"/>
<U id="320" f="6" l="287" c="16" d="156" a="1"/>
<U id="321" f="10" l="266" c="8" d="36" a="0"/>
<U id="322" f="10" l="176" c="8" d="37" a="0"/>
<U id="323" f="6" l="297" c="16" d="160" a="1"/>
<U id="324" f="6" l="247" c="46" d="155" a="1"/>
<U id="325" f="10" l="268" c="8" d="67" a="0"/>
<U id="326" f="10" l="169" c="8" d="20" a="0"/>
<U id="327" f="6" l="248" c="56" d="171" a="1"/>
<U id="328" f="6" l="329" c="56" d="156" a="0"/>
<U id="329" f="10" l="197" c="8" d="23" a="0"/>
<U id="330" f="6" l="299" c="17" d="147" a="0"/>
<U id="331" f="6" l="249" c="58" d="172" a="1"/>
</Uses>
<Blocks>
<B id="1" t="initializer" f="6" l="194" c="21">
<BEGIN l="194" c="52"/>
<END l="200" c="8"/>
</B>
<B id="2" t="initializer" f="6" l="203" c="21">
<BEGIN l="203" c="53"/>
<END l="209" c="8"/>
</B>
<B id="3" t="initializer" f="6" l="213" c="21">
<BEGIN l="213" c="53"/>
<END l="219" c="8"/>
</B>
<B id="4" t="initializer" f="6" l="223" c="21">
<BEGIN l="223" c="57"/>
<END l="229" c="8"/>
</B>
<B id="5" t="routine" f="6" l="135" c="5">
<BEGIN l="136" c="0"/>
<END l="149" c="0"/>
</B>
<B id="6" t="if" f="6" l="316" c="16">
<BEGIN l="318" c="16"/>
<END l="320" c="16"/>
</B>
<B id="7" t="else" f="6" l="323" c="8">
<BEGIN l="324" c="8"/>
<END l="326" c="8"/>
</B>
<B id="8" t="if" f="6" l="311" c="13">
<BEGIN l="312" c="8"/>
<END l="322" c="8"/>
<SUB d="6"/>
<ELSE d="7"/>
</B>
<B id="9" t="else" f="6" l="311" c="8">
<BEGIN l="311" c="13"/>
<END l="326" c="8"/>
<SUB d="8"/>
</B>
<B id="10" t="if" f="6" l="307" c="13">
<BEGIN l="308" c="8"/>
<END l="310" c="8"/>
<ELSE d="9"/>
</B>
<B id="11" t="else" f="6" l="307" c="8">
<BEGIN l="307" c="13"/>
<END l="326" c="8"/>
<SUB d="10"/>
</B>
<B id="12" t="if" f="6" l="303" c="13">
<BEGIN l="304" c="8"/>
<END l="306" c="8"/>
<ELSE d="11"/>
</B>
<B id="13" t="else" f="6" l="303" c="8">
<BEGIN l="303" c="13"/>
<END l="326" c="8"/>
<SUB d="12"/>
</B>
<B id="14" t="if" f="6" l="299" c="13">
<BEGIN l="300" c="8"/>
<END l="302" c="8"/>
<ELSE d="13"/>
</B>
<B id="15" t="else" f="6" l="299" c="8">
<BEGIN l="299" c="13"/>
<END l="326" c="8"/>
<SUB d="14"/>
</B>
<B id="16" t="if" f="6" l="295" c="8">
<BEGIN l="296" c="8"/>
<END l="298" c="8"/>
<ELSE d="15"/>
</B>
<B id="17" t="if" f="6" l="285" c="8">
<BEGIN l="286" c="8"/>
<END l="288" c="8"/>
</B>
<B id="18" t="if" f="6" l="280" c="8">
<BEGIN l="281" c="8"/>
<END l="283" c="8"/>
</B>
<B id="19" t="if" f="6" l="275" c="8">
<BEGIN l="276" c="8"/>
<END l="278" c="8"/>
</B>
<B id="20" t="if" f="6" l="270" c="8">
<BEGIN l="271" c="8"/>
<END l="273" c="8"/>
</B>
<B id="21" t="if" f="6" l="265" c="8">
<BEGIN l="266" c="8"/>
<END l="268" c="8"/>
</B>
<B id="22" t="routine" f="6" l="182" c="5">
<BEGIN l="183" c="0"/>
<END l="339" c="0"/>
<SUB d="16"/>
<SUB d="17"/>
<SUB d="18"/>
<SUB d="19"/>
<SUB d="20"/>
<SUB d="21"/>
</B>
<B id="23" t="ppcif" f="12" l="15" c="0">
<BEGIN l="15" c="27"/>
<END l="330" c="0"/>
</B>
<B id="24" t="ppcif" f="12" l="25" c="0">
<BEGIN l="25" c="19"/>
<END l="155" c="0"/>
</B>
<B id="25" t="ppcrmif" f="12" l="46" c="0">
<BEGIN l="46" c="93"/>
<END l="91" c="0"/>
</B>
<B id="26" t="ppcrmif" f="12" l="94" c="0">
<BEGIN l="94" c="91"/>
<END l="153" c="0"/>
</B>
<B id="27" t="ppcrmelse" f="12" l="155" c="0">
<BEGIN l="155" c="35"/>
<END l="328" c="0"/>
</B>
<B id="28" t="ppcif" f="13" l="11" c="0">
<BEGIN l="11" c="27"/>
<END l="36" c="0"/>
</B>
<B id="29" t="ppcrmif" f="13" l="14" c="0">
<BEGIN l="14" c="19"/>
<END l="29" c="0"/>
</B>
<B id="30" t="ppcelse" f="13" l="29" c="0">
<BEGIN l="29" c="5"/>
<END l="33" c="0"/>
</B>
<B id="31" t="ppcif" f="1" l="22" c="0">
<BEGIN l="22" c="17"/>
<END l="109" c="0"/>
</B>
<B id="32" t="ppcrmif" f="1" l="39" c="0">
<BEGIN l="39" c="66"/>
<END l="43" c="0"/>
</B>
<B id="33" t="ppcelse" f="1" l="43" c="0">
<BEGIN l="43" c="60"/>
<END l="47" c="0"/>
</B>
<B id="34" t="ppcrmif" f="1" l="52" c="0">
<BEGIN l="52" c="18"/>
<END l="58" c="0"/>
</B>
<B id="35" t="ppcrmif" f="1" l="62" c="0">
<BEGIN l="62" c="33"/>
<END l="80" c="0"/>
</B>
<B id="36" t="ppcelse" f="1" l="80" c="0">
<BEGIN l="80" c="31"/>
<END l="93" c="0"/>
</B>
<B id="37" t="ppcrmif" f="1" l="96" c="0">
<BEGIN l="96" c="14"/>
<END l="106" c="0"/>
</B>
<B id="38" t="ppcif" f="14" l="3" c="0">
<BEGIN l="3" c="29"/>
<END l="348" c="0"/>
</B>
<B id="39" t="ppcif" f="14" l="61" c="0">
<BEGIN l="63" c="27"/>
<END l="66" c="0"/>
</B>
<B id="40" t="ppcrmif" f="14" l="165" c="0">
<BEGIN l="165" c="17"/>
<END l="206" c="0"/>
</B>
<B id="41" t="ppcrmif" f="14" l="209" c="0">
<BEGIN l="209" c="37"/>
<END l="211" c="0"/>
</B>
<B id="42" t="ppcrmif" f="14" l="213" c="0">
<BEGIN l="213" c="44"/>
<END l="321" c="0"/>
</B>
<B id="43" t="ppcif" f="14" l="323" c="0">
<BEGIN l="323" c="18"/>
<END l="346" c="0"/>
</B>
<B id="44" t="ppcrmif" f="14" l="326" c="0">
<BEGIN l="326" c="18"/>
<END l="328" c="0"/>
</B>
<B id="45" t="ppcrmif" f="14" l="329" c="0">
<BEGIN l="329" c="63"/>
<END l="331" c="0"/>
</B>
<B id="46" t="ppcrmif" f="14" l="332" c="0">
<BEGIN l="332" c="64"/>
<END l="334" c="0"/>
</B>
<B id="47" t="ppcrmif" f="14" l="335" c="0">
<BEGIN l="335" c="16"/>
<END l="340" c="0"/>
</B>
<B id="48" t="ppcif" f="14" l="343" c="0">
<BEGIN l="343" c="57"/>
<END l="345" c="0"/>
</B>
<B id="49" t="type" f="5" l="48" c="7">
<BEGIN l="48" c="22"/>
<END l="54" c="0"/>
</B>
<B id="50" t="ppcif" f="5" l="24" c="0">
<BEGIN l="24" c="23"/>
<END l="217" c="0"/>
</B>
<B id="51" t="ppcrmif" f="5" l="27" c="0">
<BEGIN l="27" c="35"/>
<END l="29" c="0"/>
</B>
<B id="52" t="ppcrmif" f="5" l="33" c="0">
<BEGIN l="33" c="19"/>
<END l="36" c="0"/>
</B>
<B id="53" t="ppcrmif" f="5" l="201" c="0">
<BEGIN l="201" c="19"/>
<END l="203" c="0"/>
</B>
<B id="54" t="ppcif" f="5" l="206" c="0">
<BEGIN l="206" c="26"/>
<END l="214" c="0"/>
</B>
<B id="55" t="ppcif" f="5" l="207" c="0">
<BEGIN l="207" c="25"/>
<END l="211" c="0"/>
</B>
<B id="56" t="ppcrmif" f="5" l="208" c="0">
<BEGIN l="208" c="37"/>
<END l="210" c="0"/>
</B>
<B id="57" t="ppcrmelse" f="5" l="211" c="0">
<BEGIN l="211" c="7"/>
<END l="213" c="0"/>
</B>
<B id="58" t="ppcif" f="15" l="24" c="0">
<BEGIN l="24" c="28"/>
<END l="74" c="0"/>
</B>
<B id="59" t="ppcrmif" f="15" l="27" c="0">
<BEGIN l="27" c="19"/>
<END l="30" c="0"/>
</B>
<B id="60" t="ppcif" f="15" l="41" c="0">
<BEGIN l="41" c="17"/>
<END l="43" c="0"/>
</B>
<B id="61" t="ppcif" f="15" l="45" c="0">
<BEGIN l="45" c="18"/>
<END l="47" c="0"/>
</B>
<B id="62" t="ppcif" f="15" l="49" c="0">
<BEGIN l="49" c="18"/>
<END l="51" c="0"/>
</B>
<B id="63" t="ppcif" f="15" l="53" c="0">
<BEGIN l="53" c="22"/>
<END l="55" c="0"/>
</B>
<B id="64" t="ppcrmif" f="15" l="58" c="0">
<BEGIN l="58" c="19"/>
<END l="60" c="0"/>
</B>
<B id="65" t="ppcif" f="15" l="63" c="0">
<BEGIN l="63" c="26"/>
<END l="71" c="0"/>
</B>
<B id="66" t="ppcif" f="15" l="64" c="0">
<BEGIN l="64" c="25"/>
<END l="68" c="0"/>
</B>
<B id="67" t="ppcrmif" f="15" l="65" c="0">
<BEGIN l="65" c="37"/>
<END l="67" c="0"/>
</B>
<B id="68" t="ppcrmelse" f="15" l="68" c="0">
<BEGIN l="68" c="7"/>
<END l="70" c="0"/>
</B>
<B id="69" t="ppcif" f="4" l="24" c="0">
<BEGIN l="24" c="19"/>
<END l="54" c="0"/>
</B>
<B id="70" t="ppcif" f="4" l="43" c="0">
<BEGIN l="43" c="26"/>
<END l="51" c="0"/>
</B>
<B id="71" t="ppcif" f="4" l="44" c="0">
<BEGIN l="44" c="25"/>
<END l="48" c="0"/>
</B>
<B id="72" t="ppcrmif" f="4" l="45" c="0">
<BEGIN l="45" c="37"/>
<END l="47" c="0"/>
</B>
<B id="73" t="ppcrmelse" f="4" l="48" c="0">
<BEGIN l="48" c="7"/>
<END l="50" c="0"/>
</B>
<B id="74" t="ppcif" f="16" l="25" c="0">
<BEGIN l="25" c="14"/>
<END l="95" c="0"/>
</B>
<B id="75" t="ppcrmif" f="16" l="41" c="0">
<BEGIN l="41" c="33"/>
<END l="43" c="0"/>
</B>
<B id="76" t="ppcrmif" f="16" l="45" c="0">
<BEGIN l="45" c="46"/>
<END l="47" c="0"/>
</B>
<B id="77" t="ppcrmif" f="16" l="49" c="0">
<BEGIN l="49" c="28"/>
<END l="51" c="0"/>
</B>
<B id="78" t="ppcif" f="16" l="84" c="0">
<BEGIN l="84" c="26"/>
<END l="92" c="0"/>
</B>
<B id="79" t="ppcrmif" f="16" l="85" c="0">
<BEGIN l="85" c="25"/>
<END l="89" c="0"/>
</B>
<B id="80" t="ppcelse" f="16" l="89" c="0">
<BEGIN l="89" c="7"/>
<END l="91" c="0"/>
</B>
<B id="81" t="type" f="3" l="135" c="0">
<BEGIN l="135" c="0"/>
<END l="141" c="0"/>
</B>
<B id="82" t="ppcif" f="3" l="56" c="0">
<BEGIN l="56" c="19"/>
<END l="154" c="0"/>
</B>
<B id="83" t="ppcif" f="3" l="122" c="0">
<BEGIN l="122" c="26"/>
<END l="126" c="0"/>
</B>
<B id="84" t="ppcif" f="2" l="43" c="0">
<BEGIN l="43" c="24"/>
<END l="150" c="0"/>
</B>
<B id="85" t="ppcif" f="2" l="81" c="0">
<BEGIN l="81" c="13"/>
<END l="83" c="0"/>
</B>
<B id="86" t="ppcif" f="2" l="85" c="0">
<BEGIN l="85" c="14"/>
<END l="87" c="0"/>
</B>
<B id="87" t="ppcrmif" f="2" l="119" c="0">
<BEGIN l="119" c="46"/>
<END l="125" c="0"/>
</B>
<B id="88" t="ppcelse" f="2" l="125" c="0">
<BEGIN l="125" c="6"/>
<END l="129" c="0"/>
</B>
<B id="89" t="ppcrmif" f="2" l="131" c="0">
<BEGIN l="131" c="46"/>
<END l="137" c="0"/>
</B>
<B id="90" t="ppcelse" f="2" l="137" c="0">
<BEGIN l="137" c="6"/>
<END l="140" c="0"/>
</B>
<B id="91" t="ppcif" f="17" l="43" c="0">
<BEGIN l="43" c="18"/>
<END l="202" c="0"/>
</B>
<B id="92" t="ppcif" f="17" l="88" c="0">
<BEGIN l="88" c="17"/>
<END l="90" c="0"/>
</B>
<B id="93" t="ppcif" f="18" l="19" c="0">
<BEGIN l="19" c="22"/>
<END l="23" c="0"/>
</B>
<B id="94" t="ppcif" f="19" l="19" c="0">
<BEGIN l="19" c="26"/>
<END l="23" c="0"/>
</B>
<B id="95" t="ppcif" f="20" l="24" c="0">
<BEGIN l="24" c="31"/>
<END l="39" c="0"/>
</B>
<B id="96" t="ppcif" f="20" l="28" c="0">
<BEGIN l="28" c="26"/>
<END l="36" c="0"/>
</B>
<B id="97" t="ppcif" f="20" l="29" c="0">
<BEGIN l="29" c="25"/>
<END l="33" c="0"/>
</B>
<B id="98" t="ppcrmif" f="20" l="30" c="0">
<BEGIN l="30" c="37"/>
<END l="32" c="0"/>
</B>
<B id="99" t="ppcrmelse" f="20" l="33" c="0">
<BEGIN l="33" c="7"/>
<END l="35" c="0"/>
</B>
<B id="100" t="ppcif" f="21" l="19" c="0">
<BEGIN l="19" c="16"/>
<END l="24" c="0"/>
</B>
<B id="101" t="ppcif" f="22" l="53" c="0">
<BEGIN l="53" c="30"/>
<END l="57" c="0"/>
</B>
<B id="102" t="ppcrmif" f="22" l="67" c="0">
<BEGIN l="67" c="43"/>
<END l="71" c="0"/>
</B>
<B id="103" t="ppcrmif" f="22" l="81" c="0">
<BEGIN l="81" c="48"/>
<END l="85" c="0"/>
</B>
<B id="104" t="ppcrmif" f="22" l="95" c="0">
<BEGIN l="95" c="46"/>
<END l="99" c="0"/>
</B>
<B id="105" t="ppcrmif" f="22" l="109" c="0">
<BEGIN l="109" c="51"/>
<END l="113" c="0"/>
</B>
<B id="106" t="ppcif" f="22" l="125" c="0">
<BEGIN l="125" c="29"/>
<END l="129" c="0"/>
</B>
<B id="107" t="ppcrmif" f="22" l="139" c="0">
<BEGIN l="139" c="42"/>
<END l="143" c="0"/>
</B>
<B id="108" t="ppcrmif" f="22" l="153" c="0">
<BEGIN l="153" c="47"/>
<END l="157" c="0"/>
</B>
<B id="109" t="ppcrmif" f="22" l="167" c="0">
<BEGIN l="167" c="45"/>
<END l="171" c="0"/>
</B>
<B id="110" t="ppcrmif" f="22" l="181" c="0">
<BEGIN l="181" c="50"/>
<END l="185" c="0"/>
</B>
<B id="111" t="ppcif" f="22" l="201" c="0">
<BEGIN l="201" c="25"/>
<END l="209" c="0"/>
</B>
<B id="112" t="ppcif" f="22" l="202" c="0">
<BEGIN l="202" c="24"/>
<END l="206" c="0"/>
</B>
<B id="113" t="ppcrmif" f="22" l="203" c="0">
<BEGIN l="203" c="36"/>
<END l="205" c="0"/>
</B>
<B id="114" t="ppcrmelse" f="22" l="206" c="0">
<BEGIN l="206" c="6"/>
<END l="208" c="0"/>
</B>
<B id="115" t="ppcif" f="23" l="2" c="0">
<BEGIN l="2" c="20"/>
<END l="7" c="0"/>
</B>
</Blocks>
</Navig>
