<?xml version="1.0" encoding="UTF-8"?>

<MISRA-C-Report version="1.3">


<CodeStruct Name="" File="C:\component\ES003A_PwrDiscnct_Impl\src\PwrDiscnct.c" Line="0" Column="0">

<Rule Name="19.1" Mode="advisory" Report="warning" Id="1">
<Loc File="C:\component\ES003A_PwrDiscnct_Impl\src\PwrDiscnct.c" Line="902" Column="0">
</Loc>
<Message>
#include statements in a file shall only be preceded by other preprocessor directives or comments.
</Message>
</Rule>

</CodeStruct>

<CodeStruct Name="PwrDiscnctPer1" File="C:\component\ES003A_PwrDiscnct_Impl\src\PwrDiscnct.c" Line="771" Column="5">

<Rule Name="21.1" Mode="required" Report="warning" Id="2">
<Loc File="C:\component\ES003A_PwrDiscnct_Impl\src\PwrDiscnct.c" Line="801" Column="12">
</Loc>
<Message>
Minimisation of run-time failures.
</Message>
</Rule>

<Rule Name="21.1" Mode="required" Report="warning" Id="3">
<Loc File="C:\component\ES003A_PwrDiscnct_Impl\src\PwrDiscnct.c" Line="801" Column="33">
</Loc>
<Message>
Minimisation of run-time failures.
</Message>
</Rule>

<Rule Name="21.1" Mode="required" Report="warning" Id="4">
<Loc File="C:\component\ES003A_PwrDiscnct_Impl\src\PwrDiscnct.c" Line="804" Column="16">
</Loc>
<Message>
Minimisation of run-time failures.
</Message>
</Rule>

<Rule Name="9.1" Mode="required" Report="warning" Id="5">
<Loc File="C:\component\ES003A_PwrDiscnct_Impl\src\PwrDiscnct.c" Line="804" Column="130">
</Loc>
<Message>
All automatic variables shall have been assigned a value before being used.
</Message>
</Rule>

<Rule Name="9.1" Mode="required" Report="warning" Id="6">
<Loc File="C:\component\ES003A_PwrDiscnct_Impl\src\PwrDiscnct.c" Line="804" Column="153">
</Loc>
<Message>
All automatic variables shall have been assigned a value before being used.
</Message>
</Rule>

<Rule Name="21.1" Mode="required" Report="warning" Id="7">
<Loc File="C:\component\ES003A_PwrDiscnct_Impl\src\PwrDiscnct.c" Line="811" Column="19">
</Loc>
<Message>
Minimisation of run-time failures.
</Message>
</Rule>

<Rule Name="21.1" Mode="required" Report="warning" Id="8">
<Loc File="C:\component\ES003A_PwrDiscnct_Impl\src\PwrDiscnct.c" Line="830" Column="24">
</Loc>
<Message>
Minimisation of run-time failures.
</Message>
</Rule>

<Rule Name="9.1" Mode="required" Report="warning" Id="9">
<Loc File="C:\component\ES003A_PwrDiscnct_Impl\src\PwrDiscnct.c" Line="830" Column="161">
</Loc>
<Message>
All automatic variables shall have been assigned a value before being used.
</Message>
</Rule>

<Rule Name="21.1" Mode="required" Report="warning" Id="10">
<Loc File="C:\component\ES003A_PwrDiscnct_Impl\src\PwrDiscnct.c" Line="836" Column="27">
</Loc>
<Message>
Minimisation of run-time failures.
</Message>
</Rule>

<Rule Name="9.1" Mode="required" Report="warning" Id="11">
<Loc File="C:\component\ES003A_PwrDiscnct_Impl\src\PwrDiscnct.c" Line="853" Column="28">
</Loc>
<Message>
All automatic variables shall have been assigned a value before being used.
</Message>
</Rule>

<Rule Name="9.1" Mode="required" Report="warning" Id="12">
<Loc File="C:\component\ES003A_PwrDiscnct_Impl\src\PwrDiscnct.c" Line="854" Column="28">
</Loc>
<Message>
All automatic variables shall have been assigned a value before being used.
</Message>
</Rule>

<Rule Name="9.1" Mode="required" Report="warning" Id="13">
<Loc File="C:\component\ES003A_PwrDiscnct_Impl\src\PwrDiscnct.c" Line="867" Column="28">
</Loc>
<Message>
All automatic variables shall have been assigned a value before being used.
</Message>
</Rule>

</CodeStruct>

</MISRA-C-Report>
