<?xml version="1.0" encoding="UTF-8"?>
<!--EDRS Version 1.0-->
<global>
   <file name="C:\\component\\AR999A_ArchGlbPrm_Impl\\tools\\contract\\ArchGlbPrm_StaticAnalysisStub.c" comment="">
      <scalar name="FivePiOverFour" comment="" line="33" base_type="float32" attributes="static const" complete_type="float32" init_mode="MAIN_GENERATOR" init_modes_allowed="15" init_range="min..max" global_assert="NO" assert_range=""/>
      <scalar name="FloatZeroThd" comment="" line="45" base_type="float32" attributes="static const" complete_type="float32" init_mode="MAIN_GENERATOR" init_modes_allowed="15" init_range="min..max" global_assert="NO" assert_range=""/>
      <scalar name="FourOverSqrt3" comment="" line="42" base_type="float32" attributes="static const" complete_type="float32" init_mode="MAIN_GENERATOR" init_modes_allowed="15" init_range="min..max" global_assert="NO" assert_range=""/>
      <scalar name="HalfSqrt3" comment="" line="36" base_type="float32" attributes="static const" complete_type="float32" init_mode="MAIN_GENERATOR" init_modes_allowed="15" init_range="min..max" global_assert="NO" assert_range=""/>
      <scalar name="OneEightyOverPi" comment="" line="27" base_type="float32" attributes="static const" complete_type="float32" init_mode="MAIN_GENERATOR" init_modes_allowed="15" init_range="min..max" global_assert="NO" assert_range=""/>
      <scalar name="Pi" comment="" line="18" base_type="float32" attributes="static const" complete_type="float32" init_mode="MAIN_GENERATOR" init_modes_allowed="15" init_range="min..max" global_assert="NO" assert_range=""/>
      <scalar name="PiOver180" comment="" line="30" base_type="float32" attributes="static const" complete_type="float32" init_mode="MAIN_GENERATOR" init_modes_allowed="15" init_range="min..max" global_assert="NO" assert_range=""/>
      <scalar name="PiOver2" comment="" line="24" base_type="float32" attributes="static const" complete_type="float32" init_mode="MAIN_GENERATOR" init_modes_allowed="15" init_range="min..max" global_assert="NO" assert_range=""/>
      <scalar name="TiStep100ms" comment="" line="15" base_type="float32" attributes="static const" complete_type="float32" init_mode="MAIN_GENERATOR" init_modes_allowed="15" init_range="min..max" global_assert="NO" assert_range=""/>
      <scalar name="TiStep10ms" comment="" line="12" base_type="float32" attributes="static const" complete_type="float32" init_mode="MAIN_GENERATOR" init_modes_allowed="15" init_range="min..max" global_assert="NO" assert_range=""/>
      <scalar name="TiStep2ms" comment="" line="6" base_type="float32" attributes="static const" complete_type="float32" init_mode="MAIN_GENERATOR" init_modes_allowed="15" init_range="min..max" global_assert="NO" assert_range=""/>
      <scalar name="TiStep4ms" comment="" line="9" base_type="float32" attributes="static const" complete_type="float32" init_mode="MAIN_GENERATOR" init_modes_allowed="15" init_range="min..max" global_assert="NO" assert_range=""/>
      <scalar name="TwoOverSqrt3" comment="" line="39" base_type="float32" attributes="static const" complete_type="float32" init_mode="MAIN_GENERATOR" init_modes_allowed="15" init_range="min..max" global_assert="NO" assert_range=""/>
      <scalar name="TwoPi" comment="" line="21" base_type="float32" attributes="static const" complete_type="float32" init_mode="MAIN_GENERATOR" init_modes_allowed="15" init_range="min..max" global_assert="NO" assert_range=""/>
   </file>
</global>
