<?xml version="1.0" encoding="UTF-8"?>
<Navig version="1.0">
<Files>
<F id="1" n="C:\Program Files\MATLAB\R2013b\polyspace\verifier\cxx\cinclude\stdarg.h"/>
<F id="2" n="C:\component\AR201A_ArCplrSuprt_Impl\include\ASR4.0.3\Platform_Types.h"/>
<F id="3" n="C:\component\AR200A_ArSuprt_Impl\include\ASR4.0.3\Std_Types.h"/>
<F id="4" n="C:\component\ES102A_PolarityCfg_Impl\tools\contract\Rte_Type.h"/>
<F id="5" n="C:\component\ES102A_PolarityCfg_Impl\tools\contract\Rte_PolarityCfg.h"/>
<F id="6" n="C:\component\ES102A_PolarityCfg_Impl\src\PolarityCfg.c"/>
<F id="7" n="C-STUBS\__polyspace__stdstubs.c"/>
<F id="8" n="C:\Program Files\MATLAB\R2013b\polyspace\verifier\cxx\cinclude\__polyspace__std_decls.h"/>
<F id="9" n="C:\Program Files\MATLAB\R2013b\polyspace\verifier\cxx\cinclude\assert.h"/>
<F id="10" n="C:\Program Files\MATLAB\R2013b\polyspace\verifier\cxx\cinclude\__polyspace__libc_defs.h"/>
<F id="11" n="C:\component\ES102A_PolarityCfg_Impl\tools\contract\Rte_PolarityCfg_Type.h"/>
<F id="12" n="C:\component\ES102A_PolarityCfg_Impl\tools\contract\Rte.h"/>
<F id="13" n="C:\component\AR201A_ArCplrSuprt_Impl\include\ASR4.0.3\Compiler.h"/>
<F id="14" n="C:\component\AR201A_ArCplrSuprt_Impl\tools\contract\Compiler_Cfg.h"/>
<F id="15" n="C:\component\ES102A_PolarityCfg_Impl\tools\contract\Rte_DataHandleType.h"/>
<F id="16" n="C:\component\AR200A_ArSuprt_Impl\tools\contract\MemMap.h"/>
<F id="17" n="C:\component\ES102A_PolarityCfg_Impl\tools\contract\PolarityCfg_MemMap.h"/>
</Files>
<Definitions>
<D id="1" f="7" l="7181" c="14" n="_polyspace_compare_function_type" t="7" d="1"/>
<D id="2" f="7" l="11641" c="21" n="HUGE_VAL" t="1" d="1"/>
<D id="3" f="7" l="11623" c="12" n="_polyspace_random_long_double" t="2" d="1"/>
<D id="4" f="7" l="11642" c="21" n="HUGE_VALF" t="1" d="1"/>
<D id="5" f="7" l="11643" c="21" n="HUGE_VALL" t="1" d="1"/>
<D id="6" f="7" l="11625" c="23" n="random" t="4" d="1"/>
<D id="7" f="7" l="12485" c="16" n="__polyspace_absolute_address" t="1" d="1"/>
<D id="8" f="5" l="48" c="7" n="Rte_CDS_PolarityCfg" t="6" d="1"/>
<D id="9" f="5" l="51" c="10" n="Pim_PolarityCfgSaved" t="9" d="1"/>
<D id="10" f="3" l="141" c="2" n="Std_VersionInfoType" t="7" d="1"/>
<D id="11" f="4" l="35" c="21" n="dtRef_const_VOID" t="7" d="1"/>
<D id="12" f="4" l="50" c="14" n="Ary1D_s2p13_1024" t="7" d="1"/>
<D id="13" f="1" l="45" c="14" n="__va_list" t="7" d="1"/>
<D id="14" f="4" l="44" c="15" n="s2p13" t="7" d="1"/>
<D id="15" f="5" l="63" c="42" n="Rte_Instance" t="7" d="1"/>
<D id="16" f="7" l="732" c="4" n="errno" t="1" d="1"/>
<D id="17" f="1" l="50" c="18" n="__gnuc_va_list" t="7" d="1"/>
<D id="18" f="4" l="47" c="15" n="u0p16" t="7" d="1"/>
<D id="19" f="6" l="166" c="5" n="PolarityCfgInit" t="2" d="1"/>
<D id="20" f="1" l="49" c="18" n="va_list" t="7" d="1"/>
<D id="21" f="5" l="58" c="47" n="Rte_Inst_PolarityCfg" t="1" d="0"/>
<D id="22" f="3" l="140" c="10" n="sw_patch_version" t="9" d="1"/>
<D id="23" f="2" l="110" c="31" n="sint8" t="7" d="1"/>
<D id="24" f="2" l="120" c="31" n="uint16_least" t="7" d="1"/>
<D id="25" f="2" l="111" c="31" n="uint8" t="7" d="1"/>
<D id="26" f="2" l="121" c="31" n="sint32_least" t="7" d="1"/>
<D id="27" f="2" l="112" c="31" n="sint16" t="7" d="1"/>
<D id="28" f="2" l="131" c="31" n="float32" t="7" d="1"/>
<D id="29" f="2" l="122" c="31" n="uint32_least" t="7" d="1"/>
<D id="30" f="2" l="113" c="31" n="uint16" t="7" d="1"/>
<D id="31" f="3" l="136" c="10" n="vendorID" t="9" d="1"/>
<D id="32" f="2" l="132" c="31" n="float64" t="7" d="1"/>
<D id="33" f="2" l="114" c="31" n="sint32" t="7" d="1"/>
<D id="34" f="5" l="110" c="15" n="Rte_Write_PolarityCfg_HwAg4Polarity_Val" t="2" d="0"/>
<D id="35" f="3" l="137" c="10" n="moduleID" t="9" d="1"/>
<D id="36" f="6" l="326" c="10" n="Polarity_Cnt_T_s08" t="4" d="1"/>
<D id="37" f="2" l="115" c="31" n="uint32" t="7" d="1"/>
<D id="38" f="5" l="120" c="15" n="Rte_Write_PolarityCfg_HwTq6Polarity_Val" t="2" d="0"/>
<D id="39" f="5" l="111" c="15" n="Rte_Write_PolarityCfg_HwAg5Polarity_Val" t="2" d="0"/>
<D id="40" f="3" l="138" c="10" n="sw_major_version" t="9" d="1"/>
<D id="41" f="7" l="361" c="21" n="wchar_t" t="7" d="1"/>
<D id="42" f="3" l="132" c="14" n="Std_ReturnType" t="7" d="1"/>
<D id="43" f="5" l="130" c="15" n="Rte_Write_PolarityCfg_MotElecMeclPolarity_Val" t="2" d="0"/>
<D id="44" f="5" l="121" c="15" n="Rte_Write_PolarityCfg_HwTq7Polarity_Val" t="2" d="0"/>
<D id="45" f="3" l="125" c="22" n="StatusType" t="7" d="1"/>
<D id="46" f="5" l="112" c="15" n="Rte_Write_PolarityCfg_HwAg6Polarity_Val" t="2" d="0"/>
<D id="47" f="6" l="323" c="13" n="GetPolarity" t="5" d="1"/>
<D id="48" f="3" l="139" c="10" n="sw_minor_version" t="9" d="1"/>
<D id="49" f="2" l="117" c="31" n="sint8_least" t="7" d="1"/>
<D id="50" f="5" l="122" c="15" n="Rte_Write_PolarityCfg_MotAgMecl0Polarity_Val" t="2" d="0"/>
<D id="51" f="6" l="245" c="39" n="PolarityCfgSaved" t="4" d="1"/>
<D id="52" f="2" l="108" c="31" n="boolean" t="7" d="1"/>
<D id="53" f="5" l="113" c="15" n="Rte_Write_PolarityCfg_HwAg7Polarity_Val" t="2" d="0"/>
<D id="54" f="5" l="132" c="15" n="Rte_Call_PolarityCfg_NvMService_AC3_SRBS_WriteBlock" t="2" d="0"/>
<D id="55" f="2" l="118" c="31" n="uint8_least" t="7" d="1"/>
<D id="56" f="5" l="123" c="15" n="Rte_Write_PolarityCfg_MotAgMecl1Polarity_Val" t="2" d="0"/>
<D id="57" f="5" l="114" c="15" n="Rte_Write_PolarityCfg_HwTq0Polarity_Val" t="2" d="0"/>
<D id="58" f="5" l="105" c="15" n="Rte_Write_PolarityCfg_AssiMechPolarity_Val" t="2" d="0"/>
<D id="59" f="2" l="119" c="31" n="sint16_least" t="7" d="1"/>
<D id="60" f="5" l="124" c="15" n="Rte_Write_PolarityCfg_MotAgMecl2Polarity_Val" t="2" d="0"/>
<D id="61" f="6" l="323" c="33" n="Polarity_Cnt_T_u32" t="4" d="1"/>
<D id="62" f="5" l="115" c="15" n="Rte_Write_PolarityCfg_HwTq1Polarity_Val" t="2" d="0"/>
<D id="63" f="5" l="106" c="15" n="Rte_Write_PolarityCfg_HwAg0Polarity_Val" t="2" d="0"/>
<D id="64" f="7" l="750" c="14" n="_polyspace_random_char" t="5" d="1"/>
<D id="65" f="7" l="356" c="21" n="size_t" t="7" d="1"/>
<D id="66" f="5" l="125" c="15" n="Rte_Write_PolarityCfg_MotAgMecl3Polarity_Val" t="2" d="0"/>
<D id="67" f="5" l="116" c="15" n="Rte_Write_PolarityCfg_HwTq2Polarity_Val" t="2" d="0"/>
<D id="68" f="5" l="107" c="15" n="Rte_Write_PolarityCfg_HwAg1Polarity_Val" t="2" d="0"/>
<D id="69" f="5" l="126" c="15" n="Rte_Write_PolarityCfg_MotAgMecl4Polarity_Val" t="2" d="0"/>
<D id="70" f="5" l="117" c="15" n="Rte_Write_PolarityCfg_HwTq3Polarity_Val" t="2" d="0"/>
<D id="71" f="5" l="108" c="15" n="Rte_Write_PolarityCfg_HwAg2Polarity_Val" t="2" d="0"/>
<D id="72" f="5" l="127" c="15" n="Rte_Write_PolarityCfg_MotAgMecl5Polarity_Val" t="2" d="0"/>
<D id="73" f="7" l="358" c="12" n="ptrdiff_t" t="7" d="1"/>
<D id="74" f="5" l="118" c="15" n="Rte_Write_PolarityCfg_HwTq4Polarity_Val" t="2" d="0"/>
<D id="75" f="5" l="109" c="15" n="Rte_Write_PolarityCfg_HwAg3Polarity_Val" t="2" d="0"/>
<D id="76" f="6" l="245" c="15" n="PolarityCfgRead" t="2" d="1"/>
<D id="77" f="5" l="128" c="15" n="Rte_Write_PolarityCfg_MotAgMecl6Polarity_Val" t="2" d="0"/>
<D id="78" f="5" l="119" c="15" n="Rte_Write_PolarityCfg_HwTq5Polarity_Val" t="2" d="0"/>
<D id="79" f="7" l="760" c="34" n="random" t="4" d="1"/>
<D id="80" f="7" l="782" c="23" n="_polyspace_random_ulong" t="5" d="1"/>
<D id="81" f="5" l="129" c="15" n="Rte_Write_PolarityCfg_MotAgMecl7Polarity_Val" t="2" d="0"/>
<D id="82" f="7" l="752" c="25" n="random" t="4" d="1"/>
<D id="83" f="7" l="766" c="13" n="_polyspace_random_int" t="5" d="1"/>
<D id="84" f="7" l="774" c="14" n="_polyspace_random_long" t="5" d="1"/>
<D id="85" f="6" l="295" c="15" n="PolarityCfgWr" t="2" d="1"/>
<D id="86" f="7" l="758" c="23" n="_polyspace_random_uchar" t="5" d="1"/>
<D id="87" f="7" l="3836" c="4" n="__polyspace_nb_varargs" t="1" d="1"/>
<D id="88" f="7" l="784" c="34" n="random" t="4" d="1"/>
<D id="89" f="6" l="324" c="57" n="PolarityMask_Cnt_T_u32" t="4" d="1"/>
<D id="90" f="7" l="768" c="24" n="random" t="4" d="1"/>
<D id="91" f="7" l="791" c="27" n="random" t="4" d="1"/>
<D id="92" f="7" l="776" c="25" n="random" t="4" d="1"/>
<D id="93" f="6" l="295" c="36" n="PolarityCfgSaved" t="4" d="1"/>
<D id="94" f="7" l="3835" c="7" n="__polyspace_vararg" t="1" d="1"/>
<D id="95" f="7" l="789" c="16" n="_polyspace_random_double" t="5" d="1"/>
</Definitions>
<Uses>
<U id="1" f="7" l="11626" c="9" d="6" a="0"/>
<U id="2" f="5" l="51" c="2" d="37" a="0"/>
<U id="3" f="1" l="50" c="8" d="13" a="0"/>
<U id="4" f="4" l="50" c="8" d="14" a="0"/>
<U id="5" f="4" l="44" c="8" d="27" a="0"/>
<U id="6" f="1" l="84" c="7" d="20" a="0"/>
<U id="7" f="4" l="47" c="8" d="30" a="0"/>
<U id="8" f="1" l="49" c="8" d="13" a="0"/>
<U id="9" f="5" l="110" c="0" d="42" a="0"/>
<U id="10" f="5" l="120" c="0" d="42" a="0"/>
<U id="11" f="5" l="111" c="0" d="42" a="0"/>
<U id="12" f="5" l="130" c="0" d="42" a="0"/>
<U id="13" f="5" l="121" c="0" d="42" a="0"/>
<U id="14" f="5" l="112" c="0" d="42" a="0"/>
<U id="15" f="5" l="131" c="0" d="42" a="0"/>
<U id="16" f="5" l="122" c="0" d="42" a="0"/>
<U id="17" f="5" l="113" c="0" d="42" a="0"/>
<U id="18" f="5" l="132" c="0" d="42" a="0"/>
<U id="19" f="5" l="123" c="0" d="42" a="0"/>
<U id="20" f="5" l="114" c="0" d="42" a="0"/>
<U id="21" f="5" l="105" c="0" d="42" a="0"/>
<U id="22" f="5" l="124" c="0" d="42" a="0"/>
<U id="23" f="5" l="115" c="0" d="42" a="0"/>
<U id="24" f="5" l="106" c="0" d="42" a="0"/>
<U id="25" f="5" l="125" c="0" d="42" a="0"/>
<U id="26" f="5" l="116" c="0" d="42" a="0"/>
<U id="27" f="3" l="140" c="3" d="25" a="0"/>
<U id="28" f="5" l="107" c="0" d="42" a="0"/>
<U id="29" f="5" l="126" c="0" d="42" a="0"/>
<U id="30" f="5" l="117" c="0" d="42" a="0"/>
<U id="31" f="5" l="108" c="0" d="42" a="0"/>
<U id="32" f="5" l="127" c="0" d="42" a="0"/>
<U id="33" f="5" l="118" c="0" d="42" a="0"/>
<U id="34" f="5" l="109" c="0" d="42" a="0"/>
<U id="35" f="6" l="245" c="0" d="42" a="0"/>
<U id="36" f="5" l="63" c="21" d="8" a="0"/>
<U id="37" f="5" l="128" c="0" d="42" a="0"/>
<U id="38" f="5" l="119" c="0" d="42" a="0"/>
<U id="39" f="1" l="84" c="39" d="20" a="0"/>
<U id="40" f="5" l="129" c="0" d="42" a="0"/>
<U id="41" f="5" l="58" c="20" d="8" a="0"/>
<U id="42" f="3" l="136" c="3" d="30" a="0"/>
<U id="43" f="6" l="295" c="0" d="42" a="0"/>
<U id="44" f="3" l="137" c="3" d="30" a="0"/>
<U id="45" f="6" l="304" c="6" d="21" a="0"/>
<U id="46" f="3" l="138" c="3" d="25" a="0"/>
<U id="47" f="6" l="326" c="4" d="23" a="0"/>
<U id="48" f="6" l="253" c="5" d="51" a="0"/>
<U id="49" f="6" l="330" c="8" d="36" a="1"/>
<U id="50" f="3" l="132" c="8" d="25" a="0"/>
<U id="51" f="3" l="139" c="3" d="25" a="0"/>
<U id="52" f="6" l="323" c="7" d="23" a="0"/>
<U id="53" f="6" l="88" c="49" d="37" a="0"/>
<U id="54" f="6" l="334" c="8" d="36" a="1"/>
<U id="55" f="6" l="87" c="25" d="37" a="0"/>
<U id="56" f="6" l="200" c="10" d="77" a="0"/>
<U id="57" f="6" l="201" c="10" d="81" a="0"/>
<U id="58" f="6" l="203" c="10" d="43" a="0"/>
<U id="59" f="6" l="204" c="10" d="58" a="0"/>
<U id="60" f="6" l="305" c="10" d="54" a="0"/>
<U id="61" f="6" l="180" c="10" d="34" a="0"/>
<U id="62" f="6" l="190" c="10" d="78" a="0"/>
<U id="63" f="6" l="181" c="10" d="39" a="0"/>
<U id="64" f="6" l="200" c="69" d="21" a="0"/>
<U id="65" f="6" l="191" c="10" d="38" a="0"/>
<U id="66" f="6" l="182" c="10" d="46" a="0"/>
<U id="67" f="6" l="201" c="69" d="21" a="0"/>
<U id="68" f="6" l="192" c="10" d="44" a="0"/>
<U id="69" f="6" l="183" c="10" d="53" a="0"/>
<U id="70" f="5" l="122" c="60" d="23" a="0"/>
<U id="71" f="5" l="130" c="61" d="23" a="0"/>
<U id="72" f="6" l="328" c="10" d="61" a="0"/>
<U id="73" f="7" l="761" c="11" d="79" a="0"/>
<U id="74" f="6" l="194" c="10" d="50" a="0"/>
<U id="75" f="5" l="123" c="60" d="23" a="0"/>
<U id="76" f="6" l="185" c="10" d="57" a="0"/>
<U id="77" f="6" l="176" c="10" d="63" a="0"/>
<U id="78" f="6" l="180" c="50" d="47" a="0"/>
<U id="79" f="6" l="203" c="70" d="21" a="0"/>
<U id="80" f="6" l="195" c="10" d="56" a="0"/>
<U id="81" f="6" l="337" c="11" d="36" a="0"/>
<U id="82" f="7" l="753" c="11" d="82" a="0"/>
<U id="83" f="5" l="124" c="60" d="23" a="0"/>
<U id="84" f="6" l="324" c="50" d="37" a="0"/>
<U id="85" f="6" l="186" c="10" d="62" a="0"/>
<U id="86" f="6" l="177" c="10" d="68" a="0"/>
<U id="87" f="6" l="190" c="50" d="47" a="0"/>
<U id="88" f="6" l="181" c="50" d="47" a="0"/>
<U id="89" f="6" l="245" c="31" d="37" a="0"/>
<U id="90" f="6" l="196" c="10" d="60" a="0"/>
<U id="91" f="5" l="125" c="60" d="23" a="0"/>
<U id="92" f="6" l="187" c="10" d="67" a="0"/>
<U id="93" f="6" l="200" c="91" d="9" a="0"/>
<U id="94" f="5" l="131" c="53" d="37" a="0"/>
<U id="95" f="6" l="178" c="10" d="71" a="0"/>
<U id="96" f="6" l="191" c="50" d="47" a="0"/>
<U id="97" f="6" l="295" c="29" d="37" a="0"/>
<U id="98" f="6" l="182" c="50" d="47" a="0"/>
<U id="99" f="6" l="304" c="52" d="93" a="0"/>
<U id="100" f="5" l="110" c="55" d="23" a="0"/>
<U id="101" f="6" l="197" c="10" d="66" a="0"/>
<U id="102" f="6" l="200" c="55" d="47" a="0"/>
<U id="103" f="6" l="204" c="89" d="9" a="0"/>
<U id="104" f="5" l="126" c="60" d="23" a="0"/>
<U id="105" f="6" l="188" c="10" d="70" a="0"/>
<U id="106" f="6" l="201" c="91" d="9" a="0"/>
<U id="107" f="7" l="792" c="11" d="91" a="0"/>
<U id="108" f="6" l="179" c="10" d="75" a="0"/>
<U id="109" f="6" l="192" c="50" d="47" a="0"/>
<U id="110" f="5" l="120" c="55" d="23" a="0"/>
<U id="111" f="6" l="183" c="50" d="47" a="0"/>
<U id="112" f="6" l="204" c="53" d="47" a="0"/>
<U id="113" f="5" l="111" c="55" d="23" a="0"/>
<U id="114" f="6" l="198" c="10" d="69" a="0"/>
<U id="115" f="6" l="201" c="55" d="47" a="0"/>
<U id="116" f="6" l="328" c="31" d="89" a="0"/>
<U id="117" f="5" l="127" c="60" d="23" a="0"/>
<U id="118" f="6" l="189" c="10" d="74" a="0"/>
<U id="119" f="5" l="121" c="55" d="23" a="0"/>
<U id="120" f="5" l="112" c="55" d="23" a="0"/>
<U id="121" f="6" l="199" c="10" d="72" a="0"/>
<U id="122" f="5" l="128" c="60" d="23" a="0"/>
<U id="123" f="7" l="785" c="11" d="88" a="0"/>
<U id="124" f="6" l="323" c="26" d="37" a="0"/>
<U id="125" f="6" l="185" c="50" d="47" a="0"/>
<U id="126" f="5" l="113" c="55" d="23" a="0"/>
<U id="127" f="6" l="176" c="50" d="47" a="0"/>
<U id="128" f="5" l="129" c="60" d="23" a="0"/>
<U id="129" f="7" l="777" c="11" d="92" a="0"/>
<U id="130" f="6" l="186" c="50" d="47" a="0"/>
<U id="131" f="6" l="194" c="69" d="21" a="0"/>
<U id="132" f="6" l="203" c="92" d="9" a="0"/>
<U id="133" f="5" l="114" c="55" d="23" a="0"/>
<U id="134" f="6" l="177" c="50" d="47" a="0"/>
<U id="135" f="6" l="253" c="26" d="21" a="0"/>
<U id="136" f="6" l="203" c="56" d="47" a="0"/>
<U id="137" f="6" l="187" c="50" d="47" a="0"/>
<U id="138" f="6" l="195" c="69" d="21" a="0"/>
<U id="139" f="7" l="769" c="11" d="90" a="0"/>
<U id="140" f="5" l="115" c="55" d="23" a="0"/>
<U id="141" f="6" l="178" c="50" d="47" a="0"/>
<U id="142" f="5" l="106" c="55" d="23" a="0"/>
<U id="143" f="6" l="304" c="28" d="9" a="0"/>
<U id="144" f="6" l="180" c="64" d="21" a="0"/>
<U id="145" f="6" l="188" c="50" d="47" a="0"/>
<U id="146" f="6" l="196" c="69" d="21" a="0"/>
<U id="147" f="5" l="116" c="55" d="23" a="0"/>
<U id="148" f="6" l="179" c="50" d="47" a="0"/>
<U id="149" f="5" l="107" c="55" d="23" a="0"/>
<U id="150" f="6" l="190" c="64" d="21" a="0"/>
<U id="151" f="6" l="181" c="64" d="21" a="0"/>
<U id="152" f="6" l="189" c="50" d="47" a="0"/>
<U id="153" f="6" l="197" c="69" d="21" a="0"/>
<U id="154" f="5" l="117" c="55" d="23" a="0"/>
<U id="155" f="5" l="108" c="55" d="23" a="0"/>
<U id="156" f="6" l="191" c="64" d="21" a="0"/>
<U id="157" f="6" l="182" c="64" d="21" a="0"/>
<U id="158" f="6" l="198" c="69" d="21" a="0"/>
<U id="159" f="5" l="118" c="55" d="23" a="0"/>
<U id="160" f="5" l="109" c="55" d="23" a="0"/>
<U id="161" f="5" l="132" c="67" d="11" a="0"/>
<U id="162" f="6" l="192" c="64" d="21" a="0"/>
<U id="163" f="6" l="183" c="64" d="21" a="0"/>
<U id="164" f="6" l="204" c="67" d="21" a="0"/>
<U id="165" f="6" l="199" c="69" d="21" a="0"/>
<U id="166" f="5" l="105" c="58" d="23" a="0"/>
<U id="167" f="5" l="119" c="55" d="23" a="0"/>
<U id="168" f="6" l="194" c="91" d="9" a="0"/>
<U id="169" f="6" l="253" c="48" d="9" a="0"/>
<U id="170" f="6" l="185" c="64" d="21" a="0"/>
<U id="171" f="6" l="194" c="55" d="47" a="0"/>
<U id="172" f="6" l="176" c="64" d="21" a="0"/>
<U id="173" f="6" l="195" c="91" d="9" a="0"/>
<U id="174" f="6" l="180" c="86" d="9" a="0"/>
<U id="175" f="6" l="186" c="64" d="21" a="0"/>
<U id="176" f="6" l="195" c="55" d="47" a="0"/>
<U id="177" f="6" l="177" c="64" d="21" a="0"/>
<U id="178" f="6" l="196" c="91" d="9" a="0"/>
<U id="179" f="6" l="190" c="86" d="9" a="0"/>
<U id="180" f="6" l="181" c="86" d="9" a="0"/>
<U id="181" f="6" l="187" c="64" d="21" a="0"/>
<U id="182" f="6" l="196" c="55" d="47" a="0"/>
<U id="183" f="6" l="178" c="64" d="21" a="0"/>
<U id="184" f="6" l="197" c="91" d="9" a="0"/>
<U id="185" f="6" l="191" c="86" d="9" a="0"/>
<U id="186" f="6" l="182" c="86" d="9" a="0"/>
<U id="187" f="6" l="188" c="64" d="21" a="0"/>
<U id="188" f="6" l="197" c="55" d="47" a="0"/>
<U id="189" f="6" l="179" c="64" d="21" a="0"/>
<U id="190" f="6" l="198" c="91" d="9" a="0"/>
<U id="191" f="6" l="192" c="86" d="9" a="0"/>
<U id="192" f="6" l="183" c="86" d="9" a="0"/>
<U id="193" f="6" l="189" c="64" d="21" a="0"/>
<U id="194" f="6" l="198" c="55" d="47" a="0"/>
<U id="195" f="6" l="199" c="91" d="9" a="0"/>
<U id="196" f="6" l="328" c="58" d="89" a="0"/>
<U id="197" f="6" l="199" c="55" d="47" a="0"/>
<U id="198" f="6" l="185" c="86" d="9" a="0"/>
<U id="199" f="6" l="176" c="86" d="9" a="0"/>
<U id="200" f="6" l="186" c="86" d="9" a="0"/>
<U id="201" f="6" l="177" c="86" d="9" a="0"/>
<U id="202" f="6" l="187" c="86" d="9" a="0"/>
<U id="203" f="6" l="178" c="86" d="9" a="0"/>
<U id="204" f="6" l="188" c="86" d="9" a="0"/>
<U id="205" f="6" l="179" c="86" d="9" a="0"/>
<U id="206" f="6" l="189" c="86" d="9" a="0"/>
</Uses>
<Blocks>
<B id="1" t="routine" f="6" l="166" c="5">
<BEGIN l="167" c="0"/>
<END l="212" c="0"/>
</B>
<B id="2" t="routine" f="6" l="245" c="15">
<BEGIN l="246" c="0"/>
<END l="260" c="0"/>
</B>
<B id="3" t="routine" f="6" l="295" c="15">
<BEGIN l="296" c="0"/>
<END l="313" c="0"/>
</B>
<B id="4" t="else" f="6" l="332" c="4">
<BEGIN l="333" c="4"/>
<END l="335" c="4"/>
</B>
<B id="5" t="if" f="6" l="328" c="4">
<BEGIN l="329" c="4"/>
<END l="331" c="4"/>
<ELSE d="4"/>
</B>
<B id="6" t="routine" f="6" l="323" c="13">
<BEGIN l="325" c="0"/>
<END l="338" c="0"/>
<SUB d="5"/>
</B>
<B id="7" t="ppcif" f="8" l="15" c="0">
<BEGIN l="15" c="27"/>
<END l="330" c="0"/>
</B>
<B id="8" t="ppcif" f="8" l="25" c="0">
<BEGIN l="25" c="19"/>
<END l="155" c="0"/>
</B>
<B id="9" t="ppcrmif" f="8" l="46" c="0">
<BEGIN l="46" c="93"/>
<END l="91" c="0"/>
</B>
<B id="10" t="ppcrmif" f="8" l="94" c="0">
<BEGIN l="94" c="91"/>
<END l="153" c="0"/>
</B>
<B id="11" t="ppcrmelse" f="8" l="155" c="0">
<BEGIN l="155" c="35"/>
<END l="328" c="0"/>
</B>
<B id="12" t="ppcif" f="9" l="11" c="0">
<BEGIN l="11" c="27"/>
<END l="36" c="0"/>
</B>
<B id="13" t="ppcrmif" f="9" l="14" c="0">
<BEGIN l="14" c="19"/>
<END l="29" c="0"/>
</B>
<B id="14" t="ppcelse" f="9" l="29" c="0">
<BEGIN l="29" c="5"/>
<END l="33" c="0"/>
</B>
<B id="15" t="ppcif" f="1" l="22" c="0">
<BEGIN l="22" c="17"/>
<END l="109" c="0"/>
</B>
<B id="16" t="ppcrmif" f="1" l="39" c="0">
<BEGIN l="39" c="66"/>
<END l="43" c="0"/>
</B>
<B id="17" t="ppcelse" f="1" l="43" c="0">
<BEGIN l="43" c="60"/>
<END l="47" c="0"/>
</B>
<B id="18" t="ppcrmif" f="1" l="52" c="0">
<BEGIN l="52" c="18"/>
<END l="58" c="0"/>
</B>
<B id="19" t="ppcrmif" f="1" l="62" c="0">
<BEGIN l="62" c="33"/>
<END l="80" c="0"/>
</B>
<B id="20" t="ppcelse" f="1" l="80" c="0">
<BEGIN l="80" c="31"/>
<END l="93" c="0"/>
</B>
<B id="21" t="ppcrmif" f="1" l="96" c="0">
<BEGIN l="96" c="14"/>
<END l="106" c="0"/>
</B>
<B id="22" t="ppcif" f="10" l="3" c="0">
<BEGIN l="3" c="29"/>
<END l="348" c="0"/>
</B>
<B id="23" t="ppcif" f="10" l="61" c="0">
<BEGIN l="63" c="27"/>
<END l="66" c="0"/>
</B>
<B id="24" t="ppcrmif" f="10" l="165" c="0">
<BEGIN l="165" c="17"/>
<END l="206" c="0"/>
</B>
<B id="25" t="ppcrmif" f="10" l="209" c="0">
<BEGIN l="209" c="37"/>
<END l="211" c="0"/>
</B>
<B id="26" t="ppcrmif" f="10" l="213" c="0">
<BEGIN l="213" c="44"/>
<END l="321" c="0"/>
</B>
<B id="27" t="ppcif" f="10" l="323" c="0">
<BEGIN l="323" c="18"/>
<END l="346" c="0"/>
</B>
<B id="28" t="ppcrmif" f="10" l="326" c="0">
<BEGIN l="326" c="18"/>
<END l="328" c="0"/>
</B>
<B id="29" t="ppcrmif" f="10" l="329" c="0">
<BEGIN l="329" c="63"/>
<END l="331" c="0"/>
</B>
<B id="30" t="ppcrmif" f="10" l="332" c="0">
<BEGIN l="332" c="64"/>
<END l="334" c="0"/>
</B>
<B id="31" t="ppcrmif" f="10" l="335" c="0">
<BEGIN l="335" c="16"/>
<END l="340" c="0"/>
</B>
<B id="32" t="ppcif" f="10" l="343" c="0">
<BEGIN l="343" c="57"/>
<END l="345" c="0"/>
</B>
<B id="33" t="type" f="5" l="48" c="7">
<BEGIN l="48" c="25"/>
<END l="53" c="0"/>
</B>
<B id="34" t="ppcif" f="5" l="24" c="0">
<BEGIN l="24" c="26"/>
<END l="352" c="0"/>
</B>
<B id="35" t="ppcrmif" f="5" l="27" c="0">
<BEGIN l="27" c="35"/>
<END l="29" c="0"/>
</B>
<B id="36" t="ppcrmif" f="5" l="33" c="0">
<BEGIN l="33" c="19"/>
<END l="36" c="0"/>
</B>
<B id="37" t="ppcrmif" f="5" l="336" c="0">
<BEGIN l="336" c="19"/>
<END l="338" c="0"/>
</B>
<B id="38" t="ppcif" f="5" l="341" c="0">
<BEGIN l="341" c="26"/>
<END l="349" c="0"/>
</B>
<B id="39" t="ppcif" f="5" l="342" c="0">
<BEGIN l="342" c="25"/>
<END l="346" c="0"/>
</B>
<B id="40" t="ppcrmif" f="5" l="343" c="0">
<BEGIN l="343" c="37"/>
<END l="345" c="0"/>
</B>
<B id="41" t="ppcrmelse" f="5" l="346" c="0">
<BEGIN l="346" c="7"/>
<END l="348" c="0"/>
</B>
<B id="42" t="ppcif" f="11" l="24" c="0">
<BEGIN l="24" c="31"/>
<END l="61" c="0"/>
</B>
<B id="43" t="ppcrmif" f="11" l="27" c="0">
<BEGIN l="27" c="19"/>
<END l="30" c="0"/>
</B>
<B id="44" t="ppcrmif" f="11" l="45" c="0">
<BEGIN l="45" c="19"/>
<END l="47" c="0"/>
</B>
<B id="45" t="ppcif" f="11" l="50" c="0">
<BEGIN l="50" c="26"/>
<END l="58" c="0"/>
</B>
<B id="46" t="ppcif" f="11" l="51" c="0">
<BEGIN l="51" c="25"/>
<END l="55" c="0"/>
</B>
<B id="47" t="ppcrmif" f="11" l="52" c="0">
<BEGIN l="52" c="37"/>
<END l="54" c="0"/>
</B>
<B id="48" t="ppcrmelse" f="11" l="55" c="0">
<BEGIN l="55" c="7"/>
<END l="57" c="0"/>
</B>
<B id="49" t="ppcif" f="4" l="24" c="0">
<BEGIN l="24" c="19"/>
<END l="71" c="0"/>
</B>
<B id="50" t="ppcif" f="4" l="38" c="0">
<BEGIN l="38" c="38"/>
<END l="52" c="0"/>
</B>
<B id="51" t="ppcif" f="4" l="60" c="0">
<BEGIN l="60" c="26"/>
<END l="68" c="0"/>
</B>
<B id="52" t="ppcif" f="4" l="61" c="0">
<BEGIN l="61" c="25"/>
<END l="65" c="0"/>
</B>
<B id="53" t="ppcrmif" f="4" l="62" c="0">
<BEGIN l="62" c="37"/>
<END l="64" c="0"/>
</B>
<B id="54" t="ppcrmelse" f="4" l="65" c="0">
<BEGIN l="65" c="7"/>
<END l="67" c="0"/>
</B>
<B id="55" t="ppcif" f="12" l="25" c="0">
<BEGIN l="25" c="14"/>
<END l="95" c="0"/>
</B>
<B id="56" t="ppcrmif" f="12" l="41" c="0">
<BEGIN l="41" c="33"/>
<END l="43" c="0"/>
</B>
<B id="57" t="ppcrmif" f="12" l="45" c="0">
<BEGIN l="45" c="46"/>
<END l="47" c="0"/>
</B>
<B id="58" t="ppcrmif" f="12" l="49" c="0">
<BEGIN l="49" c="28"/>
<END l="51" c="0"/>
</B>
<B id="59" t="ppcif" f="12" l="84" c="0">
<BEGIN l="84" c="26"/>
<END l="92" c="0"/>
</B>
<B id="60" t="ppcrmif" f="12" l="85" c="0">
<BEGIN l="85" c="25"/>
<END l="89" c="0"/>
</B>
<B id="61" t="ppcelse" f="12" l="89" c="0">
<BEGIN l="89" c="7"/>
<END l="91" c="0"/>
</B>
<B id="62" t="type" f="3" l="135" c="0">
<BEGIN l="135" c="0"/>
<END l="141" c="0"/>
</B>
<B id="63" t="ppcif" f="3" l="56" c="0">
<BEGIN l="56" c="19"/>
<END l="154" c="0"/>
</B>
<B id="64" t="ppcif" f="3" l="122" c="0">
<BEGIN l="122" c="26"/>
<END l="126" c="0"/>
</B>
<B id="65" t="ppcif" f="2" l="45" c="0">
<BEGIN l="45" c="24"/>
<END l="146" c="0"/>
</B>
<B id="66" t="ppcif" f="2" l="84" c="0">
<BEGIN l="84" c="13"/>
<END l="86" c="0"/>
</B>
<B id="67" t="ppcif" f="2" l="88" c="0">
<BEGIN l="88" c="14"/>
<END l="90" c="0"/>
</B>
<B id="68" t="ppcrmif" f="2" l="124" c="0">
<BEGIN l="124" c="26"/>
<END l="130" c="0"/>
</B>
<B id="69" t="ppcelse" f="2" l="130" c="0">
<BEGIN l="130" c="6"/>
<END l="133" c="0"/>
</B>
<B id="70" t="ppcif" f="13" l="47" c="0">
<BEGIN l="47" c="18"/>
<END l="219" c="0"/>
</B>
<B id="71" t="ppcif" f="13" l="95" c="0">
<BEGIN l="95" c="17"/>
<END l="97" c="0"/>
</B>
<B id="72" t="ppcif" f="14" l="19" c="0">
<BEGIN l="19" c="22"/>
<END l="23" c="0"/>
</B>
<B id="73" t="ppcif" f="15" l="24" c="0">
<BEGIN l="24" c="31"/>
<END l="39" c="0"/>
</B>
<B id="74" t="ppcif" f="15" l="28" c="0">
<BEGIN l="28" c="26"/>
<END l="36" c="0"/>
</B>
<B id="75" t="ppcif" f="15" l="29" c="0">
<BEGIN l="29" c="25"/>
<END l="33" c="0"/>
</B>
<B id="76" t="ppcrmif" f="15" l="30" c="0">
<BEGIN l="30" c="37"/>
<END l="32" c="0"/>
</B>
<B id="77" t="ppcrmelse" f="15" l="33" c="0">
<BEGIN l="33" c="7"/>
<END l="35" c="0"/>
</B>
<B id="78" t="ppcif" f="16" l="19" c="0">
<BEGIN l="19" c="16"/>
<END l="24" c="0"/>
</B>
<B id="79" t="ppcif" f="17" l="53" c="0">
<BEGIN l="53" c="33"/>
<END l="57" c="0"/>
</B>
<B id="80" t="ppcrmif" f="17" l="67" c="0">
<BEGIN l="67" c="46"/>
<END l="71" c="0"/>
</B>
<B id="81" t="ppcrmif" f="17" l="81" c="0">
<BEGIN l="81" c="51"/>
<END l="85" c="0"/>
</B>
<B id="82" t="ppcrmif" f="17" l="95" c="0">
<BEGIN l="95" c="49"/>
<END l="99" c="0"/>
</B>
<B id="83" t="ppcrmif" f="17" l="109" c="0">
<BEGIN l="109" c="54"/>
<END l="113" c="0"/>
</B>
<B id="84" t="ppcif" f="17" l="125" c="0">
<BEGIN l="125" c="32"/>
<END l="129" c="0"/>
</B>
<B id="85" t="ppcrmif" f="17" l="139" c="0">
<BEGIN l="139" c="45"/>
<END l="143" c="0"/>
</B>
<B id="86" t="ppcrmif" f="17" l="153" c="0">
<BEGIN l="153" c="50"/>
<END l="157" c="0"/>
</B>
<B id="87" t="ppcrmif" f="17" l="167" c="0">
<BEGIN l="167" c="48"/>
<END l="171" c="0"/>
</B>
<B id="88" t="ppcrmif" f="17" l="181" c="0">
<BEGIN l="181" c="53"/>
<END l="185" c="0"/>
</B>
<B id="89" t="ppcif" f="17" l="201" c="0">
<BEGIN l="201" c="25"/>
<END l="209" c="0"/>
</B>
<B id="90" t="ppcif" f="17" l="202" c="0">
<BEGIN l="202" c="24"/>
<END l="206" c="0"/>
</B>
<B id="91" t="ppcrmif" f="17" l="203" c="0">
<BEGIN l="203" c="36"/>
<END l="205" c="0"/>
</B>
<B id="92" t="ppcrmelse" f="17" l="206" c="0">
<BEGIN l="206" c="6"/>
<END l="208" c="0"/>
</B>
</Blocks>
</Navig>
