<?xml version="1.0" encoding="UTF-8"?>
<!--EDRS Version 1.0-->
<global>
   <file name="C:\\Component\\AR102A_NxtrTi_Impl\\include\\CDD_NxtrTi.h" comment="">
      <function name="GetRefTmr1MicroSec32bit_Oper" comment="" line="34" main_generator_called="disabled" attributes="extern">
         <pointer name="arg1" comment="" line="34" complete_type="uint32 *" init_mode="disabled" initialize_pointer="disabled" number_allocated="disabled" init_pointed="MULTI">
            <scalar comment="" line="34" base_type="uint32" complete_type="uint32" init_mode="PERMANENT" init_modes_allowed="4" init_range="min..max" global_assert="unsupported" assert_range="unsupported"/>
         </pointer>
      </function>
      <function name="GetTiSpan1MicroSec32bit_Oper" comment="" line="36" main_generator_called="disabled" attributes="extern">
         <scalar name="arg1" comment="" line="36" base_type="uint32" complete_type="uint32" init_mode="disabled" init_range="disabled" global_assert="unsupported" assert_range="unsupported"/>
         <pointer name="arg2" comment="" line="36" complete_type="uint32 *" init_mode="disabled" initialize_pointer="disabled" number_allocated="disabled" init_pointed="MULTI">
            <scalar comment="" line="36" base_type="uint32" complete_type="uint32" init_mode="PERMANENT" init_modes_allowed="4" init_range="min..max" global_assert="unsupported" assert_range="unsupported"/>
         </pointer>
      </function>
   </file>
   <file name="C:\\Component\\AR202A_MicroCtrlrSuprt_Impl\\include\\P1M\\NxtrMcuSuprtLib.h" comment="">
      <function name="WrProtdRegEcm_u32" comment="" line="1106" main_generator_called="MAIN_GENERATOR" attributes="static">
         <scalar name="arg1" comment="" line="1106" base_type="uint32" attributes="static" complete_type="uint32" init_mode="MAIN_GENERATOR" init_modes_allowed="10" init_range="min..max" global_assert="unsupported" assert_range="unsupported"/>
         <pointer name="arg2" comment="" line="1106" attributes="static" complete_type="volatile uint32 *" init_mode="MAIN_GENERATOR" init_modes_allowed="10" initialize_pointer="May-be NULL" number_allocated="max" init_pointed="unsupported">
            <scalar comment="" line="1106" base_type="uint32" attributes="volatile static" complete_type="uint32" init_mode="unsupported" init_range="unsupported" global_assert="unsupported" assert_range="unsupported"/>
         </pointer>
      </function>
   </file>
   <file name="C:\\Component\\AR202A_MicroCtrlrSuprt_Impl\\include\\P1M\\R7F701311\\csig_regs.h" comment="">
      <struct name="CSIG0" comment="" line="159" attributes="volatile extern">
         <struct name="BCTL0" comment="" line="159" attributes="volatile extern">
            <scalar name="UINT8" comment="" line="159" base_type="uint8" attributes="volatile extern" complete_type="uint8" init_mode="PERMANENT" init_modes_allowed="4" init_range="min..max" global_assert="disabled" assert_range="disabled"/>
         </struct>
      </struct>
   </file>
   <file name="C:\\Component\\AR202A_MicroCtrlrSuprt_Impl\\include\\P1M\\R7F701311\\dparity_regs.h" comment="">
      <struct name="APDP" comment="" line="251" attributes="volatile extern">
         <struct name="ERRSTC_CHBB0" comment="" line="251" attributes="volatile extern">
            <scalar name="UINT32" comment="" line="251" base_type="uint32" attributes="volatile extern" complete_type="uint32" init_mode="PERMANENT" init_modes_allowed="4" init_range="min..max" global_assert="disabled" assert_range="disabled"/>
         </struct>
         <struct name="ERRST_CHBB0" comment="" line="251" attributes="volatile extern const">
            <scalar name="UINT32" comment="" line="251" base_type="uint32" attributes="volatile extern const" complete_type="uint32" init_mode="PERMANENT" init_modes_allowed="4" init_range="min..max" global_assert="disabled" assert_range="disabled"/>
         </struct>
         <struct name="TMC_CHBB0" comment="" line="251" attributes="volatile extern">
            <scalar name="UINT32" comment="" line="251" base_type="uint32" attributes="volatile extern" complete_type="uint32" init_mode="PERMANENT" init_modes_allowed="4" init_range="min..max" global_assert="disabled" assert_range="disabled"/>
         </struct>
      </struct>
   </file>
   <file name="C:\\Component\\AR202A_MicroCtrlrSuprt_Impl\\include\\P1M\\R7F701311\\ecm_regs.h" comment="">
      <struct name="ECM" comment="" line="687" attributes="volatile extern">
         <struct name="EMK0" comment="" line="687" attributes="volatile extern">
            <scalar name="UINT32" comment="" line="687" base_type="uint32" attributes="volatile extern" complete_type="uint32" init_mode="PERMANENT" init_modes_allowed="4" init_range="min..max" global_assert="disabled" assert_range="disabled"/>
         </struct>
         <struct name="ESSTC0" comment="" line="687" attributes="volatile extern">
            <scalar name="UINT32" comment="" line="687" base_type="uint32" attributes="volatile extern" complete_type="uint32" init_mode="PERMANENT" init_modes_allowed="4" init_range="min..max" global_assert="disabled" assert_range="disabled"/>
         </struct>
         <struct name="PCMD1" comment="" line="687" attributes="volatile extern">
            <scalar name="UINT32" comment="" line="687" base_type="uint32" attributes="volatile extern" complete_type="uint32" init_mode="PERMANENT" init_modes_allowed="4" init_range="min..max" global_assert="disabled" assert_range="disabled"/>
         </struct>
         <struct name="PS" comment="" line="687" attributes="volatile extern const">
            <scalar name="UINT8" comment="" line="687" base_type="uint8" attributes="volatile extern const" complete_type="uint8" init_mode="PERMANENT" init_modes_allowed="4" init_range="min..max" global_assert="disabled" assert_range="disabled"/>
         </struct>
      </struct>
      <struct name="ECMM" comment="" line="685" attributes="volatile extern">
         <struct name="ESSTR0" comment="" line="685" attributes="volatile extern const">
            <scalar name="UINT32" comment="" line="685" base_type="uint32" attributes="volatile extern const" complete_type="uint32" init_mode="PERMANENT" init_modes_allowed="4" init_range="min..max" global_assert="disabled" assert_range="disabled"/>
         </struct>
      </struct>
   </file>
   <file name="C:\\Component\\AR202A_MicroCtrlrSuprt_Impl\\include\\P1M\\R7F701311\\seg_regs.h" comment="">
      <struct name="SEG" comment="" line="77" attributes="volatile extern">
         <struct name="CONT" comment="" line="77" attributes="volatile extern">
            <struct name="BIT" comment="" line="77" attributes="volatile extern">
               <scalar name="VCIE" comment="" line="77" base_type="uint1" attributes="volatile extern" complete_type="uint1" init_mode="PERMANENT" init_modes_allowed="4" init_range="min..max" global_assert="disabled" assert_range="disabled"/>
            </struct>
            <scalar name="UINT16" comment="" line="77" base_type="uint16" attributes="volatile extern" complete_type="uint16" init_mode="PERMANENT" init_modes_allowed="4" init_range="min..max" global_assert="disabled" assert_range="disabled"/>
         </struct>
         <struct name="FLAG" comment="" line="77" attributes="volatile extern">
            <struct name="BIT" comment="" line="77" attributes="volatile extern">
               <scalar name="VCIF" comment="" line="77" base_type="uint1" attributes="volatile extern" complete_type="uint1" init_mode="PERMANENT" init_modes_allowed="4" init_range="min..max" global_assert="disabled" assert_range="disabled"/>
            </struct>
         </struct>
      </struct>
   </file>
   <file name="C:\\Component\\CM101A_ExcpnHndlg_Impl\\include\\CDD_ExcpnHndlg.h" comment="">
      <function name="ChkForStrtUpTest_Oper" comment="" line="142" main_generator_called="disabled" attributes="extern">
         <pointer name="arg1" comment="" line="142" complete_type="uint8 *" init_mode="disabled" initialize_pointer="disabled" number_allocated="disabled" init_pointed="MULTI">
            <scalar comment="" line="142" base_type="uint8" complete_type="uint8" init_mode="PERMANENT" init_modes_allowed="4" init_range="min..max" global_assert="unsupported" assert_range="unsupported"/>
         </pointer>
      </function>
      <function name="SetMcuDiagcIdnData" comment="" line="112" main_generator_called="disabled" attributes="extern">
         <scalar name="arg1" comment="" line="112" base_type="uint32" complete_type="uint32" init_mode="disabled" init_range="disabled" global_assert="unsupported" assert_range="unsupported"/>
         <scalar name="arg2" comment="" line="112" base_type="uint32" complete_type="uint32" init_mode="disabled" init_range="disabled" global_assert="unsupported" assert_range="unsupported"/>
      </function>
   </file>
   <file name="C:\\Component\\CM108A_DataAndAdrPar_Impl\\src\\CDD_DataAndAdrPar.c" comment="">
      <function name="CDD_DataAndAdrPar_Init2" comment="" line="69" main_generator_called="MAIN_GENERATOR" attributes="unused"/>
   </file>
   <file name="C:\\Component\\CM108A_DataAndAdrPar_Impl\\src\\CDD_DataAndAdrParNonRte.c" comment="">
      <function name="ChkForEcmBit28" comment="" line="179" main_generator_called="MAIN_GENERATOR" attributes="static">
         <scalar name="return" comment="" line="179" base_type="uint8" attributes="static" complete_type="uint8" init_mode="disabled" init_range="disabled" global_assert="unsupported" assert_range="unsupported"/>
      </function>
      <function name="DataAndAdrParInit1" comment="" line="61" main_generator_called="MAIN_GENERATOR" attributes="unused"/>
      <function name="WrTestModCtrlReg" comment="" line="215" main_generator_called="MAIN_GENERATOR" attributes="static">
         <scalar name="arg1" comment="" line="215" base_type="uint32" attributes="static" complete_type="uint32" init_mode="MAIN_GENERATOR" init_modes_allowed="10" init_range="min..max" global_assert="unsupported" assert_range="unsupported"/>
         <pointer name="arg2" comment="" line="215" attributes="static" complete_type="uint32 *" init_mode="MAIN_GENERATOR" init_modes_allowed="10" initialize_pointer="May-be NULL" number_allocated="max" init_pointed="MAIN_GENERATOR">
            <scalar comment="" line="215" base_type="uint32" attributes="static" complete_type="uint32" init_mode="MAIN_GENERATOR" init_modes_allowed="10" init_range="min..max" global_assert="unsupported" assert_range="unsupported"/>
         </pointer>
      </function>
   </file>
</global>
