<?xml version="1.0" encoding="UTF-8"?>

<MISRA-C-Report version="1.3">


<CodeStruct Name="CalcLeWhlFrqAndFrqVld" File="C:\component\CF018A_GmRoadWhlInQlfr_Impl\src\GmRoadWhlInQlfr.c" Line="934" Column="12">

<Rule Name="21.1" Mode="required" Report="warning" Id="9">
<Loc File="C:\component\CF018A_GmRoadWhlInQlfr_Impl\src\GmRoadWhlInQlfr.c" Line="947" Column="78">
</Loc>
<Message>
Minimisation of run-time failures.
</Message>
</Rule>

<Rule Name="21.1" Mode="required" Report="warning" Id="10">
<Loc File="C:\component\CF018A_GmRoadWhlInQlfr_Impl\src\GmRoadWhlInQlfr.c" Line="948" Column="85">
</Loc>
<Message>
Minimisation of run-time failures.
</Message>
</Rule>

<Rule Name="21.1" Mode="required" Report="warning" Id="11">
<Loc File="C:\component\CF018A_GmRoadWhlInQlfr_Impl\src\GmRoadWhlInQlfr.c" Line="953" Column="66">
</Loc>
<Message>
Minimisation of run-time failures.
</Message>
</Rule>

<Rule Name="9.1" Mode="required" Report="warning" Id="12">
<Loc File="C:\component\CF018A_GmRoadWhlInQlfr_Impl\src\GmRoadWhlInQlfr.c" Line="955" Column="7">
</Loc>
<Message>
All automatic variables shall have been assigned a value before being used.
</Message>
</Rule>

<Rule Name="21.1" Mode="required" Report="warning" Id="13">
<Loc File="C:\component\CF018A_GmRoadWhlInQlfr_Impl\src\GmRoadWhlInQlfr.c" Line="967" Column="8">
</Loc>
<Message>
Minimisation of run-time failures.
</Message>
</Rule>

<Rule Name="21.1" Mode="required" Report="warning" Id="14">
<Loc File="C:\component\CF018A_GmRoadWhlInQlfr_Impl\src\GmRoadWhlInQlfr.c" Line="975" Column="8">
</Loc>
<Message>
Minimisation of run-time failures.
</Message>
</Rule>

<Rule Name="21.1" Mode="required" Report="warning" Id="15">
<Loc File="C:\component\CF018A_GmRoadWhlInQlfr_Impl\src\GmRoadWhlInQlfr.c" Line="977" Column="71">
</Loc>
<Message>
Minimisation of run-time failures.
</Message>
</Rule>

<Rule Name="21.1" Mode="required" Report="warning" Id="16">
<Loc File="C:\component\CF018A_GmRoadWhlInQlfr_Impl\src\GmRoadWhlInQlfr.c" Line="979" Column="8">
</Loc>
<Message>
Minimisation of run-time failures.
</Message>
</Rule>

<Rule Name="21.1" Mode="required" Report="warning" Id="17">
<Loc File="C:\component\CF018A_GmRoadWhlInQlfr_Impl\src\GmRoadWhlInQlfr.c" Line="994" Column="58">
</Loc>
<Message>
Minimisation of run-time failures.
</Message>
</Rule>

<Rule Name="21.1" Mode="required" Report="warning" Id="18">
<Loc File="C:\component\CF018A_GmRoadWhlInQlfr_Impl\src\GmRoadWhlInQlfr.c" Line="998" Column="33">
</Loc>
<Message>
Minimisation of run-time failures.
</Message>
</Rule>

<Rule Name="21.1" Mode="required" Report="warning" Id="19">
<Loc File="C:\component\CF018A_GmRoadWhlInQlfr_Impl\src\GmRoadWhlInQlfr.c" Line="1004" Column="12">
</Loc>
<Message>
Minimisation of run-time failures.
</Message>
</Rule>

<Rule Name="21.1" Mode="required" Report="warning" Id="20">
<Loc File="C:\component\CF018A_GmRoadWhlInQlfr_Impl\src\GmRoadWhlInQlfr.c" Line="1010" Column="8">
</Loc>
<Message>
Minimisation of run-time failures.
</Message>
</Rule>

<Rule Name="21.1" Mode="required" Report="warning" Id="21">
<Loc File="C:\component\CF018A_GmRoadWhlInQlfr_Impl\src\GmRoadWhlInQlfr.c" Line="1014" Column="34">
</Loc>
<Message>
Minimisation of run-time failures.
</Message>
</Rule>

<Rule Name="21.1" Mode="required" Report="warning" Id="22">
<Loc File="C:\component\CF018A_GmRoadWhlInQlfr_Impl\src\GmRoadWhlInQlfr.c" Line="1015" Column="29">
</Loc>
<Message>
Minimisation of run-time failures.
</Message>
</Rule>

</CodeStruct>

<CodeStruct Name="" File="C:\component\CF018A_GmRoadWhlInQlfr_Impl\src\GmRoadWhlInQlfr.c" Line="0" Column="0">

<Rule Name="5.1" Mode="required" Report="warning" Id="1">
<Loc File="C:\component\CF018A_GmRoadWhlInQlfr_Impl\src\GmRoadWhlInQlfr.c" Line="109" Column="42">
</Loc>
<Message>
Identifiers "WhlRotlStsTiStampResl_SecPerCnt_T_f32" (GmRoadWhlInQlfr.c line 99 column 42) and "WhlRotlStsTiStampResl_SecPerCnt_T_f32" (GmRoadWhlInQlfr.c line 109 column 42) have the same first 37 characters.
</Message>
</Rule>

<Rule Name="5.1" Mode="required" Report="warning" Id="2">
<Loc File="C:\component\CF018A_GmRoadWhlInQlfr_Impl\src\GmRoadWhlInQlfr.c" Line="112" Column="70">
</Loc>
<Message>
Identifiers "WhlPlsPerRev_CntPerRoadWhlRev_T_u08" (GmRoadWhlInQlfr.c line 102 column 70) and "WhlPlsPerRev_CntPerRoadWhlRev_T_u08" (GmRoadWhlInQlfr.c line 112 column 70) have the same first 35 characters.
</Message>
</Rule>

<Rule Name="19.1" Mode="advisory" Report="warning" Id="3">
<Loc File="C:\component\CF018A_GmRoadWhlInQlfr_Impl\src\GmRoadWhlInQlfr.c" Line="699" Column="0">
</Loc>
<Message>
#include statements in a file shall only be preceded by other preprocessor directives or comments.
</Message>
</Rule>

<Rule Name="19.1" Mode="advisory" Report="warning" Id="4">
<Loc File="C:\component\CF018A_GmRoadWhlInQlfr_Impl\src\GmRoadWhlInQlfr.c" Line="919" Column="0">
</Loc>
<Message>
#include statements in a file shall only be preceded by other preprocessor directives or comments.
</Message>
</Rule>

<Rule Name="5.1" Mode="required" Report="warning" Id="5">
<Loc File="C:\component\CF018A_GmRoadWhlInQlfr_Impl\src\GmRoadWhlInQlfr.c" Line="934" Column="42">
</Loc>
<Message>
Identifiers "WhlRotlStsTiStampResl_SecPerCnt_T_f32" (GmRoadWhlInQlfr.c line 934 column 42) and "WhlRotlStsTiStampResl_SecPerCnt_T_f32" (GmRoadWhlInQlfr.c line 99 column 42) have the same first 37 characters.
Identifiers "WhlRotlStsTiStampResl_SecPerCnt_T_f32" (GmRoadWhlInQlfr.c line 934 column 42) and "WhlRotlStsTiStampResl_SecPerCnt_T_f32" (GmRoadWhlInQlfr.c line 109 column 42) have the same first 37 characters.
</Message>
</Rule>

<Rule Name="5.1" Mode="required" Report="warning" Id="6">
<Loc File="C:\component\CF018A_GmRoadWhlInQlfr_Impl\src\GmRoadWhlInQlfr.c" Line="937" Column="70">
</Loc>
<Message>
Identifiers "WhlPlsPerRev_CntPerRoadWhlRev_T_u08" (GmRoadWhlInQlfr.c line 937 column 70) and "WhlPlsPerRev_CntPerRoadWhlRev_T_u08" (GmRoadWhlInQlfr.c line 112 column 70) have the same first 35 characters.
Identifiers "WhlPlsPerRev_CntPerRoadWhlRev_T_u08" (GmRoadWhlInQlfr.c line 937 column 70) and "WhlPlsPerRev_CntPerRoadWhlRev_T_u08" (GmRoadWhlInQlfr.c line 102 column 70) have the same first 35 characters.
</Message>
</Rule>

<Rule Name="5.1" Mode="required" Report="warning" Id="7">
<Loc File="C:\component\CF018A_GmRoadWhlInQlfr_Impl\src\GmRoadWhlInQlfr.c" Line="1033" Column="42">
</Loc>
<Message>
Identifiers "WhlRotlStsTiStampResl_SecPerCnt_T_f32" (GmRoadWhlInQlfr.c line 1033 column 42) and "WhlRotlStsTiStampResl_SecPerCnt_T_f32" (GmRoadWhlInQlfr.c line 99 column 42) have the same first 37 characters.
Identifiers "WhlRotlStsTiStampResl_SecPerCnt_T_f32" (GmRoadWhlInQlfr.c line 1033 column 42) and "WhlRotlStsTiStampResl_SecPerCnt_T_f32" (GmRoadWhlInQlfr.c line 109 column 42) have the same first 37 characters.
Identifiers "WhlRotlStsTiStampResl_SecPerCnt_T_f32" (GmRoadWhlInQlfr.c line 934 column 42) and "WhlRotlStsTiStampResl_SecPerCnt_T_f32" (GmRoadWhlInQlfr.c line 1033 column 42) have the same first 37 characters.
</Message>
</Rule>

<Rule Name="5.1" Mode="required" Report="warning" Id="8">
<Loc File="C:\component\CF018A_GmRoadWhlInQlfr_Impl\src\GmRoadWhlInQlfr.c" Line="1036" Column="70">
</Loc>
<Message>
Identifiers "WhlPlsPerRev_CntPerRoadWhlRev_T_u08" (GmRoadWhlInQlfr.c line 937 column 70) and "WhlPlsPerRev_CntPerRoadWhlRev_T_u08" (GmRoadWhlInQlfr.c line 1036 column 70) have the same first 35 characters.
Identifiers "WhlPlsPerRev_CntPerRoadWhlRev_T_u08" (GmRoadWhlInQlfr.c line 1036 column 70) and "WhlPlsPerRev_CntPerRoadWhlRev_T_u08" (GmRoadWhlInQlfr.c line 112 column 70) have the same first 35 characters.
Identifiers "WhlPlsPerRev_CntPerRoadWhlRev_T_u08" (GmRoadWhlInQlfr.c line 1036 column 70) and "WhlPlsPerRev_CntPerRoadWhlRev_T_u08" (GmRoadWhlInQlfr.c line 102 column 70) have the same first 35 characters.
</Message>
</Rule>

</CodeStruct>

<CodeStruct Name="GmRoadWhlInQlfrPer1" File="C:\component\CF018A_GmRoadWhlInQlfr_Impl\src\GmRoadWhlInQlfr.c" Line="784" Column="5">

<Rule Name="5.1" Mode="required" Report="warning" Id="23">
<Loc File="C:\component\CF018A_GmRoadWhlInQlfr_Impl\src\GmRoadWhlInQlfr.c" Line="794" Column="12">
</Loc>
<Message>
Identifiers "WhlPlsPerRev_CntPerRoadWhlRev_T_u08" (GmRoadWhlInQlfr.c line 112 column 70) and "WhlPlsPerRev_CntPerRoadWhlRev_T_u08" (GmRoadWhlInQlfr.c line 794 column 12) have the same first 35 characters.
Identifiers "WhlPlsPerRev_CntPerRoadWhlRev_T_u08" (GmRoadWhlInQlfr.c line 102 column 70) and "WhlPlsPerRev_CntPerRoadWhlRev_T_u08" (GmRoadWhlInQlfr.c line 794 column 12) have the same first 35 characters.
</Message>
</Rule>

<Rule Name="5.1" Mode="required" Report="warning" Id="24">
<Loc File="C:\component\CF018A_GmRoadWhlInQlfr_Impl\src\GmRoadWhlInQlfr.c" Line="798" Column="12">
</Loc>
<Message>
Identifiers "WhlRotlStsTiStampResl_SecPerCnt_T_f32" (GmRoadWhlInQlfr.c line 99 column 42) and "WhlRotlStsTiStampResl_SecPerCnt_T_f32" (GmRoadWhlInQlfr.c line 798 column 12) have the same first 37 characters.
Identifiers "WhlRotlStsTiStampResl_SecPerCnt_T_f32" (GmRoadWhlInQlfr.c line 109 column 42) and "WhlRotlStsTiStampResl_SecPerCnt_T_f32" (GmRoadWhlInQlfr.c line 798 column 12) have the same first 37 characters.
</Message>
</Rule>

<Rule Name="9.1" Mode="required" Report="warning" Id="25">
<Loc File="C:\component\CF018A_GmRoadWhlInQlfr_Impl\src\GmRoadWhlInQlfr.c" Line="826" Column="7">
</Loc>
<Message>
All automatic variables shall have been assigned a value before being used.
</Message>
</Rule>

<Rule Name="21.1" Mode="required" Report="warning" Id="26">
<Loc File="C:\component\CF018A_GmRoadWhlInQlfr_Impl\src\GmRoadWhlInQlfr.c" Line="830" Column="28">
</Loc>
<Message>
Minimisation of run-time failures.
</Message>
</Rule>

<Rule Name="21.1" Mode="required" Report="warning" Id="27">
<Loc File="C:\component\CF018A_GmRoadWhlInQlfr_Impl\src\GmRoadWhlInQlfr.c" Line="830" Column="54">
</Loc>
<Message>
Minimisation of run-time failures.
</Message>
</Rule>

<Rule Name="9.1" Mode="required" Report="warning" Id="28">
<Loc File="C:\component\CF018A_GmRoadWhlInQlfr_Impl\src\GmRoadWhlInQlfr.c" Line="835" Column="11">
</Loc>
<Message>
All automatic variables shall have been assigned a value before being used.
</Message>
</Rule>

<Rule Name="21.1" Mode="required" Report="warning" Id="29">
<Loc File="C:\component\CF018A_GmRoadWhlInQlfr_Impl\src\GmRoadWhlInQlfr.c" Line="835" Column="40">
</Loc>
<Message>
Minimisation of run-time failures.
</Message>
</Rule>

<Rule Name="21.1" Mode="required" Report="warning" Id="30">
<Loc File="C:\component\CF018A_GmRoadWhlInQlfr_Impl\src\GmRoadWhlInQlfr.c" Line="835" Column="66">
</Loc>
<Message>
Minimisation of run-time failures.
</Message>
</Rule>

<Rule Name="9.1" Mode="required" Report="warning" Id="31">
<Loc File="C:\component\CF018A_GmRoadWhlInQlfr_Impl\src\GmRoadWhlInQlfr.c" Line="838" Column="34">
</Loc>
<Message>
All automatic variables shall have been assigned a value before being used.
</Message>
</Rule>

<Rule Name="9.1" Mode="required" Report="warning" Id="32">
<Loc File="C:\component\CF018A_GmRoadWhlInQlfr_Impl\src\GmRoadWhlInQlfr.c" Line="838" Column="73">
</Loc>
<Message>
All automatic variables shall have been assigned a value before being used.
</Message>
</Rule>

<Rule Name="9.1" Mode="required" Report="warning" Id="33">
<Loc File="C:\component\CF018A_GmRoadWhlInQlfr_Impl\src\GmRoadWhlInQlfr.c" Line="839" Column="63">
</Loc>
<Message>
All automatic variables shall have been assigned a value before being used.
</Message>
</Rule>

<Rule Name="21.1" Mode="required" Report="warning" Id="34">
<Loc File="C:\component\CF018A_GmRoadWhlInQlfr_Impl\src\GmRoadWhlInQlfr.c" Line="845" Column="37">
</Loc>
<Message>
Minimisation of run-time failures.
</Message>
</Rule>

<Rule Name="21.1" Mode="required" Report="warning" Id="35">
<Loc File="C:\component\CF018A_GmRoadWhlInQlfr_Impl\src\GmRoadWhlInQlfr.c" Line="846" Column="32">
</Loc>
<Message>
Minimisation of run-time failures.
</Message>
</Rule>

<Rule Name="21.1" Mode="required" Report="warning" Id="36">
<Loc File="C:\component\CF018A_GmRoadWhlInQlfr_Impl\src\GmRoadWhlInQlfr.c" Line="853" Column="8">
</Loc>
<Message>
Minimisation of run-time failures.
</Message>
</Rule>

<Rule Name="9.1" Mode="required" Report="warning" Id="37">
<Loc File="C:\component\CF018A_GmRoadWhlInQlfr_Impl\src\GmRoadWhlInQlfr.c" Line="853" Column="66">
</Loc>
<Message>
All automatic variables shall have been assigned a value before being used.
</Message>
</Rule>

<Rule Name="21.1" Mode="required" Report="warning" Id="38">
<Loc File="C:\component\CF018A_GmRoadWhlInQlfr_Impl\src\GmRoadWhlInQlfr.c" Line="856" Column="4">
</Loc>
<Message>
Minimisation of run-time failures.
</Message>
</Rule>

<Rule Name="9.1" Mode="required" Report="warning" Id="39">
<Loc File="C:\component\CF018A_GmRoadWhlInQlfr_Impl\src\GmRoadWhlInQlfr.c" Line="858" Column="7">
</Loc>
<Message>
All automatic variables shall have been assigned a value before being used.
</Message>
</Rule>

<Rule Name="21.1" Mode="required" Report="warning" Id="40">
<Loc File="C:\component\CF018A_GmRoadWhlInQlfr_Impl\src\GmRoadWhlInQlfr.c" Line="862" Column="28">
</Loc>
<Message>
Minimisation of run-time failures.
</Message>
</Rule>

<Rule Name="9.1" Mode="required" Report="warning" Id="41">
<Loc File="C:\component\CF018A_GmRoadWhlInQlfr_Impl\src\GmRoadWhlInQlfr.c" Line="867" Column="11">
</Loc>
<Message>
All automatic variables shall have been assigned a value before being used.
</Message>
</Rule>

<Rule Name="21.1" Mode="required" Report="warning" Id="42">
<Loc File="C:\component\CF018A_GmRoadWhlInQlfr_Impl\src\GmRoadWhlInQlfr.c" Line="867" Column="40">
</Loc>
<Message>
Minimisation of run-time failures.
</Message>
</Rule>

<Rule Name="9.1" Mode="required" Report="warning" Id="43">
<Loc File="C:\component\CF018A_GmRoadWhlInQlfr_Impl\src\GmRoadWhlInQlfr.c" Line="870" Column="34">
</Loc>
<Message>
All automatic variables shall have been assigned a value before being used.
</Message>
</Rule>

<Rule Name="9.1" Mode="required" Report="warning" Id="44">
<Loc File="C:\component\CF018A_GmRoadWhlInQlfr_Impl\src\GmRoadWhlInQlfr.c" Line="870" Column="73">
</Loc>
<Message>
All automatic variables shall have been assigned a value before being used.
</Message>
</Rule>

<Rule Name="9.1" Mode="required" Report="warning" Id="45">
<Loc File="C:\component\CF018A_GmRoadWhlInQlfr_Impl\src\GmRoadWhlInQlfr.c" Line="871" Column="63">
</Loc>
<Message>
All automatic variables shall have been assigned a value before being used.
</Message>
</Rule>

<Rule Name="21.1" Mode="required" Report="warning" Id="46">
<Loc File="C:\component\CF018A_GmRoadWhlInQlfr_Impl\src\GmRoadWhlInQlfr.c" Line="877" Column="37">
</Loc>
<Message>
Minimisation of run-time failures.
</Message>
</Rule>

<Rule Name="21.1" Mode="required" Report="warning" Id="47">
<Loc File="C:\component\CF018A_GmRoadWhlInQlfr_Impl\src\GmRoadWhlInQlfr.c" Line="878" Column="32">
</Loc>
<Message>
Minimisation of run-time failures.
</Message>
</Rule>

<Rule Name="21.1" Mode="required" Report="warning" Id="48">
<Loc File="C:\component\CF018A_GmRoadWhlInQlfr_Impl\src\GmRoadWhlInQlfr.c" Line="885" Column="8">
</Loc>
<Message>
Minimisation of run-time failures.
</Message>
</Rule>

<Rule Name="9.1" Mode="required" Report="warning" Id="49">
<Loc File="C:\component\CF018A_GmRoadWhlInQlfr_Impl\src\GmRoadWhlInQlfr.c" Line="885" Column="66">
</Loc>
<Message>
All automatic variables shall have been assigned a value before being used.
</Message>
</Rule>

<Rule Name="21.1" Mode="required" Report="warning" Id="50">
<Loc File="C:\component\CF018A_GmRoadWhlInQlfr_Impl\src\GmRoadWhlInQlfr.c" Line="888" Column="4">
</Loc>
<Message>
Minimisation of run-time failures.
</Message>
</Rule>

<Rule Name="5.1" Mode="required" Report="warning" Id="51">
<Loc File="C:\component\CF018A_GmRoadWhlInQlfr_Impl\src\GmRoadWhlInQlfr.c" Line="934" Column="42">
</Loc>
<Message>
Identifiers "WhlRotlStsTiStampResl_SecPerCnt_T_f32" (GmRoadWhlInQlfr.c line 934 column 42) and "WhlRotlStsTiStampResl_SecPerCnt_T_f32" (GmRoadWhlInQlfr.c line 798 column 12) have the same first 37 characters.
</Message>
</Rule>

<Rule Name="5.1" Mode="required" Report="warning" Id="52">
<Loc File="C:\component\CF018A_GmRoadWhlInQlfr_Impl\src\GmRoadWhlInQlfr.c" Line="937" Column="70">
</Loc>
<Message>
Identifiers "WhlPlsPerRev_CntPerRoadWhlRev_T_u08" (GmRoadWhlInQlfr.c line 937 column 70) and "WhlPlsPerRev_CntPerRoadWhlRev_T_u08" (GmRoadWhlInQlfr.c line 794 column 12) have the same first 35 characters.
</Message>
</Rule>

<Rule Name="5.1" Mode="required" Report="warning" Id="53">
<Loc File="C:\component\CF018A_GmRoadWhlInQlfr_Impl\src\GmRoadWhlInQlfr.c" Line="1033" Column="42">
</Loc>
<Message>
Identifiers "WhlRotlStsTiStampResl_SecPerCnt_T_f32" (GmRoadWhlInQlfr.c line 1033 column 42) and "WhlRotlStsTiStampResl_SecPerCnt_T_f32" (GmRoadWhlInQlfr.c line 798 column 12) have the same first 37 characters.
</Message>
</Rule>

<Rule Name="5.1" Mode="required" Report="warning" Id="54">
<Loc File="C:\component\CF018A_GmRoadWhlInQlfr_Impl\src\GmRoadWhlInQlfr.c" Line="1036" Column="70">
</Loc>
<Message>
Identifiers "WhlPlsPerRev_CntPerRoadWhlRev_T_u08" (GmRoadWhlInQlfr.c line 1036 column 70) and "WhlPlsPerRev_CntPerRoadWhlRev_T_u08" (GmRoadWhlInQlfr.c line 794 column 12) have the same first 35 characters.
</Message>
</Rule>

</CodeStruct>

<CodeStruct Name="CalcRiWhlFrqAndFrqVld" File="C:\component\CF018A_GmRoadWhlInQlfr_Impl\src\GmRoadWhlInQlfr.c" Line="1033" Column="12">

<Rule Name="21.1" Mode="required" Report="warning" Id="55">
<Loc File="C:\component\CF018A_GmRoadWhlInQlfr_Impl\src\GmRoadWhlInQlfr.c" Line="1046" Column="78">
</Loc>
<Message>
Minimisation of run-time failures.
</Message>
</Rule>

<Rule Name="21.1" Mode="required" Report="warning" Id="56">
<Loc File="C:\component\CF018A_GmRoadWhlInQlfr_Impl\src\GmRoadWhlInQlfr.c" Line="1047" Column="85">
</Loc>
<Message>
Minimisation of run-time failures.
</Message>
</Rule>

<Rule Name="21.1" Mode="required" Report="warning" Id="57">
<Loc File="C:\component\CF018A_GmRoadWhlInQlfr_Impl\src\GmRoadWhlInQlfr.c" Line="1052" Column="66">
</Loc>
<Message>
Minimisation of run-time failures.
</Message>
</Rule>

<Rule Name="9.1" Mode="required" Report="warning" Id="58">
<Loc File="C:\component\CF018A_GmRoadWhlInQlfr_Impl\src\GmRoadWhlInQlfr.c" Line="1054" Column="7">
</Loc>
<Message>
All automatic variables shall have been assigned a value before being used.
</Message>
</Rule>

<Rule Name="21.1" Mode="required" Report="warning" Id="59">
<Loc File="C:\component\CF018A_GmRoadWhlInQlfr_Impl\src\GmRoadWhlInQlfr.c" Line="1066" Column="8">
</Loc>
<Message>
Minimisation of run-time failures.
</Message>
</Rule>

<Rule Name="21.1" Mode="required" Report="warning" Id="60">
<Loc File="C:\component\CF018A_GmRoadWhlInQlfr_Impl\src\GmRoadWhlInQlfr.c" Line="1074" Column="8">
</Loc>
<Message>
Minimisation of run-time failures.
</Message>
</Rule>

<Rule Name="21.1" Mode="required" Report="warning" Id="61">
<Loc File="C:\component\CF018A_GmRoadWhlInQlfr_Impl\src\GmRoadWhlInQlfr.c" Line="1076" Column="71">
</Loc>
<Message>
Minimisation of run-time failures.
</Message>
</Rule>

<Rule Name="21.1" Mode="required" Report="warning" Id="62">
<Loc File="C:\component\CF018A_GmRoadWhlInQlfr_Impl\src\GmRoadWhlInQlfr.c" Line="1079" Column="8">
</Loc>
<Message>
Minimisation of run-time failures.
</Message>
</Rule>

<Rule Name="21.1" Mode="required" Report="warning" Id="63">
<Loc File="C:\component\CF018A_GmRoadWhlInQlfr_Impl\src\GmRoadWhlInQlfr.c" Line="1094" Column="58">
</Loc>
<Message>
Minimisation of run-time failures.
</Message>
</Rule>

<Rule Name="21.1" Mode="required" Report="warning" Id="64">
<Loc File="C:\component\CF018A_GmRoadWhlInQlfr_Impl\src\GmRoadWhlInQlfr.c" Line="1098" Column="33">
</Loc>
<Message>
Minimisation of run-time failures.
</Message>
</Rule>

<Rule Name="21.1" Mode="required" Report="warning" Id="65">
<Loc File="C:\component\CF018A_GmRoadWhlInQlfr_Impl\src\GmRoadWhlInQlfr.c" Line="1104" Column="12">
</Loc>
<Message>
Minimisation of run-time failures.
</Message>
</Rule>

<Rule Name="21.1" Mode="required" Report="warning" Id="66">
<Loc File="C:\component\CF018A_GmRoadWhlInQlfr_Impl\src\GmRoadWhlInQlfr.c" Line="1110" Column="8">
</Loc>
<Message>
Minimisation of run-time failures.
</Message>
</Rule>

<Rule Name="21.1" Mode="required" Report="warning" Id="67">
<Loc File="C:\component\CF018A_GmRoadWhlInQlfr_Impl\src\GmRoadWhlInQlfr.c" Line="1114" Column="34">
</Loc>
<Message>
Minimisation of run-time failures.
</Message>
</Rule>

<Rule Name="21.1" Mode="required" Report="warning" Id="68">
<Loc File="C:\component\CF018A_GmRoadWhlInQlfr_Impl\src\GmRoadWhlInQlfr.c" Line="1115" Column="29">
</Loc>
<Message>
Minimisation of run-time failures.
</Message>
</Rule>

</CodeStruct>

<CodeStruct Name="GmRoadWhlInQlfrInit1" File="C:\component\CF018A_GmRoadWhlInQlfr_Impl\src\GmRoadWhlInQlfr.c" Line="721" Column="5">

<Rule Name="21.1" Mode="required" Report="warning" Id="69">
<Loc File="C:\component\CF018A_GmRoadWhlInQlfr_Impl\src\GmRoadWhlInQlfr.c" Line="729" Column="4">
</Loc>
<Message>
Minimisation of run-time failures.
</Message>
</Rule>

<Rule Name="21.1" Mode="required" Report="warning" Id="70">
<Loc File="C:\component\CF018A_GmRoadWhlInQlfr_Impl\src\GmRoadWhlInQlfr.c" Line="729" Column="30">
</Loc>
<Message>
Minimisation of run-time failures.
</Message>
</Rule>

<Rule Name="21.1" Mode="required" Report="warning" Id="71">
<Loc File="C:\component\CF018A_GmRoadWhlInQlfr_Impl\src\GmRoadWhlInQlfr.c" Line="730" Column="4">
</Loc>
<Message>
Minimisation of run-time failures.
</Message>
</Rule>

<Rule Name="21.1" Mode="required" Report="warning" Id="72">
<Loc File="C:\component\CF018A_GmRoadWhlInQlfr_Impl\src\GmRoadWhlInQlfr.c" Line="731" Column="4">
</Loc>
<Message>
Minimisation of run-time failures.
</Message>
</Rule>

<Rule Name="21.1" Mode="required" Report="warning" Id="73">
<Loc File="C:\component\CF018A_GmRoadWhlInQlfr_Impl\src\GmRoadWhlInQlfr.c" Line="732" Column="4">
</Loc>
<Message>
Minimisation of run-time failures.
</Message>
</Rule>

</CodeStruct>

</MISRA-C-Report>
