<?xml version="1.0" encoding="UTF-8"?>

<project name="Polyspace" files="3" includes="20" ap_cg_cycle="0" ap_cg_direct_cycle="0" pshv="0" unpshv="0">
<file name="C:\Component\AR300A_MotCtrlMgr_Impl\tools\contract\generate\CDD_MotCtrlMgr_Irq.c" total_lines="58" lines_without_cmt="17" comf="50" fco="2">
<function name="MotCtrlMgrIrq" path="2" goto="0" vg="2" calling="0" calls="2" param="0" stmt="4" level="1" return="0" vocf="1.9" flin="8" fxln="4" ncalls="2">
</function>
</file>
<file name="C:\Component\AR300A_MotCtrlMgr_Impl\tools\contract\generate\CDD_MotCtrlMgr_Data.c" total_lines="191" lines_without_cmt="146" comf="20" fco="1">
</file>
<file name="C:\Component\AR300A_MotCtrlMgr_Impl\tools\contract\generate\CDD_MotCtrlMgr.c" total_lines="117" lines_without_cmt="51" comf="8" fco="36">
<function name="MotCtrlMgrPer2" path="1" goto="0" vg="1" calling="0" calls="13" param="0" stmt="13" level="1" return="0" vocf="4.1" flin="14" fxln="13" ncalls="13">
</function>
<function name="MotCtrlMgrPer1" path="2" goto="0" vg="2" calling="0" calls="24" param="0" stmt="24" level="1" return="0" vocf="4.2" flin="26" fxln="24" ncalls="24">
</function>
</file>
</project>
