<?xml version="1.0" encoding="UTF-8"?>
<MISRA-C-Report-Summary>
<File Mode="advisory" Error="0" Warning="2" Total="2">
<Name>
C:\Component\CM690A_HwAg0Meas_Impl\src\HwAg0Meas.c</Name>
</File>
<File Mode="required" Error="0" Warning="23" Total="23">
<Name>
C:\Component\CM690A_HwAg0Meas_Impl\src\HwAg0Meas.c</Name>
</File>
<Rule Name="8.10" Count="12" Mode="required" Severity="warning">
<Message>
</Message>
</Rule>
<Rule Name="11.5" Count="5" Mode="required" Severity="warning">
<Message>
A cast shall not be performed that removes any const or volatile qualification</Message>
</Rule>
<Rule Name="12.3" Count="2" Mode="required" Severity="warning">
<Message>
The sizeof operator should not be used on expressions that contain side effects.</Message>
</Rule>
<Rule Name="16.10" Count="2" Mode="required" Severity="warning">
<Message>
If a function returns error information, then that error information should be tested.</Message>
</Rule>
<Rule Name="19.1" Count="2" Mode="advisory" Severity="warning">
<Message>
#include statements in a file shall only be preceded by other preprocessor directives or comments.</Message>
</Rule>
<Rule Name="8.1" Count="2" Mode="required" Severity="warning">
<Message>
Function '__SYNCM' has no complete visible prototype at call.</Message>
</Rule>
</MISRA-C-Report-Summary>
