<?xml version="1.0" encoding="UTF-8"?>
<MISRA-C-Report-Summary>
<File Mode="advisory" Error="0" Warning="4" Total="4">
<Name>
C:\Component\CM650A_HwTq0Meas_Impl\src\CDD_HwTq0Meas.c</Name>
</File>
<File Mode="required" Error="0" Warning="56" Total="56">
<Name>
C:\Component\CM650A_HwTq0Meas_Impl\src\CDD_HwTq0Meas.c</Name>
</File>
<Rule Name="21.1" Count="49" Mode="required" Severity="warning">
<Message>
Minimisation of run-time failures.</Message>
</Rule>
<Rule Name="9.1" Count="5" Mode="required" Severity="warning">
<Message>
All automatic variables shall have been assigned a value before being used.</Message>
</Rule>
<Rule Name="19.1" Count="4" Mode="advisory" Severity="warning">
<Message>
#include statements in a file shall only be preceded by other preprocessor directives or comments.</Message>
</Rule>
<Rule Name="16.10" Count="1" Mode="required" Severity="warning">
<Message>
If a function returns error information, then that error information should be tested.</Message>
</Rule>
<Rule Name="8.1" Count="1" Mode="required" Severity="warning">
<Message>
Function '__SYNCM' has no complete visible prototype at call.</Message>
</Rule>
</MISRA-C-Report-Summary>
