<?xml version="1.0" encoding="UTF-8"?>

<MISRA-C-Report version="1.3">


<CodeStruct Name="HwTq0MeasHwTq0ReadTrim_Oper" File="C:\Component\CM650A_HwTq0Meas_Impl\src\CDD_HwTq0Meas.c" Line="833" Column="5">

<Rule Name="21.1" Mode="required" Report="warning" Id="5">
<Loc File="C:\Component\CM650A_HwTq0Meas_Impl\src\CDD_HwTq0Meas.c" Line="840" Column="8">
</Loc>
<Message>
Minimisation of run-time failures.
</Message>
</Rule>

<Rule Name="21.1" Mode="required" Report="warning" Id="6">
<Loc File="C:\Component\CM650A_HwTq0Meas_Impl\src\CDD_HwTq0Meas.c" Line="840" Column="55">
</Loc>
<Message>
Minimisation of run-time failures.
</Message>
</Rule>

<Rule Name="21.1" Mode="required" Report="warning" Id="7">
<Loc File="C:\Component\CM650A_HwTq0Meas_Impl\src\CDD_HwTq0Meas.c" Line="840" Column="71">
</Loc>
<Message>
Minimisation of run-time failures.
</Message>
</Rule>

</CodeStruct>

<CodeStruct Name="" File="C:\Component\CM650A_HwTq0Meas_Impl\src\CDD_HwTq0Meas.c" Line="0" Column="0">

<Rule Name="19.1" Mode="advisory" Report="warning" Id="1">
<Loc File="C:\Component\CM650A_HwTq0Meas_Impl\src\CDD_HwTq0Meas.c" Line="718" Column="0">
</Loc>
<Message>
#include statements in a file shall only be preceded by other preprocessor directives or comments.
</Message>
</Rule>

<Rule Name="19.1" Mode="advisory" Report="warning" Id="2">
<Loc File="C:\Component\CM650A_HwTq0Meas_Impl\src\CDD_HwTq0Meas.c" Line="1379" Column="0">
</Loc>
<Message>
#include statements in a file shall only be preceded by other preprocessor directives or comments.
</Message>
</Rule>

<Rule Name="19.1" Mode="advisory" Report="warning" Id="3">
<Loc File="C:\Component\CM650A_HwTq0Meas_Impl\src\CDD_HwTq0Meas.c" Line="1387" Column="0">
</Loc>
<Message>
#include statements in a file shall only be preceded by other preprocessor directives or comments.
</Message>
</Rule>

<Rule Name="19.1" Mode="advisory" Report="warning" Id="4">
<Loc File="C:\Component\CM650A_HwTq0Meas_Impl\src\CDD_HwTq0Meas.c" Line="1488" Column="0">
</Loc>
<Message>
#include statements in a file shall only be preceded by other preprocessor directives or comments.
</Message>
</Rule>

</CodeStruct>

<CodeStruct Name="RackLimrEotSigRead" File="C:\Component\CM650A_HwTq0Meas_Impl\src\CDD_HwTq0Meas.c" Line="1397" Column="12">

<Rule Name="21.1" Mode="required" Report="warning" Id="8">
<Loc File="C:\Component\CM650A_HwTq0Meas_Impl\src\CDD_HwTq0Meas.c" Line="1420" Column="21">
</Loc>
<Message>
Minimisation of run-time failures.
</Message>
</Rule>

<Rule Name="21.1" Mode="required" Report="warning" Id="9">
<Loc File="C:\Component\CM650A_HwTq0Meas_Impl\src\CDD_HwTq0Meas.c" Line="1421" Column="25">
</Loc>
<Message>
Minimisation of run-time failures.
</Message>
</Rule>

<Rule Name="21.1" Mode="required" Report="warning" Id="10">
<Loc File="C:\Component\CM650A_HwTq0Meas_Impl\src\CDD_HwTq0Meas.c" Line="1422" Column="25">
</Loc>
<Message>
Minimisation of run-time failures.
</Message>
</Rule>

<Rule Name="21.1" Mode="required" Report="warning" Id="11">
<Loc File="C:\Component\CM650A_HwTq0Meas_Impl\src\CDD_HwTq0Meas.c" Line="1427" Column="24">
</Loc>
<Message>
Minimisation of run-time failures.
</Message>
</Rule>

<Rule Name="21.1" Mode="required" Report="warning" Id="12">
<Loc File="C:\Component\CM650A_HwTq0Meas_Impl\src\CDD_HwTq0Meas.c" Line="1427" Column="100">
</Loc>
<Message>
Minimisation of run-time failures.
</Message>
</Rule>

<Rule Name="21.1" Mode="required" Report="warning" Id="13">
<Loc File="C:\Component\CM650A_HwTq0Meas_Impl\src\CDD_HwTq0Meas.c" Line="1427" Column="169">
</Loc>
<Message>
Minimisation of run-time failures.
</Message>
</Rule>

<Rule Name="21.1" Mode="required" Report="warning" Id="14">
<Loc File="C:\Component\CM650A_HwTq0Meas_Impl\src\CDD_HwTq0Meas.c" Line="1430" Column="24">
</Loc>
<Message>
Minimisation of run-time failures.
</Message>
</Rule>

<Rule Name="21.1" Mode="required" Report="warning" Id="15">
<Loc File="C:\Component\CM650A_HwTq0Meas_Impl\src\CDD_HwTq0Meas.c" Line="1430" Column="188">
</Loc>
<Message>
Minimisation of run-time failures.
</Message>
</Rule>

<Rule Name="21.1" Mode="required" Report="warning" Id="16">
<Loc File="C:\Component\CM650A_HwTq0Meas_Impl\src\CDD_HwTq0Meas.c" Line="1433" Column="24">
</Loc>
<Message>
Minimisation of run-time failures.
</Message>
</Rule>

<Rule Name="21.1" Mode="required" Report="warning" Id="17">
<Loc File="C:\Component\CM650A_HwTq0Meas_Impl\src\CDD_HwTq0Meas.c" Line="1438" Column="87">
</Loc>
<Message>
Minimisation of run-time failures.
</Message>
</Rule>

<Rule Name="21.1" Mode="required" Report="warning" Id="18">
<Loc File="C:\Component\CM650A_HwTq0Meas_Impl\src\CDD_HwTq0Meas.c" Line="1439" Column="88">
</Loc>
<Message>
Minimisation of run-time failures.
</Message>
</Rule>

<Rule Name="21.1" Mode="required" Report="warning" Id="19">
<Loc File="C:\Component\CM650A_HwTq0Meas_Impl\src\CDD_HwTq0Meas.c" Line="1440" Column="80">
</Loc>
<Message>
Minimisation of run-time failures.
</Message>
</Rule>

<Rule Name="21.1" Mode="required" Report="warning" Id="20">
<Loc File="C:\Component\CM650A_HwTq0Meas_Impl\src\CDD_HwTq0Meas.c" Line="1450" Column="40">
</Loc>
<Message>
Minimisation of run-time failures.
</Message>
</Rule>

<Rule Name="21.1" Mode="required" Report="warning" Id="21">
<Loc File="C:\Component\CM650A_HwTq0Meas_Impl\src\CDD_HwTq0Meas.c" Line="1455" Column="40">
</Loc>
<Message>
Minimisation of run-time failures.
</Message>
</Rule>

<Rule Name="21.1" Mode="required" Report="warning" Id="22">
<Loc File="C:\Component\CM650A_HwTq0Meas_Impl\src\CDD_HwTq0Meas.c" Line="1456" Column="40">
</Loc>
<Message>
Minimisation of run-time failures.
</Message>
</Rule>

<Rule Name="21.1" Mode="required" Report="warning" Id="23">
<Loc File="C:\Component\CM650A_HwTq0Meas_Impl\src\CDD_HwTq0Meas.c" Line="1460" Column="40">
</Loc>
<Message>
Minimisation of run-time failures.
</Message>
</Rule>

<Rule Name="21.1" Mode="required" Report="warning" Id="24">
<Loc File="C:\Component\CM650A_HwTq0Meas_Impl\src\CDD_HwTq0Meas.c" Line="1461" Column="40">
</Loc>
<Message>
Minimisation of run-time failures.
</Message>
</Rule>

</CodeStruct>

<CodeStruct Name="HwTq0MeasInit1" File="C:\Component\CM650A_HwTq0Meas_Impl\src\CDD_HwTq0Meas.c" Line="950" Column="5">

<Rule Name="9.1" Mode="required" Report="warning" Id="25">
<Loc File="C:\Component\CM650A_HwTq0Meas_Impl\src\CDD_HwTq0Meas.c" Line="968" Column="76">
</Loc>
<Message>
All automatic variables shall have been assigned a value before being used.
</Message>
</Rule>

</CodeStruct>

<CodeStruct Name="HwTq0MeasHwTq0WrTrim_Oper" File="C:\Component\CM650A_HwTq0Meas_Impl\src\CDD_HwTq0Meas.c" Line="905" Column="5">

<Rule Name="21.1" Mode="required" Report="warning" Id="26">
<Loc File="C:\Component\CM650A_HwTq0Meas_Impl\src\CDD_HwTq0Meas.c" Line="914" Column="31">
</Loc>
<Message>
Minimisation of run-time failures.
</Message>
</Rule>

<Rule Name="21.1" Mode="required" Report="warning" Id="27">
<Loc File="C:\Component\CM650A_HwTq0Meas_Impl\src\CDD_HwTq0Meas.c" Line="914" Column="47">
</Loc>
<Message>
Minimisation of run-time failures.
</Message>
</Rule>

<Rule Name="21.1" Mode="required" Report="warning" Id="28">
<Loc File="C:\Component\CM650A_HwTq0Meas_Impl\src\CDD_HwTq0Meas.c" Line="915" Column="47">
</Loc>
<Message>
Minimisation of run-time failures.
</Message>
</Rule>

</CodeStruct>

<CodeStruct Name="HwTq0MeasHwTq0ClrTrim_Oper" File="C:\Component\CM650A_HwTq0Meas_Impl\src\CDD_HwTq0Meas.c" Line="795" Column="5">

<Rule Name="21.1" Mode="required" Report="warning" Id="29">
<Loc File="C:\Component\CM650A_HwTq0Meas_Impl\src\CDD_HwTq0Meas.c" Line="804" Column="31">
</Loc>
<Message>
Minimisation of run-time failures.
</Message>
</Rule>

<Rule Name="21.1" Mode="required" Report="warning" Id="30">
<Loc File="C:\Component\CM650A_HwTq0Meas_Impl\src\CDD_HwTq0Meas.c" Line="804" Column="47">
</Loc>
<Message>
Minimisation of run-time failures.
</Message>
</Rule>

<Rule Name="21.1" Mode="required" Report="warning" Id="31">
<Loc File="C:\Component\CM650A_HwTq0Meas_Impl\src\CDD_HwTq0Meas.c" Line="805" Column="47">
</Loc>
<Message>
Minimisation of run-time failures.
</Message>
</Rule>

</CodeStruct>

<CodeStruct Name="HwTq0MeasTrigStrt_Oper" File="C:\Component\CM650A_HwTq0Meas_Impl\src\CDD_HwTq0Meas.c" Line="1344" Column="5">

<Rule Name="8.1" Mode="required" Report="warning" Id="32">
<Loc File="C:\Component\CM650A_HwTq0Meas_Impl\src\CDD_HwTq0Meas.c" Line="1357" Column="1">
</Loc>
<Message>
Function '__SYNCM' has no complete visible prototype at call.
</Message>
</Rule>

<Rule Name="16.10" Mode="required" Report="warning" Id="33">
<Loc File="C:\Component\CM650A_HwTq0Meas_Impl\src\CDD_HwTq0Meas.c" Line="1357" Column="8">
</Loc>
<Message>
If a function returns error information, then that error information should be tested.
</Message>
</Rule>

<Rule Name="9.1" Mode="required" Report="warning" Id="34">
<Loc File="C:\Component\CM650A_HwTq0Meas_Impl\src\CDD_HwTq0Meas.c" Line="1365" Column="82">
</Loc>
<Message>
All automatic variables shall have been assigned a value before being used.
</Message>
</Rule>

</CodeStruct>

<CodeStruct Name="HwTq0MeasPer1" File="C:\Component\CM650A_HwTq0Meas_Impl\src\CDD_HwTq0Meas.c" Line="1066" Column="5">

<Rule Name="21.1" Mode="required" Report="warning" Id="35">
<Loc File="C:\Component\CM650A_HwTq0Meas_Impl\src\CDD_HwTq0Meas.c" Line="1145" Column="89">
</Loc>
<Message>
Minimisation of run-time failures.
</Message>
</Rule>

<Rule Name="21.1" Mode="required" Report="warning" Id="36">
<Loc File="C:\Component\CM650A_HwTq0Meas_Impl\src\CDD_HwTq0Meas.c" Line="1145" Column="118">
</Loc>
<Message>
Minimisation of run-time failures.
</Message>
</Rule>

<Rule Name="21.1" Mode="required" Report="warning" Id="37">
<Loc File="C:\Component\CM650A_HwTq0Meas_Impl\src\CDD_HwTq0Meas.c" Line="1160" Column="73">
</Loc>
<Message>
Minimisation of run-time failures.
</Message>
</Rule>

<Rule Name="21.1" Mode="required" Report="warning" Id="38">
<Loc File="C:\Component\CM650A_HwTq0Meas_Impl\src\CDD_HwTq0Meas.c" Line="1160" Column="101">
</Loc>
<Message>
Minimisation of run-time failures.
</Message>
</Rule>

<Rule Name="21.1" Mode="required" Report="warning" Id="39">
<Loc File="C:\Component\CM650A_HwTq0Meas_Impl\src\CDD_HwTq0Meas.c" Line="1172" Column="40">
</Loc>
<Message>
Minimisation of run-time failures.
</Message>
</Rule>

<Rule Name="21.1" Mode="required" Report="warning" Id="40">
<Loc File="C:\Component\CM650A_HwTq0Meas_Impl\src\CDD_HwTq0Meas.c" Line="1172" Column="67">
</Loc>
<Message>
Minimisation of run-time failures.
</Message>
</Rule>

<Rule Name="9.1" Mode="required" Report="warning" Id="41">
<Loc File="C:\Component\CM650A_HwTq0Meas_Impl\src\CDD_HwTq0Meas.c" Line="1189" Column="75">
</Loc>
<Message>
All automatic variables shall have been assigned a value before being used.
</Message>
</Rule>

<Rule Name="21.1" Mode="required" Report="warning" Id="42">
<Loc File="C:\Component\CM650A_HwTq0Meas_Impl\src\CDD_HwTq0Meas.c" Line="1190" Column="16">
</Loc>
<Message>
Minimisation of run-time failures.
</Message>
</Rule>

<Rule Name="21.1" Mode="required" Report="warning" Id="43">
<Loc File="C:\Component\CM650A_HwTq0Meas_Impl\src\CDD_HwTq0Meas.c" Line="1190" Column="40">
</Loc>
<Message>
Minimisation of run-time failures.
</Message>
</Rule>

<Rule Name="21.1" Mode="required" Report="warning" Id="44">
<Loc File="C:\Component\CM650A_HwTq0Meas_Impl\src\CDD_HwTq0Meas.c" Line="1194" Column="39">
</Loc>
<Message>
Minimisation of run-time failures.
</Message>
</Rule>

<Rule Name="21.1" Mode="required" Report="warning" Id="45">
<Loc File="C:\Component\CM650A_HwTq0Meas_Impl\src\CDD_HwTq0Meas.c" Line="1194" Column="63">
</Loc>
<Message>
Minimisation of run-time failures.
</Message>
</Rule>

<Rule Name="21.1" Mode="required" Report="warning" Id="46">
<Loc File="C:\Component\CM650A_HwTq0Meas_Impl\src\CDD_HwTq0Meas.c" Line="1197" Column="103">
</Loc>
<Message>
Minimisation of run-time failures.
</Message>
</Rule>

<Rule Name="21.1" Mode="required" Report="warning" Id="47">
<Loc File="C:\Component\CM650A_HwTq0Meas_Impl\src\CDD_HwTq0Meas.c" Line="1209" Column="72">
</Loc>
<Message>
Minimisation of run-time failures.
</Message>
</Rule>

<Rule Name="9.1" Mode="required" Report="warning" Id="48">
<Loc File="C:\Component\CM650A_HwTq0Meas_Impl\src\CDD_HwTq0Meas.c" Line="1230" Column="13">
</Loc>
<Message>
All automatic variables shall have been assigned a value before being used.
</Message>
</Rule>

<Rule Name="9.1" Mode="required" Report="warning" Id="49">
<Loc File="C:\Component\CM650A_HwTq0Meas_Impl\src\CDD_HwTq0Meas.c" Line="1230" Column="58">
</Loc>
<Message>
All automatic variables shall have been assigned a value before being used.
</Message>
</Rule>

<Rule Name="21.1" Mode="required" Report="warning" Id="50">
<Loc File="C:\Component\CM650A_HwTq0Meas_Impl\src\CDD_HwTq0Meas.c" Line="1243" Column="12">
</Loc>
<Message>
Minimisation of run-time failures.
</Message>
</Rule>

<Rule Name="21.1" Mode="required" Report="warning" Id="51">
<Loc File="C:\Component\CM650A_HwTq0Meas_Impl\src\CDD_HwTq0Meas.c" Line="1264" Column="59">
</Loc>
<Message>
Minimisation of run-time failures.
</Message>
</Rule>

</CodeStruct>

<CodeStruct Name="HwTq0MeasHwTq0TrimPrfmdSts_Oper" File="C:\Component\CM650A_HwTq0Meas_Impl\src\CDD_HwTq0Meas.c" Line="864" Column="5">

<Rule Name="21.1" Mode="required" Report="warning" Id="52">
<Loc File="C:\Component\CM650A_HwTq0Meas_Impl\src\CDD_HwTq0Meas.c" Line="871" Column="8">
</Loc>
<Message>
Minimisation of run-time failures.
</Message>
</Rule>

<Rule Name="21.1" Mode="required" Report="warning" Id="53">
<Loc File="C:\Component\CM650A_HwTq0Meas_Impl\src\CDD_HwTq0Meas.c" Line="871" Column="63">
</Loc>
<Message>
Minimisation of run-time failures.
</Message>
</Rule>

<Rule Name="21.1" Mode="required" Report="warning" Id="54">
<Loc File="C:\Component\CM650A_HwTq0Meas_Impl\src\CDD_HwTq0Meas.c" Line="871" Column="79">
</Loc>
<Message>
Minimisation of run-time failures.
</Message>
</Rule>

</CodeStruct>

<CodeStruct Name="HwTq0MeasHwTq0AutTrim_Oper" File="C:\Component\CM650A_HwTq0Meas_Impl\src\CDD_HwTq0Meas.c" Line="747" Column="5">

<Rule Name="21.1" Mode="required" Report="warning" Id="55">
<Loc File="C:\Component\CM650A_HwTq0Meas_Impl\src\CDD_HwTq0Meas.c" Line="756" Column="31">
</Loc>
<Message>
Minimisation of run-time failures.
</Message>
</Rule>

<Rule Name="21.1" Mode="required" Report="warning" Id="56">
<Loc File="C:\Component\CM650A_HwTq0Meas_Impl\src\CDD_HwTq0Meas.c" Line="756" Column="47">
</Loc>
<Message>
Minimisation of run-time failures.
</Message>
</Rule>

<Rule Name="21.1" Mode="required" Report="warning" Id="57">
<Loc File="C:\Component\CM650A_HwTq0Meas_Impl\src\CDD_HwTq0Meas.c" Line="756" Column="60">
</Loc>
<Message>
Minimisation of run-time failures.
</Message>
</Rule>

<Rule Name="21.1" Mode="required" Report="warning" Id="58">
<Loc File="C:\Component\CM650A_HwTq0Meas_Impl\src\CDD_HwTq0Meas.c" Line="757" Column="47">
</Loc>
<Message>
Minimisation of run-time failures.
</Message>
</Rule>

</CodeStruct>

<CodeStruct Name="HwTq0MeasPer2" File="C:\Component\CM650A_HwTq0Meas_Impl\src\CDD_HwTq0Meas.c" Line="1294" Column="5">

<Rule Name="21.1" Mode="required" Report="warning" Id="59">
<Loc File="C:\Component\CM650A_HwTq0Meas_Impl\src\CDD_HwTq0Meas.c" Line="1301" Column="35">
</Loc>
<Message>
Minimisation of run-time failures.
</Message>
</Rule>

<Rule Name="21.1" Mode="required" Report="warning" Id="60">
<Loc File="C:\Component\CM650A_HwTq0Meas_Impl\src\CDD_HwTq0Meas.c" Line="1301" Column="51">
</Loc>
<Message>
Minimisation of run-time failures.
</Message>
</Rule>

</CodeStruct>

</MISRA-C-Report>
