<?xml version="1.0" encoding="UTF-8"?>
<MISRA-C-Report-Summary>
<File Mode="advisory" Error="0" Warning="1" Total="1">
<Name>
C:\Component\SF016A_VehSpdLimr_Impl\src\VehSpdLimr.c</Name>
</File>
<File Mode="required" Error="0" Warning="8" Total="8">
<Name>
C:\Component\SF016A_VehSpdLimr_Impl\src\VehSpdLimr.c</Name>
</File>
<Rule Name="11.5" Count="5" Mode="required" Severity="warning">
<Message>
A cast shall not be performed that removes any const or volatile qualification</Message>
</Rule>
<Rule Name="12.3" Count="2" Mode="required" Severity="warning">
<Message>
The sizeof operator should not be used on expressions that contain side effects.</Message>
</Rule>
<Rule Name="19.1" Count="1" Mode="advisory" Severity="warning">
<Message>
#include statements in a file shall only be preceded by other preprocessor directives or comments.</Message>
</Rule>
<Rule Name="8.10" Count="1" Mode="required" Severity="warning">
<Message>
Function 'VehSpdLimrPer1' should have internal linkage.</Message>
</Rule>
</MISRA-C-Report-Summary>
