<?xml version="1.0" encoding="UTF-8"?>

<MISRA-C-Report version="1.3">


<CodeStruct Name="" File="C:\Component\CM800A_SyncCrc_Impl\src\CDD_SyncCrc.c" Line="0" Column="0">

<Rule Name="19.1" Mode="advisory" Report="warning" Id="2">
<Loc File="C:\Component\CM800A_SyncCrc_Impl\src\CDD_SyncCrc.c" Line="172" Column="0">
</Loc>
<Message>
#include statements in a file shall only be preceded by other preprocessor directives or comments.
</Message>
</Rule>

<Rule Name="19.1" Mode="advisory" Report="warning" Id="3">
<Loc File="C:\Component\CM800A_SyncCrc_Impl\src\CDD_SyncCrc.c" Line="1266" Column="0">
</Loc>
<Message>
#include statements in a file shall only be preceded by other preprocessor directives or comments.
</Message>
</Rule>

</CodeStruct>

<CodeStruct Name="" File="C:\Component\CM800A_SyncCrc_Impl\src\CDD_SyncCrcNonRte.c" Line="0" Column="0">

<Rule Name="19.1" Mode="advisory" Report="warning" Id="1">
<Loc File="C:\Component\CM800A_SyncCrc_Impl\src\CDD_SyncCrcNonRte.c" Line="200" Column="0">
</Loc>
<Message>
#include statements in a file shall only be preceded by other preprocessor directives or comments.
</Message>
</Rule>

</CodeStruct>

<CodeStruct Name="RelsCrcHwUnit" File="C:\Component\CM800A_SyncCrc_Impl\src\CDD_SyncCrc.c" Line="1284" Column="12">

<Rule Name="21.1" Mode="required" Report="warning" Id="9">
<Loc File="C:\Component\CM800A_SyncCrc_Impl\src\CDD_SyncCrc.c" Line="1288" Column="5">
</Loc>
<Message>
Minimisation of run-time failures.
</Message>
</Rule>

<Rule Name="21.1" Mode="required" Report="warning" Id="10">
<Loc File="C:\Component\CM800A_SyncCrc_Impl\src\CDD_SyncCrc.c" Line="1288" Column="26">
</Loc>
<Message>
Minimisation of run-time failures.
</Message>
</Rule>

<Rule Name="21.1" Mode="required" Report="warning" Id="11">
<Loc File="C:\Component\CM800A_SyncCrc_Impl\src\CDD_SyncCrc.c" Line="1288" Column="41">
</Loc>
<Message>
Minimisation of run-time failures.
</Message>
</Rule>

<Rule Name="21.1" Mode="required" Report="warning" Id="12">
<Loc File="C:\Component\CM800A_SyncCrc_Impl\src\CDD_SyncCrc.c" Line="1289" Column="5">
</Loc>
<Message>
Minimisation of run-time failures.
</Message>
</Rule>

</CodeStruct>

<CodeStruct Name="Calc16BitCrc_u08_Oper" File="C:\Component\CM800A_SyncCrc_Impl\src\CDD_SyncCrc.c" Line="206" Column="15">

<Rule Name="9.1" Mode="required" Report="warning" Id="4">
<Loc File="C:\Component\CM800A_SyncCrc_Impl\src\CDD_SyncCrc.c" Line="242" Column="12">
</Loc>
<Message>
All automatic variables shall have been assigned a value before being used.
</Message>
</Rule>

<Rule Name="21.1" Mode="required" Report="warning" Id="5">
<Loc File="C:\Component\CM800A_SyncCrc_Impl\src\CDD_SyncCrc.c" Line="242" Column="33">
</Loc>
<Message>
Minimisation of run-time failures.
</Message>
</Rule>

<Rule Name="21.1" Mode="required" Report="warning" Id="6">
<Loc File="C:\Component\CM800A_SyncCrc_Impl\src\CDD_SyncCrc.c" Line="242" Column="54">
</Loc>
<Message>
Minimisation of run-time failures.
</Message>
</Rule>

<Rule Name="21.1" Mode="required" Report="warning" Id="7">
<Loc File="C:\Component\CM800A_SyncCrc_Impl\src\CDD_SyncCrc.c" Line="242" Column="69">
</Loc>
<Message>
Minimisation of run-time failures.
</Message>
</Rule>

<Rule Name="21.1" Mode="required" Report="warning" Id="8">
<Loc File="C:\Component\CM800A_SyncCrc_Impl\src\CDD_SyncCrc.c" Line="269" Column="54">
</Loc>
<Message>
Minimisation of run-time failures.
</Message>
</Rule>

</CodeStruct>

<CodeStruct Name="GetAvlCrcHwUnit" File="C:\Component\CM800A_SyncCrc_Impl\src\CDD_SyncCrc.c" Line="1332" Column="12">

<Rule Name="21.1" Mode="required" Report="warning" Id="20">
<Loc File="C:\Component\CM800A_SyncCrc_Impl\src\CDD_SyncCrc.c" Line="1345" Column="21">
</Loc>
<Message>
Minimisation of run-time failures.
</Message>
</Rule>

<Rule Name="21.1" Mode="required" Report="warning" Id="21">
<Loc File="C:\Component\CM800A_SyncCrc_Impl\src\CDD_SyncCrc.c" Line="1345" Column="42">
</Loc>
<Message>
Minimisation of run-time failures.
</Message>
</Rule>

<Rule Name="21.1" Mode="required" Report="warning" Id="22">
<Loc File="C:\Component\CM800A_SyncCrc_Impl\src\CDD_SyncCrc.c" Line="1345" Column="57">
</Loc>
<Message>
Minimisation of run-time failures.
</Message>
</Rule>

<Rule Name="21.1" Mode="required" Report="warning" Id="23">
<Loc File="C:\Component\CM800A_SyncCrc_Impl\src\CDD_SyncCrc.c" Line="1349" Column="17">
</Loc>
<Message>
Minimisation of run-time failures.
</Message>
</Rule>

<Rule Name="21.1" Mode="required" Report="warning" Id="24">
<Loc File="C:\Component\CM800A_SyncCrc_Impl\src\CDD_SyncCrc.c" Line="1350" Column="17">
</Loc>
<Message>
Minimisation of run-time failures.
</Message>
</Rule>

<Rule Name="21.1" Mode="required" Report="warning" Id="25">
<Loc File="C:\Component\CM800A_SyncCrc_Impl\src\CDD_SyncCrc.c" Line="1354" Column="17">
</Loc>
<Message>
Minimisation of run-time failures.
</Message>
</Rule>

<Rule Name="21.1" Mode="required" Report="warning" Id="26">
<Loc File="C:\Component\CM800A_SyncCrc_Impl\src\CDD_SyncCrc.c" Line="1355" Column="17">
</Loc>
<Message>
Minimisation of run-time failures.
</Message>
</Rule>

</CodeStruct>

<CodeStruct Name="Calc32BitCrc_u32_Oper" File="C:\Component\CM800A_SyncCrc_Impl\src\CDD_SyncCrc.c" Line="729" Column="15">

<Rule Name="9.1" Mode="required" Report="warning" Id="13">
<Loc File="C:\Component\CM800A_SyncCrc_Impl\src\CDD_SyncCrc.c" Line="765" Column="12">
</Loc>
<Message>
All automatic variables shall have been assigned a value before being used.
</Message>
</Rule>

<Rule Name="21.1" Mode="required" Report="warning" Id="14">
<Loc File="C:\Component\CM800A_SyncCrc_Impl\src\CDD_SyncCrc.c" Line="765" Column="33">
</Loc>
<Message>
Minimisation of run-time failures.
</Message>
</Rule>

<Rule Name="21.1" Mode="required" Report="warning" Id="15">
<Loc File="C:\Component\CM800A_SyncCrc_Impl\src\CDD_SyncCrc.c" Line="765" Column="54">
</Loc>
<Message>
Minimisation of run-time failures.
</Message>
</Rule>

<Rule Name="21.1" Mode="required" Report="warning" Id="16">
<Loc File="C:\Component\CM800A_SyncCrc_Impl\src\CDD_SyncCrc.c" Line="765" Column="69">
</Loc>
<Message>
Minimisation of run-time failures.
</Message>
</Rule>

<Rule Name="21.1" Mode="required" Report="warning" Id="17">
<Loc File="C:\Component\CM800A_SyncCrc_Impl\src\CDD_SyncCrc.c" Line="792" Column="54">
</Loc>
<Message>
Minimisation of run-time failures.
</Message>
</Rule>

<Rule Name="21.1" Mode="required" Report="warning" Id="18">
<Loc File="C:\Component\CM800A_SyncCrc_Impl\src\CDD_SyncCrc.c" Line="796" Column="8">
</Loc>
<Message>
Minimisation of run-time failures.
</Message>
</Rule>

<Rule Name="21.1" Mode="required" Report="warning" Id="19">
<Loc File="C:\Component\CM800A_SyncCrc_Impl\src\CDD_SyncCrc.c" Line="812" Column="8">
</Loc>
<Message>
Minimisation of run-time failures.
</Message>
</Rule>

</CodeStruct>

<CodeStruct Name="Calc8BitCrc_Oper" File="C:\Component\CM800A_SyncCrc_Impl\src\CDD_SyncCrc.c" Line="991" Column="15">

<Rule Name="9.1" Mode="required" Report="warning" Id="29">
<Loc File="C:\Component\CM800A_SyncCrc_Impl\src\CDD_SyncCrc.c" Line="1027" Column="12">
</Loc>
<Message>
All automatic variables shall have been assigned a value before being used.
</Message>
</Rule>

<Rule Name="21.1" Mode="required" Report="warning" Id="30">
<Loc File="C:\Component\CM800A_SyncCrc_Impl\src\CDD_SyncCrc.c" Line="1027" Column="33">
</Loc>
<Message>
Minimisation of run-time failures.
</Message>
</Rule>

<Rule Name="21.1" Mode="required" Report="warning" Id="31">
<Loc File="C:\Component\CM800A_SyncCrc_Impl\src\CDD_SyncCrc.c" Line="1027" Column="54">
</Loc>
<Message>
Minimisation of run-time failures.
</Message>
</Rule>

<Rule Name="21.1" Mode="required" Report="warning" Id="32">
<Loc File="C:\Component\CM800A_SyncCrc_Impl\src\CDD_SyncCrc.c" Line="1027" Column="69">
</Loc>
<Message>
Minimisation of run-time failures.
</Message>
</Rule>

<Rule Name="21.1" Mode="required" Report="warning" Id="33">
<Loc File="C:\Component\CM800A_SyncCrc_Impl\src\CDD_SyncCrc.c" Line="1054" Column="54">
</Loc>
<Message>
Minimisation of run-time failures.
</Message>
</Rule>

</CodeStruct>

<CodeStruct Name="Crc_CalculateCRC16" File="C:\Component\CM800A_SyncCrc_Impl\src\CDD_SyncCrcNonRte.c" Line="158" Column="7">

<Rule Name="11.5" Mode="required" Report="warning" Id="28">
<Loc File="C:\Component\CM800A_SyncCrc_Impl\src\CDD_SyncCrcNonRte.c" Line="163" Column="33">
</Loc>
<Message>
A cast shall not be performed that removes any const or volatile qualification
from the type addressed by a pointer.
</Message>
</Rule>

</CodeStruct>

<CodeStruct Name="Crc_CalculateCRC8H2F" File="C:\Component\CM800A_SyncCrc_Impl\src\CDD_SyncCrcNonRte.c" Line="129" Column="6">

<Rule Name="11.5" Mode="required" Report="warning" Id="27">
<Loc File="C:\Component\CM800A_SyncCrc_Impl\src\CDD_SyncCrcNonRte.c" Line="134" Column="32">
</Loc>
<Message>
A cast shall not be performed that removes any const or volatile qualification
from the type addressed by a pointer.
</Message>
</Rule>

</CodeStruct>

<CodeStruct Name="Calc32BitCrc_u08_Oper" File="C:\Component\CM800A_SyncCrc_Impl\src\CDD_SyncCrc.c" Line="468" Column="15">

<Rule Name="9.1" Mode="required" Report="warning" Id="34">
<Loc File="C:\Component\CM800A_SyncCrc_Impl\src\CDD_SyncCrc.c" Line="504" Column="12">
</Loc>
<Message>
All automatic variables shall have been assigned a value before being used.
</Message>
</Rule>

<Rule Name="21.1" Mode="required" Report="warning" Id="35">
<Loc File="C:\Component\CM800A_SyncCrc_Impl\src\CDD_SyncCrc.c" Line="504" Column="33">
</Loc>
<Message>
Minimisation of run-time failures.
</Message>
</Rule>

<Rule Name="21.1" Mode="required" Report="warning" Id="36">
<Loc File="C:\Component\CM800A_SyncCrc_Impl\src\CDD_SyncCrc.c" Line="504" Column="54">
</Loc>
<Message>
Minimisation of run-time failures.
</Message>
</Rule>

<Rule Name="21.1" Mode="required" Report="warning" Id="37">
<Loc File="C:\Component\CM800A_SyncCrc_Impl\src\CDD_SyncCrc.c" Line="504" Column="69">
</Loc>
<Message>
Minimisation of run-time failures.
</Message>
</Rule>

<Rule Name="21.1" Mode="required" Report="warning" Id="38">
<Loc File="C:\Component\CM800A_SyncCrc_Impl\src\CDD_SyncCrc.c" Line="530" Column="54">
</Loc>
<Message>
Minimisation of run-time failures.
</Message>
</Rule>

</CodeStruct>

<CodeStruct Name="Calc8BitCrc0X2F_Oper" File="C:\Component\CM800A_SyncCrc_Impl\src\CDD_SyncCrc.c" Line="860" Column="15">

<Rule Name="9.1" Mode="required" Report="warning" Id="40">
<Loc File="C:\Component\CM800A_SyncCrc_Impl\src\CDD_SyncCrc.c" Line="896" Column="12">
</Loc>
<Message>
All automatic variables shall have been assigned a value before being used.
</Message>
</Rule>

<Rule Name="21.1" Mode="required" Report="warning" Id="41">
<Loc File="C:\Component\CM800A_SyncCrc_Impl\src\CDD_SyncCrc.c" Line="896" Column="33">
</Loc>
<Message>
Minimisation of run-time failures.
</Message>
</Rule>

<Rule Name="21.1" Mode="required" Report="warning" Id="42">
<Loc File="C:\Component\CM800A_SyncCrc_Impl\src\CDD_SyncCrc.c" Line="896" Column="54">
</Loc>
<Message>
Minimisation of run-time failures.
</Message>
</Rule>

<Rule Name="21.1" Mode="required" Report="warning" Id="43">
<Loc File="C:\Component\CM800A_SyncCrc_Impl\src\CDD_SyncCrc.c" Line="896" Column="69">
</Loc>
<Message>
Minimisation of run-time failures.
</Message>
</Rule>

<Rule Name="21.1" Mode="required" Report="warning" Id="44">
<Loc File="C:\Component\CM800A_SyncCrc_Impl\src\CDD_SyncCrc.c" Line="923" Column="54">
</Loc>
<Message>
Minimisation of run-time failures.
</Message>
</Rule>

</CodeStruct>

<CodeStruct Name="Crc_CalculateCRC8" File="C:\Component\CM800A_SyncCrc_Impl\src\CDD_SyncCrcNonRte.c" Line="100" Column="6">

<Rule Name="11.5" Mode="required" Report="warning" Id="39">
<Loc File="C:\Component\CM800A_SyncCrc_Impl\src\CDD_SyncCrcNonRte.c" Line="105" Column="28">
</Loc>
<Message>
A cast shall not be performed that removes any const or volatile qualification
from the type addressed by a pointer.
</Message>
</Rule>

</CodeStruct>

<CodeStruct Name="NONTRUSTED_NtWrapS_SyncCrc_RelsCrcHwUnit" File="C:\Component\CM800A_SyncCrc_Impl\src\CDD_SyncCrc.c" Line="1308" Column="5">

<Rule Name="16.7" Mode="advisory" Report="warning" Id="45">
<Loc File="C:\Component\CM800A_SyncCrc_Impl\src\CDD_SyncCrc.c" Line="1309" Column="106">
</Loc>
<Message>
A pointer parameter in a function prototype should be declared as pointer to const
if the pointer is not used to modify the addressed object.
</Message>
</Rule>

<Rule Name="21.1" Mode="required" Report="warning" Id="46">
<Loc File="C:\Component\CM800A_SyncCrc_Impl\src\CDD_SyncCrc.c" Line="1312" Column="48">
</Loc>
<Message>
Minimisation of run-time failures.
</Message>
</Rule>

</CodeStruct>

<CodeStruct Name="Calc16BitCrc_u16_Oper" File="C:\Component\CM800A_SyncCrc_Impl\src\CDD_SyncCrc.c" Line="337" Column="15">

<Rule Name="9.1" Mode="required" Report="warning" Id="47">
<Loc File="C:\Component\CM800A_SyncCrc_Impl\src\CDD_SyncCrc.c" Line="373" Column="12">
</Loc>
<Message>
All automatic variables shall have been assigned a value before being used.
</Message>
</Rule>

<Rule Name="21.1" Mode="required" Report="warning" Id="48">
<Loc File="C:\Component\CM800A_SyncCrc_Impl\src\CDD_SyncCrc.c" Line="373" Column="33">
</Loc>
<Message>
Minimisation of run-time failures.
</Message>
</Rule>

<Rule Name="21.1" Mode="required" Report="warning" Id="49">
<Loc File="C:\Component\CM800A_SyncCrc_Impl\src\CDD_SyncCrc.c" Line="373" Column="54">
</Loc>
<Message>
Minimisation of run-time failures.
</Message>
</Rule>

<Rule Name="21.1" Mode="required" Report="warning" Id="50">
<Loc File="C:\Component\CM800A_SyncCrc_Impl\src\CDD_SyncCrc.c" Line="373" Column="69">
</Loc>
<Message>
Minimisation of run-time failures.
</Message>
</Rule>

<Rule Name="21.1" Mode="required" Report="warning" Id="51">
<Loc File="C:\Component\CM800A_SyncCrc_Impl\src\CDD_SyncCrc.c" Line="400" Column="54">
</Loc>
<Message>
Minimisation of run-time failures.
</Message>
</Rule>

<Rule Name="21.1" Mode="required" Report="warning" Id="52">
<Loc File="C:\Component\CM800A_SyncCrc_Impl\src\CDD_SyncCrc.c" Line="404" Column="8">
</Loc>
<Message>
Minimisation of run-time failures.
</Message>
</Rule>

<Rule Name="21.1" Mode="required" Report="warning" Id="53">
<Loc File="C:\Component\CM800A_SyncCrc_Impl\src\CDD_SyncCrc.c" Line="420" Column="8">
</Loc>
<Message>
Minimisation of run-time failures.
</Message>
</Rule>

</CodeStruct>

<CodeStruct Name="Crc_CalculateCRC32" File="C:\Component\CM800A_SyncCrc_Impl\src\CDD_SyncCrcNonRte.c" Line="187" Column="7">

<Rule Name="11.5" Mode="required" Report="warning" Id="54">
<Loc File="C:\Component\CM800A_SyncCrc_Impl\src\CDD_SyncCrcNonRte.c" Line="192" Column="33">
</Loc>
<Message>
A cast shall not be performed that removes any const or volatile qualification
from the type addressed by a pointer.
</Message>
</Rule>

</CodeStruct>

<CodeStruct Name="ResvCrcHwUnit_Oper" File="C:\Component\CM800A_SyncCrc_Impl\src\CDD_SyncCrc.c" Line="1122" Column="15">

<Rule Name="21.1" Mode="required" Report="warning" Id="59">
<Loc File="C:\Component\CM800A_SyncCrc_Impl\src\CDD_SyncCrc.c" Line="1140" Column="25">
</Loc>
<Message>
Minimisation of run-time failures.
</Message>
</Rule>

<Rule Name="21.1" Mode="required" Report="warning" Id="60">
<Loc File="C:\Component\CM800A_SyncCrc_Impl\src\CDD_SyncCrc.c" Line="1140" Column="46">
</Loc>
<Message>
Minimisation of run-time failures.
</Message>
</Rule>

<Rule Name="21.1" Mode="required" Report="warning" Id="61">
<Loc File="C:\Component\CM800A_SyncCrc_Impl\src\CDD_SyncCrc.c" Line="1140" Column="61">
</Loc>
<Message>
Minimisation of run-time failures.
</Message>
</Rule>

<Rule Name="21.1" Mode="required" Report="warning" Id="62">
<Loc File="C:\Component\CM800A_SyncCrc_Impl\src\CDD_SyncCrc.c" Line="1151" Column="16">
</Loc>
<Message>
Minimisation of run-time failures.
</Message>
</Rule>

<Rule Name="21.1" Mode="required" Report="warning" Id="63">
<Loc File="C:\Component\CM800A_SyncCrc_Impl\src\CDD_SyncCrc.c" Line="1165" Column="12">
</Loc>
<Message>
Minimisation of run-time failures.
</Message>
</Rule>

<Rule Name="11.3" Mode="advisory" Report="warning" Id="64">
<Loc File="C:\Component\CM800A_SyncCrc_Impl\src\CDD_SyncCrc.c" Line="1165" Column="33">
</Loc>
<Message>
A cast should not be performed between a pointer type and an integral type.
</Message>
</Rule>

<Rule Name="21.1" Mode="required" Report="warning" Id="65">
<Loc File="C:\Component\CM800A_SyncCrc_Impl\src\CDD_SyncCrc.c" Line="1166" Column="12">
</Loc>
<Message>
Minimisation of run-time failures.
</Message>
</Rule>

<Rule Name="11.3" Mode="advisory" Report="warning" Id="66">
<Loc File="C:\Component\CM800A_SyncCrc_Impl\src\CDD_SyncCrc.c" Line="1166" Column="34">
</Loc>
<Message>
A cast should not be performed between a pointer type and an integral type.
</Message>
</Rule>

<Rule Name="21.1" Mode="required" Report="warning" Id="67">
<Loc File="C:\Component\CM800A_SyncCrc_Impl\src\CDD_SyncCrc.c" Line="1173" Column="12">
</Loc>
<Message>
Minimisation of run-time failures.
</Message>
</Rule>

<Rule Name="21.1" Mode="required" Report="warning" Id="68">
<Loc File="C:\Component\CM800A_SyncCrc_Impl\src\CDD_SyncCrc.c" Line="1174" Column="12">
</Loc>
<Message>
Minimisation of run-time failures.
</Message>
</Rule>

<Rule Name="21.1" Mode="required" Report="warning" Id="69">
<Loc File="C:\Component\CM800A_SyncCrc_Impl\src\CDD_SyncCrc.c" Line="1175" Column="12">
</Loc>
<Message>
Minimisation of run-time failures.
</Message>
</Rule>

<Rule Name="21.1" Mode="required" Report="warning" Id="70">
<Loc File="C:\Component\CM800A_SyncCrc_Impl\src\CDD_SyncCrc.c" Line="1186" Column="28">
</Loc>
<Message>
Minimisation of run-time failures.
</Message>
</Rule>

<Rule Name="21.1" Mode="required" Report="warning" Id="71">
<Loc File="C:\Component\CM800A_SyncCrc_Impl\src\CDD_SyncCrc.c" Line="1186" Column="49">
</Loc>
<Message>
Minimisation of run-time failures.
</Message>
</Rule>

<Rule Name="21.1" Mode="required" Report="warning" Id="72">
<Loc File="C:\Component\CM800A_SyncCrc_Impl\src\CDD_SyncCrc.c" Line="1186" Column="64">
</Loc>
<Message>
Minimisation of run-time failures.
</Message>
</Rule>

<Rule Name="21.1" Mode="required" Report="warning" Id="73">
<Loc File="C:\Component\CM800A_SyncCrc_Impl\src\CDD_SyncCrc.c" Line="1187" Column="19">
</Loc>
<Message>
Minimisation of run-time failures.
</Message>
</Rule>

<Rule Name="21.1" Mode="required" Report="warning" Id="74">
<Loc File="C:\Component\CM800A_SyncCrc_Impl\src\CDD_SyncCrc.c" Line="1187" Column="36">
</Loc>
<Message>
Minimisation of run-time failures.
</Message>
</Rule>

<Rule Name="21.1" Mode="required" Report="warning" Id="75">
<Loc File="C:\Component\CM800A_SyncCrc_Impl\src\CDD_SyncCrc.c" Line="1208" Column="12">
</Loc>
<Message>
Minimisation of run-time failures.
</Message>
</Rule>

<Rule Name="21.1" Mode="required" Report="warning" Id="76">
<Loc File="C:\Component\CM800A_SyncCrc_Impl\src\CDD_SyncCrc.c" Line="1209" Column="12">
</Loc>
<Message>
Minimisation of run-time failures.
</Message>
</Rule>

<Rule Name="21.1" Mode="required" Report="warning" Id="77">
<Loc File="C:\Component\CM800A_SyncCrc_Impl\src\CDD_SyncCrc.c" Line="1210" Column="12">
</Loc>
<Message>
Minimisation of run-time failures.
</Message>
</Rule>

<Rule Name="21.1" Mode="required" Report="warning" Id="78">
<Loc File="C:\Component\CM800A_SyncCrc_Impl\src\CDD_SyncCrc.c" Line="1223" Column="8">
</Loc>
<Message>
Minimisation of run-time failures.
</Message>
</Rule>

<Rule Name="21.1" Mode="required" Report="warning" Id="79">
<Loc File="C:\Component\CM800A_SyncCrc_Impl\src\CDD_SyncCrc.c" Line="1224" Column="8">
</Loc>
<Message>
Minimisation of run-time failures.
</Message>
</Rule>

<Rule Name="21.1" Mode="required" Report="warning" Id="80">
<Loc File="C:\Component\CM800A_SyncCrc_Impl\src\CDD_SyncCrc.c" Line="1225" Column="8">
</Loc>
<Message>
Minimisation of run-time failures.
</Message>
</Rule>

</CodeStruct>

<CodeStruct Name="SyncCrcInit0" File="C:\Component\CM800A_SyncCrc_Impl\src\CDD_SyncCrcNonRte.c" Line="56" Column="5">

<Rule Name="21.1" Mode="required" Report="warning" Id="55">
<Loc File="C:\Component\CM800A_SyncCrc_Impl\src\CDD_SyncCrcNonRte.c" Line="64" Column="9">
</Loc>
<Message>
Minimisation of run-time failures.
</Message>
</Rule>

<Rule Name="21.1" Mode="required" Report="warning" Id="56">
<Loc File="C:\Component\CM800A_SyncCrc_Impl\src\CDD_SyncCrcNonRte.c" Line="64" Column="30">
</Loc>
<Message>
Minimisation of run-time failures.
</Message>
</Rule>

<Rule Name="21.1" Mode="required" Report="warning" Id="57">
<Loc File="C:\Component\CM800A_SyncCrc_Impl\src\CDD_SyncCrcNonRte.c" Line="68" Column="13">
</Loc>
<Message>
Minimisation of run-time failures.
</Message>
</Rule>

<Rule Name="21.1" Mode="required" Report="warning" Id="58">
<Loc File="C:\Component\CM800A_SyncCrc_Impl\src\CDD_SyncCrcNonRte.c" Line="73" Column="13">
</Loc>
<Message>
Minimisation of run-time failures.
</Message>
</Rule>

</CodeStruct>

<CodeStruct Name="NONTRUSTED_NtWrapS_SyncCrc_GetAvlCrcHwUnit" File="C:\Component\CM800A_SyncCrc_Impl\src\CDD_SyncCrc.c" Line="1382" Column="5">

<Rule Name="16.7" Mode="advisory" Report="warning" Id="81">
<Loc File="C:\Component\CM800A_SyncCrc_Impl\src\CDD_SyncCrc.c" Line="1383" Column="108">
</Loc>
<Message>
A pointer parameter in a function prototype should be declared as pointer to const
if the pointer is not used to modify the addressed object.
</Message>
</Rule>

<Rule Name="21.1" Mode="required" Report="warning" Id="82">
<Loc File="C:\Component\CM800A_SyncCrc_Impl\src\CDD_SyncCrc.c" Line="1386" Column="52">
</Loc>
<Message>
Minimisation of run-time failures.
</Message>
</Rule>

</CodeStruct>

<CodeStruct Name="Calc32BitCrc_u16_Oper" File="C:\Component\CM800A_SyncCrc_Impl\src\CDD_SyncCrc.c" Line="598" Column="15">

<Rule Name="9.1" Mode="required" Report="warning" Id="83">
<Loc File="C:\Component\CM800A_SyncCrc_Impl\src\CDD_SyncCrc.c" Line="634" Column="12">
</Loc>
<Message>
All automatic variables shall have been assigned a value before being used.
</Message>
</Rule>

<Rule Name="21.1" Mode="required" Report="warning" Id="84">
<Loc File="C:\Component\CM800A_SyncCrc_Impl\src\CDD_SyncCrc.c" Line="634" Column="33">
</Loc>
<Message>
Minimisation of run-time failures.
</Message>
</Rule>

<Rule Name="21.1" Mode="required" Report="warning" Id="85">
<Loc File="C:\Component\CM800A_SyncCrc_Impl\src\CDD_SyncCrc.c" Line="634" Column="54">
</Loc>
<Message>
Minimisation of run-time failures.
</Message>
</Rule>

<Rule Name="21.1" Mode="required" Report="warning" Id="86">
<Loc File="C:\Component\CM800A_SyncCrc_Impl\src\CDD_SyncCrc.c" Line="634" Column="69">
</Loc>
<Message>
Minimisation of run-time failures.
</Message>
</Rule>

<Rule Name="21.1" Mode="required" Report="warning" Id="87">
<Loc File="C:\Component\CM800A_SyncCrc_Impl\src\CDD_SyncCrc.c" Line="661" Column="54">
</Loc>
<Message>
Minimisation of run-time failures.
</Message>
</Rule>

<Rule Name="21.1" Mode="required" Report="warning" Id="88">
<Loc File="C:\Component\CM800A_SyncCrc_Impl\src\CDD_SyncCrc.c" Line="665" Column="8">
</Loc>
<Message>
Minimisation of run-time failures.
</Message>
</Rule>

<Rule Name="21.1" Mode="required" Report="warning" Id="89">
<Loc File="C:\Component\CM800A_SyncCrc_Impl\src\CDD_SyncCrc.c" Line="681" Column="8">
</Loc>
<Message>
Minimisation of run-time failures.
</Message>
</Rule>

</CodeStruct>

</MISRA-C-Report>
