<?xml version="1.0" encoding="UTF-8"?>

<MISRA-C-Report version="1.3">


<CodeStruct Name="" File="C:\component\ES102A_PolarityCfg_Impl\src\PolarityCfg.c" Line="0" Column="0">

<Rule Name="19.1" Mode="advisory" Report="warning" Id="1">
<Loc File="C:\component\ES102A_PolarityCfg_Impl\src\PolarityCfg.c" Line="118" Column="0">
</Loc>
<Message>
#include statements in a file shall only be preceded by other preprocessor directives or comments.
</Message>
</Rule>

<Rule Name="19.1" Mode="advisory" Report="warning" Id="2">
<Loc File="C:\component\ES102A_PolarityCfg_Impl\src\PolarityCfg.c" Line="309" Column="0">
</Loc>
<Message>
#include statements in a file shall only be preceded by other preprocessor directives or comments.
</Message>
</Rule>

</CodeStruct>

<CodeStruct Name="PolarityCfgWr_Oper" File="C:\component\ES102A_PolarityCfg_Impl\src\PolarityCfg.c" Line="286" Column="15">

<Rule Name="21.1" Mode="required" Report="warning" Id="3">
<Loc File="C:\component\ES102A_PolarityCfg_Impl\src\PolarityCfg.c" Line="295" Column="4">
</Loc>
<Message>
Minimisation of run-time failures.
</Message>
</Rule>

<Rule Name="21.1" Mode="required" Report="warning" Id="4">
<Loc File="C:\component\ES102A_PolarityCfg_Impl\src\PolarityCfg.c" Line="295" Column="26">
</Loc>
<Message>
Minimisation of run-time failures.
</Message>
</Rule>

</CodeStruct>

<CodeStruct Name="PolarityCfgInit1" File="C:\component\ES102A_PolarityCfg_Impl\src\PolarityCfg.c" Line="163" Column="5">

<Rule Name="21.1" Mode="required" Report="warning" Id="5">
<Loc File="C:\component\ES102A_PolarityCfg_Impl\src\PolarityCfg.c" Line="173" Column="62">
</Loc>
<Message>
Minimisation of run-time failures.
</Message>
</Rule>

<Rule Name="21.1" Mode="required" Report="warning" Id="6">
<Loc File="C:\component\ES102A_PolarityCfg_Impl\src\PolarityCfg.c" Line="173" Column="84">
</Loc>
<Message>
Minimisation of run-time failures.
</Message>
</Rule>

</CodeStruct>

<CodeStruct Name="PolarityCfgRead_Oper" File="C:\component\ES102A_PolarityCfg_Impl\src\PolarityCfg.c" Line="235" Column="15">

<Rule Name="21.1" Mode="required" Report="warning" Id="7">
<Loc File="C:\component\ES102A_PolarityCfg_Impl\src\PolarityCfg.c" Line="243" Column="4">
</Loc>
<Message>
Minimisation of run-time failures.
</Message>
</Rule>

<Rule Name="21.1" Mode="required" Report="warning" Id="8">
<Loc File="C:\component\ES102A_PolarityCfg_Impl\src\PolarityCfg.c" Line="243" Column="24">
</Loc>
<Message>
Minimisation of run-time failures.
</Message>
</Rule>

<Rule Name="21.1" Mode="required" Report="warning" Id="9">
<Loc File="C:\component\ES102A_PolarityCfg_Impl\src\PolarityCfg.c" Line="243" Column="46">
</Loc>
<Message>
Minimisation of run-time failures.
</Message>
</Rule>

</CodeStruct>

</MISRA-C-Report>
