<?xml version="1.0" encoding="UTF-8"?>
<MISRA-C-Report-Summary>
<File Mode="advisory" Error="0" Warning="2" Total="2">
<Name>
C:\component\ES102A_PolarityCfg_Impl\src\PolarityCfg.c</Name>
</File>
<File Mode="required" Error="0" Warning="7" Total="7">
<Name>
C:\component\ES102A_PolarityCfg_Impl\src\PolarityCfg.c</Name>
</File>
<Rule Name="21.1" Count="7" Mode="required" Severity="warning">
<Message>
Minimisation of run-time failures.</Message>
</Rule>
<Rule Name="19.1" Count="2" Mode="advisory" Severity="warning">
<Message>
#include statements in a file shall only be preceded by other preprocessor directives or comments.</Message>
</Rule>
</MISRA-C-Report-Summary>
