<?xml version="1.0" encoding="UTF-8"?>

<MISRA-C-Report version="1.3">


<CodeStruct Name="" File="C:\Mcu\src\NxtrMcuIrqPatch.c" Line="0" Column="0">

<Rule Name="2.1" Mode="required" Report="warning" Id="1">
<Loc File="C:\Mcu\src\NxtrMcuIrqPatch.c" Line="23" Column="5">
</Loc>
<Message>
Assembly language shall be encapsulated and isolated.
</Message>
</Rule>

<Rule Name="2.1" Mode="required" Report="warning" Id="2">
<Loc File="C:\Mcu\src\NxtrMcuIrqPatch.c" Line="24" Column="5">
</Loc>
<Message>
Assembly language shall be encapsulated and isolated.
</Message>
</Rule>

<Rule Name="2.1" Mode="required" Report="warning" Id="3">
<Loc File="C:\Mcu\src\NxtrMcuIrqPatch.c" Line="25" Column="5">
</Loc>
<Message>
Assembly language shall be encapsulated and isolated.
</Message>
</Rule>

<Rule Name="2.1" Mode="required" Report="warning" Id="4">
<Loc File="C:\Mcu\src\NxtrMcuIrqPatch.c" Line="26" Column="5">
</Loc>
<Message>
Assembly language shall be encapsulated and isolated.
</Message>
</Rule>

<Rule Name="2.1" Mode="required" Report="warning" Id="5">
<Loc File="C:\Mcu\src\NxtrMcuIrqPatch.c" Line="27" Column="5">
</Loc>
<Message>
Assembly language shall be encapsulated and isolated.
</Message>
</Rule>

<Rule Name="2.1" Mode="required" Report="warning" Id="6">
<Loc File="C:\Mcu\src\NxtrMcuIrqPatch.c" Line="28" Column="5">
</Loc>
<Message>
Assembly language shall be encapsulated and isolated.
</Message>
</Rule>

</CodeStruct>

</MISRA-C-Report>
