<?xml version="1.0" encoding="UTF-8"?>
<MISRA-C-Report-Summary>
<File Mode="required" Error="0" Warning="1" Total="1">
<Name>
C:\Component\DF001A_FltInj_Impl\include\FltInj.h</Name>
</File>
<File Mode="advisory" Error="0" Warning="8" Total="8">
<Name>
C:\Component\DF001A_FltInj_Impl\src\FltInj.c</Name>
</File>
<Rule Name="16.7" Count="4" Mode="advisory" Severity="warning">
<Message>
A pointer parameter in a function prototype should be declared as pointer to const</Message>
</Rule>
<Rule Name="19.1" Count="4" Mode="advisory" Severity="warning">
<Message>
#include statements in a file shall only be preceded by other preprocessor directives or comments.</Message>
</Rule>
<Rule Name="5.1" Count="1" Mode="required" Severity="warning">
<Message>
Identifiers "FLTINJ_VEHSIGCDNG_SERLCOMVEHSPDVLD" (FltInj.h line 178 column 8) an ...</Message>
</Rule>
</MISRA-C-Report-Summary>
