<?xml version="1.0" encoding="UTF-8"?>

<MISRA-C-Report version="1.3">


<CodeStruct Name="" File="C:\Component\DF001A_FltInj_Impl\include\FltInj.h" Line="0" Column="0">

<Rule Name="5.1" Mode="required" Report="warning" Id="1">
<Loc File="C:\Component\DF001A_FltInj_Impl\include\FltInj.h" Line="178" Column="8">
</Loc>
<Message>
Identifiers "FLTINJ_VEHSIGCDNG_SERLCOMVEHSPDVLD" (FltInj.h line 178 column 8) and "FLTINJ_VEHSIGCDNG_SERLCOMVEHSPD" (FltInj.h line 174 column 8) have the same first 31 characters.
</Message>
</Rule>

</CodeStruct>

<CodeStruct Name="" File="C:\Component\DF001A_FltInj_Impl\src\FltInj.c" Line="0" Column="0">

<Rule Name="19.1" Mode="advisory" Report="warning" Id="2">
<Loc File="C:\Component\DF001A_FltInj_Impl\src\FltInj.c" Line="113" Column="0">
</Loc>
<Message>
#include statements in a file shall only be preceded by other preprocessor directives or comments.
</Message>
</Rule>

<Rule Name="19.1" Mode="advisory" Report="warning" Id="3">
<Loc File="C:\Component\DF001A_FltInj_Impl\src\FltInj.c" Line="121" Column="0">
</Loc>
<Message>
#include statements in a file shall only be preceded by other preprocessor directives or comments.
</Message>
</Rule>

<Rule Name="19.1" Mode="advisory" Report="warning" Id="4">
<Loc File="C:\Component\DF001A_FltInj_Impl\src\FltInj.c" Line="143" Column="0">
</Loc>
<Message>
#include statements in a file shall only be preceded by other preprocessor directives or comments.
</Message>
</Rule>

<Rule Name="19.1" Mode="advisory" Report="warning" Id="5">
<Loc File="C:\Component\DF001A_FltInj_Impl\src\FltInj.c" Line="414" Column="0">
</Loc>
<Message>
#include statements in a file shall only be preceded by other preprocessor directives or comments.
</Message>
</Rule>

</CodeStruct>

<CodeStruct Name="FltInj_u0p16_Oper" File="C:\Component\DF001A_FltInj_Impl\src\FltInj.c" Line="391" Column="5">

<Rule Name="16.7" Mode="advisory" Report="warning" Id="6">
<Loc File="C:\Component\DF001A_FltInj_Impl\src\FltInj.c" Line="391" Column="30">
</Loc>
<Message>
A pointer parameter in a function prototype should be declared as pointer to const
if the pointer is not used to modify the addressed object.
</Message>
</Rule>

</CodeStruct>

<CodeStruct Name="FltInj_logl_Oper" File="C:\Component\DF001A_FltInj_Impl\src\FltInj.c" Line="308" Column="5">

<Rule Name="16.7" Mode="advisory" Report="warning" Id="7">
<Loc File="C:\Component\DF001A_FltInj_Impl\src\FltInj.c" Line="308" Column="31">
</Loc>
<Message>
A pointer parameter in a function prototype should be declared as pointer to const
if the pointer is not used to modify the addressed object.
</Message>
</Rule>

</CodeStruct>

<CodeStruct Name="FltInj_f32_Oper" File="C:\Component\DF001A_FltInj_Impl\src\FltInj.c" Line="268" Column="5">

<Rule Name="16.7" Mode="advisory" Report="warning" Id="8">
<Loc File="C:\Component\DF001A_FltInj_Impl\src\FltInj.c" Line="268" Column="30">
</Loc>
<Message>
A pointer parameter in a function prototype should be declared as pointer to const
if the pointer is not used to modify the addressed object.
</Message>
</Rule>

</CodeStruct>

<CodeStruct Name="FltInj_u08_Oper" File="C:\Component\DF001A_FltInj_Impl\src\FltInj.c" Line="349" Column="5">

<Rule Name="16.7" Mode="advisory" Report="warning" Id="9">
<Loc File="C:\Component\DF001A_FltInj_Impl\src\FltInj.c" Line="349" Column="28">
</Loc>
<Message>
A pointer parameter in a function prototype should be declared as pointer to const
if the pointer is not used to modify the addressed object.
</Message>
</Rule>

</CodeStruct>

</MISRA-C-Report>
