<?xml version="1.0" encoding="UTF-8"?>
<!--EDRS Version 1.0-->
<global>
   <file name="C:\\Component\\AR100A_NxtrMath_Impl\\include\\NxtrMath.h" comment="">
      <function name="Abslt_f32_f32" comment="" line="223" main_generator_called="MAIN_GENERATOR" attributes="static">
         <scalar name="arg1" comment="" line="223" base_type="float32" attributes="static" complete_type="float32" init_mode="MAIN_GENERATOR" init_modes_allowed="10" init_range="min..max" global_assert="unsupported" assert_range="unsupported"/>
         <scalar name="return" comment="" line="223" base_type="float32" attributes="static" complete_type="float32" init_mode="disabled" init_range="disabled" global_assert="unsupported" assert_range="unsupported"/>
      </function>
      <function name="Lim_f32" comment="" line="550" main_generator_called="MAIN_GENERATOR" attributes="static">
         <scalar name="arg1" comment="" line="550" base_type="float32" attributes="static" complete_type="float32" init_mode="MAIN_GENERATOR" init_modes_allowed="10" init_range="min..max" global_assert="unsupported" assert_range="unsupported"/>
         <scalar name="arg2" comment="" line="550" base_type="float32" attributes="static" complete_type="float32" init_mode="MAIN_GENERATOR" init_modes_allowed="10" init_range="min..max" global_assert="unsupported" assert_range="unsupported"/>
         <scalar name="arg3" comment="" line="550" base_type="float32" attributes="static" complete_type="float32" init_mode="MAIN_GENERATOR" init_modes_allowed="10" init_range="min..max" global_assert="unsupported" assert_range="unsupported"/>
         <scalar name="return" comment="" line="550" base_type="float32" attributes="static" complete_type="float32" init_mode="disabled" init_range="disabled" global_assert="unsupported" assert_range="unsupported"/>
      </function>
   </file>
   <file name="C:\\Component\\AR103A_NxtrFixdPt_Impl\\include\\NxtrFixdPt.h" comment="">
      <function name="FixdToFloat_f32_u32" comment="" line="345" main_generator_called="MAIN_GENERATOR" attributes="static">
         <scalar name="arg1" comment="" line="345" base_type="uint32" attributes="static" complete_type="uint32" init_mode="MAIN_GENERATOR" init_modes_allowed="10" init_range="min..max" global_assert="unsupported" assert_range="unsupported"/>
         <scalar name="arg2" comment="" line="345" base_type="float32" attributes="static" complete_type="float32" init_mode="MAIN_GENERATOR" init_modes_allowed="10" init_range="min..max" global_assert="unsupported" assert_range="unsupported"/>
         <scalar name="return" comment="" line="345" base_type="float32" attributes="static" complete_type="float32" init_mode="disabled" init_range="disabled" global_assert="unsupported" assert_range="unsupported"/>
      </function>
   </file>
   <file name="C:\\Component\\CF012A_GmStrtStop_Impl\\src\\GmStrtStop.c" comment="">
      <function name="DtrmnRateLim" comment="" line="422" main_generator_called="MAIN_GENERATOR" attributes="static">
         <scalar name="arg1" comment="" line="422" base_type="uint8" attributes="static" complete_type="uint8" init_mode="MAIN_GENERATOR" init_modes_allowed="10" init_range="min..max" global_assert="unsupported" assert_range="unsupported"/>
         <scalar name="arg2" comment="" line="422" base_type="uint8" attributes="static" complete_type="uint8" init_mode="MAIN_GENERATOR" init_modes_allowed="10" init_range="min..max" global_assert="unsupported" assert_range="unsupported"/>
         <scalar name="return" comment="" line="422" base_type="float32" attributes="static" complete_type="float32" init_mode="disabled" init_range="disabled" global_assert="unsupported" assert_range="unsupported"/>
      </function>
      <function name="GetTmrElpsdThd" comment="" line="640" main_generator_called="MAIN_GENERATOR" attributes="static">
         <scalar name="arg1" comment="" line="640" base_type="uint8" attributes="static" complete_type="uint8" init_mode="MAIN_GENERATOR" init_modes_allowed="10" init_range="min..max" global_assert="unsupported" assert_range="unsupported"/>
         <pointer name="arg2" comment="" line="640" attributes="static" complete_type="uint32 *" init_mode="MAIN_GENERATOR" init_modes_allowed="10" initialize_pointer="May-be NULL" number_allocated="max" init_pointed="MAIN_GENERATOR">
            <scalar comment="" line="640" base_type="uint32" attributes="static" complete_type="uint32" init_mode="MAIN_GENERATOR" init_modes_allowed="10" init_range="min..max" global_assert="unsupported" assert_range="unsupported"/>
         </pointer>
         <scalar name="arg3" comment="" line="640" base_type="float32" attributes="static" complete_type="float32" init_mode="MAIN_GENERATOR" init_modes_allowed="10" init_range="min..max" global_assert="unsupported" assert_range="unsupported"/>
         <scalar name="return" comment="" line="640" base_type="uint8" attributes="static" complete_type="uint8" init_mode="disabled" init_range="disabled" global_assert="unsupported" assert_range="unsupported"/>
      </function>
      <function name="GmStrtStopInit1" comment="" line="172" main_generator_called="MAIN_GENERATOR" attributes="unused"/>
      <function name="GmStrtStopPer1" comment="" line="229" main_generator_called="MAIN_GENERATOR" attributes="unused"/>
      <function name="Inter1ModExitCdnsChk" comment="" line="533" main_generator_called="MAIN_GENERATOR" attributes="static">
         <scalar name="arg1" comment="" line="533" base_type="float32" attributes="static" complete_type="float32" init_mode="MAIN_GENERATOR" init_modes_allowed="10" init_range="min..max" global_assert="unsupported" assert_range="unsupported"/>
         <scalar name="arg2" comment="" line="533" base_type="float32" attributes="static" complete_type="float32" init_mode="MAIN_GENERATOR" init_modes_allowed="10" init_range="min..max" global_assert="unsupported" assert_range="unsupported"/>
         <scalar name="arg3" comment="" line="533" base_type="float32" attributes="static" complete_type="float32" init_mode="MAIN_GENERATOR" init_modes_allowed="10" init_range="min..max" global_assert="unsupported" assert_range="unsupported"/>
         <scalar name="arg4" comment="" line="533" base_type="float32" attributes="static" complete_type="float32" init_mode="MAIN_GENERATOR" init_modes_allowed="10" init_range="min..max" global_assert="unsupported" assert_range="unsupported"/>
         <scalar name="arg5" comment="" line="533" base_type="uint8" attributes="static" complete_type="uint8" init_mode="MAIN_GENERATOR" init_modes_allowed="10" init_range="min..max" global_assert="unsupported" assert_range="unsupported"/>
         <pointer name="arg6" comment="" line="533" attributes="static" complete_type="uint8 *" init_mode="MAIN_GENERATOR" init_modes_allowed="10" initialize_pointer="May-be NULL" number_allocated="max" init_pointed="MAIN_GENERATOR">
            <scalar comment="" line="533" base_type="uint8" attributes="static" complete_type="uint8" init_mode="MAIN_GENERATOR" init_modes_allowed="10" init_range="min..max" global_assert="unsupported" assert_range="unsupported"/>
         </pointer>
         <pointer name="arg7" comment="" line="533" attributes="static" complete_type="float32 *" init_mode="MAIN_GENERATOR" init_modes_allowed="10" initialize_pointer="May-be NULL" number_allocated="max" init_pointed="MAIN_GENERATOR">
            <scalar comment="" line="533" base_type="float32" attributes="static" complete_type="float32" init_mode="MAIN_GENERATOR" init_modes_allowed="10" init_range="min..max" global_assert="unsupported" assert_range="unsupported"/>
         </pointer>
      </function>
      <function name="Inter2ModExitCdnsChk" comment="" line="601" main_generator_called="MAIN_GENERATOR" attributes="static">
         <scalar name="arg1" comment="" line="601" base_type="float32" attributes="static" complete_type="float32" init_mode="MAIN_GENERATOR" init_modes_allowed="10" init_range="min..max" global_assert="unsupported" assert_range="unsupported"/>
         <scalar name="arg2" comment="" line="601" base_type="float32" attributes="static" complete_type="float32" init_mode="MAIN_GENERATOR" init_modes_allowed="10" init_range="min..max" global_assert="unsupported" assert_range="unsupported"/>
         <scalar name="arg3" comment="" line="601" base_type="float32" attributes="static" complete_type="float32" init_mode="MAIN_GENERATOR" init_modes_allowed="10" init_range="min..max" global_assert="unsupported" assert_range="unsupported"/>
         <scalar name="arg4" comment="" line="601" base_type="float32" attributes="static" complete_type="float32" init_mode="MAIN_GENERATOR" init_modes_allowed="10" init_range="min..max" global_assert="unsupported" assert_range="unsupported"/>
         <scalar name="arg5" comment="" line="601" base_type="uint8" attributes="static" complete_type="uint8" init_mode="MAIN_GENERATOR" init_modes_allowed="10" init_range="min..max" global_assert="unsupported" assert_range="unsupported"/>
         <pointer name="arg6" comment="" line="601" attributes="static" complete_type="uint8 *" init_mode="MAIN_GENERATOR" init_modes_allowed="10" initialize_pointer="May-be NULL" number_allocated="max" init_pointed="MAIN_GENERATOR">
            <scalar comment="" line="601" base_type="uint8" attributes="static" complete_type="uint8" init_mode="MAIN_GENERATOR" init_modes_allowed="10" init_range="min..max" global_assert="unsupported" assert_range="unsupported"/>
         </pointer>
         <pointer name="arg7" comment="" line="601" attributes="static" complete_type="float32 *" init_mode="MAIN_GENERATOR" init_modes_allowed="10" initialize_pointer="May-be NULL" number_allocated="max" init_pointed="MAIN_GENERATOR">
            <scalar comment="" line="601" base_type="float32" attributes="static" complete_type="float32" init_mode="MAIN_GENERATOR" init_modes_allowed="10" init_range="min..max" global_assert="unsupported" assert_range="unsupported"/>
         </pointer>
      </function>
      <function name="NormModExitCdnsChk" comment="" line="504" main_generator_called="MAIN_GENERATOR" attributes="static">
         <scalar name="arg1" comment="" line="504" base_type="float32" attributes="static" complete_type="float32" init_mode="MAIN_GENERATOR" init_modes_allowed="10" init_range="min..max" global_assert="unsupported" assert_range="unsupported"/>
         <scalar name="arg2" comment="" line="504" base_type="float32" attributes="static" complete_type="float32" init_mode="MAIN_GENERATOR" init_modes_allowed="10" init_range="min..max" global_assert="unsupported" assert_range="unsupported"/>
         <pointer name="arg3" comment="" line="504" attributes="static" complete_type="uint8 *" init_mode="MAIN_GENERATOR" init_modes_allowed="10" initialize_pointer="May-be NULL" number_allocated="max" init_pointed="MAIN_GENERATOR">
            <scalar comment="" line="504" base_type="uint8" attributes="static" complete_type="uint8" init_mode="MAIN_GENERATOR" init_modes_allowed="10" init_range="min..max" global_assert="unsupported" assert_range="unsupported"/>
         </pointer>
         <pointer name="arg4" comment="" line="504" attributes="static" complete_type="float32 *" init_mode="MAIN_GENERATOR" init_modes_allowed="10" initialize_pointer="May-be NULL" number_allocated="max" init_pointed="MAIN_GENERATOR">
            <scalar comment="" line="504" base_type="float32" attributes="static" complete_type="float32" init_mode="MAIN_GENERATOR" init_modes_allowed="10" init_range="min..max" global_assert="unsupported" assert_range="unsupported"/>
         </pointer>
      </function>
      <function name="StopModExitCdnsChk" comment="" line="568" main_generator_called="MAIN_GENERATOR" attributes="static">
         <scalar name="arg1" comment="" line="568" base_type="float32" attributes="static" complete_type="float32" init_mode="MAIN_GENERATOR" init_modes_allowed="10" init_range="min..max" global_assert="unsupported" assert_range="unsupported"/>
         <scalar name="arg2" comment="" line="568" base_type="float32" attributes="static" complete_type="float32" init_mode="MAIN_GENERATOR" init_modes_allowed="10" init_range="min..max" global_assert="unsupported" assert_range="unsupported"/>
         <pointer name="arg3" comment="" line="568" attributes="static" complete_type="uint8 *" init_mode="MAIN_GENERATOR" init_modes_allowed="10" initialize_pointer="May-be NULL" number_allocated="max" init_pointed="MAIN_GENERATOR">
            <scalar comment="" line="568" base_type="uint8" attributes="static" complete_type="uint8" init_mode="MAIN_GENERATOR" init_modes_allowed="10" init_range="min..max" global_assert="unsupported" assert_range="unsupported"/>
         </pointer>
         <pointer name="arg4" comment="" line="568" attributes="static" complete_type="float32 *" init_mode="MAIN_GENERATOR" init_modes_allowed="10" initialize_pointer="May-be NULL" number_allocated="max" init_pointed="MAIN_GENERATOR">
            <scalar comment="" line="568" base_type="float32" attributes="static" complete_type="float32" init_mode="MAIN_GENERATOR" init_modes_allowed="10" init_range="min..max" global_assert="unsupported" assert_range="unsupported"/>
         </pointer>
      </function>
   </file>
   <file name="C:\\Component\\CF012A_GmStrtStop_Impl\\tools\\contract\\Rte_GmStrtStop.h" comment="">
      <function name="Rte_Call_GmStrtStop_GetRefTmr100MicroSec32bit_Oper" comment="" line="101" main_generator_called="disabled" attributes="extern">
         <pointer name="arg1" comment="" line="101" complete_type="uint32 *" init_mode="disabled" initialize_pointer="disabled" number_allocated="disabled" init_pointed="MULTI">
            <scalar comment="" line="101" base_type="uint32" complete_type="uint32" init_mode="PERMANENT" init_modes_allowed="4" init_range="min..max" global_assert="unsupported" assert_range="unsupported"/>
         </pointer>
         <scalar name="return" comment="" line="101" base_type="uint8" complete_type="uint8" init_mode="PERMANENT" init_modes_allowed="4" init_range="min..max" global_assert="unsupported" assert_range="unsupported"/>
      </function>
      <function name="Rte_Call_GmStrtStop_GetTiSpan100MicroSec32bit_Oper" comment="" line="102" main_generator_called="disabled" attributes="extern">
         <scalar name="arg1" comment="" line="102" base_type="uint32" complete_type="uint32" init_mode="disabled" init_range="disabled" global_assert="unsupported" assert_range="unsupported"/>
         <pointer name="arg2" comment="" line="102" complete_type="uint32 *" init_mode="disabled" initialize_pointer="disabled" number_allocated="disabled" init_pointed="MULTI">
            <scalar comment="" line="102" base_type="uint32" complete_type="uint32" init_mode="PERMANENT" init_modes_allowed="4" init_range="min..max" global_assert="unsupported" assert_range="unsupported"/>
         </pointer>
         <scalar name="return" comment="" line="102" base_type="uint8" complete_type="uint8" init_mode="PERMANENT" init_modes_allowed="4" init_range="min..max" global_assert="unsupported" assert_range="unsupported"/>
      </function>
      <pointer name="Rte_Inst_GmStrtStop" comment="" line="61" attributes="extern const" complete_type="const struct Rte_CDS_GmStrtStop *" init_mode="INIT" init_modes_allowed="2" initialize_pointer="May-be NULL" number_allocated="max" init_pointed="MULTI">
         <struct comment="" line="61" complete_type="struct Rte_CDS_GmStrtStop" attributes="extern const">
            <pointer name="Pim_Mod1RefTmr" comment="" line="61" attributes="extern const" complete_type="uint32 *" init_mode="INIT" init_modes_allowed="2" initialize_pointer="May-be NULL" number_allocated="max" init_pointed="MULTI">
               <scalar comment="" line="61" base_type="uint32" attributes="extern" complete_type="uint32" init_mode="INIT" init_modes_allowed="2" init_range="min..max" global_assert="unsupported" assert_range="unsupported"/>
            </pointer>
            <pointer name="Pim_Mod2RefTmr" comment="" line="61" attributes="extern const" complete_type="uint32 *" init_mode="INIT" init_modes_allowed="2" initialize_pointer="May-be NULL" number_allocated="max" init_pointed="MULTI">
               <scalar comment="" line="61" base_type="uint32" attributes="extern" complete_type="uint32" init_mode="INIT" init_modes_allowed="2" init_range="min..max" global_assert="unsupported" assert_range="unsupported"/>
            </pointer>
            <pointer name="Pim_PrevActSt" comment="" line="61" attributes="extern const" complete_type="uint8 *" init_mode="INIT" init_modes_allowed="2" initialize_pointer="May-be NULL" number_allocated="max" init_pointed="MULTI">
               <scalar comment="" line="61" base_type="uint8" attributes="extern" complete_type="uint8" init_mode="INIT" init_modes_allowed="2" init_range="min..max" global_assert="unsupported" assert_range="unsupported"/>
            </pointer>
            <pointer name="Pim_PrevStrtStopSt" comment="" line="61" attributes="extern const" complete_type="uint8 *" init_mode="INIT" init_modes_allowed="2" initialize_pointer="May-be NULL" number_allocated="max" init_pointed="MULTI">
               <scalar comment="" line="61" base_type="uint8" attributes="extern" complete_type="uint8" init_mode="INIT" init_modes_allowed="2" init_range="min..max" global_assert="unsupported" assert_range="unsupported"/>
            </pointer>
         </struct>
      </pointer>
      <function name="Rte_Prm_GmStrtStop_GmStrtStopEna_Logl" comment="" line="123" main_generator_called="disabled" attributes="extern">
         <scalar name="return" comment="" line="123" base_type="uint8" complete_type="uint8" init_mode="PERMANENT" init_modes_allowed="4" init_range="min..max" global_assert="unsupported" assert_range="unsupported"/>
      </function>
      <function name="Rte_Prm_GmStrtStop_GmStrtStopFltRateLim_Val" comment="" line="103" main_generator_called="disabled" attributes="extern">
         <scalar name="return" comment="" line="103" base_type="float32" complete_type="float32" init_mode="PERMANENT" init_modes_allowed="4" init_range="min..max" global_assert="unsupported" assert_range="unsupported"/>
      </function>
      <function name="Rte_Prm_GmStrtStop_GmStrtStopMod1EngTranThd_Val" comment="" line="104" main_generator_called="disabled" attributes="extern">
         <scalar name="return" comment="" line="104" base_type="float32" complete_type="float32" init_mode="PERMANENT" init_modes_allowed="4" init_range="min..max" global_assert="unsupported" assert_range="unsupported"/>
      </function>
      <function name="Rte_Prm_GmStrtStop_GmStrtStopMod1Sca_Val" comment="" line="105" main_generator_called="disabled" attributes="extern">
         <scalar name="return" comment="" line="105" base_type="float32" complete_type="float32" init_mode="PERMANENT" init_modes_allowed="4" init_range="min..max" global_assert="unsupported" assert_range="unsupported"/>
      </function>
      <function name="Rte_Prm_GmStrtStop_GmStrtStopMod1ToStopRateLim_Val" comment="" line="106" main_generator_called="disabled" attributes="extern">
         <scalar name="return" comment="" line="106" base_type="float32" complete_type="float32" init_mode="PERMANENT" init_modes_allowed="4" init_range="min..max" global_assert="unsupported" assert_range="unsupported"/>
      </function>
      <function name="Rte_Prm_GmStrtStop_GmStrtStopMod1VehSpdTranThd_Val" comment="" line="107" main_generator_called="disabled" attributes="extern">
         <scalar name="return" comment="" line="107" base_type="float32" complete_type="float32" init_mode="PERMANENT" init_modes_allowed="4" init_range="min..max" global_assert="unsupported" assert_range="unsupported"/>
      </function>
      <function name="Rte_Prm_GmStrtStop_GmStrtStopMod2Sca_Val" comment="" line="108" main_generator_called="disabled" attributes="extern">
         <scalar name="return" comment="" line="108" base_type="float32" complete_type="float32" init_mode="PERMANENT" init_modes_allowed="4" init_range="min..max" global_assert="unsupported" assert_range="unsupported"/>
      </function>
      <function name="Rte_Prm_GmStrtStop_GmStrtStopNormModEngTranThd_Val" comment="" line="109" main_generator_called="disabled" attributes="extern">
         <scalar name="return" comment="" line="109" base_type="float32" complete_type="float32" init_mode="PERMANENT" init_modes_allowed="4" init_range="min..max" global_assert="unsupported" assert_range="unsupported"/>
      </function>
      <function name="Rte_Prm_GmStrtStop_GmStrtStopNormModVehSpdTranThd_Val" comment="" line="110" main_generator_called="disabled" attributes="extern">
         <scalar name="return" comment="" line="110" base_type="float32" complete_type="float32" init_mode="PERMANENT" init_modes_allowed="4" init_range="min..max" global_assert="unsupported" assert_range="unsupported"/>
      </function>
      <function name="Rte_Prm_GmStrtStop_GmStrtStopNormRateLim_Val" comment="" line="111" main_generator_called="disabled" attributes="extern">
         <scalar name="return" comment="" line="111" base_type="float32" complete_type="float32" init_mode="PERMANENT" init_modes_allowed="4" init_range="min..max" global_assert="unsupported" assert_range="unsupported"/>
      </function>
      <function name="Rte_Prm_GmStrtStop_GmStrtStopNormToMod1RateLim_Val" comment="" line="112" main_generator_called="disabled" attributes="extern">
         <scalar name="return" comment="" line="112" base_type="float32" complete_type="float32" init_mode="PERMANENT" init_modes_allowed="4" init_range="min..max" global_assert="unsupported" assert_range="unsupported"/>
      </function>
      <function name="Rte_Prm_GmStrtStop_GmStrtStopStopAndMod2RateLim_Val" comment="" line="113" main_generator_called="disabled" attributes="extern">
         <scalar name="return" comment="" line="113" base_type="float32" complete_type="float32" init_mode="PERMANENT" init_modes_allowed="4" init_range="min..max" global_assert="unsupported" assert_range="unsupported"/>
      </function>
      <function name="Rte_Prm_GmStrtStop_GmStrtStopStopMod1HwTqTranThd_Val" comment="" line="114" main_generator_called="disabled" attributes="extern">
         <scalar name="return" comment="" line="114" base_type="float32" complete_type="float32" init_mode="PERMANENT" init_modes_allowed="4" init_range="min..max" global_assert="unsupported" assert_range="unsupported"/>
      </function>
      <function name="Rte_Prm_GmStrtStop_GmStrtStopStopMod1HwVelTranThd_Val" comment="" line="115" main_generator_called="disabled" attributes="extern">
         <scalar name="return" comment="" line="115" base_type="float32" complete_type="float32" init_mode="PERMANENT" init_modes_allowed="4" init_range="min..max" global_assert="unsupported" assert_range="unsupported"/>
      </function>
      <function name="Rte_Prm_GmStrtStop_GmStrtStopStopMod1Tmr_Val" comment="" line="116" main_generator_called="disabled" attributes="extern">
         <scalar name="return" comment="" line="116" base_type="float32" complete_type="float32" init_mode="PERMANENT" init_modes_allowed="4" init_range="min..max" global_assert="unsupported" assert_range="unsupported"/>
      </function>
      <function name="Rte_Prm_GmStrtStop_GmStrtStopStopMod1VehSpdTranThd_Val" comment="" line="117" main_generator_called="disabled" attributes="extern">
         <scalar name="return" comment="" line="117" base_type="float32" complete_type="float32" init_mode="PERMANENT" init_modes_allowed="4" init_range="min..max" global_assert="unsupported" assert_range="unsupported"/>
      </function>
      <function name="Rte_Prm_GmStrtStop_GmStrtStopStopMod2HwTqTranThd_Val" comment="" line="118" main_generator_called="disabled" attributes="extern">
         <scalar name="return" comment="" line="118" base_type="float32" complete_type="float32" init_mode="PERMANENT" init_modes_allowed="4" init_range="min..max" global_assert="unsupported" assert_range="unsupported"/>
      </function>
      <function name="Rte_Prm_GmStrtStop_GmStrtStopStopMod2HwVelTranThd_Val" comment="" line="119" main_generator_called="disabled" attributes="extern">
         <scalar name="return" comment="" line="119" base_type="float32" complete_type="float32" init_mode="PERMANENT" init_modes_allowed="4" init_range="min..max" global_assert="unsupported" assert_range="unsupported"/>
      </function>
      <function name="Rte_Prm_GmStrtStop_GmStrtStopStopMod2Tmr_Val" comment="" line="120" main_generator_called="disabled" attributes="extern">
         <scalar name="return" comment="" line="120" base_type="float32" complete_type="float32" init_mode="PERMANENT" init_modes_allowed="4" init_range="min..max" global_assert="unsupported" assert_range="unsupported"/>
      </function>
      <function name="Rte_Prm_GmStrtStop_GmStrtStopStopMod2VehSpdTranThd_Val" comment="" line="121" main_generator_called="disabled" attributes="extern">
         <scalar name="return" comment="" line="121" base_type="float32" complete_type="float32" init_mode="PERMANENT" init_modes_allowed="4" init_range="min..max" global_assert="unsupported" assert_range="unsupported"/>
      </function>
      <function name="Rte_Prm_GmStrtStop_GmStrtStopStopModSca_Val" comment="" line="122" main_generator_called="disabled" attributes="extern">
         <scalar name="return" comment="" line="122" base_type="float32" complete_type="float32" init_mode="PERMANENT" init_modes_allowed="4" init_range="min..max" global_assert="unsupported" assert_range="unsupported"/>
      </function>
      <function name="Rte_Read_GmStrtStop_EngSpd_Val" comment="" line="91" main_generator_called="disabled" attributes="extern">
         <pointer name="arg1" comment="" line="91" complete_type="float32 *" init_mode="disabled" initialize_pointer="disabled" number_allocated="disabled" init_pointed="MULTI">
            <scalar comment="" line="91" base_type="float32" complete_type="float32" init_mode="PERMANENT" init_modes_allowed="4" init_range="min..max" global_assert="unsupported" assert_range="unsupported"/>
         </pointer>
         <scalar name="return" comment="" line="91" base_type="uint8" complete_type="uint8" init_mode="PERMANENT" init_modes_allowed="4" init_range="min..max" global_assert="unsupported" assert_range="unsupported"/>
      </function>
      <function name="Rte_Read_GmStrtStop_HwTq_Val" comment="" line="92" main_generator_called="disabled" attributes="extern">
         <pointer name="arg1" comment="" line="92" complete_type="float32 *" init_mode="disabled" initialize_pointer="disabled" number_allocated="disabled" init_pointed="MULTI">
            <scalar comment="" line="92" base_type="float32" complete_type="float32" init_mode="PERMANENT" init_modes_allowed="4" init_range="min..max" global_assert="unsupported" assert_range="unsupported"/>
         </pointer>
         <scalar name="return" comment="" line="92" base_type="uint8" complete_type="uint8" init_mode="PERMANENT" init_modes_allowed="4" init_range="min..max" global_assert="unsupported" assert_range="unsupported"/>
      </function>
      <function name="Rte_Read_GmStrtStop_HwVel_Val" comment="" line="93" main_generator_called="disabled" attributes="extern">
         <pointer name="arg1" comment="" line="93" complete_type="float32 *" init_mode="disabled" initialize_pointer="disabled" number_allocated="disabled" init_pointed="MULTI">
            <scalar comment="" line="93" base_type="float32" complete_type="float32" init_mode="PERMANENT" init_modes_allowed="4" init_range="min..max" global_assert="unsupported" assert_range="unsupported"/>
         </pointer>
         <scalar name="return" comment="" line="93" base_type="uint8" complete_type="uint8" init_mode="PERMANENT" init_modes_allowed="4" init_range="min..max" global_assert="unsupported" assert_range="unsupported"/>
      </function>
      <function name="Rte_Read_GmStrtStop_Msg0C9BusHiSpdInvld_Logl" comment="" line="94" main_generator_called="disabled" attributes="extern">
         <pointer name="arg1" comment="" line="94" complete_type="uint8 *" init_mode="disabled" initialize_pointer="disabled" number_allocated="disabled" init_pointed="MULTI">
            <scalar comment="" line="94" base_type="uint8" complete_type="uint8" init_mode="PERMANENT" init_modes_allowed="4" init_range="min..max" global_assert="unsupported" assert_range="unsupported"/>
         </pointer>
         <scalar name="return" comment="" line="94" base_type="uint8" complete_type="uint8" init_mode="PERMANENT" init_modes_allowed="4" init_range="min..max" global_assert="unsupported" assert_range="unsupported"/>
      </function>
      <function name="Rte_Read_GmStrtStop_Msg0C9BusHiSpdMiss_Logl" comment="" line="95" main_generator_called="disabled" attributes="extern">
         <pointer name="arg1" comment="" line="95" complete_type="uint8 *" init_mode="disabled" initialize_pointer="disabled" number_allocated="disabled" init_pointed="MULTI">
            <scalar comment="" line="95" base_type="uint8" complete_type="uint8" init_mode="PERMANENT" init_modes_allowed="4" init_range="min..max" global_assert="unsupported" assert_range="unsupported"/>
         </pointer>
         <scalar name="return" comment="" line="95" base_type="uint8" complete_type="uint8" init_mode="PERMANENT" init_modes_allowed="4" init_range="min..max" global_assert="unsupported" assert_range="unsupported"/>
      </function>
      <function name="Rte_Read_GmStrtStop_VehSpdVld_Logl" comment="" line="97" main_generator_called="disabled" attributes="extern">
         <pointer name="arg1" comment="" line="97" complete_type="uint8 *" init_mode="disabled" initialize_pointer="disabled" number_allocated="disabled" init_pointed="MULTI">
            <scalar comment="" line="97" base_type="uint8" complete_type="uint8" init_mode="PERMANENT" init_modes_allowed="4" init_range="min..max" global_assert="unsupported" assert_range="unsupported"/>
         </pointer>
         <scalar name="return" comment="" line="97" base_type="uint8" complete_type="uint8" init_mode="PERMANENT" init_modes_allowed="4" init_range="min..max" global_assert="unsupported" assert_range="unsupported"/>
      </function>
      <function name="Rte_Read_GmStrtStop_VehSpd_Val" comment="" line="96" main_generator_called="disabled" attributes="extern">
         <pointer name="arg1" comment="" line="96" complete_type="float32 *" init_mode="disabled" initialize_pointer="disabled" number_allocated="disabled" init_pointed="MULTI">
            <scalar comment="" line="96" base_type="float32" complete_type="float32" init_mode="PERMANENT" init_modes_allowed="4" init_range="min..max" global_assert="unsupported" assert_range="unsupported"/>
         </pointer>
         <scalar name="return" comment="" line="96" base_type="uint8" complete_type="uint8" init_mode="PERMANENT" init_modes_allowed="4" init_range="min..max" global_assert="unsupported" assert_range="unsupported"/>
      </function>
      <function name="Rte_Write_GmStrtStop_VehStrtStopMotTqCmdSca_Val" comment="" line="98" main_generator_called="disabled" attributes="extern">
         <scalar name="arg1" comment="" line="98" base_type="float32" complete_type="float32" init_mode="disabled" init_range="disabled" global_assert="unsupported" assert_range="unsupported"/>
         <scalar name="return" comment="" line="98" base_type="uint8" complete_type="uint8" init_mode="PERMANENT" init_modes_allowed="4" init_range="min..max" global_assert="unsupported" assert_range="unsupported"/>
      </function>
      <function name="Rte_Write_GmStrtStop_VehStrtStopRampRate_Val" comment="" line="99" main_generator_called="disabled" attributes="extern">
         <scalar name="arg1" comment="" line="99" base_type="float32" complete_type="float32" init_mode="disabled" init_range="disabled" global_assert="unsupported" assert_range="unsupported"/>
         <scalar name="return" comment="" line="99" base_type="uint8" complete_type="uint8" init_mode="PERMANENT" init_modes_allowed="4" init_range="min..max" global_assert="unsupported" assert_range="unsupported"/>
      </function>
      <function name="Rte_Write_GmStrtStop_VehStrtStopSt_Val" comment="" line="100" main_generator_called="disabled" attributes="extern">
         <scalar name="arg1" comment="" line="100" base_type="uint8" complete_type="uint8" init_mode="disabled" init_range="disabled" global_assert="unsupported" assert_range="unsupported"/>
         <scalar name="return" comment="" line="100" base_type="uint8" complete_type="uint8" init_mode="PERMANENT" init_modes_allowed="4" init_range="min..max" global_assert="unsupported" assert_range="unsupported"/>
      </function>
   </file>
   <file name="C:\\Component\\TL103A_CplrSuprt\\include\\2013.5.5\\ansi\\math.h" comment="">
      <function name="fabsf" comment="" line="742" main_generator_called="disabled" attributes="extern">
         <scalar name="arg1" comment="" line="742" base_type="float32" complete_type="float32" init_mode="disabled" init_range="disabled" global_assert="unsupported" assert_range="unsupported"/>
         <scalar name="return" comment="" line="742" base_type="float32" complete_type="float32" init_mode="PERMANENT" init_modes_allowed="4" init_range="min..max" global_assert="unsupported" assert_range="unsupported"/>
      </function>
   </file>
</global>
