<?xml version="1.0" encoding="UTF-8"?>
<!--EDRS Version 1.0-->
<global>
   <file name="C:\\Component\\AR100A_NxtrMath_Impl\\include\\NxtrMath.h" comment="">
      <function name="Abslt_f32_f32" comment="" line="205" main_generator_called="MAIN_GENERATOR" attributes="static">
         <scalar name="arg1" comment="" line="205" base_type="float32" attributes="static" complete_type="float32" init_mode="MAIN_GENERATOR" init_modes_allowed="10" init_range="min..max" global_assert="unsupported" assert_range="unsupported"/>
         <scalar name="return" comment="" line="205" base_type="float32" attributes="static" complete_type="float32" init_mode="disabled" init_range="disabled" global_assert="unsupported" assert_range="unsupported"/>
      </function>
   </file>
   <file name="C:\\Component\\AR101A_NxtrIntrpn_Impl\\include\\NxtrIntrpn.h" comment="">
      <function name="LnrIntrpn_u16_u16VariXu16VariY" comment="" line="43" main_generator_called="disabled" attributes="extern">
         <pointer name="arg1" comment="" line="43" complete_type="const uint16 *" init_mode="disabled" initialize_pointer="disabled" number_allocated="disabled" init_pointed="disabled">
            <scalar comment="" line="43" base_type="uint16" attributes="const" complete_type="uint16" init_mode="disabled" init_range="disabled" global_assert="unsupported" assert_range="unsupported"/>
         </pointer>
         <pointer name="arg2" comment="" line="43" complete_type="const uint16 *" init_mode="disabled" initialize_pointer="disabled" number_allocated="disabled" init_pointed="disabled">
            <scalar comment="" line="43" base_type="uint16" attributes="const" complete_type="uint16" init_mode="disabled" init_range="disabled" global_assert="unsupported" assert_range="unsupported"/>
         </pointer>
         <scalar name="arg3" comment="" line="43" base_type="uint16" complete_type="uint16" init_mode="disabled" init_range="disabled" global_assert="unsupported" assert_range="unsupported"/>
         <scalar name="arg4" comment="" line="43" base_type="uint16" complete_type="uint16" init_mode="disabled" init_range="disabled" global_assert="unsupported" assert_range="unsupported"/>
         <scalar name="return" comment="" line="43" base_type="uint16" complete_type="uint16" init_mode="PERMANENT" init_modes_allowed="4" init_range="min..max" global_assert="unsupported" assert_range="unsupported"/>
      </function>
   </file>
   <file name="C:\\Component\\AR103A_NxtrFixdPt_Impl\\include\\NxtrFixdPt.h" comment="">
      <function name="FixdToFloat_f32_u16" comment="" line="331" main_generator_called="MAIN_GENERATOR" attributes="static">
         <scalar name="arg1" comment="" line="331" base_type="uint16" attributes="static" complete_type="uint16" init_mode="MAIN_GENERATOR" init_modes_allowed="10" init_range="min..max" global_assert="unsupported" assert_range="unsupported"/>
         <scalar name="arg2" comment="" line="331" base_type="float32" attributes="static" complete_type="float32" init_mode="MAIN_GENERATOR" init_modes_allowed="10" init_range="min..max" global_assert="unsupported" assert_range="unsupported"/>
         <scalar name="return" comment="" line="331" base_type="float32" attributes="static" complete_type="float32" init_mode="disabled" init_range="disabled" global_assert="unsupported" assert_range="unsupported"/>
      </function>
      <function name="FloatToFixd_u16_f32" comment="" line="275" main_generator_called="MAIN_GENERATOR" attributes="static">
         <scalar name="arg1" comment="" line="275" base_type="float32" attributes="static" complete_type="float32" init_mode="MAIN_GENERATOR" init_modes_allowed="10" init_range="min..max" global_assert="unsupported" assert_range="unsupported"/>
         <scalar name="arg2" comment="" line="275" base_type="float32" attributes="static" complete_type="float32" init_mode="MAIN_GENERATOR" init_modes_allowed="10" init_range="min..max" global_assert="unsupported" assert_range="unsupported"/>
         <scalar name="return" comment="" line="275" base_type="uint16" attributes="static" complete_type="uint16" init_mode="disabled" init_range="disabled" global_assert="unsupported" assert_range="unsupported"/>
      </function>
   </file>
   <file name="C:\\Component\\SF023A_TunSelnAuthy_Impl\\src\\TunSelnAuthy.c" comment="">
      <function name="RtCalChgReq_Oper" comment="" line="180" main_generator_called="MAIN_GENERATOR" attributes="unused">
         <scalar name="return" comment="" line="180" base_type="uint8" complete_type="uint8" init_mode="disabled" init_range="disabled" global_assert="unsupported" assert_range="unsupported"/>
      </function>
      <function name="TunSelnAuthyInit1" comment="" line="247" main_generator_called="MAIN_GENERATOR" attributes="unused"/>
      <function name="XcpCalChgReq_Oper" comment="" line="291" main_generator_called="MAIN_GENERATOR" attributes="unused">
         <scalar name="return" comment="" line="291" base_type="uint8" complete_type="uint8" init_mode="disabled" init_range="disabled" global_assert="unsupported" assert_range="unsupported"/>
      </function>
   </file>
   <file name="C:\\Component\\SF023A_TunSelnAuthy_Impl\\tools\\contract\\Rte_TunSelnAuthy.h" comment="">
      <function name="Rte_Prm_TunSelnAuthy_TunSelnAuthyHwTqY_Ary1D" comment="" line="87" main_generator_called="disabled" attributes="extern">
         <pointer name="return" comment="" line="87" complete_type="const uint16 *" init_mode="PERMANENT" init_modes_allowed="4" initialize_pointer="May-be NULL" number_allocated="max" init_pointed="MULTI">
            <scalar comment="" line="87" base_type="uint16" attributes="const" complete_type="uint16" init_mode="PERMANENT" init_modes_allowed="4" init_range="min..max" global_assert="unsupported" assert_range="unsupported"/>
         </pointer>
      </function>
      <function name="Rte_Prm_TunSelnAuthy_TunSelnAuthyHwVelY_Ary1D" comment="" line="92" main_generator_called="disabled" attributes="extern">
         <pointer name="return" comment="" line="92" complete_type="const uint16 *" init_mode="PERMANENT" init_modes_allowed="4" initialize_pointer="May-be NULL" number_allocated="max" init_pointed="MULTI">
            <scalar comment="" line="92" base_type="uint16" attributes="const" complete_type="uint16" init_mode="PERMANENT" init_modes_allowed="4" init_range="min..max" global_assert="unsupported" assert_range="unsupported"/>
         </pointer>
      </function>
      <function name="Rte_Prm_TunSelnAuthy_TunSelnAuthyTunSelnRtDiCmd_Logl" comment="" line="85" main_generator_called="disabled" attributes="extern">
         <scalar name="return" comment="" line="85" base_type="uint8" complete_type="uint8" init_mode="PERMANENT" init_modes_allowed="4" init_range="min..max" global_assert="unsupported" assert_range="unsupported"/>
      </function>
      <function name="Rte_Prm_TunSelnAuthy_TunSelnAuthyVehSpdX_Ary1D" comment="" line="97" main_generator_called="disabled" attributes="extern">
         <pointer name="return" comment="" line="97" complete_type="const uint16 *" init_mode="PERMANENT" init_modes_allowed="4" initialize_pointer="May-be NULL" number_allocated="max" init_pointed="MULTI">
            <scalar comment="" line="97" base_type="uint16" attributes="const" complete_type="uint16" init_mode="PERMANENT" init_modes_allowed="4" init_range="min..max" global_assert="unsupported" assert_range="unsupported"/>
         </pointer>
      </function>
      <function name="Rte_Read_TunSelnAuthy_HwTq_Val" comment="" line="81" main_generator_called="disabled" attributes="extern">
         <pointer name="arg1" comment="" line="81" complete_type="float32 *" init_mode="disabled" initialize_pointer="disabled" number_allocated="disabled" init_pointed="MULTI">
            <scalar comment="" line="81" base_type="float32" complete_type="float32" init_mode="PERMANENT" init_modes_allowed="4" init_range="min..max" global_assert="unsupported" assert_range="unsupported"/>
         </pointer>
         <scalar name="return" comment="" line="81" base_type="uint8" complete_type="uint8" init_mode="PERMANENT" init_modes_allowed="4" init_range="min..max" global_assert="unsupported" assert_range="unsupported"/>
      </function>
      <function name="Rte_Read_TunSelnAuthy_HwVel_Val" comment="" line="82" main_generator_called="disabled" attributes="extern">
         <pointer name="arg1" comment="" line="82" complete_type="float32 *" init_mode="disabled" initialize_pointer="disabled" number_allocated="disabled" init_pointed="MULTI">
            <scalar comment="" line="82" base_type="float32" complete_type="float32" init_mode="PERMANENT" init_modes_allowed="4" init_range="min..max" global_assert="unsupported" assert_range="unsupported"/>
         </pointer>
         <scalar name="return" comment="" line="82" base_type="uint8" complete_type="uint8" init_mode="PERMANENT" init_modes_allowed="4" init_range="min..max" global_assert="unsupported" assert_range="unsupported"/>
      </function>
      <function name="Rte_Read_TunSelnAuthy_TunSelnRtDi_Logl" comment="" line="83" main_generator_called="disabled" attributes="extern">
         <pointer name="arg1" comment="" line="83" complete_type="uint8 *" init_mode="disabled" initialize_pointer="disabled" number_allocated="disabled" init_pointed="MULTI">
            <scalar comment="" line="83" base_type="uint8" complete_type="uint8" init_mode="PERMANENT" init_modes_allowed="4" init_range="min..max" global_assert="unsupported" assert_range="unsupported"/>
         </pointer>
         <scalar name="return" comment="" line="83" base_type="uint8" complete_type="uint8" init_mode="PERMANENT" init_modes_allowed="4" init_range="min..max" global_assert="unsupported" assert_range="unsupported"/>
      </function>
      <function name="Rte_Read_TunSelnAuthy_VehSpd_Val" comment="" line="84" main_generator_called="disabled" attributes="extern">
         <pointer name="arg1" comment="" line="84" complete_type="float32 *" init_mode="disabled" initialize_pointer="disabled" number_allocated="disabled" init_pointed="MULTI">
            <scalar comment="" line="84" base_type="float32" complete_type="float32" init_mode="PERMANENT" init_modes_allowed="4" init_range="min..max" global_assert="unsupported" assert_range="unsupported"/>
         </pointer>
         <scalar name="return" comment="" line="84" base_type="uint8" complete_type="uint8" init_mode="PERMANENT" init_modes_allowed="4" init_range="min..max" global_assert="unsupported" assert_range="unsupported"/>
      </function>
   </file>
   <file name="C:\\Component\\TL103A_CplrSuprt\\include\\2013.5.5\\ansi\\math.h" comment="">
      <function name="fabsf" comment="" line="742" main_generator_called="disabled" attributes="extern">
         <scalar name="arg1" comment="" line="742" base_type="float32" complete_type="float32" init_mode="disabled" init_range="disabled" global_assert="unsupported" assert_range="unsupported"/>
         <scalar name="return" comment="" line="742" base_type="float32" complete_type="float32" init_mode="PERMANENT" init_modes_allowed="4" init_range="min..max" global_assert="unsupported" assert_range="unsupported"/>
      </function>
   </file>
</global>
