<?xml version="1.0" encoding="UTF-8"?>

<MISRA-C-Report version="1.3">


<CodeStruct Name="" File="C:\component\ES320A_MotDrvDiagc_Impl\src\MotDrvDiagc.c" Line="0" Column="0">

<Rule Name="19.1" Mode="advisory" Report="warning" Id="1">
<Loc File="C:\component\ES320A_MotDrvDiagc_Impl\src\MotDrvDiagc.c" Line="676" Column="0">
</Loc>
<Message>
#include statements in a file shall only be preceded by other preprocessor directives or comments.
</Message>
</Rule>

<Rule Name="19.1" Mode="advisory" Report="warning" Id="2">
<Loc File="C:\component\ES320A_MotDrvDiagc_Impl\src\MotDrvDiagc.c" Line="1039" Column="0">
</Loc>
<Message>
#include statements in a file shall only be preceded by other preprocessor directives or comments.
</Message>
</Rule>

</CodeStruct>

<CodeStruct Name="MotDrvDiagcInit1" File="C:\component\ES320A_MotDrvDiagc_Impl\src\MotDrvDiagc.c" Line="688" Column="5">

<Rule Name="21.1" Mode="required" Report="warning" Id="3">
<Loc File="C:\component\ES320A_MotDrvDiagc_Impl\src\MotDrvDiagc.c" Line="695" Column="100">
</Loc>
<Message>
Minimisation of run-time failures.
</Message>
</Rule>

</CodeStruct>

<CodeStruct Name="MotDrvDiagcPer1" File="C:\component\ES320A_MotDrvDiagc_Impl\src\MotDrvDiagc.c" Line="756" Column="5">

<Rule Name="21.1" Mode="required" Report="warning" Id="4">
<Loc File="C:\component\ES320A_MotDrvDiagc_Impl\src\MotDrvDiagc.c" Line="819" Column="12">
</Loc>
<Message>
Minimisation of run-time failures.
</Message>
</Rule>

<Rule Name="21.1" Mode="required" Report="warning" Id="5">
<Loc File="C:\component\ES320A_MotDrvDiagc_Impl\src\MotDrvDiagc.c" Line="819" Column="34">
</Loc>
<Message>
Minimisation of run-time failures.
</Message>
</Rule>

<Rule Name="9.1" Mode="required" Report="warning" Id="6">
<Loc File="C:\component\ES320A_MotDrvDiagc_Impl\src\MotDrvDiagc.c" Line="819" Column="71">
</Loc>
<Message>
All automatic variables shall have been assigned a value before being used.
</Message>
</Rule>

<Rule Name="21.1" Mode="required" Report="warning" Id="7">
<Loc File="C:\component\ES320A_MotDrvDiagc_Impl\src\MotDrvDiagc.c" Line="828" Column="12">
</Loc>
<Message>
Minimisation of run-time failures.
</Message>
</Rule>

<Rule Name="9.1" Mode="required" Report="warning" Id="8">
<Loc File="C:\component\ES320A_MotDrvDiagc_Impl\src\MotDrvDiagc.c" Line="828" Column="71">
</Loc>
<Message>
All automatic variables shall have been assigned a value before being used.
</Message>
</Rule>

<Rule Name="21.1" Mode="required" Report="warning" Id="9">
<Loc File="C:\component\ES320A_MotDrvDiagc_Impl\src\MotDrvDiagc.c" Line="837" Column="12">
</Loc>
<Message>
Minimisation of run-time failures.
</Message>
</Rule>

<Rule Name="9.1" Mode="required" Report="warning" Id="10">
<Loc File="C:\component\ES320A_MotDrvDiagc_Impl\src\MotDrvDiagc.c" Line="837" Column="71">
</Loc>
<Message>
All automatic variables shall have been assigned a value before being used.
</Message>
</Rule>

<Rule Name="9.1" Mode="required" Report="warning" Id="11">
<Loc File="C:\component\ES320A_MotDrvDiagc_Impl\src\MotDrvDiagc.c" Line="851" Column="12">
</Loc>
<Message>
All automatic variables shall have been assigned a value before being used.
</Message>
</Rule>

<Rule Name="21.1" Mode="required" Report="warning" Id="12">
<Loc File="C:\component\ES320A_MotDrvDiagc_Impl\src\MotDrvDiagc.c" Line="851" Column="41">
</Loc>
<Message>
Minimisation of run-time failures.
</Message>
</Rule>

<Rule Name="9.1" Mode="required" Report="warning" Id="13">
<Loc File="C:\component\ES320A_MotDrvDiagc_Impl\src\MotDrvDiagc.c" Line="855" Column="19">
</Loc>
<Message>
All automatic variables shall have been assigned a value before being used.
</Message>
</Rule>

<Rule Name="9.1" Mode="required" Report="warning" Id="14">
<Loc File="C:\component\ES320A_MotDrvDiagc_Impl\src\MotDrvDiagc.c" Line="863" Column="108">
</Loc>
<Message>
All automatic variables shall have been assigned a value before being used.
</Message>
</Rule>

<Rule Name="9.1" Mode="required" Report="warning" Id="15">
<Loc File="C:\component\ES320A_MotDrvDiagc_Impl\src\MotDrvDiagc.c" Line="868" Column="108">
</Loc>
<Message>
All automatic variables shall have been assigned a value before being used.
</Message>
</Rule>

<Rule Name="9.1" Mode="required" Report="warning" Id="16">
<Loc File="C:\component\ES320A_MotDrvDiagc_Impl\src\MotDrvDiagc.c" Line="873" Column="108">
</Loc>
<Message>
All automatic variables shall have been assigned a value before being used.
</Message>
</Rule>

<Rule Name="9.1" Mode="required" Report="warning" Id="17">
<Loc File="C:\component\ES320A_MotDrvDiagc_Impl\src\MotDrvDiagc.c" Line="937" Column="19">
</Loc>
<Message>
All automatic variables shall have been assigned a value before being used.
</Message>
</Rule>

<Rule Name="9.1" Mode="required" Report="warning" Id="18">
<Loc File="C:\component\ES320A_MotDrvDiagc_Impl\src\MotDrvDiagc.c" Line="945" Column="108">
</Loc>
<Message>
All automatic variables shall have been assigned a value before being used.
</Message>
</Rule>

<Rule Name="9.1" Mode="required" Report="warning" Id="19">
<Loc File="C:\component\ES320A_MotDrvDiagc_Impl\src\MotDrvDiagc.c" Line="950" Column="108">
</Loc>
<Message>
All automatic variables shall have been assigned a value before being used.
</Message>
</Rule>

<Rule Name="9.1" Mode="required" Report="warning" Id="20">
<Loc File="C:\component\ES320A_MotDrvDiagc_Impl\src\MotDrvDiagc.c" Line="955" Column="108">
</Loc>
<Message>
All automatic variables shall have been assigned a value before being used.
</Message>
</Rule>

<Rule Name="21.1" Mode="required" Report="warning" Id="21">
<Loc File="C:\component\ES320A_MotDrvDiagc_Impl\src\MotDrvDiagc.c" Line="1021" Column="12">
</Loc>
<Message>
Minimisation of run-time failures.
</Message>
</Rule>

<Rule Name="21.1" Mode="required" Report="warning" Id="22">
<Loc File="C:\component\ES320A_MotDrvDiagc_Impl\src\MotDrvDiagc.c" Line="1025" Column="16">
</Loc>
<Message>
Minimisation of run-time failures.
</Message>
</Rule>

</CodeStruct>

</MISRA-C-Report>
