<?xml version="1.0" encoding="UTF-8"?>
<MISRA-C-Report-Summary>
<File Mode="advisory" Error="0" Warning="2" Total="2">
<Name>
C:\component\CF010A_GmTqArbn_Impl\src\GmTqArbn.c</Name>
</File>
<File Mode="required" Error="0" Warning="31" Total="31">
<Name>
C:\component\CF010A_GmTqArbn_Impl\src\GmTqArbn.c</Name>
</File>
<Rule Name="11.5" Count="19" Mode="required" Severity="warning">
<Message>
A cast shall not be performed that removes any const or volatile qualification</Message>
</Rule>
<Rule Name="12.3" Count="10" Mode="required" Severity="warning">
<Message>
The sizeof operator should not be used on expressions that contain side effects.</Message>
</Rule>
<Rule Name="19.1" Count="2" Mode="advisory" Severity="warning">
<Message>
#include statements in a file shall only be preceded by other preprocessor directives or comments.</Message>
</Rule>
<Rule Name="8.10" Count="2" Mode="required" Severity="warning">
<Message>
</Message>
</Rule>
</MISRA-C-Report-Summary>
