<?xml version="1.0" encoding="UTF-8"?>

<MISRA-C-Report version="1.3">


<CodeStruct Name="" File="C:\Component\ES006A_NvM_Impl\src\CDD_NvMProxy.c" Line="0" Column="0">

<Rule Name="19.1" Mode="advisory" Report="warning" Id="23">
<Loc File="C:\Component\ES006A_NvM_Impl\src\CDD_NvMProxy.c" Line="692" Column="0">
</Loc>
<Message>
#include statements in a file shall only be preceded by other preprocessor directives or comments.
</Message>
</Rule>

</CodeStruct>

<CodeStruct Name="NONTRUSTED_NtWrapS_NvM_InvalidateNvBlock" File="C:\Component\ES006A_NvM_Impl\src\CDD_NvMProxyApi.c" Line="510" Column="5">

<Rule Name="16.7" Mode="advisory" Report="warning" Id="18">
<Loc File="C:\Component\ES006A_NvM_Impl\src\CDD_NvMProxyApi.c" Line="510" Column="124">
</Loc>
<Message>
A pointer parameter in a function prototype should be declared as pointer to const
if the pointer is not used to modify the addressed object.
</Message>
</Rule>

<Rule Name="21.1" Mode="required" Report="warning" Id="19">
<Loc File="C:\Component\ES006A_NvM_Impl\src\CDD_NvMProxyApi.c" Line="512" Column="5">
</Loc>
<Message>
Minimisation of run-time failures.
</Message>
</Rule>

<Rule Name="21.1" Mode="required" Report="warning" Id="20">
<Loc File="C:\Component\ES006A_NvM_Impl\src\CDD_NvMProxyApi.c" Line="512" Column="27">
</Loc>
<Message>
Minimisation of run-time failures.
</Message>
</Rule>

<Rule Name="21.1" Mode="required" Report="warning" Id="21">
<Loc File="C:\Component\ES006A_NvM_Impl\src\CDD_NvMProxyApi.c" Line="512" Column="43">
</Loc>
<Message>
Minimisation of run-time failures.
</Message>
</Rule>

<Rule Name="21.1" Mode="required" Report="warning" Id="22">
<Loc File="C:\Component\ES006A_NvM_Impl\src\CDD_NvMProxyApi.c" Line="512" Column="169">
</Loc>
<Message>
Minimisation of run-time failures.
</Message>
</Rule>

</CodeStruct>

<CodeStruct Name="NvMProxy_ReadBlock" File="C:\Component\ES006A_NvM_Impl\src\CDD_NvMProxyApi.c" Line="259" Column="15">

<Rule Name="5.6" Mode="advisory" Report="warning" Id="11">
<Loc File="C:\Component\ES006A_NvM_Impl\src\CDD_NvMProxyApi.c" Line="259" Column="51">
</Loc>
<Message>
Parameter name 'BlockId' should not be reused.
Already used as member name at C:\Component\ES006A_NvM_Impl\src\CDD_NvMProxyApi.c:42.
</Message>
</Rule>

<Rule Name="5.7" Mode="advisory" Report="warning" Id="12">
<Loc File="C:\Component\ES006A_NvM_Impl\src\CDD_NvMProxyApi.c" Line="259" Column="51">
</Loc>
<Message>
Parameter name 'BlockId' should not be reused.
Already used as member name at C:\Component\ES006A_NvM_Impl\src\CDD_NvMProxyApi.c:42.
</Message>
</Rule>

<Rule Name="5.6" Mode="advisory" Report="warning" Id="13">
<Loc File="C:\Component\ES006A_NvM_Impl\src\CDD_NvMProxyApi.c" Line="260" Column="67">
</Loc>
<Message>
Parameter name 'NvM_DstPtr' should not be reused.
Already used as member name at C:\Component\ES006A_NvM_Impl\src\CDD_NvMProxyApi.c:60.
</Message>
</Rule>

<Rule Name="5.7" Mode="advisory" Report="warning" Id="14">
<Loc File="C:\Component\ES006A_NvM_Impl\src\CDD_NvMProxyApi.c" Line="260" Column="67">
</Loc>
<Message>
Parameter name 'NvM_DstPtr' should not be reused.
Already used as member name at C:\Component\ES006A_NvM_Impl\src\CDD_NvMProxyApi.c:60.
</Message>
</Rule>

<Rule Name="21.1" Mode="required" Report="warning" Id="15">
<Loc File="C:\Component\ES006A_NvM_Impl\src\CDD_NvMProxyApi.c" Line="278" Column="28">
</Loc>
<Message>
Minimisation of run-time failures.
</Message>
</Rule>

<Rule Name="21.1" Mode="required" Report="warning" Id="16">
<Loc File="C:\Component\ES006A_NvM_Impl\src\CDD_NvMProxyApi.c" Line="278" Column="50">
</Loc>
<Message>
Minimisation of run-time failures.
</Message>
</Rule>

<Rule Name="21.1" Mode="required" Report="warning" Id="17">
<Loc File="C:\Component\ES006A_NvM_Impl\src\CDD_NvMProxyApi.c" Line="278" Column="66">
</Loc>
<Message>
Minimisation of run-time failures.
</Message>
</Rule>

</CodeStruct>

<CodeStruct Name="" File="C:\Component\ES006A_NvM_Impl\src\CDD_NvMProxyApi.c" Line="0" Column="0">

<Rule Name="5.7" Mode="advisory" Report="warning" Id="2">
<Loc File="C:\Component\ES006A_NvM_Impl\src\CDD_NvMProxyApi.c" Line="46" Column="20">
</Loc>
<Message>
Member name 'BlockId' should not be reused.
Already used as member name at C:\Component\ES006A_NvM_Impl\src\CDD_NvMProxyApi.c:42.
</Message>
</Rule>

<Rule Name="5.7" Mode="advisory" Report="warning" Id="3">
<Loc File="C:\Component\ES006A_NvM_Impl\src\CDD_NvMProxyApi.c" Line="51" Column="20">
</Loc>
<Message>
Member name 'BlockId' should not be reused.
Already used as member name at C:\Component\ES006A_NvM_Impl\src\CDD_NvMProxyApi.c:42.
</Message>
</Rule>

<Rule Name="5.7" Mode="advisory" Report="warning" Id="4">
<Loc File="C:\Component\ES006A_NvM_Impl\src\CDD_NvMProxyApi.c" Line="59" Column="20">
</Loc>
<Message>
Member name 'BlockId' should not be reused.
Already used as member name at C:\Component\ES006A_NvM_Impl\src\CDD_NvMProxyApi.c:42.
</Message>
</Rule>

<Rule Name="5.7" Mode="advisory" Report="warning" Id="5">
<Loc File="C:\Component\ES006A_NvM_Impl\src\CDD_NvMProxyApi.c" Line="67" Column="20">
</Loc>
<Message>
Member name 'BlockId' should not be reused.
Already used as member name at C:\Component\ES006A_NvM_Impl\src\CDD_NvMProxyApi.c:42.
</Message>
</Rule>

<Rule Name="5.7" Mode="advisory" Report="warning" Id="6">
<Loc File="C:\Component\ES006A_NvM_Impl\src\CDD_NvMProxyApi.c" Line="72" Column="20">
</Loc>
<Message>
Member name 'BlockId' should not be reused.
Already used as member name at C:\Component\ES006A_NvM_Impl\src\CDD_NvMProxyApi.c:42.
</Message>
</Rule>

<Rule Name="5.7" Mode="advisory" Report="warning" Id="7">
<Loc File="C:\Component\ES006A_NvM_Impl\src\CDD_NvMProxyApi.c" Line="77" Column="20">
</Loc>
<Message>
Member name 'BlockId' should not be reused.
Already used as member name at C:\Component\ES006A_NvM_Impl\src\CDD_NvMProxyApi.c:42.
</Message>
</Rule>

<Rule Name="5.7" Mode="advisory" Report="warning" Id="8">
<Loc File="C:\Component\ES006A_NvM_Impl\src\CDD_NvMProxyApi.c" Line="82" Column="20">
</Loc>
<Message>
Member name 'BlockId' should not be reused.
Already used as member name at C:\Component\ES006A_NvM_Impl\src\CDD_NvMProxyApi.c:42.
</Message>
</Rule>

<Rule Name="19.1" Mode="advisory" Report="warning" Id="9">
<Loc File="C:\Component\ES006A_NvM_Impl\src\CDD_NvMProxyApi.c" Line="98" Column="0">
</Loc>
<Message>
#include statements in a file shall only be preceded by other preprocessor directives or comments.
</Message>
</Rule>

<Rule Name="19.1" Mode="advisory" Report="warning" Id="10">
<Loc File="C:\Component\ES006A_NvM_Impl\src\CDD_NvMProxyApi.c" Line="637" Column="0">
</Loc>
<Message>
#include statements in a file shall only be preceded by other preprocessor directives or comments.
</Message>
</Rule>

</CodeStruct>

<CodeStruct Name="" File="C:\Component\ES006A_NvM_Impl\src\CDD_NvMProxyNonRte.c" Line="0" Column="0">

<Rule Name="19.1" Mode="advisory" Report="warning" Id="1">
<Loc File="C:\Component\ES006A_NvM_Impl\src\CDD_NvMProxyNonRte.c" Line="156" Column="0">
</Loc>
<Message>
#include statements in a file shall only be preceded by other preprocessor directives or comments.
</Message>
</Rule>

</CodeStruct>

<CodeStruct Name="NvMProxy_SetBlockProtection" File="C:\Component\ES006A_NvM_Impl\src\CDD_NvMProxyApi.c" Line="318" Column="15">

<Rule Name="5.6" Mode="advisory" Report="warning" Id="24">
<Loc File="C:\Component\ES006A_NvM_Impl\src\CDD_NvMProxyApi.c" Line="318" Column="60">
</Loc>
<Message>
Parameter name 'BlockId' should not be reused.
Already used as member name at C:\Component\ES006A_NvM_Impl\src\CDD_NvMProxyApi.c:42.
</Message>
</Rule>

<Rule Name="5.7" Mode="advisory" Report="warning" Id="25">
<Loc File="C:\Component\ES006A_NvM_Impl\src\CDD_NvMProxyApi.c" Line="318" Column="60">
</Loc>
<Message>
Parameter name 'BlockId' should not be reused.
Already used as member name at C:\Component\ES006A_NvM_Impl\src\CDD_NvMProxyApi.c:42.
</Message>
</Rule>

<Rule Name="5.6" Mode="advisory" Report="warning" Id="26">
<Loc File="C:\Component\ES006A_NvM_Impl\src\CDD_NvMProxyApi.c" Line="319" Column="77">
</Loc>
<Message>
Parameter name 'ProtectionEnabled' should not be reused.
Already used as member name at C:\Component\ES006A_NvM_Impl\src\CDD_NvMProxyApi.c:68.
</Message>
</Rule>

<Rule Name="5.7" Mode="advisory" Report="warning" Id="27">
<Loc File="C:\Component\ES006A_NvM_Impl\src\CDD_NvMProxyApi.c" Line="319" Column="77">
</Loc>
<Message>
Parameter name 'ProtectionEnabled' should not be reused.
Already used as member name at C:\Component\ES006A_NvM_Impl\src\CDD_NvMProxyApi.c:68.
</Message>
</Rule>

<Rule Name="21.1" Mode="required" Report="warning" Id="28">
<Loc File="C:\Component\ES006A_NvM_Impl\src\CDD_NvMProxyApi.c" Line="337" Column="28">
</Loc>
<Message>
Minimisation of run-time failures.
</Message>
</Rule>

<Rule Name="21.1" Mode="required" Report="warning" Id="29">
<Loc File="C:\Component\ES006A_NvM_Impl\src\CDD_NvMProxyApi.c" Line="337" Column="50">
</Loc>
<Message>
Minimisation of run-time failures.
</Message>
</Rule>

<Rule Name="21.1" Mode="required" Report="warning" Id="30">
<Loc File="C:\Component\ES006A_NvM_Impl\src\CDD_NvMProxyApi.c" Line="337" Column="66">
</Loc>
<Message>
Minimisation of run-time failures.
</Message>
</Rule>

</CodeStruct>

<CodeStruct Name="NONTRUSTED_NtWrapS_NvM_SetRamBlockStatus" File="C:\Component\ES006A_NvM_Impl\src\CDD_NvMProxyApi.c" Line="569" Column="5">

<Rule Name="16.7" Mode="advisory" Report="warning" Id="40">
<Loc File="C:\Component\ES006A_NvM_Impl\src\CDD_NvMProxyApi.c" Line="569" Column="124">
</Loc>
<Message>
A pointer parameter in a function prototype should be declared as pointer to const
if the pointer is not used to modify the addressed object.
</Message>
</Rule>

<Rule Name="21.1" Mode="required" Report="warning" Id="41">
<Loc File="C:\Component\ES006A_NvM_Impl\src\CDD_NvMProxyApi.c" Line="571" Column="5">
</Loc>
<Message>
Minimisation of run-time failures.
</Message>
</Rule>

<Rule Name="21.1" Mode="required" Report="warning" Id="42">
<Loc File="C:\Component\ES006A_NvM_Impl\src\CDD_NvMProxyApi.c" Line="571" Column="27">
</Loc>
<Message>
Minimisation of run-time failures.
</Message>
</Rule>

<Rule Name="21.1" Mode="required" Report="warning" Id="43">
<Loc File="C:\Component\ES006A_NvM_Impl\src\CDD_NvMProxyApi.c" Line="571" Column="43">
</Loc>
<Message>
Minimisation of run-time failures.
</Message>
</Rule>

<Rule Name="21.1" Mode="required" Report="warning" Id="44">
<Loc File="C:\Component\ES006A_NvM_Impl\src\CDD_NvMProxyApi.c" Line="571" Column="169">
</Loc>
<Message>
Minimisation of run-time failures.
</Message>
</Rule>

</CodeStruct>

<CodeStruct Name="NvMProxy_GetErrorStatus" File="C:\Component\ES006A_NvM_Impl\src\CDD_NvMProxyApi.c" Line="187" Column="15">

<Rule Name="5.6" Mode="advisory" Report="warning" Id="31">
<Loc File="C:\Component\ES006A_NvM_Impl\src\CDD_NvMProxyApi.c" Line="187" Column="56">
</Loc>
<Message>
Parameter name 'BlockId' should not be reused.
Already used as member name at C:\Component\ES006A_NvM_Impl\src\CDD_NvMProxyApi.c:42.
</Message>
</Rule>

<Rule Name="5.7" Mode="advisory" Report="warning" Id="32">
<Loc File="C:\Component\ES006A_NvM_Impl\src\CDD_NvMProxyApi.c" Line="187" Column="56">
</Loc>
<Message>
Parameter name 'BlockId' should not be reused.
Already used as member name at C:\Component\ES006A_NvM_Impl\src\CDD_NvMProxyApi.c:42.
</Message>
</Rule>

<Rule Name="5.6" Mode="advisory" Report="warning" Id="33">
<Loc File="C:\Component\ES006A_NvM_Impl\src\CDD_NvMProxyApi.c" Line="188" Column="72">
</Loc>
<Message>
Parameter name 'RequestResultPtr' should not be reused.
Already used as member name at C:\Component\ES006A_NvM_Impl\src\CDD_NvMProxyApi.c:47.
</Message>
</Rule>

<Rule Name="5.7" Mode="advisory" Report="warning" Id="34">
<Loc File="C:\Component\ES006A_NvM_Impl\src\CDD_NvMProxyApi.c" Line="188" Column="72">
</Loc>
<Message>
Parameter name 'RequestResultPtr' should not be reused.
Already used as member name at C:\Component\ES006A_NvM_Impl\src\CDD_NvMProxyApi.c:47.
</Message>
</Rule>

<Rule Name="21.1" Mode="required" Report="warning" Id="35">
<Loc File="C:\Component\ES006A_NvM_Impl\src\CDD_NvMProxyApi.c" Line="205" Column="8">
</Loc>
<Message>
Minimisation of run-time failures.
</Message>
</Rule>

<Rule Name="21.1" Mode="required" Report="warning" Id="36">
<Loc File="C:\Component\ES006A_NvM_Impl\src\CDD_NvMProxyApi.c" Line="205" Column="29">
</Loc>
<Message>
Minimisation of run-time failures.
</Message>
</Rule>

<Rule Name="21.1" Mode="required" Report="warning" Id="37">
<Loc File="C:\Component\ES006A_NvM_Impl\src\CDD_NvMProxyApi.c" Line="205" Column="51">
</Loc>
<Message>
Minimisation of run-time failures.
</Message>
</Rule>

<Rule Name="21.1" Mode="required" Report="warning" Id="38">
<Loc File="C:\Component\ES006A_NvM_Impl\src\CDD_NvMProxyApi.c" Line="205" Column="67">
</Loc>
<Message>
Minimisation of run-time failures.
</Message>
</Rule>

<Rule Name="21.1" Mode="required" Report="warning" Id="39">
<Loc File="C:\Component\ES006A_NvM_Impl\src\CDD_NvMProxyApi.c" Line="206" Column="28">
</Loc>
<Message>
Minimisation of run-time failures.
</Message>
</Rule>

</CodeStruct>

<CodeStruct Name="NONTRUSTED_NtWrapS_NvM_WriteBlock" File="C:\Component\ES006A_NvM_Impl\src\CDD_NvMProxyApi.c" Line="629" Column="5">

<Rule Name="16.7" Mode="advisory" Report="warning" Id="45">
<Loc File="C:\Component\ES006A_NvM_Impl\src\CDD_NvMProxyApi.c" Line="629" Column="117">
</Loc>
<Message>
A pointer parameter in a function prototype should be declared as pointer to const
if the pointer is not used to modify the addressed object.
</Message>
</Rule>

<Rule Name="21.1" Mode="required" Report="warning" Id="46">
<Loc File="C:\Component\ES006A_NvM_Impl\src\CDD_NvMProxyApi.c" Line="631" Column="5">
</Loc>
<Message>
Minimisation of run-time failures.
</Message>
</Rule>

<Rule Name="21.1" Mode="required" Report="warning" Id="47">
<Loc File="C:\Component\ES006A_NvM_Impl\src\CDD_NvMProxyApi.c" Line="631" Column="27">
</Loc>
<Message>
Minimisation of run-time failures.
</Message>
</Rule>

<Rule Name="21.1" Mode="required" Report="warning" Id="48">
<Loc File="C:\Component\ES006A_NvM_Impl\src\CDD_NvMProxyApi.c" Line="631" Column="43">
</Loc>
<Message>
Minimisation of run-time failures.
</Message>
</Rule>

<Rule Name="21.1" Mode="required" Report="warning" Id="49">
<Loc File="C:\Component\ES006A_NvM_Impl\src\CDD_NvMProxyApi.c" Line="631" Column="148">
</Loc>
<Message>
Minimisation of run-time failures.
</Message>
</Rule>

</CodeStruct>

<CodeStruct Name="NvMProxy_SetRamBlockStatus" File="C:\Component\ES006A_NvM_Impl\src\CDD_NvMProxyApi.c" Line="392" Column="15">

<Rule Name="5.6" Mode="advisory" Report="warning" Id="50">
<Loc File="C:\Component\ES006A_NvM_Impl\src\CDD_NvMProxyApi.c" Line="392" Column="59">
</Loc>
<Message>
Parameter name 'BlockId' should not be reused.
Already used as member name at C:\Component\ES006A_NvM_Impl\src\CDD_NvMProxyApi.c:42.
</Message>
</Rule>

<Rule Name="5.7" Mode="advisory" Report="warning" Id="51">
<Loc File="C:\Component\ES006A_NvM_Impl\src\CDD_NvMProxyApi.c" Line="392" Column="59">
</Loc>
<Message>
Parameter name 'BlockId' should not be reused.
Already used as member name at C:\Component\ES006A_NvM_Impl\src\CDD_NvMProxyApi.c:42.
</Message>
</Rule>

<Rule Name="5.6" Mode="advisory" Report="warning" Id="52">
<Loc File="C:\Component\ES006A_NvM_Impl\src\CDD_NvMProxyApi.c" Line="393" Column="76">
</Loc>
<Message>
Parameter name 'BlockChanged' should not be reused.
Already used as member name at C:\Component\ES006A_NvM_Impl\src\CDD_NvMProxyApi.c:78.
</Message>
</Rule>

<Rule Name="5.7" Mode="advisory" Report="warning" Id="53">
<Loc File="C:\Component\ES006A_NvM_Impl\src\CDD_NvMProxyApi.c" Line="393" Column="76">
</Loc>
<Message>
Parameter name 'BlockChanged' should not be reused.
Already used as member name at C:\Component\ES006A_NvM_Impl\src\CDD_NvMProxyApi.c:78.
</Message>
</Rule>

<Rule Name="21.1" Mode="required" Report="warning" Id="54">
<Loc File="C:\Component\ES006A_NvM_Impl\src\CDD_NvMProxyApi.c" Line="411" Column="28">
</Loc>
<Message>
Minimisation of run-time failures.
</Message>
</Rule>

<Rule Name="21.1" Mode="required" Report="warning" Id="55">
<Loc File="C:\Component\ES006A_NvM_Impl\src\CDD_NvMProxyApi.c" Line="411" Column="50">
</Loc>
<Message>
Minimisation of run-time failures.
</Message>
</Rule>

<Rule Name="21.1" Mode="required" Report="warning" Id="56">
<Loc File="C:\Component\ES006A_NvM_Impl\src\CDD_NvMProxyApi.c" Line="411" Column="66">
</Loc>
<Message>
Minimisation of run-time failures.
</Message>
</Rule>

</CodeStruct>

<CodeStruct Name="NONTRUSTED_NtWrapS_NvM_EraseNvBlock" File="C:\Component\ES006A_NvM_Impl\src\CDD_NvMProxyApi.c" Line="471" Column="5">

<Rule Name="16.7" Mode="advisory" Report="warning" Id="71">
<Loc File="C:\Component\ES006A_NvM_Impl\src\CDD_NvMProxyApi.c" Line="471" Column="119">
</Loc>
<Message>
A pointer parameter in a function prototype should be declared as pointer to const
if the pointer is not used to modify the addressed object.
</Message>
</Rule>

<Rule Name="21.1" Mode="required" Report="warning" Id="72">
<Loc File="C:\Component\ES006A_NvM_Impl\src\CDD_NvMProxyApi.c" Line="473" Column="5">
</Loc>
<Message>
Minimisation of run-time failures.
</Message>
</Rule>

<Rule Name="21.1" Mode="required" Report="warning" Id="73">
<Loc File="C:\Component\ES006A_NvM_Impl\src\CDD_NvMProxyApi.c" Line="473" Column="27">
</Loc>
<Message>
Minimisation of run-time failures.
</Message>
</Rule>

<Rule Name="21.1" Mode="required" Report="warning" Id="74">
<Loc File="C:\Component\ES006A_NvM_Impl\src\CDD_NvMProxyApi.c" Line="473" Column="43">
</Loc>
<Message>
Minimisation of run-time failures.
</Message>
</Rule>

<Rule Name="21.1" Mode="required" Report="warning" Id="75">
<Loc File="C:\Component\ES006A_NvM_Impl\src\CDD_NvMProxyApi.c" Line="473" Column="154">
</Loc>
<Message>
Minimisation of run-time failures.
</Message>
</Rule>

</CodeStruct>

<CodeStruct Name="NvMProxy_GetDataIndex" File="C:\Component\ES006A_NvM_Impl\src\CDD_NvMProxyApi.c" Line="150" Column="15">

<Rule Name="5.6" Mode="advisory" Report="warning" Id="62">
<Loc File="C:\Component\ES006A_NvM_Impl\src\CDD_NvMProxyApi.c" Line="150" Column="54">
</Loc>
<Message>
Parameter name 'BlockId' should not be reused.
Already used as member name at C:\Component\ES006A_NvM_Impl\src\CDD_NvMProxyApi.c:42.
</Message>
</Rule>

<Rule Name="5.7" Mode="advisory" Report="warning" Id="63">
<Loc File="C:\Component\ES006A_NvM_Impl\src\CDD_NvMProxyApi.c" Line="150" Column="54">
</Loc>
<Message>
Parameter name 'BlockId' should not be reused.
Already used as member name at C:\Component\ES006A_NvM_Impl\src\CDD_NvMProxyApi.c:42.
</Message>
</Rule>

<Rule Name="5.6" Mode="advisory" Report="warning" Id="64">
<Loc File="C:\Component\ES006A_NvM_Impl\src\CDD_NvMProxyApi.c" Line="151" Column="70">
</Loc>
<Message>
Parameter name 'DataIndexPtr' should not be reused.
Already used as member name at C:\Component\ES006A_NvM_Impl\src\CDD_NvMProxyApi.c:52.
</Message>
</Rule>

<Rule Name="5.7" Mode="advisory" Report="warning" Id="65">
<Loc File="C:\Component\ES006A_NvM_Impl\src\CDD_NvMProxyApi.c" Line="151" Column="70">
</Loc>
<Message>
Parameter name 'DataIndexPtr' should not be reused.
Already used as member name at C:\Component\ES006A_NvM_Impl\src\CDD_NvMProxyApi.c:52.
</Message>
</Rule>

<Rule Name="21.1" Mode="required" Report="warning" Id="66">
<Loc File="C:\Component\ES006A_NvM_Impl\src\CDD_NvMProxyApi.c" Line="168" Column="8">
</Loc>
<Message>
Minimisation of run-time failures.
</Message>
</Rule>

<Rule Name="21.1" Mode="required" Report="warning" Id="67">
<Loc File="C:\Component\ES006A_NvM_Impl\src\CDD_NvMProxyApi.c" Line="168" Column="25">
</Loc>
<Message>
Minimisation of run-time failures.
</Message>
</Rule>

<Rule Name="21.1" Mode="required" Report="warning" Id="68">
<Loc File="C:\Component\ES006A_NvM_Impl\src\CDD_NvMProxyApi.c" Line="168" Column="47">
</Loc>
<Message>
Minimisation of run-time failures.
</Message>
</Rule>

<Rule Name="21.1" Mode="required" Report="warning" Id="69">
<Loc File="C:\Component\ES006A_NvM_Impl\src\CDD_NvMProxyApi.c" Line="168" Column="63">
</Loc>
<Message>
Minimisation of run-time failures.
</Message>
</Rule>

<Rule Name="21.1" Mode="required" Report="warning" Id="70">
<Loc File="C:\Component\ES006A_NvM_Impl\src\CDD_NvMProxyApi.c" Line="169" Column="28">
</Loc>
<Message>
Minimisation of run-time failures.
</Message>
</Rule>

</CodeStruct>

<CodeStruct Name="NvMProxy_EraseNvBlock" File="C:\Component\ES006A_NvM_Impl\src\CDD_NvMProxyApi.c" Line="115" Column="15">

<Rule Name="5.6" Mode="advisory" Report="warning" Id="57">
<Loc File="C:\Component\ES006A_NvM_Impl\src\CDD_NvMProxyApi.c" Line="115" Column="54">
</Loc>
<Message>
Parameter name 'BlockId' should not be reused.
Already used as member name at C:\Component\ES006A_NvM_Impl\src\CDD_NvMProxyApi.c:42.
</Message>
</Rule>

<Rule Name="5.7" Mode="advisory" Report="warning" Id="58">
<Loc File="C:\Component\ES006A_NvM_Impl\src\CDD_NvMProxyApi.c" Line="115" Column="54">
</Loc>
<Message>
Parameter name 'BlockId' should not be reused.
Already used as member name at C:\Component\ES006A_NvM_Impl\src\CDD_NvMProxyApi.c:42.
</Message>
</Rule>

<Rule Name="21.1" Mode="required" Report="warning" Id="59">
<Loc File="C:\Component\ES006A_NvM_Impl\src\CDD_NvMProxyApi.c" Line="132" Column="28">
</Loc>
<Message>
Minimisation of run-time failures.
</Message>
</Rule>

<Rule Name="21.1" Mode="required" Report="warning" Id="60">
<Loc File="C:\Component\ES006A_NvM_Impl\src\CDD_NvMProxyApi.c" Line="132" Column="50">
</Loc>
<Message>
Minimisation of run-time failures.
</Message>
</Rule>

<Rule Name="21.1" Mode="required" Report="warning" Id="61">
<Loc File="C:\Component\ES006A_NvM_Impl\src\CDD_NvMProxyApi.c" Line="132" Column="66">
</Loc>
<Message>
Minimisation of run-time failures.
</Message>
</Rule>

</CodeStruct>

<CodeStruct Name="NONTRUSTED_NtWrapS_NvM_GetDataIndex" File="C:\Component\ES006A_NvM_Impl\src\CDD_NvMProxyApi.c" Line="609" Column="5">

<Rule Name="16.7" Mode="advisory" Report="warning" Id="83">
<Loc File="C:\Component\ES006A_NvM_Impl\src\CDD_NvMProxyApi.c" Line="609" Column="119">
</Loc>
<Message>
A pointer parameter in a function prototype should be declared as pointer to const
if the pointer is not used to modify the addressed object.
</Message>
</Rule>

<Rule Name="21.1" Mode="required" Report="warning" Id="84">
<Loc File="C:\Component\ES006A_NvM_Impl\src\CDD_NvMProxyApi.c" Line="611" Column="5">
</Loc>
<Message>
Minimisation of run-time failures.
</Message>
</Rule>

<Rule Name="21.1" Mode="required" Report="warning" Id="85">
<Loc File="C:\Component\ES006A_NvM_Impl\src\CDD_NvMProxyApi.c" Line="611" Column="43">
</Loc>
<Message>
Minimisation of run-time failures.
</Message>
</Rule>

<Rule Name="21.1" Mode="required" Report="warning" Id="86">
<Loc File="C:\Component\ES006A_NvM_Impl\src\CDD_NvMProxyApi.c" Line="611" Column="154">
</Loc>
<Message>
Minimisation of run-time failures.
</Message>
</Rule>

<Rule Name="21.1" Mode="required" Report="warning" Id="87">
<Loc File="C:\Component\ES006A_NvM_Impl\src\CDD_NvMProxyApi.c" Line="612" Column="122">
</Loc>
<Message>
Minimisation of run-time failures.
</Message>
</Rule>

</CodeStruct>

<CodeStruct Name="NvMProxy_SetDataIndex" File="C:\Component\ES006A_NvM_Impl\src\CDD_NvMProxyApi.c" Line="355" Column="15">

<Rule Name="5.6" Mode="advisory" Report="warning" Id="76">
<Loc File="C:\Component\ES006A_NvM_Impl\src\CDD_NvMProxyApi.c" Line="355" Column="54">
</Loc>
<Message>
Parameter name 'BlockId' should not be reused.
Already used as member name at C:\Component\ES006A_NvM_Impl\src\CDD_NvMProxyApi.c:42.
</Message>
</Rule>

<Rule Name="5.7" Mode="advisory" Report="warning" Id="77">
<Loc File="C:\Component\ES006A_NvM_Impl\src\CDD_NvMProxyApi.c" Line="355" Column="54">
</Loc>
<Message>
Parameter name 'BlockId' should not be reused.
Already used as member name at C:\Component\ES006A_NvM_Impl\src\CDD_NvMProxyApi.c:42.
</Message>
</Rule>

<Rule Name="5.6" Mode="advisory" Report="warning" Id="78">
<Loc File="C:\Component\ES006A_NvM_Impl\src\CDD_NvMProxyApi.c" Line="356" Column="69">
</Loc>
<Message>
Parameter name 'DataIndex' should not be reused.
Already used as member name at C:\Component\ES006A_NvM_Impl\src\CDD_NvMProxyApi.c:73.
</Message>
</Rule>

<Rule Name="5.7" Mode="advisory" Report="warning" Id="79">
<Loc File="C:\Component\ES006A_NvM_Impl\src\CDD_NvMProxyApi.c" Line="356" Column="69">
</Loc>
<Message>
Parameter name 'DataIndex' should not be reused.
Already used as member name at C:\Component\ES006A_NvM_Impl\src\CDD_NvMProxyApi.c:73.
</Message>
</Rule>

<Rule Name="21.1" Mode="required" Report="warning" Id="80">
<Loc File="C:\Component\ES006A_NvM_Impl\src\CDD_NvMProxyApi.c" Line="374" Column="28">
</Loc>
<Message>
Minimisation of run-time failures.
</Message>
</Rule>

<Rule Name="21.1" Mode="required" Report="warning" Id="81">
<Loc File="C:\Component\ES006A_NvM_Impl\src\CDD_NvMProxyApi.c" Line="374" Column="50">
</Loc>
<Message>
Minimisation of run-time failures.
</Message>
</Rule>

<Rule Name="21.1" Mode="required" Report="warning" Id="82">
<Loc File="C:\Component\ES006A_NvM_Impl\src\CDD_NvMProxyApi.c" Line="374" Column="66">
</Loc>
<Message>
Minimisation of run-time failures.
</Message>
</Rule>

</CodeStruct>

<CodeStruct Name="NvMProxy_WriteBlock" File="C:\Component\ES006A_NvM_Impl\src\CDD_NvMProxyApi.c" Line="430" Column="15">

<Rule Name="5.6" Mode="advisory" Report="warning" Id="88">
<Loc File="C:\Component\ES006A_NvM_Impl\src\CDD_NvMProxyApi.c" Line="430" Column="52">
</Loc>
<Message>
Parameter name 'BlockId' should not be reused.
Already used as member name at C:\Component\ES006A_NvM_Impl\src\CDD_NvMProxyApi.c:42.
</Message>
</Rule>

<Rule Name="5.7" Mode="advisory" Report="warning" Id="89">
<Loc File="C:\Component\ES006A_NvM_Impl\src\CDD_NvMProxyApi.c" Line="430" Column="52">
</Loc>
<Message>
Parameter name 'BlockId' should not be reused.
Already used as member name at C:\Component\ES006A_NvM_Impl\src\CDD_NvMProxyApi.c:42.
</Message>
</Rule>

<Rule Name="5.6" Mode="advisory" Report="warning" Id="90">
<Loc File="C:\Component\ES006A_NvM_Impl\src\CDD_NvMProxyApi.c" Line="431" Column="74">
</Loc>
<Message>
Parameter name 'NvM_SrcPtr' should not be reused.
Already used as member name at C:\Component\ES006A_NvM_Impl\src\CDD_NvMProxyApi.c:83.
</Message>
</Rule>

<Rule Name="5.7" Mode="advisory" Report="warning" Id="91">
<Loc File="C:\Component\ES006A_NvM_Impl\src\CDD_NvMProxyApi.c" Line="431" Column="74">
</Loc>
<Message>
Parameter name 'NvM_SrcPtr' should not be reused.
Already used as member name at C:\Component\ES006A_NvM_Impl\src\CDD_NvMProxyApi.c:83.
</Message>
</Rule>

<Rule Name="21.1" Mode="required" Report="warning" Id="92">
<Loc File="C:\Component\ES006A_NvM_Impl\src\CDD_NvMProxyApi.c" Line="449" Column="28">
</Loc>
<Message>
Minimisation of run-time failures.
</Message>
</Rule>

<Rule Name="21.1" Mode="required" Report="warning" Id="93">
<Loc File="C:\Component\ES006A_NvM_Impl\src\CDD_NvMProxyApi.c" Line="449" Column="50">
</Loc>
<Message>
Minimisation of run-time failures.
</Message>
</Rule>

<Rule Name="21.1" Mode="required" Report="warning" Id="94">
<Loc File="C:\Component\ES006A_NvM_Impl\src\CDD_NvMProxyApi.c" Line="449" Column="66">
</Loc>
<Message>
Minimisation of run-time failures.
</Message>
</Rule>

</CodeStruct>

<CodeStruct Name="NvMProxyInit1" File="C:\Component\ES006A_NvM_Impl\src\CDD_NvMProxy.c" Line="670" Column="5">

<Rule Name="21.1" Mode="required" Report="warning" Id="100">
<Loc File="C:\Component\ES006A_NvM_Impl\src\CDD_NvMProxy.c" Line="678" Column="55">
</Loc>
<Message>
Minimisation of run-time failures.
</Message>
</Rule>

<Rule Name="21.1" Mode="required" Report="warning" Id="101">
<Loc File="C:\Component\ES006A_NvM_Impl\src\CDD_NvMProxy.c" Line="678" Column="77">
</Loc>
<Message>
Minimisation of run-time failures.
</Message>
</Rule>

<Rule Name="21.1" Mode="required" Report="warning" Id="102">
<Loc File="C:\Component\ES006A_NvM_Impl\src\CDD_NvMProxy.c" Line="678" Column="106">
</Loc>
<Message>
Minimisation of run-time failures.
</Message>
</Rule>

</CodeStruct>

<CodeStruct Name="NONTRUSTED_NtWrapS_NvM_SetDataIndex" File="C:\Component\ES006A_NvM_Impl\src\CDD_NvMProxyApi.c" Line="589" Column="5">

<Rule Name="16.7" Mode="advisory" Report="warning" Id="95">
<Loc File="C:\Component\ES006A_NvM_Impl\src\CDD_NvMProxyApi.c" Line="589" Column="119">
</Loc>
<Message>
A pointer parameter in a function prototype should be declared as pointer to const
if the pointer is not used to modify the addressed object.
</Message>
</Rule>

<Rule Name="21.1" Mode="required" Report="warning" Id="96">
<Loc File="C:\Component\ES006A_NvM_Impl\src\CDD_NvMProxyApi.c" Line="591" Column="5">
</Loc>
<Message>
Minimisation of run-time failures.
</Message>
</Rule>

<Rule Name="21.1" Mode="required" Report="warning" Id="97">
<Loc File="C:\Component\ES006A_NvM_Impl\src\CDD_NvMProxyApi.c" Line="591" Column="27">
</Loc>
<Message>
Minimisation of run-time failures.
</Message>
</Rule>

<Rule Name="21.1" Mode="required" Report="warning" Id="98">
<Loc File="C:\Component\ES006A_NvM_Impl\src\CDD_NvMProxyApi.c" Line="591" Column="43">
</Loc>
<Message>
Minimisation of run-time failures.
</Message>
</Rule>

<Rule Name="21.1" Mode="required" Report="warning" Id="99">
<Loc File="C:\Component\ES006A_NvM_Impl\src\CDD_NvMProxyApi.c" Line="591" Column="154">
</Loc>
<Message>
Minimisation of run-time failures.
</Message>
</Rule>

</CodeStruct>

<CodeStruct Name="NONTRUSTED_NtWrapS_NvM_SetBlockProtection" File="C:\Component\ES006A_NvM_Impl\src\CDD_NvMProxyApi.c" Line="549" Column="5">

<Rule Name="16.7" Mode="advisory" Report="warning" Id="108">
<Loc File="C:\Component\ES006A_NvM_Impl\src\CDD_NvMProxyApi.c" Line="549" Column="125">
</Loc>
<Message>
A pointer parameter in a function prototype should be declared as pointer to const
if the pointer is not used to modify the addressed object.
</Message>
</Rule>

<Rule Name="21.1" Mode="required" Report="warning" Id="109">
<Loc File="C:\Component\ES006A_NvM_Impl\src\CDD_NvMProxyApi.c" Line="551" Column="5">
</Loc>
<Message>
Minimisation of run-time failures.
</Message>
</Rule>

<Rule Name="21.1" Mode="required" Report="warning" Id="110">
<Loc File="C:\Component\ES006A_NvM_Impl\src\CDD_NvMProxyApi.c" Line="551" Column="27">
</Loc>
<Message>
Minimisation of run-time failures.
</Message>
</Rule>

<Rule Name="21.1" Mode="required" Report="warning" Id="111">
<Loc File="C:\Component\ES006A_NvM_Impl\src\CDD_NvMProxyApi.c" Line="551" Column="43">
</Loc>
<Message>
Minimisation of run-time failures.
</Message>
</Rule>

<Rule Name="21.1" Mode="required" Report="warning" Id="112">
<Loc File="C:\Component\ES006A_NvM_Impl\src\CDD_NvMProxyApi.c" Line="551" Column="172">
</Loc>
<Message>
Minimisation of run-time failures.
</Message>
</Rule>

</CodeStruct>

<CodeStruct Name="NvMProxy_RestoreBlockDefaults" File="C:\Component\ES006A_NvM_Impl\src\CDD_NvMProxyApi.c" Line="298" Column="15">

<Rule Name="5.6" Mode="advisory" Report="warning" Id="103">
<Loc File="C:\Component\ES006A_NvM_Impl\src\CDD_NvMProxyApi.c" Line="298" Column="62">
</Loc>
<Message>
Parameter name 'BlockId' should not be reused.
Already used as member name at C:\Component\ES006A_NvM_Impl\src\CDD_NvMProxyApi.c:42.
</Message>
</Rule>

<Rule Name="5.7" Mode="advisory" Report="warning" Id="104">
<Loc File="C:\Component\ES006A_NvM_Impl\src\CDD_NvMProxyApi.c" Line="298" Column="62">
</Loc>
<Message>
Parameter name 'BlockId' should not be reused.
Already used as member name at C:\Component\ES006A_NvM_Impl\src\CDD_NvMProxyApi.c:42.
</Message>
</Rule>

<Rule Name="16.7" Mode="advisory" Report="warning" Id="105">
<Loc File="C:\Component\ES006A_NvM_Impl\src\CDD_NvMProxyApi.c" Line="299" Column="78">
</Loc>
<Message>
A pointer parameter in a function prototype should be declared as pointer to const
if the pointer is not used to modify the addressed object.
</Message>
</Rule>

<Rule Name="5.6" Mode="advisory" Report="warning" Id="106">
<Loc File="C:\Component\ES006A_NvM_Impl\src\CDD_NvMProxyApi.c" Line="299" Column="78">
</Loc>
<Message>
Parameter name 'NvM_DstPtr' should not be reused.
Already used as member name at C:\Component\ES006A_NvM_Impl\src\CDD_NvMProxyApi.c:60.
</Message>
</Rule>

<Rule Name="5.7" Mode="advisory" Report="warning" Id="107">
<Loc File="C:\Component\ES006A_NvM_Impl\src\CDD_NvMProxyApi.c" Line="299" Column="78">
</Loc>
<Message>
Parameter name 'NvM_DstPtr' should not be reused.
Already used as member name at C:\Component\ES006A_NvM_Impl\src\CDD_NvMProxyApi.c:60.
</Message>
</Rule>

</CodeStruct>

<CodeStruct Name="NvMProxy_ClsChkWr_Oper" File="C:\Component\ES006A_NvM_Impl\src\CDD_NvMProxyNonRte.c" Line="145" Column="15">

<Rule Name="21.1" Mode="required" Report="warning" Id="113">
<Loc File="C:\Component\ES006A_NvM_Impl\src\CDD_NvMProxyNonRte.c" Line="149" Column="4">
</Loc>
<Message>
Minimisation of run-time failures.
</Message>
</Rule>

<Rule Name="21.1" Mode="required" Report="warning" Id="114">
<Loc File="C:\Component\ES006A_NvM_Impl\src\CDD_NvMProxyNonRte.c" Line="149" Column="27">
</Loc>
<Message>
Minimisation of run-time failures.
</Message>
</Rule>

</CodeStruct>

<CodeStruct Name="NvMProxy_InvalidateNvBlock" File="C:\Component\ES006A_NvM_Impl\src\CDD_NvMProxyApi.c" Line="223" Column="15">

<Rule Name="5.6" Mode="advisory" Report="warning" Id="115">
<Loc File="C:\Component\ES006A_NvM_Impl\src\CDD_NvMProxyApi.c" Line="223" Column="59">
</Loc>
<Message>
Parameter name 'BlockId' should not be reused.
Already used as member name at C:\Component\ES006A_NvM_Impl\src\CDD_NvMProxyApi.c:42.
</Message>
</Rule>

<Rule Name="5.7" Mode="advisory" Report="warning" Id="116">
<Loc File="C:\Component\ES006A_NvM_Impl\src\CDD_NvMProxyApi.c" Line="223" Column="59">
</Loc>
<Message>
Parameter name 'BlockId' should not be reused.
Already used as member name at C:\Component\ES006A_NvM_Impl\src\CDD_NvMProxyApi.c:42.
</Message>
</Rule>

<Rule Name="21.1" Mode="required" Report="warning" Id="117">
<Loc File="C:\Component\ES006A_NvM_Impl\src\CDD_NvMProxyApi.c" Line="240" Column="28">
</Loc>
<Message>
Minimisation of run-time failures.
</Message>
</Rule>

<Rule Name="21.1" Mode="required" Report="warning" Id="118">
<Loc File="C:\Component\ES006A_NvM_Impl\src\CDD_NvMProxyApi.c" Line="240" Column="50">
</Loc>
<Message>
Minimisation of run-time failures.
</Message>
</Rule>

<Rule Name="21.1" Mode="required" Report="warning" Id="119">
<Loc File="C:\Component\ES006A_NvM_Impl\src\CDD_NvMProxyApi.c" Line="240" Column="66">
</Loc>
<Message>
Minimisation of run-time failures.
</Message>
</Rule>

</CodeStruct>

<CodeStruct Name="NvMProxy_Init0" File="C:\Component\ES006A_NvM_Impl\src\CDD_NvMProxyNonRte.c" Line="59" Column="5">

<Rule Name="21.1" Mode="required" Report="warning" Id="120">
<Loc File="C:\Component\ES006A_NvM_Impl\src\CDD_NvMProxyNonRte.c" Line="67" Column="56">
</Loc>
<Message>
Minimisation of run-time failures.
</Message>
</Rule>

<Rule Name="9.1" Mode="required" Report="warning" Id="121">
<Loc File="C:\Component\ES006A_NvM_Impl\src\CDD_NvMProxyNonRte.c" Line="69" Column="14">
</Loc>
<Message>
All automatic variables shall have been assigned a value before being used.
</Message>
</Rule>

<Rule Name="21.1" Mode="required" Report="warning" Id="122">
<Loc File="C:\Component\ES006A_NvM_Impl\src\CDD_NvMProxyNonRte.c" Line="73" Column="17">
</Loc>
<Message>
Minimisation of run-time failures.
</Message>
</Rule>

<Rule Name="21.1" Mode="required" Report="warning" Id="123">
<Loc File="C:\Component\ES006A_NvM_Impl\src\CDD_NvMProxyNonRte.c" Line="73" Column="39">
</Loc>
<Message>
Minimisation of run-time failures.
</Message>
</Rule>

<Rule Name="21.1" Mode="required" Report="warning" Id="124">
<Loc File="C:\Component\ES006A_NvM_Impl\src\CDD_NvMProxyNonRte.c" Line="73" Column="55">
</Loc>
<Message>
Minimisation of run-time failures.
</Message>
</Rule>

<Rule Name="21.1" Mode="required" Report="warning" Id="125">
<Loc File="C:\Component\ES006A_NvM_Impl\src\CDD_NvMProxyNonRte.c" Line="74" Column="17">
</Loc>
<Message>
Minimisation of run-time failures.
</Message>
</Rule>

<Rule Name="21.1" Mode="required" Report="warning" Id="126">
<Loc File="C:\Component\ES006A_NvM_Impl\src\CDD_NvMProxyNonRte.c" Line="91" Column="32">
</Loc>
<Message>
Minimisation of run-time failures.
</Message>
</Rule>

<Rule Name="21.1" Mode="required" Report="warning" Id="127">
<Loc File="C:\Component\ES006A_NvM_Impl\src\CDD_NvMProxyNonRte.c" Line="91" Column="55">
</Loc>
<Message>
Minimisation of run-time failures.
</Message>
</Rule>

<Rule Name="21.1" Mode="required" Report="warning" Id="128">
<Loc File="C:\Component\ES006A_NvM_Impl\src\CDD_NvMProxyNonRte.c" Line="94" Column="17">
</Loc>
<Message>
Minimisation of run-time failures.
</Message>
</Rule>

<Rule Name="21.1" Mode="required" Report="warning" Id="129">
<Loc File="C:\Component\ES006A_NvM_Impl\src\CDD_NvMProxyNonRte.c" Line="95" Column="17">
</Loc>
<Message>
Minimisation of run-time failures.
</Message>
</Rule>

<Rule Name="21.1" Mode="required" Report="warning" Id="130">
<Loc File="C:\Component\ES006A_NvM_Impl\src\CDD_NvMProxyNonRte.c" Line="100" Column="17">
</Loc>
<Message>
Minimisation of run-time failures.
</Message>
</Rule>

<Rule Name="21.1" Mode="required" Report="warning" Id="131">
<Loc File="C:\Component\ES006A_NvM_Impl\src\CDD_NvMProxyNonRte.c" Line="101" Column="17">
</Loc>
<Message>
Minimisation of run-time failures.
</Message>
</Rule>

</CodeStruct>

<CodeStruct Name="NONTRUSTED_NtWrapS_NvM_GetErrorStatus" File="C:\Component\ES006A_NvM_Impl\src\CDD_NvMProxyApi.c" Line="490" Column="5">

<Rule Name="16.7" Mode="advisory" Report="warning" Id="132">
<Loc File="C:\Component\ES006A_NvM_Impl\src\CDD_NvMProxyApi.c" Line="490" Column="121">
</Loc>
<Message>
A pointer parameter in a function prototype should be declared as pointer to const
if the pointer is not used to modify the addressed object.
</Message>
</Rule>

<Rule Name="21.1" Mode="required" Report="warning" Id="133">
<Loc File="C:\Component\ES006A_NvM_Impl\src\CDD_NvMProxyApi.c" Line="492" Column="5">
</Loc>
<Message>
Minimisation of run-time failures.
</Message>
</Rule>

<Rule Name="21.1" Mode="required" Report="warning" Id="134">
<Loc File="C:\Component\ES006A_NvM_Impl\src\CDD_NvMProxyApi.c" Line="492" Column="43">
</Loc>
<Message>
Minimisation of run-time failures.
</Message>
</Rule>

<Rule Name="21.1" Mode="required" Report="warning" Id="135">
<Loc File="C:\Component\ES006A_NvM_Impl\src\CDD_NvMProxyApi.c" Line="492" Column="160">
</Loc>
<Message>
Minimisation of run-time failures.
</Message>
</Rule>

<Rule Name="21.1" Mode="required" Report="warning" Id="136">
<Loc File="C:\Component\ES006A_NvM_Impl\src\CDD_NvMProxyApi.c" Line="493" Column="126">
</Loc>
<Message>
Minimisation of run-time failures.
</Message>
</Rule>

</CodeStruct>

<CodeStruct Name="NONTRUSTED_NtWrapS_NvM_ReadBlock" File="C:\Component\ES006A_NvM_Impl\src\CDD_NvMProxyApi.c" Line="529" Column="5">

<Rule Name="16.7" Mode="advisory" Report="warning" Id="137">
<Loc File="C:\Component\ES006A_NvM_Impl\src\CDD_NvMProxyApi.c" Line="529" Column="116">
</Loc>
<Message>
A pointer parameter in a function prototype should be declared as pointer to const
if the pointer is not used to modify the addressed object.
</Message>
</Rule>

<Rule Name="21.1" Mode="required" Report="warning" Id="138">
<Loc File="C:\Component\ES006A_NvM_Impl\src\CDD_NvMProxyApi.c" Line="531" Column="5">
</Loc>
<Message>
Minimisation of run-time failures.
</Message>
</Rule>

<Rule Name="21.1" Mode="required" Report="warning" Id="139">
<Loc File="C:\Component\ES006A_NvM_Impl\src\CDD_NvMProxyApi.c" Line="531" Column="27">
</Loc>
<Message>
Minimisation of run-time failures.
</Message>
</Rule>

<Rule Name="21.1" Mode="required" Report="warning" Id="140">
<Loc File="C:\Component\ES006A_NvM_Impl\src\CDD_NvMProxyApi.c" Line="531" Column="43">
</Loc>
<Message>
Minimisation of run-time failures.
</Message>
</Rule>

<Rule Name="21.1" Mode="required" Report="warning" Id="141">
<Loc File="C:\Component\ES006A_NvM_Impl\src\CDD_NvMProxyApi.c" Line="531" Column="145">
</Loc>
<Message>
Minimisation of run-time failures.
</Message>
</Rule>

</CodeStruct>

</MISRA-C-Report>
