<?xml version="1.0" encoding="UTF-8"?>

<project name="Polyspace" files="2" includes="24" ap_cg_cycle="0" ap_cg_direct_cycle="0" pshv="0" unpshv="0">
<file name="C:\component\CM410A_SnsrMeasStrt_Impl\src\CDD_SnsrMeasStrt_Irq.c" total_lines="72" lines_without_cmt="20" comf="50" fco="4">
<function name="SnsrMeasStrtIrq" path="1" goto="0" vg="1" calling="0" calls="4" param="0" stmt="6" level="1" return="0" vocf="2.7" flin="12" fxln="6" ncalls="4">
</function>
</file>
<file name="C:\component\CM410A_SnsrMeasStrt_Impl\src\CDD_SnsrMeasStrt.c" total_lines="156" lines_without_cmt="21" comf="100" fco="1">
<function name="SnsrMeasStrtPer1" path="1" goto="0" vg="1" calling="0" calls="1" param="0" stmt="2" level="1" return="0" vocf="2.0" flin="9" fxln="2" ncalls="1">
</function>
<function name="SnsrMeasStrtInit1" path="1" goto="0" vg="1" calling="0" calls="1" param="0" stmt="4" level="1" return="0" vocf="1.8" flin="13" fxln="4" ncalls="1">
</function>
</file>
</project>
