<?xml version="1.0" encoding="UTF-8"?>
<Navig version="1.0">
<Files>
<F id="1" n="C:\Program Files\MATLAB\R2013b\polyspace\verifier\cxx\cinclude\stdarg.h"/>
<F id="2" n="C:\Component\AR201A_ArCplrSuprt_Impl\include\ASR4.0.3\Platform_Types.h"/>
<F id="3" n="C:\Component\AR200A_ArSuprt_Impl\include\ASR4.0.3\Std_Types.h"/>
<F id="4" n="C:\Component\DF001A_FltInj_Impl\tools\contract\Rte_Type.h"/>
<F id="5" n="C:\Component\DF001A_FltInj_Impl\tools\contract\Rte_FltInj.h"/>
<F id="6" n="C:\Component\DF001A_FltInj_Impl\src\FltInj.c"/>
<F id="7" n="C-STUBS\__polyspace__stdstubs.c"/>
<F id="8" n="C:\Program Files\MATLAB\R2013b\polyspace\verifier\cxx\cinclude\__polyspace__std_decls.h"/>
<F id="9" n="C:\Program Files\MATLAB\R2013b\polyspace\verifier\cxx\cinclude\assert.h"/>
<F id="10" n="C:\Program Files\MATLAB\R2013b\polyspace\verifier\cxx\cinclude\__polyspace__libc_defs.h"/>
<F id="11" n="C:\Component\DF001A_FltInj_Impl\tools\contract\Rte_FltInj_Type.h"/>
<F id="12" n="C:\Component\DF001A_FltInj_Impl\tools\contract\Rte.h"/>
<F id="13" n="C:\Component\AR201A_ArCplrSuprt_Impl\include\ASR4.0.3\Compiler.h"/>
<F id="14" n="C:\Component\AR201A_ArCplrSuprt_Impl\tools\contract\Compiler_Cfg.h"/>
<F id="15" n="C:\Component\AR201A_ArCplrSuprt_Impl\tools\contract\Renesas_Compiler.h"/>
<F id="16" n="C:\Component\DF001A_FltInj_Impl\tools\contract\Rte_DataHandleType.h"/>
<F id="17" n="C:\Component\AR200A_ArSuprt_Impl\tools\contract\MemMap.h"/>
<F id="18" n="C:\Component\DF001A_FltInj_Impl\tools\contract\FltInj_MemMap.h"/>
<F id="19" n="C:\Component\DF001A_FltInj_Impl\include\FltInj.h"/>
</Files>
<Definitions>
<D id="1" f="7" l="6829" c="14" n="_polyspace_compare_function_type" t="7" d="1"/>
<D id="2" f="7" l="11271" c="12" n="_polyspace_random_long_double" t="2" d="1"/>
<D id="3" f="7" l="11290" c="21" n="HUGE_VALF" t="1" d="1"/>
<D id="4" f="7" l="11291" c="21" n="HUGE_VALL" t="1" d="1"/>
<D id="5" f="7" l="12133" c="16" n="__polyspace_absolute_address" t="1" d="1"/>
<D id="6" f="7" l="11273" c="23" n="random" t="4" d="1"/>
<D id="7" f="7" l="11289" c="21" n="HUGE_VAL" t="1" d="1"/>
<D id="8" f="7" l="4" c="21" n="size_t" t="7" d="1"/>
<D id="9" f="7" l="6" c="12" n="ptrdiff_t" t="7" d="1"/>
<D id="10" f="7" l="9" c="21" n="wchar_t" t="7" d="1"/>
<D id="11" f="5" l="51" c="8" n="_dummy" t="9" d="1"/>
<D id="12" f="5" l="48" c="7" n="Rte_CDS_FltInj" t="6" d="1"/>
<D id="13" f="3" l="141" c="2" n="Std_VersionInfoType" t="7" d="1"/>
<D id="14" f="1" l="45" c="14" n="__va_list" t="7" d="1"/>
<D id="15" f="7" l="380" c="4" n="errno" t="1" d="1"/>
<D id="16" f="4" l="35" c="15" n="u0p16" t="7" d="1"/>
<D id="17" f="1" l="50" c="18" n="__gnuc_va_list" t="7" d="1"/>
<D id="18" f="6" l="173" c="5" n="FltInjPer1" t="2" d="1"/>
<D id="19" f="6" l="308" c="5" n="FltInj_logl_Oper" t="2" d="1"/>
<D id="20" f="6" l="391" c="5" n="FltInj_u0p16_Oper" t="2" d="1"/>
<D id="21" f="5" l="62" c="37" n="Rte_Instance" t="7" d="1"/>
<D id="22" f="6" l="268" c="5" n="FltInj_f32_Oper" t="2" d="1"/>
<D id="23" f="6" l="349" c="5" n="FltInj_u08_Oper" t="2" d="1"/>
<D id="24" f="1" l="49" c="18" n="va_list" t="7" d="1"/>
<D id="25" f="3" l="140" c="10" n="sw_patch_version" t="9" d="1"/>
<D id="26" f="2" l="110" c="31" n="uint32" t="7" d="1"/>
<D id="27" f="2" l="112" c="31" n="sint8_least" t="7" d="1"/>
<D id="28" f="2" l="103" c="31" n="boolean" t="7" d="1"/>
<D id="29" f="2" l="113" c="31" n="uint8_least" t="7" d="1"/>
<D id="30" f="3" l="136" c="10" n="vendorID" t="9" d="1"/>
<D id="31" f="2" l="114" c="31" n="sint16_least" t="7" d="1"/>
<D id="32" f="2" l="105" c="31" n="sint8" t="7" d="1"/>
<D id="33" f="3" l="137" c="10" n="moduleID" t="9" d="1"/>
<D id="34" f="2" l="115" c="31" n="uint16_least" t="7" d="1"/>
<D id="35" f="2" l="106" c="31" n="uint8" t="7" d="1"/>
<D id="36" f="3" l="138" c="10" n="sw_major_version" t="9" d="1"/>
<D id="37" f="3" l="132" c="14" n="Std_ReturnType" t="7" d="1"/>
<D id="38" f="2" l="116" c="31" n="sint32_least" t="7" d="1"/>
<D id="39" f="7" l="430" c="23" n="_polyspace_random_ulong" t="5" d="1"/>
<D id="40" f="2" l="107" c="31" n="sint16" t="7" d="1"/>
<D id="41" f="3" l="125" c="22" n="StatusType" t="7" d="1"/>
<D id="42" f="3" l="139" c="10" n="sw_minor_version" t="9" d="1"/>
<D id="43" f="7" l="400" c="25" n="random" t="4" d="1"/>
<D id="44" f="2" l="117" c="31" n="uint32_least" t="7" d="1"/>
<D id="45" f="7" l="414" c="13" n="_polyspace_random_int" t="5" d="1"/>
<D id="46" f="2" l="108" c="31" n="uint16" t="7" d="1"/>
<D id="47" f="7" l="422" c="14" n="_polyspace_random_long" t="5" d="1"/>
<D id="48" f="2" l="127" c="31" n="sint64" t="7" d="1"/>
<D id="49" f="6" l="391" c="30" n="SigPah_Arg" t="4" d="1"/>
<D id="50" f="2" l="109" c="31" n="sint32" t="7" d="1"/>
<D id="51" f="2" l="128" c="31" n="uint64" t="7" d="1"/>
<D id="52" f="6" l="391" c="49" n="LocnKey_Arg" t="4" d="1"/>
<D id="53" f="6" l="308" c="31" n="SigPah_Arg" t="4" d="1"/>
<D id="54" f="2" l="138" c="31" n="float32" t="7" d="1"/>
<D id="55" f="7" l="406" c="23" n="_polyspace_random_uchar" t="5" d="1"/>
<D id="56" f="6" l="308" c="50" n="LocnKey_Arg" t="4" d="1"/>
<D id="57" f="2" l="139" c="31" n="float64" t="7" d="1"/>
<D id="58" f="7" l="432" c="34" n="random" t="4" d="1"/>
<D id="59" f="6" l="268" c="30" n="SigPah_Arg" t="4" d="1"/>
<D id="60" f="7" l="416" c="24" n="random" t="4" d="1"/>
<D id="61" f="7" l="424" c="25" n="random" t="4" d="1"/>
<D id="62" f="6" l="268" c="49" n="LocnKey_Arg" t="4" d="1"/>
<D id="63" f="7" l="408" c="34" n="random" t="4" d="1"/>
<D id="64" f="7" l="437" c="16" n="_polyspace_random_double" t="5" d="1"/>
<D id="65" f="7" l="3484" c="4" n="__polyspace_nb_varargs" t="1" d="1"/>
<D id="66" f="7" l="398" c="14" n="_polyspace_random_char" t="5" d="1"/>
<D id="67" f="7" l="3483" c="7" n="__polyspace_vararg" t="1" d="1"/>
<D id="68" f="7" l="439" c="27" n="random" t="4" d="1"/>
<D id="69" f="6" l="349" c="28" n="SigPah_Arg" t="4" d="1"/>
<D id="70" f="6" l="349" c="47" n="LocnKey_Arg" t="4" d="1"/>
</Definitions>
<Uses>
<U id="1" f="7" l="11274" c="9" d="6" a="0"/>
<U id="2" f="5" l="80" c="0" d="37" a="0"/>
<U id="3" f="5" l="51" c="2" d="35" a="0"/>
<U id="4" f="5" l="78" c="0" d="37" a="0"/>
<U id="5" f="5" l="79" c="0" d="37" a="0"/>
<U id="6" f="1" l="50" c="8" d="14" a="0"/>
<U id="7" f="4" l="35" c="8" d="46" a="0"/>
<U id="8" f="1" l="84" c="7" d="24" a="0"/>
<U id="9" f="1" l="49" c="8" d="14" a="0"/>
<U id="10" f="3" l="140" c="3" d="35" a="0"/>
<U id="11" f="5" l="62" c="21" d="12" a="0"/>
<U id="12" f="1" l="84" c="39" d="24" a="0"/>
<U id="13" f="3" l="136" c="3" d="46" a="0"/>
<U id="14" f="3" l="137" c="3" d="46" a="0"/>
<U id="15" f="3" l="138" c="3" d="35" a="0"/>
<U id="16" f="5" l="80" c="62" d="26" a="0"/>
<U id="17" f="3" l="132" c="8" d="35" a="0"/>
<U id="18" f="3" l="139" c="3" d="35" a="0"/>
<U id="19" f="5" l="78" c="41" d="54" a="0"/>
<U id="20" f="5" l="79" c="62" d="26" a="0"/>
<U id="21" f="5" l="80" c="77" d="26" a="0"/>
<U id="22" f="7" l="401" c="11" d="43" a="0"/>
<U id="23" f="7" l="440" c="11" d="68" a="0"/>
<U id="24" f="7" l="433" c="11" d="58" a="0"/>
<U id="25" f="7" l="425" c="11" d="61" a="0"/>
<U id="26" f="7" l="417" c="11" d="60" a="0"/>
<U id="27" f="7" l="409" c="11" d="63" a="0"/>
<U id="28" f="6" l="308" c="22" d="28" a="0"/>
<U id="29" f="6" l="391" c="23" d="16" a="0"/>
<U id="30" f="6" l="268" c="21" d="54" a="0"/>
<U id="31" f="6" l="349" c="21" d="35" a="0"/>
<U id="32" f="6" l="391" c="42" d="46" a="0"/>
<U id="33" f="6" l="349" c="40" d="46" a="0"/>
<U id="34" f="6" l="308" c="43" d="46" a="0"/>
<U id="35" f="6" l="268" c="42" d="46" a="0"/>
</Uses>
<Blocks>
<B id="1" t="ppcrmif" f="6" l="72" c="0">
<BEGIN l="72" c="24"/>
<END l="123" c="0"/>
</B>
<B id="2" t="ppcrmif" f="6" l="179" c="0">
<BEGIN l="179" c="24"/>
<END l="242" c="0"/>
</B>
<B id="3" t="ppcrmif" f="6" l="274" c="0">
<BEGIN l="274" c="24"/>
<END l="283" c="0"/>
</B>
<B id="4" t="ppcrmif" f="6" l="314" c="0">
<BEGIN l="314" c="24"/>
<END l="323" c="0"/>
</B>
<B id="5" t="ppcrmif" f="6" l="355" c="0">
<BEGIN l="355" c="24"/>
<END l="365" c="0"/>
</B>
<B id="6" t="ppcrmif" f="6" l="397" c="0">
<BEGIN l="397" c="24"/>
<END l="406" c="0"/>
</B>
<B id="7" t="routine" f="6" l="173" c="5">
<BEGIN l="174" c="0"/>
<END l="247" c="0"/>
</B>
<B id="8" t="routine" f="6" l="268" c="5">
<BEGIN l="269" c="0"/>
<END l="287" c="0"/>
</B>
<B id="9" t="routine" f="6" l="308" c="5">
<BEGIN l="309" c="0"/>
<END l="328" c="0"/>
</B>
<B id="10" t="routine" f="6" l="349" c="5">
<BEGIN l="350" c="0"/>
<END l="370" c="0"/>
</B>
<B id="11" t="routine" f="6" l="391" c="5">
<BEGIN l="392" c="0"/>
<END l="410" c="0"/>
</B>
<B id="12" t="ppcif" f="8" l="15" c="0">
<BEGIN l="15" c="27"/>
<END l="330" c="0"/>
</B>
<B id="13" t="ppcif" f="8" l="25" c="0">
<BEGIN l="25" c="19"/>
<END l="155" c="0"/>
</B>
<B id="14" t="ppcrmif" f="8" l="46" c="0">
<BEGIN l="46" c="93"/>
<END l="91" c="0"/>
</B>
<B id="15" t="ppcrmif" f="8" l="94" c="0">
<BEGIN l="94" c="91"/>
<END l="153" c="0"/>
</B>
<B id="16" t="ppcrmelse" f="8" l="155" c="0">
<BEGIN l="155" c="35"/>
<END l="328" c="0"/>
</B>
<B id="17" t="ppcif" f="9" l="11" c="0">
<BEGIN l="11" c="27"/>
<END l="36" c="0"/>
</B>
<B id="18" t="ppcrmif" f="9" l="14" c="0">
<BEGIN l="14" c="19"/>
<END l="29" c="0"/>
</B>
<B id="19" t="ppcelse" f="9" l="29" c="0">
<BEGIN l="29" c="5"/>
<END l="33" c="0"/>
</B>
<B id="20" t="ppcif" f="1" l="22" c="0">
<BEGIN l="22" c="17"/>
<END l="109" c="0"/>
</B>
<B id="21" t="ppcrmif" f="1" l="39" c="0">
<BEGIN l="39" c="66"/>
<END l="43" c="0"/>
</B>
<B id="22" t="ppcelse" f="1" l="43" c="0">
<BEGIN l="43" c="60"/>
<END l="47" c="0"/>
</B>
<B id="23" t="ppcrmif" f="1" l="52" c="0">
<BEGIN l="52" c="18"/>
<END l="58" c="0"/>
</B>
<B id="24" t="ppcrmif" f="1" l="62" c="0">
<BEGIN l="62" c="33"/>
<END l="80" c="0"/>
</B>
<B id="25" t="ppcelse" f="1" l="80" c="0">
<BEGIN l="80" c="31"/>
<END l="93" c="0"/>
</B>
<B id="26" t="ppcrmif" f="1" l="96" c="0">
<BEGIN l="96" c="14"/>
<END l="106" c="0"/>
</B>
<B id="27" t="ppcif" f="10" l="3" c="0">
<BEGIN l="3" c="29"/>
<END l="348" c="0"/>
</B>
<B id="28" t="ppcif" f="10" l="61" c="0">
<BEGIN l="63" c="27"/>
<END l="66" c="0"/>
</B>
<B id="29" t="ppcrmif" f="10" l="165" c="0">
<BEGIN l="165" c="17"/>
<END l="206" c="0"/>
</B>
<B id="30" t="ppcrmif" f="10" l="209" c="0">
<BEGIN l="209" c="37"/>
<END l="211" c="0"/>
</B>
<B id="31" t="ppcrmif" f="10" l="213" c="0">
<BEGIN l="213" c="44"/>
<END l="321" c="0"/>
</B>
<B id="32" t="ppcif" f="10" l="323" c="0">
<BEGIN l="323" c="18"/>
<END l="346" c="0"/>
</B>
<B id="33" t="ppcrmif" f="10" l="326" c="0">
<BEGIN l="326" c="18"/>
<END l="328" c="0"/>
</B>
<B id="34" t="ppcrmif" f="10" l="329" c="0">
<BEGIN l="329" c="63"/>
<END l="331" c="0"/>
</B>
<B id="35" t="ppcrmif" f="10" l="332" c="0">
<BEGIN l="332" c="64"/>
<END l="334" c="0"/>
</B>
<B id="36" t="ppcrmif" f="10" l="335" c="0">
<BEGIN l="335" c="16"/>
<END l="340" c="0"/>
</B>
<B id="37" t="ppcif" f="10" l="343" c="0">
<BEGIN l="343" c="57"/>
<END l="345" c="0"/>
</B>
<B id="38" t="type" f="5" l="48" c="7">
<BEGIN l="48" c="20"/>
<END l="52" c="0"/>
</B>
<B id="39" t="ppcif" f="5" l="24" c="0">
<BEGIN l="24" c="21"/>
<END l="244" c="0"/>
</B>
<B id="40" t="ppcrmif" f="5" l="27" c="0">
<BEGIN l="27" c="35"/>
<END l="29" c="0"/>
</B>
<B id="41" t="ppcrmif" f="5" l="33" c="0">
<BEGIN l="33" c="19"/>
<END l="36" c="0"/>
</B>
<B id="42" t="ppcrmif" f="5" l="228" c="0">
<BEGIN l="228" c="19"/>
<END l="230" c="0"/>
</B>
<B id="43" t="ppcif" f="5" l="233" c="0">
<BEGIN l="233" c="26"/>
<END l="241" c="0"/>
</B>
<B id="44" t="ppcif" f="5" l="234" c="0">
<BEGIN l="234" c="25"/>
<END l="238" c="0"/>
</B>
<B id="45" t="ppcrmif" f="5" l="235" c="0">
<BEGIN l="235" c="37"/>
<END l="237" c="0"/>
</B>
<B id="46" t="ppcrmelse" f="5" l="238" c="0">
<BEGIN l="238" c="7"/>
<END l="240" c="0"/>
</B>
<B id="47" t="ppcif" f="11" l="24" c="0">
<BEGIN l="24" c="26"/>
<END l="55" c="0"/>
</B>
<B id="48" t="ppcrmif" f="11" l="27" c="0">
<BEGIN l="27" c="19"/>
<END l="30" c="0"/>
</B>
<B id="49" t="ppcrmif" f="11" l="39" c="0">
<BEGIN l="39" c="19"/>
<END l="41" c="0"/>
</B>
<B id="50" t="ppcif" f="11" l="44" c="0">
<BEGIN l="44" c="26"/>
<END l="52" c="0"/>
</B>
<B id="51" t="ppcif" f="11" l="45" c="0">
<BEGIN l="45" c="25"/>
<END l="49" c="0"/>
</B>
<B id="52" t="ppcrmif" f="11" l="46" c="0">
<BEGIN l="46" c="37"/>
<END l="48" c="0"/>
</B>
<B id="53" t="ppcrmelse" f="11" l="49" c="0">
<BEGIN l="49" c="7"/>
<END l="51" c="0"/>
</B>
<B id="54" t="ppcif" f="4" l="24" c="0">
<BEGIN l="24" c="19"/>
<END l="49" c="0"/>
</B>
<B id="55" t="ppcif" f="4" l="38" c="0">
<BEGIN l="38" c="26"/>
<END l="46" c="0"/>
</B>
<B id="56" t="ppcif" f="4" l="39" c="0">
<BEGIN l="39" c="25"/>
<END l="43" c="0"/>
</B>
<B id="57" t="ppcrmif" f="4" l="40" c="0">
<BEGIN l="40" c="37"/>
<END l="42" c="0"/>
</B>
<B id="58" t="ppcrmelse" f="4" l="43" c="0">
<BEGIN l="43" c="7"/>
<END l="45" c="0"/>
</B>
<B id="59" t="ppcif" f="12" l="25" c="0">
<BEGIN l="25" c="14"/>
<END l="95" c="0"/>
</B>
<B id="60" t="ppcrmif" f="12" l="41" c="0">
<BEGIN l="41" c="33"/>
<END l="43" c="0"/>
</B>
<B id="61" t="ppcrmif" f="12" l="45" c="0">
<BEGIN l="45" c="46"/>
<END l="47" c="0"/>
</B>
<B id="62" t="ppcrmif" f="12" l="49" c="0">
<BEGIN l="49" c="28"/>
<END l="51" c="0"/>
</B>
<B id="63" t="ppcif" f="12" l="84" c="0">
<BEGIN l="84" c="26"/>
<END l="92" c="0"/>
</B>
<B id="64" t="ppcrmif" f="12" l="85" c="0">
<BEGIN l="85" c="25"/>
<END l="89" c="0"/>
</B>
<B id="65" t="ppcelse" f="12" l="89" c="0">
<BEGIN l="89" c="7"/>
<END l="91" c="0"/>
</B>
<B id="66" t="type" f="3" l="135" c="0">
<BEGIN l="135" c="0"/>
<END l="141" c="0"/>
</B>
<B id="67" t="ppcif" f="3" l="56" c="0">
<BEGIN l="56" c="19"/>
<END l="154" c="0"/>
</B>
<B id="68" t="ppcif" f="3" l="122" c="0">
<BEGIN l="122" c="26"/>
<END l="126" c="0"/>
</B>
<B id="69" t="ppcif" f="2" l="43" c="0">
<BEGIN l="43" c="24"/>
<END l="150" c="0"/>
</B>
<B id="70" t="ppcif" f="2" l="81" c="0">
<BEGIN l="81" c="13"/>
<END l="83" c="0"/>
</B>
<B id="71" t="ppcif" f="2" l="85" c="0">
<BEGIN l="85" c="14"/>
<END l="87" c="0"/>
</B>
<B id="72" t="ppcrmif" f="2" l="119" c="0">
<BEGIN l="119" c="46"/>
<END l="125" c="0"/>
</B>
<B id="73" t="ppcelse" f="2" l="125" c="0">
<BEGIN l="125" c="6"/>
<END l="129" c="0"/>
</B>
<B id="74" t="ppcrmif" f="2" l="131" c="0">
<BEGIN l="131" c="46"/>
<END l="137" c="0"/>
</B>
<B id="75" t="ppcelse" f="2" l="137" c="0">
<BEGIN l="137" c="6"/>
<END l="140" c="0"/>
</B>
<B id="76" t="ppcif" f="13" l="43" c="0">
<BEGIN l="43" c="18"/>
<END l="202" c="0"/>
</B>
<B id="77" t="ppcif" f="13" l="88" c="0">
<BEGIN l="88" c="17"/>
<END l="90" c="0"/>
</B>
<B id="78" t="ppcif" f="14" l="19" c="0">
<BEGIN l="19" c="22"/>
<END l="23" c="0"/>
</B>
<B id="79" t="ppcif" f="15" l="19" c="0">
<BEGIN l="19" c="26"/>
<END l="23" c="0"/>
</B>
<B id="80" t="ppcif" f="16" l="24" c="0">
<BEGIN l="24" c="31"/>
<END l="39" c="0"/>
</B>
<B id="81" t="ppcif" f="16" l="28" c="0">
<BEGIN l="28" c="26"/>
<END l="36" c="0"/>
</B>
<B id="82" t="ppcif" f="16" l="29" c="0">
<BEGIN l="29" c="25"/>
<END l="33" c="0"/>
</B>
<B id="83" t="ppcrmif" f="16" l="30" c="0">
<BEGIN l="30" c="37"/>
<END l="32" c="0"/>
</B>
<B id="84" t="ppcrmelse" f="16" l="33" c="0">
<BEGIN l="33" c="7"/>
<END l="35" c="0"/>
</B>
<B id="85" t="ppcif" f="17" l="19" c="0">
<BEGIN l="19" c="16"/>
<END l="24" c="0"/>
</B>
<B id="86" t="ppcif" f="18" l="53" c="0">
<BEGIN l="53" c="28"/>
<END l="57" c="0"/>
</B>
<B id="87" t="ppcrmif" f="18" l="67" c="0">
<BEGIN l="67" c="41"/>
<END l="71" c="0"/>
</B>
<B id="88" t="ppcrmif" f="18" l="81" c="0">
<BEGIN l="81" c="46"/>
<END l="85" c="0"/>
</B>
<B id="89" t="ppcrmif" f="18" l="95" c="0">
<BEGIN l="95" c="44"/>
<END l="99" c="0"/>
</B>
<B id="90" t="ppcrmif" f="18" l="109" c="0">
<BEGIN l="109" c="49"/>
<END l="113" c="0"/>
</B>
<B id="91" t="ppcif" f="18" l="125" c="0">
<BEGIN l="125" c="27"/>
<END l="129" c="0"/>
</B>
<B id="92" t="ppcrmif" f="18" l="139" c="0">
<BEGIN l="139" c="40"/>
<END l="143" c="0"/>
</B>
<B id="93" t="ppcrmif" f="18" l="153" c="0">
<BEGIN l="153" c="45"/>
<END l="157" c="0"/>
</B>
<B id="94" t="ppcrmif" f="18" l="167" c="0">
<BEGIN l="167" c="43"/>
<END l="171" c="0"/>
</B>
<B id="95" t="ppcrmif" f="18" l="181" c="0">
<BEGIN l="181" c="48"/>
<END l="185" c="0"/>
</B>
<B id="96" t="ppcif" f="18" l="201" c="0">
<BEGIN l="201" c="25"/>
<END l="209" c="0"/>
</B>
<B id="97" t="ppcif" f="18" l="202" c="0">
<BEGIN l="202" c="24"/>
<END l="206" c="0"/>
</B>
<B id="98" t="ppcrmif" f="18" l="203" c="0">
<BEGIN l="203" c="36"/>
<END l="205" c="0"/>
</B>
<B id="99" t="ppcrmelse" f="18" l="206" c="0">
<BEGIN l="206" c="6"/>
<END l="208" c="0"/>
</B>
<B id="100" t="ppcif" f="19" l="23" c="0">
<BEGIN l="23" c="16"/>
<END l="212" c="0"/>
</B>
</Blocks>
</Navig>
