<?xml version="1.0" encoding="UTF-8"?>
<MISRA-C-Report-Summary>
<File Mode="advisory" Error="0" Warning="2" Total="2">
<Name>
C:\Component\ES209A_CurrMeasCorrln_Impl\src\CurrMeasCorrln.c</Name>
</File>
<File Mode="required" Error="0" Warning="6" Total="6">
<Name>
C:\Component\ES209A_CurrMeasCorrln_Impl\src\CurrMeasCorrln.c</Name>
</File>
<Rule Name="13.7" Count="2" Mode="required" Severity="warning">
<Message>
Boolean operations whose results are invariant shall not be permitted.</Message>
</Rule>
<Rule Name="19.1" Count="2" Mode="advisory" Severity="warning">
<Message>
#include statements in a file shall only be preceded by other preprocessor directives or comments.</Message>
</Rule>
<Rule Name="5.1" Count="2" Mode="required" Severity="warning">
<Message>
</Message>
</Rule>
<Rule Name="19.11" Count="1" Mode="required" Severity="warning">
<Message>
`FLTINJENA' is not defined.</Message>
</Rule>
<Rule Name="8.10" Count="1" Mode="required" Severity="warning">
<Message>
Function 'CurrMeasCorrlnPer1' should have internal linkage.</Message>
</Rule>
</MISRA-C-Report-Summary>
