<?xml version="1.0" encoding="UTF-8"?>

<project name="Polyspace" files="1" includes="16" ap_cg_cycle="0" ap_cg_direct_cycle="0" pshv="0" unpshv="0">
<file name="C:\component\SF054A_PwrpkCmpbltyChk_Impl\src\PwrpkCmpbltyChk.c" total_lines="972" lines_without_cmt="153" comf="41" fco="10">
<function name="GearIdnVldStatChk" path="2" goto="0" vg="2" calling="1" calls="0" param="2" stmt="4" level="1" return="1" vocf="2.1" flin="8" fxln="3" ncalls="0">
</function>
<function name="PwrpkCmpbltyChkPer1" path="150" goto="0" vg="10" calling="0" calls="9" param="0" stmt="51" level="2" return="0" vocf="7.1" flin="202" fxln="68" ncalls="11">
</function>
<function name="PwrpkCmpbltyChkInit1" path="1" goto="0" vg="1" calling="0" calls="1" param="0" stmt="1" level="1" return="0" vocf="1.7" flin="12" fxln="1" ncalls="1">
</function>
</file>
</project>
