<?xml version="1.0" encoding="UTF-8"?>
<Navig version="1.0">
<Files>
<F id="1" n="C:\Program Files\MATLAB\R2013b\polyspace\verifier\cxx\cinclude\stdarg.h"/>
<F id="2" n="C:\Component\AR201A_ArCplrSuprt_Impl\include\ASR4.0.3\Platform_Types.h"/>
<F id="3" n="C:\Component\AR200A_ArSuprt_Impl\include\ASR4.0.3\Std_Types.h"/>
<F id="4" n="C:\Component\ES300A_SinVltgGenn_Impl\tools\contract\Rte_Type.h"/>
<F id="5" n="C:\Component\ES300A_SinVltgGenn_Impl\tools\contract\Rte_CDD_SinVltgGenn.h"/>
<F id="6" n="C:\Component\ES300A_SinVltgGenn_Impl\src\CDD_SinVltgGenn.c"/>
<F id="7" n="C:\Component\TL103A_CplrSuprt\include\2013.5.5\ansi\math.h"/>
<F id="8" n="C:\Component\ES300A_SinVltgGenn_Impl\tools\contract\CDD_MotCtrlMgr_Data.h"/>
<F id="9" n="C:\Component\AR100A_NxtrMath_Impl\include\NxtrMath.h"/>
<F id="10" n="C:\Component\AR103A_NxtrFixdPt_Impl\include\NxtrFixdPt.h"/>
<F id="11" n="C:\Component\ES300A_SinVltgGenn_Impl\src\CDD_SinVltgGenn_MotCtrl.c"/>
<F id="12" n="C-STUBS\__polyspace__stdstubs.c"/>
<F id="13" n="C:\Component\ES300A_SinVltgGenn_Impl\include\CDD_SinVltgGenn.h"/>
<F id="14" n="C:\Component\ES300A_SinVltgGenn_Impl\include\CDD_SinVltgGenn_MotCtrl_MemMap.h"/>
<F id="15" n="C:\Program Files\MATLAB\R2013b\polyspace\verifier\cxx\cinclude\__polyspace__std_decls.h"/>
<F id="16" n="C:\Program Files\MATLAB\R2013b\polyspace\verifier\cxx\cinclude\assert.h"/>
<F id="17" n="C:\Program Files\MATLAB\R2013b\polyspace\verifier\cxx\cinclude\__polyspace__libc_defs.h"/>
<F id="18" n="C:\Component\ES300A_SinVltgGenn_Impl\tools\contract\Rte_CDD_SinVltgGenn_Type.h"/>
<F id="19" n="C:\Component\ES300A_SinVltgGenn_Impl\tools\contract\Rte.h"/>
<F id="20" n="C:\Component\AR201A_ArCplrSuprt_Impl\include\ASR4.0.3\Compiler.h"/>
<F id="21" n="C:\Component\AR201A_ArCplrSuprt_Impl\tools\contract\Compiler_Cfg.h"/>
<F id="22" n="C:\Component\ES300A_SinVltgGenn_Impl\tools\contract\Rte_DataHandleType.h"/>
<F id="23" n="C:\Component\AR200A_ArSuprt_Impl\tools\contract\MemMap.h"/>
<F id="24" n="C:\Component\ES300A_SinVltgGenn_Impl\tools\contract\CDD_SinVltgGenn_MemMap.h"/>
<F id="25" n="C:\Component\ES300A_SinVltgGenn_Impl\tools\contract\ElecGlbPrm.h"/>
<F id="26" n="C:\Component\ES300A_SinVltgGenn_Impl\include\CDD_SinVltgGenn_private.h"/>
</Files>
<Definitions>
<D id="1" f="11" l="300" c="12" n="PWMPeriodFilt2InpDiff_NanoSec_T_f32" t="4" d="1"/>
<D id="2" f="11" l="302" c="11" n="PwmPerdDither_NanoSec_T_u32" t="4" d="1"/>
<D id="3" f="11" l="301" c="12" n="PwmPerdDither_NanoSec_T_f32" t="4" d="1"/>
<D id="4" f="11" l="211" c="12" n="PhaIdxRev_MotRevElec_T_f32" t="4" d="1"/>
<D id="5" f="11" l="303" c="11" n="PwmPerd_NanoSec_T_u32" t="4" d="1"/>
<D id="6" f="11" l="430" c="11" n="PhaOnTiSumC_NanoSec_T_u32" t="4" d="1"/>
<D id="7" f="11" l="421" c="11" n="PhaOnTiA_NanoSec_T_u32" t="4" d="1"/>
<D id="8" f="11" l="212" c="12" n="AbsPhaIdxRev_MotRevElec_T_f32" t="4" d="1"/>
<D id="9" f="11" l="422" c="11" n="PhaOnTiB_NanoSec_T_u32" t="4" d="1"/>
<D id="10" f="11" l="213" c="12" n="PhaIdxRevCnt_Cnt_T_f32" t="4" d="1"/>
<D id="11" f="11" l="305" c="11" n="CmuOffs_NanoSec_T_u32" t="4" d="1"/>
<D id="12" f="11" l="423" c="11" n="PhaOnTiC_NanoSec_T_u32" t="4" d="1"/>
<D id="13" f="11" l="304" c="12" n="CmuOffs_NanoSec_T_f32" t="4" d="1"/>
<D id="14" f="11" l="214" c="12" n="ModlnIdxPha_Uls_T_f32" t="4" d="1"/>
<D id="15" f="11" l="306" c="11" n="PhaOnTiA_NanoSec_T_u32" t="4" d="1"/>
<D id="16" f="11" l="424" c="11" n="PhaOnTiSumAPrev_NanoSec_T_u32" t="4" d="1"/>
<D id="17" f="11" l="215" c="12" n="MotCtrlPhaOnTiX_NanoSec_T_f32" t="4" d="1"/>
<D id="18" f="11" l="307" c="11" n="PhaOnTiB_NanoSec_T_u32" t="4" d="1"/>
<D id="19" f="11" l="217" c="11" n="MotCtrlPhaOnTiX_NanoSec_T_u32" t="4" d="1"/>
<D id="20" f="11" l="425" c="11" n="PhaOnTiSumBPrev_NanoSec_T_u32" t="4" d="1"/>
<D id="21" f="12" l="502" c="23" n="_polyspace_random_ulong" t="5" d="1"/>
<D id="22" f="11" l="308" c="11" n="PhaOnTiC_NanoSec_T_u32" t="4" d="1"/>
<D id="23" f="11" l="290" c="12" n="Fil1OutpPrev_NanoSec_T_f32" t="4" d="1"/>
<D id="24" f="11" l="426" c="11" n="PhaOnTiSumCPrev_NanoSec_T_u32" t="4" d="1"/>
<D id="25" f="11" l="291" c="12" n="Fil2OutpPrev_NanoSec_T_f32" t="4" d="1"/>
<D id="26" f="11" l="292" c="12" n="PhaDptOffsA_MotRevElec_T_f32" t="4" d="1"/>
<D id="27" f="11" l="428" c="11" n="PhaOnTiSumA_NanoSec_T_u32" t="4" d="1"/>
<D id="28" f="10" l="204" c="16" n="FloatToFixdWithRound_s32_f32" t="2" d="1"/>
<D id="29" f="9" l="551" c="104" n="RngLo" t="4" d="1"/>
<D id="30" f="10" l="232" c="16" n="FloatToFixdWithRound_u32_f32" t="2" d="1"/>
<D id="31" f="11" l="285" c="11" n="MotAgElec_MotRevElec_T_u0p16" t="4" d="1"/>
<D id="32" f="10" l="303" c="44" n="Inp" t="4" d="1"/>
<D id="33" f="12" l="470" c="14" n="_polyspace_random_char" t="5" d="1"/>
<D id="34" f="10" l="204" c="53" n="Inp" t="4" d="1"/>
<D id="35" f="11" l="293" c="12" n="PhaDptOffsB_MotRevElec_T_f32" t="4" d="1"/>
<D id="36" f="11" l="429" c="11" n="PhaOnTiSumB_NanoSec_T_u32" t="4" d="1"/>
<D id="37" f="9" l="552" c="104" n="RngHi" t="4" d="1"/>
<D id="38" f="10" l="303" c="17" n="FixdToFloat_f32_s16" t="2" d="1"/>
<D id="39" f="10" l="331" c="44" n="Inp" t="4" d="1"/>
<D id="40" f="10" l="232" c="53" n="Inp" t="4" d="1"/>
<D id="41" f="10" l="331" c="17" n="FixdToFloat_f32_u16" t="2" d="1"/>
<D id="42" f="11" l="294" c="12" n="PhaDptOffsC_MotRevElec_T_f32" t="4" d="1"/>
<D id="43" f="10" l="261" c="16" n="FloatToFixd_s32_f32" t="2" d="1"/>
<D id="44" f="12" l="504" c="34" n="random" t="4" d="1"/>
<D id="45" f="11" l="287" c="11" n="MotPhaAdv_MotRevElec_T_u0p16" t="4" d="1"/>
<D id="46" f="10" l="190" c="16" n="FloatToFixdWithRound_s16_f32" t="2" d="1"/>
<D id="47" f="10" l="261" c="44" n="Inp" t="4" d="1"/>
<D id="48" f="11" l="286" c="12" n="MotModlnIdx_Uls_T_f32" t="4" d="1"/>
<D id="49" f="12" l="511" c="27" n="random" t="4" d="1"/>
<D id="50" f="11" l="288" c="11" n="PwmPerdRng_NanoSec_T_u32" t="4" d="1"/>
<D id="51" f="10" l="190" c="53" n="Inp" t="4" d="1"/>
<D id="52" f="9" l="627" c="104" n="Denom" t="4" d="1"/>
<D id="53" f="11" l="296" c="12" n="RndNr_Uls_T_f32" t="4" d="1"/>
<D id="54" f="9" l="644" c="105" n="SinVal" t="4" d="1"/>
<D id="55" f="12" l="480" c="34" n="random" t="4" d="1"/>
<D id="56" f="10" l="218" c="16" n="FloatToFixdWithRound_u16_f32" t="2" d="1"/>
<D id="57" f="9" l="645" c="105" n="CosVal" t="4" d="1"/>
<D id="58" f="11" l="297" c="12" n="RawPWMDither_NanoSec_T_f32" t="4" d="1"/>
<D id="59" f="9" l="566" c="104" n="Denom" t="4" d="1"/>
<D id="60" f="10" l="317" c="44" n="Inp" t="4" d="1"/>
<D id="61" f="12" l="472" c="25" n="random" t="4" d="1"/>
<D id="62" f="10" l="218" c="53" n="Inp" t="4" d="1"/>
<D id="63" f="11" l="298" c="12" n="RawPWMDitherDiff_NanoSec_T_f32" t="4" d="1"/>
<D id="64" f="10" l="317" c="17" n="FixdToFloat_f32_s32" t="2" d="1"/>
<D id="65" f="10" l="345" c="44" n="Inp" t="4" d="1"/>
<D id="66" f="11" l="289" c="12" n="RndNrPrev_Uls_T_f32" t="4" d="1"/>
<D id="67" f="12" l="486" c="13" n="_polyspace_random_int" t="5" d="1"/>
<D id="68" f="10" l="247" c="16" n="FloatToFixd_s16_f32" t="2" d="1"/>
<D id="69" f="12" l="494" c="14" n="_polyspace_random_long" t="5" d="1"/>
<D id="70" f="10" l="303" c="57" n="Mplr" t="4" d="1"/>
<D id="71" f="10" l="345" c="17" n="FixdToFloat_f32_u32" t="2" d="1"/>
<D id="72" f="10" l="204" c="66" n="Mplr" t="4" d="1"/>
<D id="73" f="10" l="275" c="16" n="FloatToFixd_u16_f32" t="2" d="1"/>
<D id="74" f="11" l="299" c="12" n="PWMPeriodFilt2Inp_NanoSec_T_f32" t="4" d="1"/>
<D id="75" f="10" l="331" c="57" n="Mplr" t="4" d="1"/>
<D id="76" f="11" l="281" c="18" n="SINVLTGGENNCMUOFFSTBLX_ULS_FLOAT32" t="4" d="1"/>
<D id="77" f="10" l="232" c="66" n="Mplr" t="4" d="1"/>
<D id="78" f="10" l="247" c="44" n="Inp" t="4" d="1"/>
<D id="79" f="12" l="509" c="16" n="_polyspace_random_double" t="5" d="1"/>
<D id="80" f="10" l="275" c="44" n="Inp" t="4" d="1"/>
<D id="81" f="11" l="282" c="18" n="SINVLTGGENNCMUOFFSTBLY_NANOSEC_FLOAT32" t="4" d="1"/>
<D id="82" f="12" l="478" c="23" n="_polyspace_random_uchar" t="5" d="1"/>
<D id="83" f="12" l="3556" c="4" n="__polyspace_nb_varargs" t="1" d="1"/>
<D id="84" f="10" l="261" c="57" n="Mplr" t="4" d="1"/>
<D id="85" f="10" l="190" c="66" n="Mplr" t="4" d="1"/>
<D id="86" f="12" l="488" c="24" n="random" t="4" d="1"/>
<D id="87" f="12" l="496" c="25" n="random" t="4" d="1"/>
<D id="88" f="10" l="317" c="57" n="Mplr" t="4" d="1"/>
<D id="89" f="10" l="218" c="66" n="Mplr" t="4" d="1"/>
<D id="90" f="10" l="289" c="16" n="FloatToFixd_u32_f32" t="2" d="1"/>
<D id="91" f="10" l="345" c="57" n="Mplr" t="4" d="1"/>
<D id="92" f="12" l="3555" c="7" n="__polyspace_vararg" t="1" d="1"/>
<D id="93" f="10" l="289" c="44" n="Inp" t="4" d="1"/>
<D id="94" f="10" l="247" c="57" n="Mplr" t="4" d="1"/>
<D id="95" f="10" l="275" c="57" n="Mplr" t="4" d="1"/>
<D id="96" f="10" l="289" c="57" n="Mplr" t="4" d="1"/>
<D id="97" f="12" l="6901" c="14" n="_polyspace_compare_function_type" t="7" d="1"/>
<D id="98" f="5" l="48" c="7" n="Rte_CDS_CDD_SinVltgGenn" t="6" d="1"/>
<D id="99" f="5" l="89" c="8" n="Rte_Prm_CDD_SinVltgGenn_SinVltgGennDthrLpFilCoeff_Val" t="2" d="0"/>
<D id="100" f="12" l="11361" c="21" n="HUGE_VAL" t="1" d="1"/>
<D id="101" f="12" l="11343" c="12" n="_polyspace_random_long_double" t="2" d="1"/>
<D id="102" f="12" l="11362" c="21" n="HUGE_VALF" t="1" d="1"/>
<D id="103" f="12" l="11363" c="21" n="HUGE_VALL" t="1" d="1"/>
<D id="104" f="12" l="12205" c="16" n="__polyspace_absolute_address" t="1" d="1"/>
<D id="105" f="12" l="11345" c="23" n="random" t="4" d="1"/>
<D id="106" f="5" l="60" c="11" n="Pim_RndNrPrev" t="9" d="1"/>
<D id="107" f="5" l="51" c="11" n="Pim_Fil1OutpPrev" t="9" d="1"/>
<D id="108" f="3" l="141" c="2" n="Std_VersionInfoType" t="7" d="1"/>
<D id="109" f="5" l="52" c="11" n="Pim_Fil2OutpPrev" t="9" d="1"/>
<D id="110" f="5" l="53" c="11" n="Pim_PhaDptOffsA" t="9" d="1"/>
<D id="111" f="5" l="54" c="11" n="Pim_PhaDptOffsB" t="9" d="1"/>
<D id="112" f="5" l="56" c="10" n="Pim_PhaOnTiSumAPrev" t="9" d="1"/>
<D id="113" f="8" l="30" c="14" n="MOTCTRLMGR_MotCtrlPhaOnTiSumB" t="1" d="0"/>
<D id="114" f="8" l="21" c="14" n="MOTCTRLMGR_MotCtrlMotAgElec" t="1" d="0"/>
<D id="115" f="5" l="55" c="11" n="Pim_PhaDptOffsC" t="9" d="1"/>
<D id="116" f="5" l="57" c="10" n="Pim_PhaOnTiSumBPrev" t="9" d="1"/>
<D id="117" f="8" l="31" c="14" n="MOTCTRLMGR_MotCtrlPhaOnTiSumC" t="1" d="0"/>
<D id="118" f="5" l="58" c="10" n="Pim_PhaOnTiSumCPrev" t="9" d="1"/>
<D id="119" f="8" l="32" c="14" n="MOTCTRLMGR_MotCtrlPwmPerd" t="1" d="0"/>
<D id="120" f="8" l="23" c="14" n="MOTCTRLMGR_MotCtrlMotPhaAdv" t="1" d="0"/>
<D id="121" f="5" l="59" c="10" n="Pim_PwmPerdRng" t="9" d="1"/>
<D id="122" f="8" l="22" c="15" n="MOTCTRLMGR_MotCtrlMotModlnIdx" t="1" d="0"/>
<D id="123" f="4" l="60" c="15" n="u11p5" t="7" d="1"/>
<D id="124" f="4" l="51" c="15" n="s4p11" t="7" d="1"/>
<D id="125" f="4" l="42" c="15" n="s15p16" t="7" d="1"/>
<D id="126" f="4" l="90" c="14" n="Ary1D_u10p6_4" t="7" d="1"/>
<D id="127" f="4" l="81" c="14" n="Ary1D_s2p13_1025" t="7" d="1"/>
<D id="128" f="6" l="114" c="5" n="SinVltgGennInit1" t="2" d="1"/>
<D id="129" f="1" l="45" c="14" n="__va_list" t="7" d="1"/>
<D id="130" f="8" l="25" c="14" n="MOTCTRLMGR_MotCtrlCmuOffs" t="1" d="0"/>
<D id="131" f="8" l="26" c="14" n="MOTCTRLMGR_MotCtrlPhaOnTiA" t="1" d="0"/>
<D id="132" f="4" l="72" c="15" n="u8p8" t="7" d="1"/>
<D id="133" f="4" l="63" c="15" n="u16p0" t="7" d="1"/>
<D id="134" f="8" l="27" c="14" n="MOTCTRLMGR_MotCtrlPhaOnTiB" t="1" d="0"/>
<D id="135" f="4" l="54" c="15" n="u0p16" t="7" d="1"/>
<D id="136" f="4" l="45" c="15" n="s18p13" t="7" d="1"/>
<D id="137" f="4" l="93" c="14" n="Ary1D_u11p5_4" t="7" d="1"/>
<D id="138" f="1" l="50" c="18" n="__gnuc_va_list" t="7" d="1"/>
<D id="139" f="4" l="36" c="15" n="Ary1D_u16_257" t="7" d="1"/>
<D id="140" f="4" l="84" c="14" n="Ary1D_s4p11_20" t="7" d="1"/>
<D id="141" f="8" l="28" c="14" n="MOTCTRLMGR_MotCtrlPhaOnTiC" t="1" d="0"/>
<D id="142" f="7" l="51" c="17" n="double_t" t="7" d="1"/>
<D id="143" f="8" l="29" c="14" n="MOTCTRLMGR_MotCtrlPhaOnTiSumA" t="1" d="0"/>
<D id="144" f="7" l="52" c="17" n="float_t" t="7" d="1"/>
<D id="145" f="7" l="731" c="6" n="expf" t="2" d="0"/>
<D id="146" f="4" l="75" c="15" n="u9p7" t="7" d="1"/>
<D id="147" f="4" l="66" c="15" n="u2p14" t="7" d="1"/>
<D id="148" f="4" l="57" c="15" n="u10p6" t="7" d="1"/>
<D id="149" f="5" l="67" c="51" n="Rte_Inst_CDD_SinVltgGenn" t="1" d="0"/>
<D id="150" f="7" l="741" c="6" n="sqrtf" t="2" d="0"/>
<D id="151" f="4" l="48" c="15" n="s2p13" t="7" d="1"/>
<D id="152" f="4" l="96" c="14" n="Ary1D_u16p0_2" t="7" d="1"/>
<D id="153" f="4" l="39" c="15" n="Ary1D_u32_8" t="7" d="1"/>
<D id="154" f="4" l="87" c="14" n="Ary1D_u0p16_8" t="7" d="1"/>
<D id="155" f="4" l="78" c="14" n="Ary1D_s2p13_1024" t="7" d="1"/>
<D id="156" f="7" l="742" c="6" n="fabsf" t="2" d="0"/>
<D id="157" f="7" l="724" c="6" n="atan2f" t="2" d="0"/>
<D id="158" f="4" l="69" c="15" n="u5p11" t="7" d="1"/>
<D id="159" f="5" l="72" c="46" n="Rte_Instance" t="7" d="1"/>
<D id="160" f="7" l="725" c="6" n="cosf" t="2" d="0"/>
<D id="161" f="4" l="99" c="14" n="Ary1D_u2p14_2" t="7" d="1"/>
<D id="162" f="5" l="88" c="15" n="Rte_Read_CDD_SinVltgGenn_MotElecMeclPolarity_Val" t="2" d="0"/>
<D id="163" f="7" l="726" c="6" n="sinf" t="2" d="0"/>
<D id="164" f="1" l="49" c="18" n="va_list" t="7" d="1"/>
<D id="165" f="7" l="748" c="6" n="fmodf" t="2" d="0"/>
<D id="166" f="3" l="140" c="10" n="sw_patch_version" t="9" d="1"/>
<D id="167" f="6" l="122" c="10" n="MotElecMeclPolarity_Uls_T_s08" t="4" d="1"/>
<D id="168" f="2" l="110" c="31" n="sint8" t="7" d="1"/>
<D id="169" f="2" l="120" c="31" n="uint8_least" t="7" d="1"/>
<D id="170" f="2" l="111" c="31" n="uint8" t="7" d="1"/>
<D id="171" f="4" l="120" c="22" n="Ary2D_u2p14_12_5" t="7" d="1"/>
<D id="172" f="2" l="121" c="31" n="sint16_least" t="7" d="1"/>
<D id="173" f="4" l="111" c="13" n="Ary1D_u9p7_12" t="7" d="1"/>
<D id="174" f="2" l="112" c="31" n="sint16" t="7" d="1"/>
<D id="175" f="9" l="400" c="31" n="Inp1" t="4" d="1"/>
<D id="176" f="11" l="70" c="21" n="MotCtrlPhaOnTiCalc" t="5" d="1"/>
<D id="177" f="2" l="116" c="29" n="sint64" t="7" d="1"/>
<D id="178" f="2" l="122" c="31" n="uint16_least" t="7" d="1"/>
<D id="179" f="2" l="113" c="31" n="uint16" t="7" d="1"/>
<D id="180" f="3" l="136" c="10" n="vendorID" t="9" d="1"/>
<D id="181" f="6" l="123" c="12" n="PhaDptOffsA_MotRevElec_T_f32" t="4" d="1"/>
<D id="182" f="4" l="102" c="14" n="Ary1D_u2p14_5" t="7" d="1"/>
<D id="183" f="2" l="117" c="29" n="uint64" t="7" d="1"/>
<D id="184" f="2" l="123" c="31" n="sint32_least" t="7" d="1"/>
<D id="185" f="9" l="223" c="39" n="Inp" t="4" d="1"/>
<D id="186" f="2" l="114" c="31" n="sint32" t="7" d="1"/>
<D id="187" f="3" l="137" c="10" n="moduleID" t="9" d="1"/>
<D id="188" f="4" l="123" c="22" n="Ary2D_u5p11_12_5" t="7" d="1"/>
<D id="189" f="6" l="124" c="12" n="PhaDptOffsB_MotRevElec_T_f32" t="4" d="1"/>
<D id="190" f="2" l="133" c="31" n="float32" t="7" d="1"/>
<D id="191" f="12" l="81" c="21" n="wchar_t" t="7" d="1"/>
<D id="192" f="2" l="124" c="31" n="uint32_least" t="7" d="1"/>
<D id="193" f="4" l="114" c="13" n="Ary1D_u9p7_4" t="7" d="1"/>
<D id="194" f="6" l="126" c="11" n="PwmPerdRng_NanoSec_T_u32" t="4" d="1"/>
<D id="195" f="2" l="115" c="31" n="uint32" t="7" d="1"/>
<D id="196" f="9" l="322" c="31" n="Inp1" t="4" d="1"/>
<D id="197" f="3" l="138" c="10" n="sw_major_version" t="9" d="1"/>
<D id="198" f="6" l="125" c="12" n="PhaDptOffsC_MotRevElec_T_f32" t="4" d="1"/>
<D id="199" f="9" l="480" c="29" n="Inp" t="4" d="1"/>
<D id="200" f="2" l="134" c="31" n="float64" t="7" d="1"/>
<D id="201" f="3" l="132" c="14" n="Std_ReturnType" t="7" d="1"/>
<D id="202" f="9" l="413" c="31" n="Inp1" t="4" d="1"/>
<D id="203" f="3" l="125" c="22" n="StatusType" t="7" d="1"/>
<D id="204" f="3" l="139" c="10" n="sw_minor_version" t="9" d="1"/>
<D id="205" f="9" l="522" c="31" n="Inp" t="4" d="1"/>
<D id="206" f="4" l="105" c="14" n="Ary1D_u5p11_5" t="7" d="1"/>
<D id="207" f="9" l="210" c="16" n="Abslt_u32_s32" t="2" d="1"/>
<D id="208" f="2" l="108" c="31" n="boolean" t="7" d="1"/>
<D id="209" f="9" l="283" c="29" n="Inp1" t="4" d="1"/>
<D id="210" f="4" l="126" c="22" n="Ary2D_u8p8_12_20" t="7" d="1"/>
<D id="211" f="9" l="400" c="16" n="Max_s16" t="2" d="1"/>
<D id="212" f="4" l="108" c="13" n="Ary1D_u8p8_20" t="7" d="1"/>
<D id="213" f="9" l="374" c="29" n="Inp1" t="4" d="1"/>
<D id="214" f="9" l="602" c="33" n="Inp" t="4" d="1"/>
<D id="215" f="12" l="76" c="21" n="size_t" t="7" d="1"/>
<D id="216" f="2" l="119" c="31" n="sint8_least" t="7" d="1"/>
<D id="217" f="9" l="335" c="31" n="Inp1" t="4" d="1"/>
<D id="218" f="4" l="117" c="23" n="Ary2D_s4p11_12_20" t="7" d="1"/>
<D id="219" f="12" l="452" c="4" n="errno" t="1" d="1"/>
<D id="220" f="9" l="426" c="31" n="Inp1" t="4" d="1"/>
<D id="221" f="9" l="466" c="29" n="Inp" t="4" d="1"/>
<D id="222" f="9" l="550" c="33" n="Inp" t="4" d="1"/>
<D id="223" f="9" l="322" c="16" n="Min_u16" t="2" d="1"/>
<D id="224" f="9" l="309" c="31" n="Inp1" t="4" d="1"/>
<D id="225" f="9" l="361" c="33" n="Inp1" t="4" d="1"/>
<D id="226" f="9" l="170" c="34" n="Inp1" t="4" d="1"/>
<D id="227" f="9" l="508" c="31" n="Inp" t="4" d="1"/>
<D id="228" f="12" l="78" c="12" n="ptrdiff_t" t="7" d="1"/>
<D id="229" f="9" l="296" c="29" n="Inp1" t="4" d="1"/>
<D id="230" f="9" l="271" c="15" n="Sign_s08_f32" t="2" d="1"/>
<D id="231" f="9" l="413" c="16" n="Max_u16" t="2" d="1"/>
<D id="232" f="9" l="536" c="31" n="Inp" t="4" d="1"/>
<D id="233" f="9" l="210" c="37" n="Inp" t="4" d="1"/>
<D id="234" f="9" l="452" c="33" n="Inp1" t="4" d="1"/>
<D id="235" f="11" l="416" c="5" n="SinVltgGennPer2" t="2" d="1"/>
<D id="236" f="9" l="522" c="16" n="Lim_s32" t="2" d="1"/>
<D id="237" f="9" l="643" c="14" n="SinCos_f32" t="2" d="1"/>
<D id="238" f="9" l="387" c="29" n="Inp1" t="4" d="1"/>
<D id="239" f="9" l="235" c="15" n="Sign_s08_s08" t="2" d="1"/>
<D id="240" f="9" l="480" c="15" n="Lim_u08" t="2" d="1"/>
<D id="241" f="9" l="602" c="17" n="Exp_f32" t="2" d="1"/>
<D id="242" f="9" l="223" c="17" n="Abslt_f32_f32" t="2" d="1"/>
<D id="243" f="9" l="170" c="17" n="Blnd_f32" t="2" d="1"/>
<D id="244" f="9" l="348" c="31" n="Inp1" t="4" d="1"/>
<D id="245" f="9" l="643" c="33" n="Inp" t="4" d="1"/>
<D id="246" f="9" l="614" c="34" n="Inp" t="4" d="1"/>
<D id="247" f="9" l="235" c="34" n="Inp" t="4" d="1"/>
<D id="248" f="9" l="590" c="33" n="Inp" t="4" d="1"/>
<D id="249" f="9" l="494" c="31" n="Inp" t="4" d="1"/>
<D id="250" f="9" l="550" c="17" n="Lim_f32" t="2" d="1"/>
<D id="251" f="9" l="439" c="31" n="Inp1" t="4" d="1"/>
<D id="252" f="9" l="283" c="15" n="Min_s08" t="2" d="1"/>
<D id="253" f="9" l="335" c="16" n="Min_s32" t="2" d="1"/>
<D id="254" f="9" l="361" c="17" n="Min_f32" t="2" d="1"/>
<D id="255" f="9" l="626" c="33" n="Numer" t="4" d="1"/>
<D id="256" f="9" l="650" c="17" n="InpSqd" t="4" d="1"/>
<D id="257" f="9" l="184" c="15" n="Abslt_u08_s08" t="2" d="1"/>
<D id="258" f="9" l="247" c="15" n="Sign_s08_s16" t="2" d="1"/>
<D id="259" f="9" l="374" c="15" n="Max_s08" t="2" d="1"/>
<D id="260" f="9" l="426" c="16" n="Max_s32" t="2" d="1"/>
<D id="261" f="9" l="452" c="17" n="Max_f32" t="2" d="1"/>
<D id="262" f="9" l="614" c="17" n="Sqrt_f32" t="2" d="1"/>
<D id="263" f="9" l="651" c="17" n="SinA" t="4" d="1"/>
<D id="264" f="11" l="71" c="65" n="MotAgElec_MotRevElec_T_u0p16" t="4" d="1"/>
<D id="265" f="9" l="271" c="36" n="Inp" t="4" d="1"/>
<D id="266" f="9" l="309" c="16" n="Min_s16" t="2" d="1"/>
<D id="267" f="11" l="276" c="5" n="SinVltgGennPer1" t="2" d="1"/>
<D id="268" f="9" l="508" c="16" n="Lim_u16" t="2" d="1"/>
<D id="269" f="9" l="652" c="17" n="CosA" t="4" d="1"/>
<D id="270" f="9" l="536" c="16" n="Lim_u32" t="2" d="1"/>
<D id="271" f="11" l="70" c="48" n="CmuOffs_NanoSec_T_u32" t="4" d="1"/>
<D id="272" f="11" l="72" c="65" n="MotPhaAdv_MotRevElec_T_u0p16" t="4" d="1"/>
<D id="273" f="9" l="466" c="15" n="Lim_s08" t="2" d="1"/>
<D id="274" f="9" l="590" c="17" n="Cos_f32" t="2" d="1"/>
<D id="275" f="9" l="184" c="35" n="Inp" t="4" d="1"/>
<D id="276" f="9" l="310" c="95" n="Inp2" t="4" d="1"/>
<D id="277" f="9" l="653" c="17" n="Tmp" t="4" d="1"/>
<D id="278" f="9" l="259" c="15" n="Sign_s08_s32" t="2" d="1"/>
<D id="279" f="9" l="247" c="35" n="Inp" t="4" d="1"/>
<D id="280" f="9" l="296" c="15" n="Min_u08" t="2" d="1"/>
<D id="281" f="9" l="626" c="17" n="Mod_f32" t="2" d="1"/>
<D id="282" f="9" l="348" c="16" n="Min_u32" t="2" d="1"/>
<D id="283" f="9" l="401" c="95" n="Inp2" t="4" d="1"/>
<D id="284" f="9" l="510" c="95" n="RngHi" t="4" d="1"/>
<D id="285" f="9" l="387" c="15" n="Max_u08" t="2" d="1"/>
<D id="286" f="9" l="494" c="16" n="Lim_s16" t="2" d="1"/>
<D id="287" f="11" l="78" c="17" n="SINVLTGGENNPHATOGNDTBL_CNT_U16" t="4" d="1"/>
<D id="288" f="9" l="439" c="16" n="Max_u32" t="2" d="1"/>
<D id="289" f="11" l="73" c="66" n="PhaDptOffsX_MotRevElec_T_f32" t="4" d="1"/>
<D id="290" f="9" l="649" c="15" n="Normdn" t="4" d="1"/>
<D id="291" f="9" l="565" c="17" n="Arctan2_f32" t="2" d="1"/>
<D id="292" f="11" l="75" c="65" n="PwmPerd_NanoSec_T_u32" t="4" d="1"/>
<D id="293" f="9" l="578" c="33" n="Inp" t="4" d="1"/>
<D id="294" f="9" l="197" c="16" n="Abslt_u16_s16" t="2" d="1"/>
<D id="295" f="9" l="648" c="16" n="n" t="4" d="1"/>
<D id="296" f="11" l="74" c="66" n="MotModlnIdx_Uls_T_f32" t="4" d="1"/>
<D id="297" f="9" l="440" c="95" n="Inp2" t="4" d="1"/>
<D id="298" f="9" l="259" c="35" n="Inp" t="4" d="1"/>
<D id="299" f="9" l="323" c="95" n="Inp2" t="4" d="1"/>
<D id="300" f="9" l="414" c="95" n="Inp2" t="4" d="1"/>
<D id="301" f="9" l="523" c="95" n="RngLo" t="4" d="1"/>
<D id="302" f="9" l="565" c="37" n="Numer" t="4" d="1"/>
<D id="303" f="9" l="481" c="94" n="RngLo" t="4" d="1"/>
<D id="304" f="9" l="578" c="17" n="Sin_f32" t="2" d="1"/>
<D id="305" f="9" l="524" c="95" n="RngHi" t="4" d="1"/>
<D id="306" f="9" l="482" c="94" n="RngHi" t="4" d="1"/>
<D id="307" f="9" l="197" c="37" n="Inp" t="4" d="1"/>
<D id="308" f="9" l="336" c="95" n="Inp2" t="4" d="1"/>
<D id="309" f="9" l="362" c="96" n="Inp2" t="4" d="1"/>
<D id="310" f="9" l="171" c="97" n="Inp2" t="4" d="1"/>
<D id="311" f="9" l="427" c="95" n="Inp2" t="4" d="1"/>
<D id="312" f="9" l="453" c="96" n="Inp2" t="4" d="1"/>
<D id="313" f="9" l="172" c="97" n="Fac" t="4" d="1"/>
<D id="314" f="9" l="284" c="86" n="Inp2" t="4" d="1"/>
<D id="315" f="9" l="509" c="95" n="RngLo" t="4" d="1"/>
<D id="316" f="9" l="537" c="95" n="RngLo" t="4" d="1"/>
<D id="317" f="9" l="375" c="86" n="Inp2" t="4" d="1"/>
<D id="318" f="9" l="467" c="94" n="RngLo" t="4" d="1"/>
<D id="319" f="9" l="538" c="95" n="RngHi" t="4" d="1"/>
<D id="320" f="9" l="468" c="94" n="RngHi" t="4" d="1"/>
<D id="321" f="9" l="349" c="95" n="Inp2" t="4" d="1"/>
<D id="322" f="9" l="495" c="95" n="RngLo" t="4" d="1"/>
<D id="323" f="9" l="297" c="86" n="Inp2" t="4" d="1"/>
<D id="324" f="9" l="496" c="95" n="RngHi" t="4" d="1"/>
<D id="325" f="9" l="388" c="86" n="Inp2" t="4" d="1"/>
</Definitions>
<Uses>
<U id="1" f="10" l="220" c="10" d="179" a="0"/>
<U id="2" f="10" l="303" c="9" d="190" a="0"/>
<U id="3" f="10" l="204" c="9" d="186" a="0"/>
<U id="4" f="10" l="331" c="9" d="190" a="0"/>
<U id="5" f="11" l="230" c="10" d="4" a="0"/>
<U id="6" f="10" l="232" c="9" d="195" a="0"/>
<U id="7" f="10" l="261" c="9" d="186" a="0"/>
<U id="8" f="10" l="190" c="9" d="174" a="0"/>
<U id="9" f="10" l="305" c="10" d="190" a="0"/>
<U id="10" f="10" l="333" c="10" d="190" a="0"/>
<U id="11" f="10" l="234" c="10" d="195" a="0"/>
<U id="12" f="10" l="305" c="29" d="32" a="0"/>
<U id="13" f="12" l="512" c="11" d="49" a="0"/>
<U id="14" f="10" l="305" c="20" d="190" a="0"/>
<U id="15" f="10" l="317" c="9" d="190" a="0"/>
<U id="16" f="11" l="250" c="39" d="190" a="0"/>
<U id="17" f="11" l="314" c="29" d="149" a="0"/>
<U id="18" f="11" l="400" c="41" d="15" a="0"/>
<U id="19" f="10" l="218" c="9" d="179" a="0"/>
<U id="20" f="10" l="333" c="29" d="39" a="0"/>
<U id="21" f="10" l="303" c="49" d="190" a="0"/>
<U id="22" f="10" l="333" c="20" d="190" a="0"/>
<U id="23" f="10" l="345" c="9" d="190" a="0"/>
<U id="24" f="10" l="234" c="29" d="40" a="0"/>
<U id="25" f="10" l="331" c="49" d="190" a="0"/>
<U id="26" f="10" l="263" c="10" d="186" a="0"/>
<U id="27" f="11" l="281" c="10" d="190" a="0"/>
<U id="28" f="11" l="332" c="39" d="63" a="0"/>
<U id="29" f="11" l="401" c="41" d="18" a="0"/>
<U id="30" f="11" l="234" c="11" d="4" a="0"/>
<U id="31" f="11" l="433" c="29" d="131" a="0"/>
<U id="32" f="10" l="291" c="10" d="195" a="0"/>
<U id="33" f="10" l="247" c="9" d="174" a="0"/>
<U id="34" f="11" l="400" c="33" d="270" a="0"/>
<U id="35" f="11" l="282" c="10" d="190" a="0"/>
<U id="36" f="12" l="505" c="11" d="44" a="0"/>
<U id="37" f="11" l="402" c="41" d="22" a="0"/>
<U id="38" f="10" l="275" c="9" d="179" a="0"/>
<U id="39" f="11" l="434" c="29" d="134" a="0"/>
<U id="40" f="10" l="291" c="29" d="93" a="0"/>
<U id="41" f="9" l="700" c="122" d="269" a="0"/>
<U id="42" f="10" l="261" c="49" d="190" a="0"/>
<U id="43" f="11" l="401" c="33" d="270" a="0"/>
<U id="44" f="10" l="220" c="43" d="89" a="0"/>
<U id="45" f="11" l="435" c="29" d="141" a="0"/>
<U id="46" f="10" l="206" c="13" d="34" a="0"/>
<U id="47" f="10" l="319" c="10" d="190" a="0"/>
<U id="48" f="9" l="701" c="122" d="269" a="0"/>
<U id="49" f="11" l="351" c="13" d="48" a="0"/>
<U id="50" f="9" l="705" c="120" d="269" a="0"/>
<U id="51" f="11" l="402" c="33" d="270" a="0"/>
<U id="52" f="10" l="347" c="10" d="190" a="0"/>
<U id="53" f="9" l="720" c="122" d="269" a="0"/>
<U id="54" f="12" l="481" c="11" d="55" a="0"/>
<U id="55" f="11" l="222" c="33" d="41" a="0"/>
<U id="56" f="11" l="326" c="30" d="53" a="0"/>
<U id="57" f="11" l="404" c="32" d="5" a="0"/>
<U id="58" f="9" l="680" c="120" d="269" a="0"/>
<U id="59" f="11" l="313" c="60" d="121" a="0"/>
<U id="60" f="10" l="319" c="29" d="60" a="0"/>
<U id="61" f="11" l="441" c="32" d="7" a="0"/>
<U id="62" f="10" l="319" c="20" d="190" a="0"/>
<U id="63" f="9" l="721" c="122" d="269" a="0"/>
<U id="64" f="10" l="220" c="26" d="190" a="0"/>
<U id="65" f="11" l="310" c="35" d="114" a="0"/>
<U id="66" f="11" l="362" c="40" d="13" a="0"/>
<U id="67" f="10" l="347" c="29" d="65" a="0"/>
<U id="68" f="11" l="223" c="33" d="41" a="0"/>
<U id="69" f="11" l="353" c="40" d="81" a="1"/>
<U id="70" f="12" l="473" c="11" d="61" a="0"/>
<U id="71" f="10" l="317" c="49" d="190" a="0"/>
<U id="72" f="10" l="249" c="10" d="174" a="0"/>
<U id="73" f="10" l="347" c="20" d="190" a="0"/>
<U id="74" f="9" l="740" c="122" d="269" a="0"/>
<U id="75" f="11" l="436" c="39" d="149" a="0"/>
<U id="76" f="11" l="442" c="32" d="9" a="0"/>
<U id="77" f="10" l="345" c="49" d="190" a="0"/>
<U id="78" f="10" l="277" c="10" d="179" a="0"/>
<U id="79" f="11" l="266" c="11" d="19" a="0"/>
<U id="80" f="9" l="715" c="121" d="269" a="0"/>
<U id="81" f="11" l="326" c="22" d="281" a="0"/>
<U id="82" f="9" l="706" c="121" d="269" a="0"/>
<U id="83" f="9" l="741" c="122" d="269" a="0"/>
<U id="84" f="11" l="224" c="33" d="289" a="0"/>
<U id="85" f="10" l="192" c="13" d="51" a="0"/>
<U id="86" f="9" l="675" c="119" d="269" a="0"/>
<U id="87" f="11" l="313" c="34" d="149" a="0"/>
<U id="88" f="11" l="325" c="23" d="66" a="0"/>
<U id="89" f="10" l="220" c="18" d="195" a="0"/>
<U id="90" f="9" l="725" c="121" d="269" a="0"/>
<U id="91" f="11" l="246" c="40" d="242" a="0"/>
<U id="92" f="11" l="362" c="32" d="195" a="0"/>
<U id="93" f="11" l="437" c="39" d="149" a="0"/>
<U id="94" f="11" l="443" c="32" d="12" a="0"/>
<U id="95" f="9" l="681" c="121" d="269" a="0"/>
<U id="96" f="9" l="716" c="121" d="269" a="0"/>
<U id="97" f="11" l="222" c="53" d="264" a="0"/>
<U id="98" f="11" l="353" c="32" d="195" a="0"/>
<U id="99" f="11" l="385" c="29" d="176" a="0"/>
<U id="100" f="10" l="206" c="70" d="186" a="0"/>
<U id="101" f="11" l="312" c="35" d="120" a="0"/>
<U id="102" f="11" l="376" c="29" d="176" a="0"/>
<U id="103" f="10" l="247" c="49" d="190" a="0"/>
<U id="104" f="10" l="289" c="9" d="195" a="0"/>
<U id="105" f="9" l="685" c="119" d="269" a="0"/>
<U id="106" f="11" l="367" c="29" d="176" a="0"/>
<U id="107" f="9" l="735" c="121" d="269" a="0"/>
<U id="108" f="9" l="726" c="121" d="269" a="0"/>
<U id="109" f="10" l="275" c="49" d="190" a="0"/>
<U id="110" f="11" l="357" c="39" d="48" a="0"/>
<U id="111" f="11" l="360" c="34" d="81" a="1"/>
<U id="112" f="11" l="438" c="39" d="149" a="0"/>
<U id="113" f="10" l="220" c="37" d="62" a="0"/>
<U id="114" f="11" l="223" c="53" d="272" a="0"/>
<U id="115" f="10" l="206" c="89" d="34" a="0"/>
<U id="116" f="9" l="736" c="121" d="269" a="0"/>
<U id="117" f="10" l="204" c="45" d="190" a="0"/>
<U id="118" f="11" l="335" c="42" d="74" a="0"/>
<U id="119" f="11" l="358" c="39" d="76" a="1"/>
<U id="120" f="10" l="206" c="53" d="72" a="0"/>
<U id="121" f="10" l="305" c="35" d="70" a="0"/>
<U id="122" f="9" l="676" c="120" d="269" a="0"/>
<U id="123" f="9" l="746" c="121" d="269" a="0"/>
<U id="124" f="10" l="232" c="45" d="190" a="0"/>
<U id="125" f="11" l="311" c="28" d="122" a="0"/>
<U id="126" f="10" l="333" c="35" d="75" a="0"/>
<U id="127" f="9" l="695" c="120" d="269" a="0"/>
<U id="128" f="11" l="261" c="44" d="19" a="0"/>
<U id="129" f="9" l="686" c="120" d="269" a="0"/>
<U id="130" f="11" l="315" c="62" d="107" a="0"/>
<U id="131" f="11" l="332" c="72" d="99" a="0"/>
<U id="132" f="10" l="234" c="35" d="77" a="0"/>
<U id="133" f="10" l="263" c="34" d="84" a="0"/>
<U id="134" f="9" l="747" c="121" d="269" a="0"/>
<U id="135" f="10" l="303" c="37" d="174" a="0"/>
<U id="136" f="10" l="192" c="61" d="85" a="0"/>
<U id="137" f="11" l="254" c="43" d="287" a="1"/>
<U id="138" f="11" l="254" c="34" d="190" a="0"/>
<U id="139" f="11" l="445" c="33" d="112" a="0"/>
<U id="140" f="10" l="331" c="37" d="179" a="0"/>
<U id="141" f="11" l="349" c="40" d="81" a="1"/>
<U id="142" f="11" l="316" c="62" d="109" a="0"/>
<U id="143" f="11" l="337" c="42" d="3" a="0"/>
<U id="144" f="11" l="450" c="36" d="27" a="0"/>
<U id="145" f="10" l="206" c="36" d="190" a="0"/>
<U id="146" f="10" l="261" c="36" d="190" a="0"/>
<U id="147" f="11" l="331" c="37" d="58" a="0"/>
<U id="148" f="12" l="497" c="11" d="87" a="0"/>
<U id="149" f="11" l="232" c="37" d="4" a="0"/>
<U id="150" f="11" l="261" c="36" d="282" a="0"/>
<U id="151" f="11" l="446" c="33" d="116" a="0"/>
<U id="152" f="10" l="190" c="45" d="190" a="0"/>
<U id="153" f="10" l="234" c="18" d="190" a="0"/>
<U id="154" f="11" l="315" c="36" d="149" a="0"/>
<U id="155" f="11" l="347" c="33" d="76" a="1"/>
<U id="156" f="11" l="451" c="36" d="36" a="0"/>
<U id="157" f="10" l="291" c="35" d="96" a="0"/>
<U id="158" f="9" l="696" c="121" d="269" a="0"/>
<U id="159" f="11" l="314" c="55" d="106" a="0"/>
<U id="160" f="10" l="192" c="44" d="190" a="0"/>
<U id="161" f="11" l="343" c="36" d="5" a="0"/>
<U id="162" f="11" l="349" c="32" d="195" a="0"/>
<U id="163" f="12" l="489" c="11" d="86" a="0"/>
<U id="164" f="11" l="328" c="43" d="50" a="0"/>
<U id="165" f="11" l="337" c="34" d="195" a="0"/>
<U id="166" f="11" l="447" c="33" d="118" a="0"/>
<U id="167" f="10" l="206" c="28" d="186" a="0"/>
<U id="168" f="10" l="249" c="42" d="94" a="0"/>
<U id="169" f="11" l="328" c="34" d="190" a="0"/>
<U id="170" f="11" l="394" c="51" d="53" a="0"/>
<U id="171" f="10" l="289" c="49" d="190" a="0"/>
<U id="172" f="11" l="316" c="36" d="149" a="0"/>
<U id="173" f="11" l="452" c="36" d="6" a="0"/>
<U id="174" f="11" l="336" c="35" d="1" a="0"/>
<U id="175" f="11" l="394" c="33" d="106" a="0"/>
<U id="176" f="10" l="277" c="42" d="95" a="0"/>
<U id="177" f="10" l="263" c="18" d="190" a="0"/>
<U id="178" f="11" l="328" c="71" d="53" a="0"/>
<U id="179" f="11" l="331" c="66" d="23" a="0"/>
<U id="180" f="10" l="218" c="45" d="190" a="0"/>
<U id="181" f="10" l="206" c="47" d="34" a="0"/>
<U id="182" f="10" l="192" c="36" d="186" a="0"/>
<U id="183" f="10" l="291" c="18" d="190" a="0"/>
<U id="184" f="10" l="319" c="35" d="88" a="0"/>
<U id="185" f="11" l="325" c="46" d="190" a="0"/>
<U id="186" f="11" l="343" c="28" d="270" a="0"/>
<U id="187" f="11" l="395" c="33" d="107" a="0"/>
<U id="188" f="11" l="254" c="82" d="10" a="0"/>
<U id="189" f="11" l="351" c="38" d="76" a="1"/>
<U id="190" f="11" l="246" c="54" d="4" a="0"/>
<U id="191" f="11" l="257" c="71" d="14" a="0"/>
<U id="192" f="10" l="347" c="35" d="91" a="0"/>
<U id="193" f="10" l="204" c="58" d="190" a="0"/>
<U id="194" f="10" l="263" c="28" d="47" a="0"/>
<U id="195" f="11" l="317" c="64" d="110" a="0"/>
<U id="196" f="10" l="317" c="37" d="186" a="0"/>
<U id="197" f="10" l="192" c="55" d="51" a="0"/>
<U id="198" f="11" l="396" c="33" d="109" a="0"/>
<U id="199" f="10" l="232" c="58" d="190" a="0"/>
<U id="200" f="11" l="261" c="75" d="292" a="0"/>
<U id="201" f="11" l="441" c="57" d="16" a="0"/>
<U id="202" f="10" l="247" c="36" d="190" a="0"/>
<U id="203" f="11" l="236" c="37" d="4" a="0"/>
<U id="204" f="11" l="336" c="73" d="99" a="0"/>
<U id="205" f="10" l="345" c="37" d="195" a="0"/>
<U id="206" f="10" l="192" c="28" d="174" a="0"/>
<U id="207" f="11" l="398" c="32" d="11" a="0"/>
<U id="208" f="10" l="275" c="36" d="190" a="0"/>
<U id="209" f="11" l="254" c="74" d="179" a="0"/>
<U id="210" f="11" l="318" c="64" d="111" a="0"/>
<U id="211" f="11" l="358" c="80" d="76" a="1"/>
<U id="212" f="10" l="249" c="26" d="190" a="0"/>
<U id="213" f="11" l="249" c="35" d="8" a="0"/>
<U id="214" f="11" l="370" c="48" d="26" a="0"/>
<U id="215" f="11" l="442" c="57" d="20" a="0"/>
<U id="216" f="10" l="277" c="26" d="190" a="0"/>
<U id="217" f="11" l="357" c="63" d="76" a="1"/>
<U id="218" f="11" l="317" c="38" d="149" a="0"/>
<U id="219" f="11" l="319" c="64" d="115" a="0"/>
<U id="220" f="11" l="380" c="48" d="48" a="0"/>
<U id="221" f="11" l="371" c="48" d="48" a="0"/>
<U id="222" f="11" l="443" c="57" d="24" a="0"/>
<U id="223" f="10" l="249" c="36" d="78" a="0"/>
<U id="224" f="10" l="206" c="95" d="72" a="0"/>
<U id="225" f="10" l="190" c="58" d="190" a="0"/>
<U id="226" f="10" l="249" c="18" d="186" a="0"/>
<U id="227" f="11" l="436" c="65" d="112" a="0"/>
<U id="228" f="10" l="277" c="36" d="80" a="0"/>
<U id="229" f="11" l="257" c="46" d="292" a="0"/>
<U id="230" f="11" l="318" c="38" d="149" a="0"/>
<U id="231" f="11" l="390" c="48" d="5" a="0"/>
<U id="232" f="11" l="257" c="37" d="190" a="0"/>
<U id="233" f="11" l="381" c="48" d="5" a="0"/>
<U id="234" f="10" l="277" c="18" d="195" a="0"/>
<U id="235" f="11" l="372" c="48" d="5" a="0"/>
<U id="236" f="11" l="395" c="54" d="74" a="0"/>
<U id="237" f="11" l="259" c="45" d="17" a="0"/>
<U id="238" f="11" l="437" c="65" d="116" a="0"/>
<U id="239" f="10" l="192" c="94" d="190" a="0"/>
<U id="240" f="11" l="319" c="38" d="149" a="0"/>
<U id="241" f="11" l="335" c="76" d="25" a="0"/>
<U id="242" f="11" l="339" c="28" d="2" a="0"/>
<U id="243" f="11" l="396" c="54" d="3" a="0"/>
<U id="244" f="11" l="445" c="57" d="27" a="0"/>
<U id="245" f="10" l="206" c="78" d="190" a="0"/>
<U id="246" f="10" l="218" c="58" d="190" a="0"/>
<U id="247" f="11" l="438" c="65" d="118" a="0"/>
<U id="248" f="11" l="359" c="82" d="81" a="1"/>
<U id="249" f="11" l="259" c="37" d="195" a="0"/>
<U id="250" f="11" l="446" c="57" d="36" a="0"/>
<U id="251" f="10" l="192" c="86" d="186" a="0"/>
<U id="252" f="10" l="289" c="36" d="190" a="0"/>
<U id="253" f="11" l="359" c="37" d="81" a="1"/>
<U id="254" f="11" l="447" c="57" d="6" a="0"/>
<U id="255" f="11" l="385" c="48" d="11" a="0"/>
<U id="256" f="10" l="192" c="78" d="174" a="0"/>
<U id="257" f="11" l="376" c="48" d="11" a="0"/>
<U id="258" f="11" l="367" c="48" d="11" a="0"/>
<U id="259" f="11" l="386" c="48" d="31" a="0"/>
<U id="260" f="11" l="377" c="48" d="31" a="0"/>
<U id="261" f="11" l="368" c="48" d="31" a="0"/>
<U id="262" f="11" l="387" c="48" d="45" a="0"/>
<U id="263" f="11" l="378" c="48" d="45" a="0"/>
<U id="264" f="11" l="369" c="48" d="45" a="0"/>
<U id="265" f="11" l="388" c="48" d="42" a="0"/>
<U id="266" f="11" l="379" c="48" d="35" a="0"/>
<U id="267" f="11" l="389" c="48" d="48" a="0"/>
<U id="268" f="11" l="259" c="78" d="271" a="0"/>
<U id="269" f="11" l="332" c="131" d="23" a="0"/>
<U id="270" f="10" l="192" c="111" d="85" a="0"/>
<U id="271" f="11" l="254" c="131" d="296" a="0"/>
<U id="272" f="10" l="192" c="105" d="51" a="0"/>
<U id="273" f="11" l="336" c="132" d="25" a="0"/>
<U id="274" f="5" l="60" c="2" d="190" a="0"/>
<U id="275" f="5" l="51" c="2" d="190" a="0"/>
<U id="276" f="5" l="52" c="2" d="190" a="0"/>
<U id="277" f="5" l="53" c="2" d="190" a="0"/>
<U id="278" f="5" l="54" c="2" d="190" a="0"/>
<U id="279" f="5" l="55" c="2" d="190" a="0"/>
<U id="280" f="5" l="56" c="2" d="195" a="0"/>
<U id="281" f="8" l="30" c="7" d="195" a="0"/>
<U id="282" f="8" l="21" c="7" d="179" a="0"/>
<U id="283" f="5" l="57" c="2" d="195" a="0"/>
<U id="284" f="5" l="88" c="0" d="201" a="0"/>
<U id="285" f="8" l="31" c="7" d="195" a="0"/>
<U id="286" f="8" l="22" c="7" d="190" a="0"/>
<U id="287" f="1" l="50" c="8" d="129" a="0"/>
<U id="288" f="5" l="58" c="2" d="195" a="0"/>
<U id="289" f="5" l="89" c="0" d="190" a="0"/>
<U id="290" f="8" l="32" c="7" d="195" a="0"/>
<U id="291" f="8" l="23" c="7" d="179" a="0"/>
<U id="292" f="5" l="59" c="2" d="195" a="0"/>
<U id="293" f="4" l="60" c="8" d="179" a="0"/>
<U id="294" f="4" l="51" c="8" d="174" a="0"/>
<U id="295" f="4" l="42" c="8" d="186" a="0"/>
<U id="296" f="8" l="25" c="7" d="195" a="0"/>
<U id="297" f="4" l="90" c="8" d="148" a="0"/>
<U id="298" f="8" l="26" c="7" d="195" a="0"/>
<U id="299" f="4" l="81" c="8" d="151" a="0"/>
<U id="300" f="4" l="72" c="8" d="179" a="0"/>
<U id="301" f="4" l="63" c="8" d="179" a="0"/>
<U id="302" f="4" l="54" c="8" d="179" a="0"/>
<U id="303" f="1" l="84" c="7" d="164" a="0"/>
<U id="304" f="8" l="27" c="7" d="195" a="0"/>
<U id="305" f="4" l="45" c="8" d="186" a="0"/>
<U id="306" f="4" l="36" c="8" d="179" a="0"/>
<U id="307" f="8" l="28" c="7" d="195" a="0"/>
<U id="308" f="4" l="93" c="8" d="123" a="0"/>
<U id="309" f="8" l="29" c="7" d="195" a="0"/>
<U id="310" f="4" l="84" c="8" d="124" a="0"/>
<U id="311" f="4" l="75" c="8" d="179" a="0"/>
<U id="312" f="4" l="66" c="8" d="179" a="0"/>
<U id="313" f="4" l="57" c="8" d="179" a="0"/>
<U id="314" f="4" l="48" c="8" d="174" a="0"/>
<U id="315" f="1" l="49" c="8" d="129" a="0"/>
<U id="316" f="4" l="39" c="8" d="195" a="0"/>
<U id="317" f="4" l="96" c="8" d="133" a="0"/>
<U id="318" f="4" l="87" c="8" d="135" a="0"/>
<U id="319" f="4" l="78" c="8" d="151" a="0"/>
<U id="320" f="4" l="69" c="8" d="179" a="0"/>
<U id="321" f="4" l="99" c="8" d="147" a="0"/>
<U id="322" f="12" l="11346" c="9" d="105" a="0"/>
<U id="323" f="3" l="140" c="3" d="170" a="0"/>
<U id="324" f="5" l="72" c="21" d="98" a="0"/>
<U id="325" f="6" l="122" c="4" d="168" a="0"/>
<U id="326" f="1" l="84" c="39" d="164" a="0"/>
<U id="327" f="6" l="123" c="4" d="190" a="0"/>
<U id="328" f="5" l="67" c="20" d="98" a="0"/>
<U id="329" f="6" l="124" c="4" d="190" a="0"/>
<U id="330" f="3" l="136" c="3" d="179" a="0"/>
<U id="331" f="6" l="125" c="4" d="190" a="0"/>
<U id="332" f="4" l="120" c="8" d="182" a="0"/>
<U id="333" f="4" l="111" c="8" d="146" a="0"/>
<U id="334" f="4" l="102" c="8" d="147" a="0"/>
<U id="335" f="3" l="137" c="3" d="179" a="0"/>
<U id="336" f="6" l="126" c="4" d="195" a="0"/>
<U id="337" f="3" l="138" c="3" d="170" a="0"/>
<U id="338" f="6" l="151" c="7" d="149" a="0"/>
<U id="339" f="3" l="132" c="8" d="170" a="0"/>
<U id="340" f="3" l="139" c="3" d="170" a="0"/>
<U id="341" f="4" l="123" c="8" d="206" a="0"/>
<U id="342" f="6" l="141" c="8" d="181" a="1"/>
<U id="343" f="4" l="114" c="8" d="146" a="0"/>
<U id="344" f="4" l="105" c="8" d="158" a="0"/>
<U id="345" f="6" l="152" c="7" d="149" a="0"/>
<U id="346" f="6" l="142" c="8" d="189" a="1"/>
<U id="347" f="6" l="133" c="8" d="167" a="0"/>
<U id="348" f="6" l="148" c="4" d="194" a="1"/>
<U id="349" f="6" l="153" c="7" d="149" a="0"/>
<U id="350" f="6" l="143" c="8" d="198" a="1"/>
<U id="351" f="6" l="154" c="7" d="149" a="0"/>
<U id="352" f="4" l="126" c="8" d="212" a="0"/>
<U id="353" f="4" l="117" c="8" d="140" a="0"/>
<U id="354" f="6" l="135" c="8" d="181" a="1"/>
<U id="355" f="9" l="650" c="8" d="190" a="0"/>
<U id="356" f="4" l="108" c="8" d="132" a="0"/>
<U id="357" f="6" l="155" c="7" d="149" a="0"/>
<U id="358" f="6" l="136" c="8" d="189" a="1"/>
<U id="359" f="9" l="651" c="8" d="190" a="0"/>
<U id="360" f="9" l="661" c="8" d="256" a="1"/>
<U id="361" f="6" l="137" c="8" d="198" a="1"/>
<U id="362" f="9" l="652" c="8" d="190" a="0"/>
<U id="363" f="9" l="653" c="8" d="190" a="0"/>
<U id="364" f="9" l="663" c="8" d="263" a="1"/>
<U id="365" f="9" l="664" c="8" d="269" a="1"/>
<U id="366" f="5" l="88" c="64" d="168" a="0"/>
<U id="367" f="9" l="656" c="8" d="277" a="1"/>
<U id="368" f="9" l="657" c="8" d="295" a="1"/>
<U id="369" f="9" l="648" c="8" d="186" a="0"/>
<U id="370" f="9" l="658" c="8" d="245" a="1"/>
<U id="371" f="9" l="649" c="8" d="170" a="0"/>
<U id="372" f="9" l="659" c="8" d="290" a="1"/>
<U id="373" f="9" l="210" c="9" d="195" a="0"/>
<U id="374" f="9" l="400" c="9" d="174" a="0"/>
<U id="375" f="9" l="322" c="9" d="179" a="0"/>
<U id="376" f="9" l="602" c="9" d="190" a="0"/>
<U id="377" f="9" l="223" c="9" d="190" a="0"/>
<U id="378" f="9" l="170" c="9" d="190" a="0"/>
<U id="379" f="9" l="413" c="9" d="179" a="0"/>
<U id="380" f="9" l="210" c="30" d="186" a="0"/>
<U id="381" f="9" l="522" c="9" d="186" a="0"/>
<U id="382" f="9" l="550" c="9" d="190" a="0"/>
<U id="383" f="9" l="200" c="40" d="179" a="0"/>
<U id="384" f="11" l="300" c="4" d="190" a="0"/>
<U id="385" f="9" l="361" c="9" d="190" a="0"/>
<U id="386" f="9" l="271" c="9" d="168" a="0"/>
<U id="387" f="11" l="400" c="4" d="131" a="1"/>
<U id="388" f="11" l="310" c="4" d="31" a="1"/>
<U id="389" f="9" l="200" c="59" d="307" a="0"/>
<U id="390" f="11" l="301" c="4" d="190" a="0"/>
<U id="391" f="9" l="452" c="9" d="190" a="0"/>
<U id="392" f="9" l="614" c="9" d="190" a="0"/>
<U id="393" f="11" l="211" c="4" d="190" a="0"/>
<U id="394" f="9" l="235" c="9" d="168" a="0"/>
<U id="395" f="9" l="480" c="9" d="170" a="0"/>
<U id="396" f="9" l="312" c="30" d="224" a="0"/>
<U id="397" f="11" l="401" c="4" d="134" a="1"/>
<U id="398" f="9" l="335" c="9" d="186" a="0"/>
<U id="399" f="9" l="200" c="14" d="307" a="0"/>
<U id="400" f="11" l="311" c="4" d="48" a="1"/>
<U id="401" f="11" l="302" c="4" d="195" a="0"/>
<U id="402" f="11" l="212" c="4" d="190" a="0"/>
<U id="403" f="9" l="403" c="30" d="175" a="0"/>
<U id="404" f="9" l="426" c="9" d="186" a="0"/>
<U id="405" f="9" l="590" c="9" d="190" a="0"/>
<U id="406" f="9" l="512" c="30" d="284" a="0"/>
<U id="407" f="11" l="402" c="4" d="141" a="1"/>
<U id="408" f="9" l="200" c="33" d="307" a="0"/>
<U id="409" f="9" l="512" c="21" d="284" a="0"/>
<U id="410" f="11" l="312" c="4" d="45" a="1"/>
<U id="411" f="9" l="283" c="9" d="168" a="0"/>
<U id="412" f="9" l="200" c="24" d="179" a="0"/>
<U id="413" f="9" l="540" c="30" d="319" a="0"/>
<U id="414" f="11" l="222" c="4" d="4" a="1"/>
<U id="415" f="11" l="303" c="4" d="195" a="0"/>
<U id="416" f="9" l="309" c="9" d="174" a="0"/>
<U id="417" f="9" l="213" c="40" d="195" a="0"/>
<U id="418" f="9" l="312" c="22" d="276" a="0"/>
<U id="419" f="9" l="540" c="21" d="319" a="0"/>
<U id="420" f="11" l="213" c="4" d="190" a="0"/>
<U id="421" f="11" l="430" c="4" d="195" a="0"/>
<U id="422" f="9" l="184" c="9" d="170" a="0"/>
<U id="423" f="9" l="508" c="9" d="179" a="0"/>
<U id="424" f="11" l="421" c="4" d="195" a="0"/>
<U id="425" f="9" l="626" c="9" d="190" a="0"/>
<U id="426" f="9" l="351" c="30" d="244" a="0"/>
<U id="427" f="11" l="331" c="4" d="63" a="1"/>
<U id="428" f="9" l="247" c="9" d="168" a="0"/>
<U id="429" f="9" l="374" c="9" d="168" a="0"/>
<U id="430" f="9" l="536" c="9" d="195" a="0"/>
<U id="431" f="11" l="70" c="41" d="195" a="0"/>
<U id="432" f="9" l="403" c="22" d="283" a="0"/>
<U id="433" f="9" l="512" c="40" d="227" a="0"/>
<U id="434" f="11" l="313" c="4" d="50" a="1"/>
<U id="435" f="9" l="223" c="31" d="190" a="0"/>
<U id="436" f="9" l="400" c="24" d="174" a="0"/>
<U id="437" f="11" l="304" c="4" d="190" a="0"/>
<U id="438" f="9" l="213" c="59" d="233" a="0"/>
<U id="439" f="9" l="442" c="30" d="251" a="0"/>
<U id="440" f="9" l="540" c="40" d="232" a="0"/>
<U id="441" f="11" l="70" c="14" d="195" a="0"/>
<U id="442" f="11" l="214" c="4" d="190" a="0"/>
<U id="443" f="11" l="422" c="4" d="195" a="0"/>
<U id="444" f="9" l="470" c="30" d="320" a="0"/>
<U id="445" f="9" l="604" c="12" d="145" a="0"/>
<U id="446" f="11" l="332" c="4" d="74" a="1"/>
<U id="447" f="9" l="225" c="12" d="156" a="0"/>
<U id="448" f="9" l="312" c="14" d="224" a="0"/>
<U id="449" f="9" l="470" c="21" d="320" a="0"/>
<U id="450" f="11" l="404" c="4" d="119" a="1"/>
<U id="451" f="9" l="565" c="9" d="190" a="0"/>
<U id="452" f="9" l="325" c="30" d="196" a="0"/>
<U id="453" f="11" l="314" c="4" d="66" a="1"/>
<U id="454" f="11" l="450" c="4" d="143" a="1"/>
<U id="455" f="6" l="128" c="11" d="162" a="0"/>
<U id="456" f="9" l="348" c="9" d="195" a="0"/>
<U id="457" f="9" l="174" c="29" d="313" a="0"/>
<U id="458" f="9" l="213" c="14" d="233" a="0"/>
<U id="459" f="9" l="351" c="22" d="321" a="0"/>
<U id="460" f="11" l="305" c="4" d="195" a="0"/>
<U id="461" f="11" l="441" c="4" d="27" a="1"/>
<U id="462" f="9" l="466" c="9" d="168" a="0"/>
<U id="463" f="11" l="215" c="4" d="190" a="0"/>
<U id="464" f="9" l="390" c="30" d="238" a="0"/>
<U id="465" f="9" l="403" c="14" d="175" a="0"/>
<U id="466" f="11" l="261" c="4" d="19" a="1"/>
<U id="467" f="11" l="423" c="4" d="195" a="0"/>
<U id="468" f="9" l="494" c="9" d="174" a="0"/>
<U id="469" f="9" l="416" c="30" d="202" a="0"/>
<U id="470" f="11" l="78" c="10" d="179" a="0"/>
<U id="471" f="9" l="184" c="29" d="168" a="0"/>
<U id="472" f="9" l="439" c="9" d="195" a="0"/>
<U id="473" f="9" l="442" c="22" d="297" a="0"/>
<U id="474" f="9" l="470" c="40" d="221" a="0"/>
<U id="475" f="9" l="512" c="14" d="227" a="0"/>
<U id="476" f="11" l="315" c="4" d="23" a="1"/>
<U id="477" f="11" l="451" c="4" d="113" a="1"/>
<U id="478" f="9" l="259" c="9" d="168" a="0"/>
<U id="479" f="9" l="213" c="33" d="233" a="0"/>
<U id="480" f="9" l="540" c="14" d="232" a="0"/>
<U id="481" f="9" l="580" c="12" d="163" a="0"/>
<U id="482" f="11" l="306" c="4" d="195" a="0"/>
<U id="483" f="11" l="442" c="4" d="36" a="1"/>
<U id="484" f="6" l="151" c="33" d="110" a="0"/>
<U id="485" f="9" l="296" c="9" d="170" a="0"/>
<U id="486" f="9" l="213" c="24" d="195" a="0"/>
<U id="487" f="11" l="433" c="4" d="7" a="1"/>
<U id="488" f="9" l="325" c="22" d="299" a="0"/>
<U id="489" f="11" l="343" c="4" d="5" a="1"/>
<U id="490" f="11" l="424" c="4" d="195" a="0"/>
<U id="491" f="9" l="197" c="9" d="179" a="0"/>
<U id="492" f="9" l="322" c="24" d="179" a="0"/>
<U id="493" f="9" l="351" c="14" d="244" a="0"/>
<U id="494" f="9" l="261" c="14" d="298" a="0"/>
<U id="495" f="9" l="364" c="30" d="225" a="0"/>
<U id="496" f="9" l="526" c="30" d="305" a="0"/>
<U id="497" f="11" l="325" c="4" d="53" a="1"/>
<U id="498" f="9" l="387" c="9" d="170" a="0"/>
<U id="499" f="9" l="390" c="22" d="325" a="0"/>
<U id="500" f="9" l="526" c="21" d="305" a="0"/>
<U id="501" f="9" l="616" c="12" d="150" a="0"/>
<U id="502" f="9" l="700" c="25" d="54" a="0"/>
<U id="503" f="11" l="290" c="4" d="190" a="0"/>
<U id="504" f="11" l="316" c="4" d="25" a="1"/>
<U id="505" f="11" l="452" c="4" d="117" a="1"/>
<U id="506" f="6" l="152" c="33" d="111" a="0"/>
<U id="507" f="9" l="416" c="22" d="300" a="0"/>
<U id="508" f="9" l="554" c="30" d="37" a="0"/>
<U id="509" f="11" l="307" c="4" d="195" a="0"/>
<U id="510" f="11" l="443" c="4" d="6" a="1"/>
<U id="511" f="9" l="413" c="24" d="179" a="0"/>
<U id="512" f="9" l="565" c="29" d="190" a="0"/>
<U id="513" f="9" l="273" c="40" d="168" a="0"/>
<U id="514" f="9" l="442" c="14" d="251" a="0"/>
<U id="515" f="9" l="554" c="21" d="37" a="0"/>
<U id="516" f="11" l="217" c="4" d="195" a="0"/>
<U id="517" f="11" l="434" c="4" d="9" a="1"/>
<U id="518" f="9" l="455" c="30" d="234" a="0"/>
<U id="519" f="11" l="425" c="4" d="195" a="0"/>
<U id="520" f="9" l="522" c="24" d="186" a="0"/>
<U id="521" f="9" l="470" c="14" d="221" a="0"/>
<U id="522" f="9" l="710" c="25" d="54" a="0"/>
<U id="523" f="11" l="335" c="4" d="1" a="1"/>
<U id="524" f="9" l="701" c="25" d="57" a="0"/>
<U id="525" f="11" l="326" c="4" d="53" a="1"/>
<U id="526" f="6" l="153" c="33" d="115" a="0"/>
<U id="527" f="9" l="261" c="24" d="168" a="0"/>
<U id="528" f="9" l="325" c="14" d="196" a="0"/>
<U id="529" f="9" l="526" c="40" d="205" a="0"/>
<U id="530" f="11" l="291" c="4" d="190" a="0"/>
<U id="531" f="11" l="317" c="4" d="26" a="1"/>
<U id="532" f="9" l="480" c="23" d="170" a="0"/>
<U id="533" f="9" l="578" c="9" d="190" a="0"/>
<U id="534" f="9" l="602" c="25" d="190" a="0"/>
<U id="535" f="9" l="338" c="30" d="217" a="0"/>
<U id="536" f="11" l="240" c="8" d="4" a="0"/>
<U id="537" f="11" l="308" c="4" d="195" a="0"/>
<U id="538" f="9" l="364" c="22" d="309" a="0"/>
<U id="539" f="9" l="554" c="40" d="222" a="0"/>
<U id="540" f="9" l="720" c="25" d="54" a="0"/>
<U id="541" f="11" l="435" c="4" d="12" a="1"/>
<U id="542" f="9" l="390" c="14" d="238" a="0"/>
<U id="543" f="9" l="592" c="12" d="160" a="0"/>
<U id="544" f="9" l="711" c="25" d="57" a="0"/>
<U id="545" f="11" l="426" c="4" d="195" a="0"/>
<U id="546" f="6" l="151" c="53" d="181" a="0"/>
<U id="547" f="9" l="416" c="14" d="202" a="0"/>
<U id="548" f="9" l="484" c="30" d="306" a="0"/>
<U id="549" f="9" l="568" c="19" d="302" a="0"/>
<U id="550" f="9" l="661" c="23" d="245" a="0"/>
<U id="551" f="11" l="336" c="4" d="3" a="1"/>
<U id="552" f="6" l="154" c="33" d="121" a="0"/>
<U id="553" f="9" l="429" c="30" d="220" a="0"/>
<U id="554" f="9" l="484" c="21" d="306" a="0"/>
<U id="555" f="9" l="663" c="31" d="256" a="0"/>
<U id="556" f="9" l="710" c="35" d="263" a="0"/>
<U id="557" f="9" l="455" c="22" d="312" a="0"/>
<U id="558" f="9" l="657" c="20" d="277" a="0"/>
<U id="559" f="9" l="730" c="25" d="54" a="0"/>
<U id="560" f="11" l="292" c="4" d="190" a="0"/>
<U id="561" f="11" l="318" c="4" d="35" a="1"/>
<U id="562" f="9" l="273" c="14" d="265" a="0"/>
<U id="563" f="9" l="721" c="25" d="57" a="0"/>
<U id="564" f="9" l="550" c="25" d="190" a="0"/>
<U id="565" f="9" l="286" c="30" d="209" a="0"/>
<U id="566" f="11" l="232" c="8" d="4" a="1"/>
<U id="567" f="11" l="436" c="4" d="16" a="1"/>
<U id="568" f="6" l="152" c="53" d="189" a="0"/>
<U id="569" f="9" l="174" c="14" d="226" a="0"/>
<U id="570" f="9" l="187" c="39" d="170" a="0"/>
<U id="571" f="6" l="155" c="33" d="106" a="0"/>
<U id="572" f="9" l="171" c="89" d="190" a="0"/>
<U id="573" f="9" l="283" c="23" d="168" a="0"/>
<U id="574" f="9" l="338" c="22" d="308" a="0"/>
<U id="575" f="9" l="711" c="35" d="269" a="0"/>
<U id="576" f="9" l="740" c="25" d="54" a="0"/>
<U id="577" f="11" l="337" c="4" d="2" a="1"/>
<U id="578" f="6" l="154" c="52" d="194" a="0"/>
<U id="579" f="9" l="335" c="24" d="186" a="0"/>
<U id="580" f="9" l="361" c="25" d="190" a="0"/>
<U id="581" f="9" l="237" c="14" d="247" a="0"/>
<U id="582" f="9" l="364" c="14" d="225" a="0"/>
<U id="583" f="9" l="484" c="40" d="199" a="0"/>
<U id="584" f="9" l="526" c="14" d="205" a="0"/>
<U id="585" f="9" l="731" c="25" d="57" a="0"/>
<U id="586" f="11" l="328" c="4" d="58" a="1"/>
<U id="587" f="9" l="170" c="26" d="190" a="0"/>
<U id="588" f="9" l="377" c="30" d="213" a="0"/>
<U id="589" f="11" l="293" c="4" d="190" a="0"/>
<U id="590" f="11" l="319" c="4" d="42" a="1"/>
<U id="591" f="9" l="554" c="14" d="222" a="0"/>
<U id="592" f="9" l="629" c="12" d="165" a="0"/>
<U id="593" f="9" l="730" c="35" d="269" a="0"/>
<U id="594" f="11" l="242" c="8" d="14" a="1"/>
<U id="595" f="6" l="153" c="53" d="198" a="0"/>
<U id="596" f="9" l="197" c="30" d="174" a="0"/>
<U id="597" f="9" l="374" c="23" d="168" a="0"/>
<U id="598" f="9" l="429" c="22" d="311" a="0"/>
<U id="599" f="11" l="437" c="4" d="20" a="1"/>
<U id="600" f="9" l="172" c="89" d="190" a="0"/>
<U id="601" f="9" l="426" c="24" d="186" a="0"/>
<U id="602" f="9" l="452" c="25" d="190" a="0"/>
<U id="603" f="9" l="455" c="14" d="234" a="0"/>
<U id="604" f="9" l="657" c="12" d="186" a="0"/>
<U id="605" f="9" l="741" c="25" d="57" a="0"/>
<U id="606" f="11" l="428" c="4" d="195" a="0"/>
<U id="607" f="11" l="257" c="4" d="17" a="1"/>
<U id="608" f="9" l="200" c="48" d="174" a="0"/>
<U id="609" f="9" l="286" c="22" d="314" a="0"/>
<U id="610" f="6" l="128" c="61" d="167" a="1"/>
<U id="611" f="9" l="237" c="24" d="168" a="0"/>
<U id="612" f="9" l="658" c="30" d="295" a="0"/>
<U id="613" f="9" l="670" c="34" d="263" a="0"/>
<U id="614" f="9" l="731" c="35" d="263" a="0"/>
<U id="615" f="11" l="294" c="4" d="190" a="0"/>
<U id="616" f="9" l="309" c="24" d="174" a="0"/>
<U id="617" f="9" l="312" c="37" d="276" a="0"/>
<U id="618" f="9" l="338" c="14" d="217" a="0"/>
<U id="619" f="9" l="658" c="21" d="190" a="0"/>
<U id="620" f="9" l="664" c="23" d="256" a="0"/>
<U id="621" f="9" l="670" c="25" d="54" a="0"/>
<U id="622" f="9" l="705" c="25" d="54" a="0"/>
<U id="623" f="11" l="285" c="4" d="179" a="0"/>
<U id="624" f="9" l="508" c="24" d="179" a="0"/>
<U id="625" f="9" l="604" c="17" d="214" a="0"/>
<U id="626" f="11" l="438" c="4" d="24" a="1"/>
<U id="627" f="9" l="377" c="22" d="317" a="0"/>
<U id="628" f="9" l="568" c="12" d="157" a="0"/>
<U id="629" f="9" l="700" c="74" d="263" a="0"/>
<U id="630" f="11" l="429" c="4" d="195" a="0"/>
<U id="631" f="9" l="536" c="24" d="195" a="0"/>
<U id="632" f="9" l="643" c="25" d="190" a="0"/>
<U id="633" f="9" l="484" c="14" d="199" a="0"/>
<U id="634" f="9" l="512" c="64" d="227" a="0"/>
<U id="635" f="11" l="339" c="4" d="5" a="1"/>
<U id="636" f="9" l="466" c="23" d="168" a="0"/>
<U id="637" f="9" l="614" c="26" d="190" a="0"/>
<U id="638" f="9" l="403" c="37" d="283" a="0"/>
<U id="639" f="9" l="429" c="14" d="220" a="0"/>
<U id="640" f="9" l="663" c="15" d="245" a="0"/>
<U id="641" f="9" l="671" c="34" d="269" a="0"/>
<U id="642" f="9" l="680" c="25" d="54" a="0"/>
<U id="643" f="9" l="715" c="25" d="54" a="0"/>
<U id="644" f="11" l="385" c="4" d="22" a="1"/>
<U id="645" f="9" l="590" c="25" d="190" a="0"/>
<U id="646" f="9" l="540" c="64" d="232" a="0"/>
<U id="647" f="9" l="656" c="32" d="245" a="0"/>
<U id="648" f="9" l="671" c="25" d="57" a="0"/>
<U id="649" f="9" l="706" c="25" d="57" a="0"/>
<U id="650" f="11" l="376" c="4" d="18" a="1"/>
<U id="651" f="9" l="249" c="14" d="279" a="0"/>
<U id="652" f="11" l="286" c="4" d="190" a="0"/>
<U id="653" f="11" l="367" c="4" d="15" a="1"/>
<U id="654" f="9" l="187" c="32" d="275" a="0"/>
<U id="655" f="9" l="286" c="14" d="209" a="0"/>
<U id="656" f="9" l="690" c="34" d="269" a="0"/>
<U id="657" f="9" l="701" c="74" d="263" a="0"/>
<U id="658" f="9" l="299" c="30" d="229" a="0"/>
<U id="659" f="9" l="690" c="25" d="54" a="0"/>
<U id="660" f="9" l="725" c="25" d="54" a="0"/>
<U id="661" f="11" l="362" c="8" d="11" a="1"/>
<U id="662" f="9" l="187" c="14" d="275" a="0"/>
<U id="663" f="9" l="498" c="30" d="324" a="0"/>
<U id="664" f="9" l="681" c="25" d="57" a="0"/>
<U id="665" f="9" l="716" c="25" d="57" a="0"/>
<U id="666" f="11" l="259" c="4" d="19" a="1"/>
<U id="667" f="11" l="353" c="8" d="11" a="1"/>
<U id="668" f="9" l="296" c="23" d="170" a="0"/>
<U id="669" f="9" l="626" c="25" d="190" a="0"/>
<U id="670" f="9" l="225" c="18" d="185" a="0"/>
<U id="671" f="9" l="498" c="21" d="324" a="0"/>
<U id="672" f="9" l="580" c="17" d="293" a="0"/>
<U id="673" f="9" l="661" c="17" d="245" a="0"/>
<U id="674" f="9" l="720" c="74" d="263" a="0"/>
<U id="675" f="9" l="348" c="24" d="195" a="0"/>
<U id="676" f="9" l="351" c="37" d="321" a="0"/>
<U id="677" f="9" l="377" c="14" d="213" a="0"/>
<U id="678" f="11" l="254" c="8" d="14" a="1"/>
<U id="679" f="11" l="296" c="4" d="190" a="0"/>
<U id="680" f="9" l="261" c="37" d="168" a="0"/>
<U id="681" f="9" l="512" c="56" d="315" a="0"/>
<U id="682" f="9" l="735" c="25" d="54" a="0"/>
<U id="683" f="11" l="287" c="4" d="179" a="0"/>
<U id="684" f="11" l="445" c="7" d="149" a="0"/>
<U id="685" f="9" l="249" c="24" d="168" a="0"/>
<U id="686" f="9" l="512" c="47" d="315" a="0"/>
<U id="687" f="9" l="691" c="25" d="57" a="0"/>
<U id="688" f="9" l="726" c="25" d="57" a="0"/>
<U id="689" f="11" l="236" c="8" d="4" a="1"/>
<U id="690" f="9" l="284" c="80" d="168" a="0"/>
<U id="691" f="9" l="387" c="23" d="170" a="0"/>
<U id="692" f="9" l="494" c="24" d="174" a="0"/>
<U id="693" f="9" l="470" c="64" d="221" a="0"/>
<U id="694" f="9" l="540" c="56" d="316" a="0"/>
<U id="695" f="9" l="439" c="24" d="195" a="0"/>
<U id="696" f="9" l="442" c="37" d="297" a="0"/>
<U id="697" f="9" l="540" c="47" d="316" a="0"/>
<U id="698" f="9" l="656" c="15" d="245" a="0"/>
<U id="699" f="9" l="721" c="74" d="263" a="0"/>
<U id="700" f="9" l="187" c="24" d="170" a="0"/>
<U id="701" f="9" l="498" c="40" d="249" a="0"/>
<U id="702" f="9" l="271" c="28" d="190" a="0"/>
<U id="703" f="9" l="213" c="48" d="186" a="0"/>
<U id="704" f="9" l="299" c="22" d="323" a="0"/>
<U id="705" f="9" l="658" c="14" d="245" a="0"/>
<U id="706" f="9" l="736" c="25" d="57" a="0"/>
<U id="707" f="11" l="297" c="4" d="190" a="0"/>
<U id="708" f="9" l="375" c="80" d="168" a="0"/>
<U id="709" f="9" l="740" c="74" d="263" a="0"/>
<U id="710" f="11" l="246" c="8" d="8" a="1"/>
<U id="711" f="11" l="288" c="4" d="195" a="0"/>
<U id="712" f="11" l="446" c="7" d="149" a="0"/>
<U id="713" f="9" l="174" c="45" d="313" a="0"/>
<U id="714" f="9" l="273" c="27" d="168" a="0"/>
<U id="715" f="9" l="325" c="37" d="299" a="0"/>
<U id="716" f="9" l="691" c="35" d="263" a="0"/>
<U id="717" f="9" l="235" c="28" d="168" a="0"/>
<U id="718" f="9" l="746" c="25" d="54" a="0"/>
<U id="719" f="9" l="390" c="37" d="325" a="0"/>
<U id="720" f="9" l="416" c="37" d="300" a="0"/>
<U id="721" f="9" l="470" c="56" d="318" a="0"/>
<U id="722" f="9" l="616" c="18" d="246" a="0"/>
<U id="723" f="9" l="656" c="89" d="245" a="0"/>
<U id="724" f="9" l="680" c="73" d="263" a="0"/>
<U id="725" f="9" l="741" c="74" d="263" a="0"/>
<U id="726" f="11" l="298" c="4" d="190" a="0"/>
<U id="727" f="9" l="470" c="47" d="318" a="0"/>
<U id="728" f="9" l="592" c="17" d="248" a="0"/>
<U id="729" f="9" l="706" c="73" d="263" a="0"/>
<U id="730" f="11" l="71" c="58" d="179" a="0"/>
<U id="731" f="11" l="289" c="4" d="190" a="0"/>
<U id="732" f="11" l="447" c="7" d="149" a="0"/>
<U id="733" f="9" l="629" c="25" d="52" a="0"/>
<U id="734" f="9" l="675" c="25" d="54" a="0"/>
<U id="735" f="9" l="299" c="14" d="229" a="0"/>
<U id="736" f="9" l="747" c="25" d="57" a="0"/>
<U id="737" f="9" l="498" c="14" d="249" a="0"/>
<U id="738" f="9" l="526" c="64" d="205" a="0"/>
<U id="739" f="9" l="705" c="74" d="263" a="0"/>
<U id="740" f="9" l="725" c="73" d="263" a="0"/>
<U id="741" f="11" l="394" c="7" d="149" a="0"/>
<U id="742" f="11" l="398" c="4" d="130" a="1"/>
<U id="743" f="9" l="716" c="73" d="263" a="0"/>
<U id="744" f="11" l="347" c="8" d="48" a="0"/>
<U id="745" f="9" l="554" c="64" d="222" a="0"/>
<U id="746" f="9" l="685" c="25" d="54" a="0"/>
<U id="747" f="11" l="72" c="58" d="179" a="0"/>
<U id="748" f="11" l="299" c="4" d="190" a="0"/>
<U id="749" f="9" l="237" c="37" d="168" a="0"/>
<U id="750" f="9" l="364" c="37" d="309" a="0"/>
<U id="751" f="9" l="676" c="25" d="57" a="0"/>
<U id="752" f="9" l="715" c="74" d="263" a="0"/>
<U id="753" f="9" l="735" c="73" d="263" a="0"/>
<U id="754" f="9" l="297" c="80" d="170" a="0"/>
<U id="755" f="9" l="310" c="88" d="174" a="0"/>
<U id="756" f="9" l="695" c="25" d="54" a="0"/>
<U id="757" f="11" l="357" c="8" d="13" a="1"/>
<U id="758" f="11" l="395" c="7" d="149" a="0"/>
<U id="759" f="9" l="455" c="37" d="312" a="0"/>
<U id="760" f="9" l="686" c="25" d="57" a="0"/>
<U id="761" f="11" l="73" c="58" d="190" a="0"/>
<U id="762" f="9" l="247" c="28" d="174" a="0"/>
<U id="763" f="9" l="174" c="38" d="310" a="0"/>
<U id="764" f="9" l="526" c="56" d="301" a="0"/>
<U id="765" f="9" l="659" c="34" d="295" a="0"/>
<U id="766" f="9" l="681" c="74" d="263" a="0"/>
<U id="767" f="11" l="249" c="8" d="10" a="1"/>
<U id="768" f="9" l="388" c="80" d="170" a="0"/>
<U id="769" f="9" l="401" c="88" d="174" a="0"/>
<U id="770" f="9" l="578" c="25" d="190" a="0"/>
<U id="771" f="9" l="526" c="47" d="301" a="0"/>
<U id="772" f="9" l="338" c="37" d="308" a="0"/>
<U id="773" f="9" l="484" c="64" d="199" a="0"/>
<U id="774" f="9" l="554" c="56" d="29" a="0"/>
<U id="775" f="9" l="696" c="25" d="57" a="0"/>
<U id="776" f="9" l="510" c="88" d="179" a="0"/>
<U id="777" f="9" l="554" c="47" d="29" a="0"/>
<U id="778" f="11" l="74" c="58" d="190" a="0"/>
<U id="779" f="11" l="396" c="7" d="149" a="0"/>
<U id="780" f="9" l="667" c="17" d="290" a="0"/>
<U id="781" f="9" l="685" c="72" d="263" a="0"/>
<U id="782" f="9" l="726" c="74" d="263" a="0"/>
<U id="783" f="11" l="349" c="8" d="11" a="1"/>
<U id="784" f="9" l="568" c="26" d="59" a="0"/>
<U id="785" f="9" l="429" c="37" d="311" a="0"/>
<U id="786" f="9" l="629" c="18" d="255" a="0"/>
<U id="787" f="9" l="249" c="37" d="168" a="0"/>
<U id="788" f="9" l="675" c="73" d="263" a="0"/>
<U id="789" f="9" l="736" c="74" d="263" a="0"/>
<U id="790" f="11" l="75" c="58" d="195" a="0"/>
<U id="791" f="9" l="286" c="37" d="314" a="0"/>
<U id="792" f="9" l="659" c="26" d="195" a="0"/>
<U id="793" f="9" l="747" c="73" d="263" a="0"/>
<U id="794" f="9" l="187" c="46" d="168" a="0"/>
<U id="795" f="9" l="659" c="17" d="170" a="0"/>
<U id="796" f="9" l="484" c="56" d="303" a="0"/>
<U id="797" f="9" l="440" c="88" d="195" a="0"/>
<U id="798" f="9" l="484" c="47" d="303" a="0"/>
<U id="799" f="9" l="746" c="74" d="263" a="0"/>
<U id="800" f="9" l="259" c="28" d="186" a="0"/>
<U id="801" f="9" l="377" c="37" d="317" a="0"/>
<U id="802" f="9" l="676" c="73" d="263" a="0"/>
<U id="803" f="9" l="551" c="96" d="190" a="0"/>
<U id="804" f="9" l="323" c="88" d="179" a="0"/>
<U id="805" f="9" l="695" c="73" d="263" a="0"/>
<U id="806" f="9" l="187" c="56" d="275" a="0"/>
<U id="807" f="9" l="414" c="88" d="179" a="0"/>
<U id="808" f="9" l="552" c="96" d="190" a="0"/>
<U id="809" f="9" l="523" c="88" d="186" a="0"/>
<U id="810" f="9" l="686" c="74" d="263" a="0"/>
<U id="811" f="9" l="498" c="64" d="249" a="0"/>
<U id="812" f="9" l="362" c="88" d="190" a="0"/>
<U id="813" f="9" l="524" c="88" d="186" a="0"/>
<U id="814" f="9" l="299" c="37" d="323" a="0"/>
<U id="815" f="9" l="644" c="96" d="190" a="0"/>
<U id="816" f="9" l="696" c="74" d="263" a="0"/>
<U id="817" f="9" l="453" c="88" d="190" a="0"/>
<U id="818" f="9" l="481" c="88" d="170" a="0"/>
<U id="819" f="9" l="645" c="96" d="190" a="0"/>
<U id="820" f="9" l="336" c="88" d="186" a="0"/>
<U id="821" f="9" l="498" c="56" d="322" a="0"/>
<U id="822" f="9" l="627" c="96" d="190" a="0"/>
<U id="823" f="9" l="498" c="47" d="322" a="0"/>
<U id="824" f="9" l="482" c="88" d="170" a="0"/>
<U id="825" f="9" l="427" c="88" d="186" a="0"/>
<U id="826" f="9" l="509" c="88" d="179" a="0"/>
<U id="827" f="9" l="566" c="96" d="190" a="0"/>
<U id="828" f="9" l="537" c="88" d="195" a="0"/>
<U id="829" f="9" l="538" c="88" d="195" a="0"/>
<U id="830" f="9" l="349" c="88" d="195" a="0"/>
<U id="831" f="9" l="467" c="88" d="168" a="0"/>
<U id="832" f="9" l="495" c="88" d="174" a="0"/>
<U id="833" f="9" l="468" c="88" d="168" a="0"/>
<U id="834" f="9" l="496" c="88" d="174" a="0"/>
</Uses>
<Blocks>
<B id="1" t="initializer" f="11" l="78" c="17">
<BEGIN l="78" c="55"/>
<END l="209" c="4"/>
</B>
<B id="2" t="initializer" f="11" l="281" c="18">
<BEGIN l="281" c="57"/>
<END l="281" c="71"/>
</B>
<B id="3" t="initializer" f="11" l="282" c="18">
<BEGIN l="282" c="61"/>
<END l="282" c="77"/>
</B>
<B id="4" t="else" f="11" l="244" c="4">
<BEGIN l="245" c="4"/>
<END l="255" c="4"/>
</B>
<B id="5" t="if" f="11" l="240" c="4">
<BEGIN l="241" c="4"/>
<END l="243" c="4"/>
<ELSE d="4"/>
</B>
<B id="6" t="while" f="11" l="234" c="4">
<BEGIN l="235" c="4"/>
<END l="237" c="4"/>
</B>
<B id="7" t="while" f="11" l="230" c="4">
<BEGIN l="231" c="4"/>
<END l="233" c="4"/>
</B>
<B id="8" t="routine" f="11" l="70" c="21">
<BEGIN l="76" c="0"/>
<END l="268" c="0"/>
<SUB d="5"/>
<SUB d="6"/>
<SUB d="7"/>
</B>
<B id="9" t="else" f="11" l="355" c="4">
<BEGIN l="356" c="4"/>
<END l="363" c="4"/>
</B>
<B id="10" t="if" f="11" l="351" c="9">
<BEGIN l="352" c="4"/>
<END l="354" c="4"/>
<ELSE d="9"/>
</B>
<B id="11" t="else" f="11" l="351" c="4">
<BEGIN l="351" c="9"/>
<END l="363" c="4"/>
<SUB d="10"/>
</B>
<B id="12" t="if" f="11" l="347" c="4">
<BEGIN l="348" c="4"/>
<END l="350" c="4"/>
<ELSE d="11"/>
</B>
<B id="13" t="routine" f="11" l="276" c="5">
<BEGIN l="277" c="0"/>
<END l="406" c="0"/>
<SUB d="12"/>
</B>
<B id="14" t="routine" f="11" l="416" c="5">
<BEGIN l="417" c="0"/>
<END l="455" c="0"/>
</B>
<B id="15" t="ppcif" f="13" l="20" c="0">
<BEGIN l="20" c="25"/>
<END l="33" c="0"/>
</B>
<B id="16" t="ppcif" f="8" l="18" c="0">
<BEGIN l="18" c="29"/>
<END l="34" c="0"/>
</B>
<B id="17" t="ppcif" f="9" l="21" c="0">
<BEGIN l="21" c="18"/>
<END l="757" c="0"/>
</B>
<B id="18" t="routine" f="9" l="170" c="17">
<BEGIN l="173" c="0"/>
<END l="175" c="0"/>
</B>
<B id="19" t="routine" f="9" l="184" c="15">
<BEGIN l="185" c="0"/>
<END l="188" c="0"/>
</B>
<B id="20" t="routine" f="9" l="197" c="16">
<BEGIN l="198" c="0"/>
<END l="201" c="0"/>
</B>
<B id="21" t="else" f="9" l="213" c="40">
<BEGIN l="213" c="40"/>
<END l="213" c="63"/>
</B>
<B id="22" t="if" f="9" l="213" c="22">
<BEGIN l="213" c="24"/>
<END l="213" c="36"/>
<ELSE d="21"/>
</B>
<B id="23" t="routine" f="9" l="210" c="16">
<BEGIN l="211" c="0"/>
<END l="214" c="0"/>
<SUB d="22"/>
</B>
<B id="24" t="routine" f="9" l="223" c="17">
<BEGIN l="224" c="0"/>
<END l="226" c="0"/>
</B>
<B id="25" t="else" f="9" l="237" c="37">
<BEGIN l="237" c="37"/>
<END l="237" c="45"/>
</B>
<B id="26" t="if" f="9" l="237" c="22">
<BEGIN l="237" c="24"/>
<END l="237" c="32"/>
<ELSE d="25"/>
</B>
<B id="27" t="routine" f="9" l="235" c="15">
<BEGIN l="236" c="0"/>
<END l="238" c="0"/>
<SUB d="26"/>
</B>
<B id="28" t="else" f="9" l="249" c="37">
<BEGIN l="249" c="37"/>
<END l="249" c="45"/>
</B>
<B id="29" t="if" f="9" l="249" c="22">
<BEGIN l="249" c="24"/>
<END l="249" c="32"/>
<ELSE d="28"/>
</B>
<B id="30" t="routine" f="9" l="247" c="15">
<BEGIN l="248" c="0"/>
<END l="250" c="0"/>
<SUB d="29"/>
</B>
<B id="31" t="else" f="9" l="261" c="37">
<BEGIN l="261" c="37"/>
<END l="261" c="45"/>
</B>
<B id="32" t="if" f="9" l="261" c="22">
<BEGIN l="261" c="24"/>
<END l="261" c="32"/>
<ELSE d="31"/>
</B>
<B id="33" t="routine" f="9" l="259" c="15">
<BEGIN l="260" c="0"/>
<END l="262" c="0"/>
<SUB d="32"/>
</B>
<B id="34" t="else" f="9" l="273" c="40">
<BEGIN l="273" c="40"/>
<END l="273" c="48"/>
</B>
<B id="35" t="if" f="9" l="273" c="25">
<BEGIN l="273" c="27"/>
<END l="273" c="35"/>
<ELSE d="34"/>
</B>
<B id="36" t="routine" f="9" l="271" c="15">
<BEGIN l="272" c="0"/>
<END l="274" c="0"/>
<SUB d="35"/>
</B>
<B id="37" t="routine" f="9" l="283" c="15">
<BEGIN l="285" c="0"/>
<END l="287" c="0"/>
</B>
<B id="38" t="routine" f="9" l="296" c="15">
<BEGIN l="298" c="0"/>
<END l="300" c="0"/>
</B>
<B id="39" t="routine" f="9" l="309" c="16">
<BEGIN l="311" c="0"/>
<END l="313" c="0"/>
</B>
<B id="40" t="routine" f="9" l="322" c="16">
<BEGIN l="324" c="0"/>
<END l="326" c="0"/>
</B>
<B id="41" t="else" f="9" l="338" c="37">
<BEGIN l="338" c="37"/>
<END l="338" c="40"/>
</B>
<B id="42" t="if" f="9" l="338" c="28">
<BEGIN l="338" c="30"/>
<END l="338" c="33"/>
<ELSE d="41"/>
</B>
<B id="43" t="routine" f="9" l="335" c="16">
<BEGIN l="337" c="0"/>
<END l="339" c="0"/>
<SUB d="42"/>
</B>
<B id="44" t="else" f="9" l="351" c="37">
<BEGIN l="351" c="37"/>
<END l="351" c="40"/>
</B>
<B id="45" t="if" f="9" l="351" c="28">
<BEGIN l="351" c="30"/>
<END l="351" c="33"/>
<ELSE d="44"/>
</B>
<B id="46" t="routine" f="9" l="348" c="16">
<BEGIN l="350" c="0"/>
<END l="352" c="0"/>
<SUB d="45"/>
</B>
<B id="47" t="else" f="9" l="364" c="37">
<BEGIN l="364" c="37"/>
<END l="364" c="40"/>
</B>
<B id="48" t="if" f="9" l="364" c="28">
<BEGIN l="364" c="30"/>
<END l="364" c="33"/>
<ELSE d="47"/>
</B>
<B id="49" t="routine" f="9" l="361" c="17">
<BEGIN l="363" c="0"/>
<END l="365" c="0"/>
<SUB d="48"/>
</B>
<B id="50" t="routine" f="9" l="374" c="15">
<BEGIN l="376" c="0"/>
<END l="378" c="0"/>
</B>
<B id="51" t="routine" f="9" l="387" c="15">
<BEGIN l="389" c="0"/>
<END l="391" c="0"/>
</B>
<B id="52" t="routine" f="9" l="400" c="16">
<BEGIN l="402" c="0"/>
<END l="404" c="0"/>
</B>
<B id="53" t="routine" f="9" l="413" c="16">
<BEGIN l="415" c="0"/>
<END l="417" c="0"/>
</B>
<B id="54" t="else" f="9" l="429" c="37">
<BEGIN l="429" c="37"/>
<END l="429" c="40"/>
</B>
<B id="55" t="if" f="9" l="429" c="28">
<BEGIN l="429" c="30"/>
<END l="429" c="33"/>
<ELSE d="54"/>
</B>
<B id="56" t="routine" f="9" l="426" c="16">
<BEGIN l="428" c="0"/>
<END l="430" c="0"/>
<SUB d="55"/>
</B>
<B id="57" t="else" f="9" l="442" c="37">
<BEGIN l="442" c="37"/>
<END l="442" c="40"/>
</B>
<B id="58" t="if" f="9" l="442" c="28">
<BEGIN l="442" c="30"/>
<END l="442" c="33"/>
<ELSE d="57"/>
</B>
<B id="59" t="routine" f="9" l="439" c="16">
<BEGIN l="441" c="0"/>
<END l="443" c="0"/>
<SUB d="58"/>
</B>
<B id="60" t="else" f="9" l="455" c="37">
<BEGIN l="455" c="37"/>
<END l="455" c="40"/>
</B>
<B id="61" t="if" f="9" l="455" c="28">
<BEGIN l="455" c="30"/>
<END l="455" c="33"/>
<ELSE d="60"/>
</B>
<B id="62" t="routine" f="9" l="452" c="17">
<BEGIN l="454" c="0"/>
<END l="456" c="0"/>
<SUB d="61"/>
</B>
<B id="63" t="routine" f="9" l="466" c="15">
<BEGIN l="469" c="0"/>
<END l="471" c="0"/>
</B>
<B id="64" t="routine" f="9" l="480" c="15">
<BEGIN l="483" c="0"/>
<END l="485" c="0"/>
</B>
<B id="65" t="routine" f="9" l="494" c="16">
<BEGIN l="497" c="0"/>
<END l="499" c="0"/>
</B>
<B id="66" t="routine" f="9" l="508" c="16">
<BEGIN l="511" c="0"/>
<END l="513" c="0"/>
</B>
<B id="67" t="else" f="9" l="526" c="38">
<BEGIN l="526" c="38"/>
<END l="526" c="67"/>
</B>
<B id="68" t="if" f="9" l="526" c="28">
<BEGIN l="526" c="30"/>
<END l="526" c="34"/>
<ELSE d="67"/>
</B>
<B id="69" t="routine" f="9" l="522" c="16">
<BEGIN l="525" c="0"/>
<END l="527" c="0"/>
<SUB d="68"/>
</B>
<B id="70" t="else" f="9" l="540" c="38">
<BEGIN l="540" c="38"/>
<END l="540" c="67"/>
</B>
<B id="71" t="if" f="9" l="540" c="28">
<BEGIN l="540" c="30"/>
<END l="540" c="34"/>
<ELSE d="70"/>
</B>
<B id="72" t="routine" f="9" l="536" c="16">
<BEGIN l="539" c="0"/>
<END l="541" c="0"/>
<SUB d="71"/>
</B>
<B id="73" t="else" f="9" l="554" c="38">
<BEGIN l="554" c="38"/>
<END l="554" c="67"/>
</B>
<B id="74" t="if" f="9" l="554" c="28">
<BEGIN l="554" c="30"/>
<END l="554" c="34"/>
<ELSE d="73"/>
</B>
<B id="75" t="routine" f="9" l="550" c="17">
<BEGIN l="553" c="0"/>
<END l="555" c="0"/>
<SUB d="74"/>
</B>
<B id="76" t="routine" f="9" l="565" c="17">
<BEGIN l="567" c="0"/>
<END l="569" c="0"/>
</B>
<B id="77" t="routine" f="9" l="578" c="17">
<BEGIN l="579" c="0"/>
<END l="581" c="0"/>
</B>
<B id="78" t="routine" f="9" l="590" c="17">
<BEGIN l="591" c="0"/>
<END l="593" c="0"/>
</B>
<B id="79" t="routine" f="9" l="602" c="17">
<BEGIN l="603" c="0"/>
<END l="605" c="0"/>
</B>
<B id="80" t="routine" f="9" l="614" c="17">
<BEGIN l="615" c="0"/>
<END l="617" c="0"/>
</B>
<B id="81" t="routine" f="9" l="626" c="17">
<BEGIN l="628" c="0"/>
<END l="630" c="0"/>
</B>
<B id="82" t="case" f="9" l="745" c="16">
<BEGIN l="746" c="24"/>
<END l="748" c="29"/>
</B>
<B id="83" t="case" f="9" l="739" c="16">
<BEGIN l="740" c="24"/>
<END l="742" c="29"/>
</B>
<B id="84" t="case" f="9" l="734" c="16">
<BEGIN l="735" c="24"/>
<END l="737" c="29"/>
</B>
<B id="85" t="case" f="9" l="729" c="16">
<BEGIN l="730" c="24"/>
<END l="732" c="29"/>
</B>
<B id="86" t="case" f="9" l="724" c="16">
<BEGIN l="725" c="24"/>
<END l="727" c="29"/>
</B>
<B id="87" t="case" f="9" l="719" c="16">
<BEGIN l="720" c="24"/>
<END l="722" c="29"/>
</B>
<B id="88" t="case" f="9" l="714" c="16">
<BEGIN l="715" c="24"/>
<END l="717" c="29"/>
</B>
<B id="89" t="case" f="9" l="709" c="16">
<BEGIN l="710" c="24"/>
<END l="712" c="29"/>
</B>
<B id="90" t="case" f="9" l="704" c="16">
<BEGIN l="705" c="24"/>
<END l="707" c="29"/>
</B>
<B id="91" t="case" f="9" l="699" c="16">
<BEGIN l="700" c="24"/>
<END l="702" c="29"/>
</B>
<B id="92" t="case" f="9" l="694" c="16">
<BEGIN l="695" c="24"/>
<END l="697" c="29"/>
</B>
<B id="93" t="case" f="9" l="689" c="16">
<BEGIN l="690" c="24"/>
<END l="692" c="29"/>
</B>
<B id="94" t="case" f="9" l="684" c="16">
<BEGIN l="685" c="24"/>
<END l="687" c="29"/>
</B>
<B id="95" t="case" f="9" l="679" c="16">
<BEGIN l="680" c="24"/>
<END l="682" c="29"/>
</B>
<B id="96" t="case" f="9" l="674" c="16">
<BEGIN l="675" c="24"/>
<END l="677" c="29"/>
</B>
<B id="97" t="case" f="9" l="669" c="16">
<BEGIN l="670" c="24"/>
<END l="672" c="29"/>
</B>
<B id="98" t="switch" f="9" l="667" c="8">
<BEGIN l="668" c="8"/>
<END l="750" c="8"/>
<CASE d="82"/>
<CASE d="83"/>
<CASE d="84"/>
<CASE d="85"/>
<CASE d="86"/>
<CASE d="87"/>
<CASE d="88"/>
<CASE d="89"/>
<CASE d="90"/>
<CASE d="91"/>
<CASE d="92"/>
<CASE d="93"/>
<CASE d="94"/>
<CASE d="95"/>
<CASE d="96"/>
<CASE d="97"/>
</B>
<B id="99" t="else" f="9" l="656" c="88">
<BEGIN l="656" c="88"/>
<END l="656" c="136"/>
</B>
<B id="100" t="if" f="9" l="656" c="27">
<BEGIN l="656" c="31"/>
<END l="656" c="79"/>
<ELSE d="99"/>
</B>
<B id="101" t="routine" f="9" l="643" c="14">
<BEGIN l="646" c="0"/>
<END l="752" c="0"/>
<SUB d="98"/>
<SUB d="100"/>
</B>
<B id="102" t="ppcif" f="7" l="13" c="0">
<BEGIN l="13" c="16"/>
<END l="823" c="0"/>
</B>
<B id="103" t="ppcrmif" f="7" l="14" c="0">
<BEGIN l="14" c="14"/>
<END l="16" c="0"/>
</B>
<B id="104" t="ppcif" f="7" l="18" c="0">
<BEGIN l="18" c="23"/>
<END l="819" c="0"/>
</B>
<B id="105" t="ppcrmif" f="7" l="20" c="0">
<BEGIN l="20" c="18"/>
<END l="22" c="0"/>
</B>
<B id="106" t="ppcrmif" f="7" l="26" c="0">
<BEGIN l="26" c="67"/>
<END l="28" c="0"/>
</B>
<B id="107" t="ppcrmelif" f="7" l="28" c="0">
<BEGIN l="28" c="5"/>
<END l="30" c="0"/>
</B>
<B id="108" t="ppcrmelif" f="7" l="30" c="0">
<BEGIN l="30" c="5"/>
<END l="33" c="0"/>
</B>
<B id="109" t="ppcrmelif" f="7" l="33" c="0">
<BEGIN l="33" c="5"/>
<END l="38" c="0"/>
</B>
<B id="110" t="ppcrmelse" f="7" l="38" c="0">
<BEGIN l="38" c="5"/>
<END l="40" c="0"/>
</B>
<B id="111" t="ppcrmif" f="7" l="42" c="0">
<BEGIN l="42" c="23"/>
<END l="44" c="0"/>
</B>
<B id="112" t="ppcrmelif" f="7" l="44" c="0">
<BEGIN l="44" c="5"/>
<END l="47" c="0"/>
</B>
<B id="113" t="ppcrmelif" f="7" l="47" c="0">
<BEGIN l="47" c="5"/>
<END l="50" c="0"/>
</B>
<B id="114" t="ppcrmelse" f="7" l="50" c="0">
<BEGIN l="50" c="5"/>
<END l="53" c="0"/>
</B>
<B id="115" t="ppcif" f="7" l="65" c="0">
<BEGIN l="65" c="20"/>
<END l="68" c="0"/>
</B>
<B id="116" t="ppcrmelse" f="7" l="68" c="0">
<BEGIN l="68" c="5"/>
<END l="76" c="0"/>
</B>
<B id="117" t="ppcrmif" f="7" l="78" c="0">
<BEGIN l="78" c="106"/>
<END l="82" c="0"/>
</B>
<B id="118" t="ppcelse" f="7" l="82" c="0">
<BEGIN l="82" c="5"/>
<END l="86" c="0"/>
</B>
<B id="119" t="ppcif" f="7" l="115" c="0">
<BEGIN l="116" c="51"/>
<END l="119" c="0"/>
</B>
<B id="120" t="ppcif" f="7" l="121" c="0">
<BEGIN l="121" c="68"/>
<END l="123" c="0"/>
</B>
<B id="121" t="ppcrmelse" f="7" l="123" c="0">
<BEGIN l="123" c="5"/>
<END l="126" c="0"/>
</B>
<B id="122" t="ppcrmif" f="7" l="128" c="0">
<BEGIN l="128" c="53"/>
<END l="131" c="0"/>
</B>
<B id="123" t="ppcrmif" f="7" l="133" c="0">
<BEGIN l="133" c="51"/>
<END l="135" c="0"/>
</B>
<B id="124" t="ppcif" f="7" l="137" c="0">
<BEGIN l="137" c="24"/>
<END l="265" c="0"/>
</B>
<B id="125" t="ppcif" f="7" l="138" c="0">
<BEGIN l="138" c="56"/>
<END l="140" c="0"/>
</B>
<B id="126" t="ppcrmif" f="7" l="171" c="0">
<BEGIN l="171" c="24"/>
<END l="173" c="0"/>
</B>
<B id="127" t="ppcrmif" f="7" l="188" c="0">
<BEGIN l="188" c="24"/>
<END l="190" c="0"/>
</B>
<B id="128" t="ppcif" f="7" l="196" c="0">
<BEGIN l="196" c="56"/>
<END l="263" c="0"/>
</B>
<B id="129" t="ppcrmif" f="7" l="217" c="0">
<BEGIN l="217" c="24"/>
<END l="219" c="0"/>
</B>
<B id="130" t="ppcrmif" f="7" l="260" c="0">
<BEGIN l="260" c="24"/>
<END l="262" c="0"/>
</B>
<B id="131" t="ppcrmif" f="7" l="268" c="0">
<BEGIN l="268" c="24"/>
<END l="270" c="0"/>
</B>
<B id="132" t="ppcrmif" f="7" l="284" c="0">
<BEGIN l="284" c="24"/>
<END l="286" c="0"/>
</B>
<B id="133" t="ppcif" f="7" l="291" c="0">
<BEGIN l="291" c="20"/>
<END l="750" c="0"/>
</B>
<B id="134" t="ppcif" f="7" l="292" c="0">
<BEGIN l="292" c="24"/>
<END l="307" c="0"/>
</B>
<B id="135" t="ppcrmif" f="7" l="310" c="0">
<BEGIN l="310" c="43"/>
<END l="317" c="0"/>
</B>
<B id="136" t="ppcelif" f="7" l="317" c="0">
<BEGIN l="317" c="5"/>
<END l="324" c="0"/>
</B>
<B id="137" t="ppcrmelif" f="7" l="324" c="0">
<BEGIN l="324" c="5"/>
<END l="337" c="0"/>
</B>
<B id="138" t="ppcrmelse" f="7" l="337" c="0">
<BEGIN l="337" c="5"/>
<END l="345" c="0"/>
</B>
<B id="139" t="ppcrmif" f="7" l="348" c="0">
<BEGIN l="348" c="43"/>
<END l="355" c="0"/>
</B>
<B id="140" t="ppcelif" f="7" l="355" c="0">
<BEGIN l="355" c="5"/>
<END l="364" c="0"/>
</B>
<B id="141" t="ppcrmelse" f="7" l="364" c="0">
<BEGIN l="364" c="5"/>
<END l="372" c="0"/>
</B>
<B id="142" t="ppcrmif" f="7" l="375" c="0">
<BEGIN l="375" c="23"/>
<END l="377" c="0"/>
</B>
<B id="143" t="ppcrmelif" f="7" l="377" c="0">
<BEGIN l="377" c="6"/>
<END l="379" c="0"/>
</B>
<B id="144" t="ppcrmelif" f="7" l="379" c="0">
<BEGIN l="379" c="6"/>
<END l="381" c="0"/>
</B>
<B id="145" t="ppcif" f="7" l="383" c="0">
<BEGIN l="383" c="64"/>
<END l="402" c="0"/>
</B>
<B id="146" t="ppcif" f="7" l="386" c="0">
<BEGIN l="386" c="24"/>
<END l="397" c="0"/>
</B>
<B id="147" t="ppcrmelse" f="7" l="402" c="0">
<BEGIN l="402" c="5"/>
<END l="682" c="0"/>
</B>
<B id="148" t="ppcif" f="7" l="685" c="0">
<BEGIN l="685" c="24"/>
<END l="698" c="0"/>
</B>
<B id="149" t="ppcif" f="7" l="695" c="0">
<BEGIN l="695" c="56"/>
<END l="697" c="0"/>
</B>
<B id="150" t="ppcrmif" f="7" l="708" c="0">
<BEGIN l="708" c="143"/>
<END l="716" c="0"/>
</B>
<B id="151" t="ppcif" f="7" l="740" c="0">
<BEGIN l="740" c="63"/>
<END l="743" c="0"/>
</B>
<B id="152" t="ppcrmif" f="7" l="752" c="0">
<BEGIN l="752" c="95"/>
<END l="772" c="0"/>
</B>
<B id="153" t="ppcrmif" f="7" l="774" c="0">
<BEGIN l="774" c="42"/>
<END l="776" c="0"/>
</B>
<B id="154" t="ppcrmif" f="7" l="778" c="0">
<BEGIN l="778" c="51"/>
<END l="780" c="0"/>
</B>
<B id="155" t="ppcrmif" f="7" l="782" c="0">
<BEGIN l="782" c="18"/>
<END l="816" c="0"/>
</B>
<B id="156" t="ppcrmif" f="7" l="820" c="0">
<BEGIN l="820" c="14"/>
<END l="822" c="0"/>
</B>
<B id="157" t="ppcif" f="10" l="20" c="0">
<BEGIN l="20" c="20"/>
<END l="351" c="0"/>
</B>
<B id="158" t="routine" f="10" l="190" c="16">
<BEGIN l="191" c="0"/>
<END l="193" c="0"/>
</B>
<B id="159" t="else" f="10" l="206" c="70">
<BEGIN l="206" c="70"/>
<END l="206" c="107"/>
</B>
<B id="160" t="if" f="10" l="206" c="25">
<BEGIN l="206" c="28"/>
<END l="206" c="65"/>
<ELSE d="159"/>
</B>
<B id="161" t="routine" f="10" l="204" c="16">
<BEGIN l="205" c="0"/>
<END l="207" c="0"/>
<SUB d="160"/>
</B>
<B id="162" t="routine" f="10" l="218" c="16">
<BEGIN l="219" c="0"/>
<END l="221" c="0"/>
</B>
<B id="163" t="routine" f="10" l="232" c="16">
<BEGIN l="233" c="0"/>
<END l="235" c="0"/>
</B>
<B id="164" t="routine" f="10" l="247" c="16">
<BEGIN l="248" c="0"/>
<END l="250" c="0"/>
</B>
<B id="165" t="routine" f="10" l="261" c="16">
<BEGIN l="262" c="0"/>
<END l="264" c="0"/>
</B>
<B id="166" t="routine" f="10" l="275" c="16">
<BEGIN l="276" c="0"/>
<END l="278" c="0"/>
</B>
<B id="167" t="routine" f="10" l="289" c="16">
<BEGIN l="290" c="0"/>
<END l="292" c="0"/>
</B>
<B id="168" t="routine" f="10" l="303" c="17">
<BEGIN l="304" c="0"/>
<END l="306" c="0"/>
</B>
<B id="169" t="routine" f="10" l="317" c="17">
<BEGIN l="318" c="0"/>
<END l="320" c="0"/>
</B>
<B id="170" t="routine" f="10" l="331" c="17">
<BEGIN l="332" c="0"/>
<END l="334" c="0"/>
</B>
<B id="171" t="routine" f="10" l="345" c="17">
<BEGIN l="346" c="0"/>
<END l="348" c="0"/>
</B>
<B id="172" t="ppcif" f="14" l="23" c="0">
<BEGIN l="23" c="45"/>
<END l="27" c="0"/>
</B>
<B id="173" t="ppcif" f="14" l="29" c="0">
<BEGIN l="29" c="44"/>
<END l="33" c="0"/>
</B>
<B id="174" t="else" f="6" l="139" c="4">
<BEGIN l="140" c="4"/>
<END l="144" c="4"/>
</B>
<B id="175" t="if" f="6" l="133" c="4">
<BEGIN l="134" c="4"/>
<END l="138" c="4"/>
<ELSE d="174"/>
</B>
<B id="176" t="routine" f="6" l="114" c="5">
<BEGIN l="115" c="0"/>
<END l="159" c="0"/>
<SUB d="175"/>
</B>
<B id="177" t="ppcif" f="15" l="15" c="0">
<BEGIN l="15" c="27"/>
<END l="330" c="0"/>
</B>
<B id="178" t="ppcif" f="15" l="25" c="0">
<BEGIN l="25" c="19"/>
<END l="155" c="0"/>
</B>
<B id="179" t="ppcrmif" f="15" l="46" c="0">
<BEGIN l="46" c="93"/>
<END l="91" c="0"/>
</B>
<B id="180" t="ppcrmif" f="15" l="94" c="0">
<BEGIN l="94" c="91"/>
<END l="153" c="0"/>
</B>
<B id="181" t="ppcrmelse" f="15" l="155" c="0">
<BEGIN l="155" c="35"/>
<END l="328" c="0"/>
</B>
<B id="182" t="ppcif" f="16" l="11" c="0">
<BEGIN l="11" c="27"/>
<END l="36" c="0"/>
</B>
<B id="183" t="ppcrmif" f="16" l="14" c="0">
<BEGIN l="14" c="19"/>
<END l="29" c="0"/>
</B>
<B id="184" t="ppcelse" f="16" l="29" c="0">
<BEGIN l="29" c="5"/>
<END l="33" c="0"/>
</B>
<B id="185" t="ppcif" f="1" l="22" c="0">
<BEGIN l="22" c="17"/>
<END l="109" c="0"/>
</B>
<B id="186" t="ppcrmif" f="1" l="39" c="0">
<BEGIN l="39" c="66"/>
<END l="43" c="0"/>
</B>
<B id="187" t="ppcelse" f="1" l="43" c="0">
<BEGIN l="43" c="60"/>
<END l="47" c="0"/>
</B>
<B id="188" t="ppcrmif" f="1" l="52" c="0">
<BEGIN l="52" c="18"/>
<END l="58" c="0"/>
</B>
<B id="189" t="ppcrmif" f="1" l="62" c="0">
<BEGIN l="62" c="33"/>
<END l="80" c="0"/>
</B>
<B id="190" t="ppcelse" f="1" l="80" c="0">
<BEGIN l="80" c="31"/>
<END l="93" c="0"/>
</B>
<B id="191" t="ppcrmif" f="1" l="96" c="0">
<BEGIN l="96" c="14"/>
<END l="106" c="0"/>
</B>
<B id="192" t="ppcif" f="17" l="3" c="0">
<BEGIN l="3" c="29"/>
<END l="348" c="0"/>
</B>
<B id="193" t="ppcif" f="17" l="61" c="0">
<BEGIN l="63" c="27"/>
<END l="66" c="0"/>
</B>
<B id="194" t="ppcrmif" f="17" l="165" c="0">
<BEGIN l="165" c="17"/>
<END l="206" c="0"/>
</B>
<B id="195" t="ppcrmif" f="17" l="209" c="0">
<BEGIN l="209" c="37"/>
<END l="211" c="0"/>
</B>
<B id="196" t="ppcrmif" f="17" l="213" c="0">
<BEGIN l="213" c="44"/>
<END l="321" c="0"/>
</B>
<B id="197" t="ppcif" f="17" l="323" c="0">
<BEGIN l="323" c="18"/>
<END l="346" c="0"/>
</B>
<B id="198" t="ppcrmif" f="17" l="326" c="0">
<BEGIN l="326" c="18"/>
<END l="328" c="0"/>
</B>
<B id="199" t="ppcrmif" f="17" l="329" c="0">
<BEGIN l="329" c="63"/>
<END l="331" c="0"/>
</B>
<B id="200" t="ppcrmif" f="17" l="332" c="0">
<BEGIN l="332" c="64"/>
<END l="334" c="0"/>
</B>
<B id="201" t="ppcrmif" f="17" l="335" c="0">
<BEGIN l="335" c="16"/>
<END l="340" c="0"/>
</B>
<B id="202" t="ppcif" f="17" l="343" c="0">
<BEGIN l="343" c="57"/>
<END l="345" c="0"/>
</B>
<B id="203" t="type" f="5" l="48" c="7">
<BEGIN l="48" c="29"/>
<END l="62" c="0"/>
</B>
<B id="204" t="ppcif" f="5" l="24" c="0">
<BEGIN l="24" c="30"/>
<END l="210" c="0"/>
</B>
<B id="205" t="ppcrmif" f="5" l="27" c="0">
<BEGIN l="27" c="35"/>
<END l="29" c="0"/>
</B>
<B id="206" t="ppcrmif" f="5" l="33" c="0">
<BEGIN l="33" c="19"/>
<END l="36" c="0"/>
</B>
<B id="207" t="ppcrmif" f="5" l="194" c="0">
<BEGIN l="194" c="19"/>
<END l="196" c="0"/>
</B>
<B id="208" t="ppcif" f="5" l="199" c="0">
<BEGIN l="199" c="26"/>
<END l="207" c="0"/>
</B>
<B id="209" t="ppcif" f="5" l="200" c="0">
<BEGIN l="200" c="25"/>
<END l="204" c="0"/>
</B>
<B id="210" t="ppcrmif" f="5" l="201" c="0">
<BEGIN l="201" c="37"/>
<END l="203" c="0"/>
</B>
<B id="211" t="ppcrmelse" f="5" l="204" c="0">
<BEGIN l="204" c="7"/>
<END l="206" c="0"/>
</B>
<B id="212" t="ppcif" f="18" l="24" c="0">
<BEGIN l="24" c="35"/>
<END l="73" c="0"/>
</B>
<B id="213" t="ppcrmif" f="18" l="27" c="0">
<BEGIN l="27" c="19"/>
<END l="30" c="0"/>
</B>
<B id="214" t="ppcrmif" f="18" l="57" c="0">
<BEGIN l="57" c="19"/>
<END l="59" c="0"/>
</B>
<B id="215" t="ppcif" f="18" l="62" c="0">
<BEGIN l="62" c="26"/>
<END l="70" c="0"/>
</B>
<B id="216" t="ppcif" f="18" l="63" c="0">
<BEGIN l="63" c="25"/>
<END l="67" c="0"/>
</B>
<B id="217" t="ppcrmif" f="18" l="64" c="0">
<BEGIN l="64" c="37"/>
<END l="66" c="0"/>
</B>
<B id="218" t="ppcrmelse" f="18" l="67" c="0">
<BEGIN l="67" c="7"/>
<END l="69" c="0"/>
</B>
<B id="219" t="ppcif" f="4" l="24" c="0">
<BEGIN l="24" c="19"/>
<END l="147" c="0"/>
</B>
<B id="220" t="ppcif" f="4" l="30" c="0">
<BEGIN l="30" c="38"/>
<END l="128" c="0"/>
</B>
<B id="221" t="ppcif" f="4" l="136" c="0">
<BEGIN l="136" c="26"/>
<END l="144" c="0"/>
</B>
<B id="222" t="ppcif" f="4" l="137" c="0">
<BEGIN l="137" c="25"/>
<END l="141" c="0"/>
</B>
<B id="223" t="ppcrmif" f="4" l="138" c="0">
<BEGIN l="138" c="37"/>
<END l="140" c="0"/>
</B>
<B id="224" t="ppcrmelse" f="4" l="141" c="0">
<BEGIN l="141" c="7"/>
<END l="143" c="0"/>
</B>
<B id="225" t="ppcif" f="19" l="25" c="0">
<BEGIN l="25" c="14"/>
<END l="95" c="0"/>
</B>
<B id="226" t="ppcrmif" f="19" l="41" c="0">
<BEGIN l="41" c="33"/>
<END l="43" c="0"/>
</B>
<B id="227" t="ppcrmif" f="19" l="45" c="0">
<BEGIN l="45" c="46"/>
<END l="47" c="0"/>
</B>
<B id="228" t="ppcrmif" f="19" l="49" c="0">
<BEGIN l="49" c="28"/>
<END l="51" c="0"/>
</B>
<B id="229" t="ppcif" f="19" l="84" c="0">
<BEGIN l="84" c="26"/>
<END l="92" c="0"/>
</B>
<B id="230" t="ppcrmif" f="19" l="85" c="0">
<BEGIN l="85" c="25"/>
<END l="89" c="0"/>
</B>
<B id="231" t="ppcelse" f="19" l="89" c="0">
<BEGIN l="89" c="7"/>
<END l="91" c="0"/>
</B>
<B id="232" t="type" f="3" l="135" c="0">
<BEGIN l="135" c="0"/>
<END l="141" c="0"/>
</B>
<B id="233" t="ppcif" f="3" l="56" c="0">
<BEGIN l="56" c="19"/>
<END l="154" c="0"/>
</B>
<B id="234" t="ppcif" f="3" l="122" c="0">
<BEGIN l="122" c="26"/>
<END l="126" c="0"/>
</B>
<B id="235" t="ppcif" f="2" l="45" c="0">
<BEGIN l="45" c="24"/>
<END l="148" c="0"/>
</B>
<B id="236" t="ppcif" f="2" l="84" c="0">
<BEGIN l="84" c="13"/>
<END l="86" c="0"/>
</B>
<B id="237" t="ppcif" f="2" l="88" c="0">
<BEGIN l="88" c="14"/>
<END l="90" c="0"/>
</B>
<B id="238" t="ppcrmif" f="2" l="126" c="0">
<BEGIN l="126" c="26"/>
<END l="132" c="0"/>
</B>
<B id="239" t="ppcelse" f="2" l="132" c="0">
<BEGIN l="132" c="6"/>
<END l="135" c="0"/>
</B>
<B id="240" t="ppcif" f="20" l="47" c="0">
<BEGIN l="47" c="18"/>
<END l="219" c="0"/>
</B>
<B id="241" t="ppcif" f="20" l="95" c="0">
<BEGIN l="95" c="17"/>
<END l="97" c="0"/>
</B>
<B id="242" t="ppcif" f="21" l="19" c="0">
<BEGIN l="19" c="22"/>
<END l="23" c="0"/>
</B>
<B id="243" t="ppcif" f="22" l="24" c="0">
<BEGIN l="24" c="31"/>
<END l="39" c="0"/>
</B>
<B id="244" t="ppcif" f="22" l="28" c="0">
<BEGIN l="28" c="26"/>
<END l="36" c="0"/>
</B>
<B id="245" t="ppcif" f="22" l="29" c="0">
<BEGIN l="29" c="25"/>
<END l="33" c="0"/>
</B>
<B id="246" t="ppcrmif" f="22" l="30" c="0">
<BEGIN l="30" c="37"/>
<END l="32" c="0"/>
</B>
<B id="247" t="ppcrmelse" f="22" l="33" c="0">
<BEGIN l="33" c="7"/>
<END l="35" c="0"/>
</B>
<B id="248" t="ppcif" f="23" l="19" c="0">
<BEGIN l="19" c="16"/>
<END l="24" c="0"/>
</B>
<B id="249" t="ppcif" f="24" l="53" c="0">
<BEGIN l="53" c="37"/>
<END l="57" c="0"/>
</B>
<B id="250" t="ppcrmif" f="24" l="67" c="0">
<BEGIN l="67" c="50"/>
<END l="71" c="0"/>
</B>
<B id="251" t="ppcrmif" f="24" l="81" c="0">
<BEGIN l="81" c="55"/>
<END l="85" c="0"/>
</B>
<B id="252" t="ppcrmif" f="24" l="95" c="0">
<BEGIN l="95" c="53"/>
<END l="99" c="0"/>
</B>
<B id="253" t="ppcrmif" f="24" l="109" c="0">
<BEGIN l="109" c="58"/>
<END l="113" c="0"/>
</B>
<B id="254" t="ppcif" f="24" l="125" c="0">
<BEGIN l="125" c="36"/>
<END l="129" c="0"/>
</B>
<B id="255" t="ppcrmif" f="24" l="139" c="0">
<BEGIN l="139" c="49"/>
<END l="143" c="0"/>
</B>
<B id="256" t="ppcrmif" f="24" l="153" c="0">
<BEGIN l="153" c="54"/>
<END l="157" c="0"/>
</B>
<B id="257" t="ppcrmif" f="24" l="167" c="0">
<BEGIN l="167" c="52"/>
<END l="171" c="0"/>
</B>
<B id="258" t="ppcrmif" f="24" l="181" c="0">
<BEGIN l="181" c="57"/>
<END l="185" c="0"/>
</B>
<B id="259" t="ppcif" f="24" l="201" c="0">
<BEGIN l="201" c="25"/>
<END l="209" c="0"/>
</B>
<B id="260" t="ppcif" f="24" l="202" c="0">
<BEGIN l="202" c="24"/>
<END l="206" c="0"/>
</B>
<B id="261" t="ppcrmif" f="24" l="203" c="0">
<BEGIN l="203" c="36"/>
<END l="205" c="0"/>
</B>
<B id="262" t="ppcrmelse" f="24" l="206" c="0">
<BEGIN l="206" c="6"/>
<END l="208" c="0"/>
</B>
<B id="263" t="ppcif" f="25" l="20" c="0">
<BEGIN l="20" c="20"/>
<END l="101" c="0"/>
</B>
<B id="264" t="ppcif" f="26" l="19" c="0">
<BEGIN l="19" c="33"/>
<END l="30" c="0"/>
</B>
</Blocks>
</Navig>
