<?xml version="1.0" encoding="UTF-8"?>

<MISRA-C-Report version="1.3">


<CodeStruct Name="" File="C:\Component\SF004B_AssiSumLim_Impl\src\AssiSumLim.c" Line="0" Column="0">

<Rule Name="19.1" Mode="advisory" Report="warning" Id="1">
<Loc File="C:\Component\SF004B_AssiSumLim_Impl\src\AssiSumLim.c" Line="1074" Column="0">
</Loc>
<Message>
#include statements in a file shall only be preceded by other preprocessor directives or comments.
</Message>
</Rule>

</CodeStruct>

<CodeStruct Name="AssiSumLimPer1" File="C:\Component\SF004B_AssiSumLim_Impl\src\AssiSumLim.c" Line="759" Column="5">

<Rule Name="9.1" Mode="required" Report="warning" Id="2">
<Loc File="C:\Component\SF004B_AssiSumLim_Impl\src\AssiSumLim.c" Line="854" Column="11">
</Loc>
<Message>
All automatic variables shall have been assigned a value before being used.
</Message>
</Rule>

<Rule Name="9.1" Mode="required" Report="warning" Id="3">
<Loc File="C:\Component\SF004B_AssiSumLim_Impl\src\AssiSumLim.c" Line="860" Column="34">
</Loc>
<Message>
All automatic variables shall have been assigned a value before being used.
</Message>
</Rule>

<Rule Name="9.1" Mode="required" Report="warning" Id="4">
<Loc File="C:\Component\SF004B_AssiSumLim_Impl\src\AssiSumLim.c" Line="861" Column="25">
</Loc>
<Message>
All automatic variables shall have been assigned a value before being used.
</Message>
</Rule>

<Rule Name="9.1" Mode="required" Report="warning" Id="5">
<Loc File="C:\Component\SF004B_AssiSumLim_Impl\src\AssiSumLim.c" Line="882" Column="7">
</Loc>
<Message>
All automatic variables shall have been assigned a value before being used.
</Message>
</Rule>

<Rule Name="9.1" Mode="required" Report="warning" Id="6">
<Loc File="C:\Component\SF004B_AssiSumLim_Impl\src\AssiSumLim.c" Line="891" Column="34">
</Loc>
<Message>
All automatic variables shall have been assigned a value before being used.
</Message>
</Rule>

<Rule Name="9.1" Mode="required" Report="warning" Id="7">
<Loc File="C:\Component\SF004B_AssiSumLim_Impl\src\AssiSumLim.c" Line="892" Column="40">
</Loc>
<Message>
All automatic variables shall have been assigned a value before being used.
</Message>
</Rule>

<Rule Name="9.1" Mode="required" Report="warning" Id="8">
<Loc File="C:\Component\SF004B_AssiSumLim_Impl\src\AssiSumLim.c" Line="896" Column="44">
</Loc>
<Message>
All automatic variables shall have been assigned a value before being used.
</Message>
</Rule>

<Rule Name="9.1" Mode="required" Report="warning" Id="9">
<Loc File="C:\Component\SF004B_AssiSumLim_Impl\src\AssiSumLim.c" Line="899" Column="49">
</Loc>
<Message>
All automatic variables shall have been assigned a value before being used.
</Message>
</Rule>

<Rule Name="9.1" Mode="required" Report="warning" Id="10">
<Loc File="C:\Component\SF004B_AssiSumLim_Impl\src\AssiSumLim.c" Line="904" Column="31">
</Loc>
<Message>
All automatic variables shall have been assigned a value before being used.
</Message>
</Rule>

<Rule Name="9.1" Mode="required" Report="warning" Id="11">
<Loc File="C:\Component\SF004B_AssiSumLim_Impl\src\AssiSumLim.c" Line="904" Column="57">
</Loc>
<Message>
All automatic variables shall have been assigned a value before being used.
</Message>
</Rule>

<Rule Name="9.1" Mode="required" Report="warning" Id="12">
<Loc File="C:\Component\SF004B_AssiSumLim_Impl\src\AssiSumLim.c" Line="905" Column="33">
</Loc>
<Message>
All automatic variables shall have been assigned a value before being used.
</Message>
</Rule>

<Rule Name="9.1" Mode="required" Report="warning" Id="13">
<Loc File="C:\Component\SF004B_AssiSumLim_Impl\src\AssiSumLim.c" Line="906" Column="33">
</Loc>
<Message>
All automatic variables shall have been assigned a value before being used.
</Message>
</Rule>

<Rule Name="9.1" Mode="required" Report="warning" Id="14">
<Loc File="C:\Component\SF004B_AssiSumLim_Impl\src\AssiSumLim.c" Line="907" Column="33">
</Loc>
<Message>
All automatic variables shall have been assigned a value before being used.
</Message>
</Rule>

<Rule Name="9.1" Mode="required" Report="warning" Id="15">
<Loc File="C:\Component\SF004B_AssiSumLim_Impl\src\AssiSumLim.c" Line="908" Column="31">
</Loc>
<Message>
All automatic variables shall have been assigned a value before being used.
</Message>
</Rule>

<Rule Name="9.1" Mode="required" Report="warning" Id="16">
<Loc File="C:\Component\SF004B_AssiSumLim_Impl\src\AssiSumLim.c" Line="911" Column="31">
</Loc>
<Message>
All automatic variables shall have been assigned a value before being used.
</Message>
</Rule>

<Rule Name="9.1" Mode="required" Report="warning" Id="17">
<Loc File="C:\Component\SF004B_AssiSumLim_Impl\src\AssiSumLim.c" Line="926" Column="13">
</Loc>
<Message>
All automatic variables shall have been assigned a value before being used.
</Message>
</Rule>

<Rule Name="9.1" Mode="required" Report="warning" Id="18">
<Loc File="C:\Component\SF004B_AssiSumLim_Impl\src\AssiSumLim.c" Line="928" Column="40">
</Loc>
<Message>
All automatic variables shall have been assigned a value before being used.
</Message>
</Rule>

<Rule Name="9.1" Mode="required" Report="warning" Id="19">
<Loc File="C:\Component\SF004B_AssiSumLim_Impl\src\AssiSumLim.c" Line="934" Column="63">
</Loc>
<Message>
All automatic variables shall have been assigned a value before being used.
</Message>
</Rule>

<Rule Name="9.1" Mode="required" Report="warning" Id="20">
<Loc File="C:\Component\SF004B_AssiSumLim_Impl\src\AssiSumLim.c" Line="941" Column="48">
</Loc>
<Message>
All automatic variables shall have been assigned a value before being used.
</Message>
</Rule>

<Rule Name="9.1" Mode="required" Report="warning" Id="21">
<Loc File="C:\Component\SF004B_AssiSumLim_Impl\src\AssiSumLim.c" Line="941" Column="76">
</Loc>
<Message>
All automatic variables shall have been assigned a value before being used.
</Message>
</Rule>

<Rule Name="9.1" Mode="required" Report="warning" Id="22">
<Loc File="C:\Component\SF004B_AssiSumLim_Impl\src\AssiSumLim.c" Line="947" Column="47">
</Loc>
<Message>
All automatic variables shall have been assigned a value before being used.
</Message>
</Rule>

<Rule Name="9.1" Mode="required" Report="warning" Id="23">
<Loc File="C:\Component\SF004B_AssiSumLim_Impl\src\AssiSumLim.c" Line="947" Column="77">
</Loc>
<Message>
All automatic variables shall have been assigned a value before being used.
</Message>
</Rule>

<Rule Name="9.1" Mode="required" Report="warning" Id="24">
<Loc File="C:\Component\SF004B_AssiSumLim_Impl\src\AssiSumLim.c" Line="958" Column="7">
</Loc>
<Message>
All automatic variables shall have been assigned a value before being used.
</Message>
</Rule>

<Rule Name="9.1" Mode="required" Report="warning" Id="25">
<Loc File="C:\Component\SF004B_AssiSumLim_Impl\src\AssiSumLim.c" Line="972" Column="49">
</Loc>
<Message>
All automatic variables shall have been assigned a value before being used.
</Message>
</Rule>

<Rule Name="9.1" Mode="required" Report="warning" Id="26">
<Loc File="C:\Component\SF004B_AssiSumLim_Impl\src\AssiSumLim.c" Line="972" Column="72">
</Loc>
<Message>
All automatic variables shall have been assigned a value before being used.
</Message>
</Rule>

<Rule Name="9.1" Mode="required" Report="warning" Id="27">
<Loc File="C:\Component\SF004B_AssiSumLim_Impl\src\AssiSumLim.c" Line="976" Column="68">
</Loc>
<Message>
All automatic variables shall have been assigned a value before being used.
</Message>
</Rule>

</CodeStruct>

<CodeStruct Name="SetManTqCmd_Oper" File="C:\Component\SF004B_AssiSumLim_Impl\src\AssiSumLim.c" Line="1029" Column="15">

<Rule Name="9.1" Mode="required" Report="warning" Id="28">
<Loc File="C:\Component\SF004B_AssiSumLim_Impl\src\AssiSumLim.c" Line="1044" Column="11">
</Loc>
<Message>
All automatic variables shall have been assigned a value before being used.
</Message>
</Rule>

</CodeStruct>

</MISRA-C-Report>
