<?xml version="1.0" encoding="UTF-8"?>

<project name="Polyspace" files="1" includes="22" ap_cg_cycle="0" ap_cg_direct_cycle="0" pshv="0" unpshv="0">
<file name="C:\component\ES005A_TmplMonr_Impl\src\TmplMonr.c" total_lines="1386" lines_without_cmt="318" comf="59" fco="57">
<function name="TMFInitTestCase53" path="12" goto="0" vg="6" calling="1" calls="7" param="0" stmt="24" level="3" return="0" vocf="6.7" flin="65" fxln="28" ncalls="9">
</function>
<function name="TMFInitTestCase19" path="3" goto="0" vg="3" calling="1" calls="4" param="0" stmt="13" level="2" return="0" vocf="4.4" flin="44" fxln="15" ncalls="4">
</function>
<function name="TMFInitTestCase18" path="2" goto="0" vg="2" calling="1" calls="4" param="0" stmt="8" level="1" return="0" vocf="3.1" flin="20" fxln="8" ncalls="4">
</function>
<function name="TMFInitTestCase13" path="2" goto="0" vg="2" calling="1" calls="3" param="0" stmt="6" level="1" return="0" vocf="2.8" flin="15" fxln="6" ncalls="3">
</function>
<function name="TMFInitTestCase10To11Case15To17" path="4" goto="0" vg="4" calling="1" calls="3" param="0" stmt="9" level="3" return="0" vocf="3.6" flin="28" fxln="10" ncalls="3">
</function>
<function name="TMFInitTestCase0" path="1" goto="0" vg="1" calling="1" calls="3" param="0" stmt="11" level="1" return="0" vocf="4.6" flin="24" fxln="11" ncalls="7">
</function>
<function name="TMFInitTest" path="14" goto="0" vg="14" calling="1" calls="11" param="0" stmt="40" level="2" return="0" vocf="4.8" flin="119" fxln="56" ncalls="17">
</function>
<function name="TmplMonrPer2" path="4" goto="0" vg="3" calling="0" calls="6" param="0" stmt="10" level="1" return="0" vocf="4.9" flin="46" fxln="12" ncalls="8">
</function>
<function name="TmplMonrPer1" path="6" goto="0" vg="6" calling="0" calls="8" param="0" stmt="19" level="4" return="0" vocf="5.4" flin="112" fxln="23" ncalls="10">
</function>
<function name="TmplMonrInit1" path="1" goto="0" vg="1" calling="0" calls="1" param="0" stmt="7" level="1" return="0" vocf="3.5" flin="19" fxln="7" ncalls="1">
</function>
</file>
</project>
