<?xml version="1.0" encoding="UTF-8"?>
<MISRA-C-Report-Summary>
<File Mode="advisory" Error="0" Warning="2" Total="2">
<Name>
C:\component\CF018A_GmRoadWhlInQlfr_Impl\src\GmRoadWhlInQlfr.c</Name>
</File>
<File Mode="required" Error="0" Warning="14" Total="14">
<Name>
C:\component\CF018A_GmRoadWhlInQlfr_Impl\src\GmRoadWhlInQlfr.c</Name>
</File>
<Rule Name="5.1" Count="12" Mode="required" Severity="warning">
<Message>
</Message>
</Rule>
<Rule Name="19.1" Count="2" Mode="advisory" Severity="warning">
<Message>
#include statements in a file shall only be preceded by other preprocessor directives or comments.</Message>
</Rule>
<Rule Name="8.10" Count="2" Mode="required" Severity="warning">
<Message>
</Message>
</Rule>
</MISRA-C-Report-Summary>
