<?xml version="1.0" encoding="UTF-8"?>
<!--EDRS Version 1.0-->
<global>
   <file name="C:\\Component\\AR202A_MicroCtrlrSuprt_Impl\\include\\P1M\\R7F701311\\adcd_regs.h" comment="">
      <struct name="ADCD0" comment="" line="1427" attributes="volatile extern">
         <struct name="ADCR1" comment="" line="1427" attributes="volatile extern">
            <struct name="BIT" comment="" line="1427" attributes="volatile extern">
               <scalar name="SUSMTD" comment="" line="1427" base_type="uint2" attributes="volatile extern" complete_type="uint2" init_mode="PERMANENT" init_modes_allowed="4" init_range="min..max" global_assert="disabled" assert_range="disabled"/>
            </struct>
         </struct>
         <struct name="ADCR2" comment="" line="1427" attributes="volatile extern">
            <struct name="BIT" comment="" line="1427" attributes="volatile extern">
               <scalar name="ADDNT" comment="" line="1427" base_type="uint1" attributes="volatile extern" complete_type="uint1" init_mode="PERMANENT" init_modes_allowed="4" init_range="min..max" global_assert="disabled" assert_range="disabled"/>
               <scalar name="DFMT" comment="" line="1427" base_type="uint1" attributes="volatile extern" complete_type="uint1" init_mode="PERMANENT" init_modes_allowed="4" init_range="min..max" global_assert="disabled" assert_range="disabled"/>
            </struct>
         </struct>
         <struct name="ADOPDIG0" comment="" line="1427" attributes="volatile extern">
            <scalar name="UINT32" comment="" line="1427" base_type="uint32" attributes="volatile extern" complete_type="uint32" init_mode="PERMANENT" init_modes_allowed="4" init_range="min..max" global_assert="disabled" assert_range="disabled"/>
         </struct>
         <struct name="ODCR" comment="" line="1427" attributes="volatile extern">
            <scalar name="UINT32" comment="" line="1427" base_type="uint32" attributes="volatile extern" complete_type="uint32" init_mode="PERMANENT" init_modes_allowed="4" init_range="min..max" global_assert="disabled" assert_range="disabled"/>
         </struct>
         <struct name="SFTCR" comment="" line="1427" attributes="volatile extern">
            <struct name="BIT" comment="" line="1427" attributes="volatile extern">
               <scalar name="IDEIE" comment="" line="1427" base_type="uint1" attributes="volatile extern" complete_type="uint1" init_mode="PERMANENT" init_modes_allowed="4" init_range="min..max" global_assert="disabled" assert_range="disabled"/>
               <scalar name="OWEIE" comment="" line="1427" base_type="uint1" attributes="volatile extern" complete_type="uint1" init_mode="PERMANENT" init_modes_allowed="4" init_range="min..max" global_assert="disabled" assert_range="disabled"/>
               <scalar name="PEIE" comment="" line="1427" base_type="uint1" attributes="volatile extern" complete_type="uint1" init_mode="PERMANENT" init_modes_allowed="4" init_range="min..max" global_assert="disabled" assert_range="disabled"/>
               <scalar name="RDCLRE" comment="" line="1427" base_type="uint1" attributes="volatile extern" complete_type="uint1" init_mode="PERMANENT" init_modes_allowed="4" init_range="min..max" global_assert="disabled" assert_range="disabled"/>
               <scalar name="ULEIE" comment="" line="1427" base_type="uint1" attributes="volatile extern" complete_type="uint1" init_mode="PERMANENT" init_modes_allowed="4" init_range="min..max" global_assert="disabled" assert_range="disabled"/>
            </struct>
         </struct>
         <struct name="SGCR0" comment="" line="1427" attributes="volatile extern">
            <scalar name="UINT8" comment="" line="1427" base_type="uint8" attributes="volatile extern" complete_type="uint8" init_mode="PERMANENT" init_modes_allowed="4" init_range="min..max" global_assert="disabled" assert_range="disabled"/>
         </struct>
         <struct name="SGCR1" comment="" line="1427" attributes="volatile extern">
            <scalar name="UINT8" comment="" line="1427" base_type="uint8" attributes="volatile extern" complete_type="uint8" init_mode="PERMANENT" init_modes_allowed="4" init_range="min..max" global_assert="disabled" assert_range="disabled"/>
         </struct>
         <struct name="SGCR2" comment="" line="1427" attributes="volatile extern">
            <scalar name="UINT8" comment="" line="1427" base_type="uint8" attributes="volatile extern" complete_type="uint8" init_mode="PERMANENT" init_modes_allowed="4" init_range="min..max" global_assert="disabled" assert_range="disabled"/>
         </struct>
         <struct name="SGCR3" comment="" line="1427" attributes="volatile extern">
            <scalar name="UINT8" comment="" line="1427" base_type="uint8" attributes="volatile extern" complete_type="uint8" init_mode="PERMANENT" init_modes_allowed="4" init_range="min..max" global_assert="disabled" assert_range="disabled"/>
         </struct>
         <struct name="SGCR4" comment="" line="1427" attributes="volatile extern">
            <scalar name="UINT8" comment="" line="1427" base_type="uint8" attributes="volatile extern" complete_type="uint8" init_mode="PERMANENT" init_modes_allowed="4" init_range="min..max" global_assert="disabled" assert_range="disabled"/>
         </struct>
         <struct name="SGMCYCR0" comment="" line="1427" attributes="volatile extern">
            <scalar name="UINT8" comment="" line="1427" base_type="uint8" attributes="volatile extern" complete_type="uint8" init_mode="PERMANENT" init_modes_allowed="4" init_range="min..max" global_assert="disabled" assert_range="disabled"/>
         </struct>
         <struct name="SGMCYCR1" comment="" line="1427" attributes="volatile extern">
            <scalar name="UINT8" comment="" line="1427" base_type="uint8" attributes="volatile extern" complete_type="uint8" init_mode="PERMANENT" init_modes_allowed="4" init_range="min..max" global_assert="disabled" assert_range="disabled"/>
         </struct>
         <struct name="SGMCYCR2" comment="" line="1427" attributes="volatile extern">
            <scalar name="UINT8" comment="" line="1427" base_type="uint8" attributes="volatile extern" complete_type="uint8" init_mode="PERMANENT" init_modes_allowed="4" init_range="min..max" global_assert="disabled" assert_range="disabled"/>
         </struct>
         <struct name="SGMCYCR3" comment="" line="1427" attributes="volatile extern">
            <scalar name="UINT8" comment="" line="1427" base_type="uint8" attributes="volatile extern" complete_type="uint8" init_mode="PERMANENT" init_modes_allowed="4" init_range="min..max" global_assert="disabled" assert_range="disabled"/>
         </struct>
         <struct name="SGMCYCR4" comment="" line="1427" attributes="volatile extern">
            <scalar name="UINT8" comment="" line="1427" base_type="uint8" attributes="volatile extern" complete_type="uint8" init_mode="PERMANENT" init_modes_allowed="4" init_range="min..max" global_assert="disabled" assert_range="disabled"/>
         </struct>
         <struct name="SGSTCR0" comment="" line="1427" attributes="volatile extern">
            <scalar name="UINT8" comment="" line="1427" base_type="uint8" attributes="volatile extern" complete_type="uint8" init_mode="PERMANENT" init_modes_allowed="4" init_range="min..max" global_assert="disabled" assert_range="disabled"/>
         </struct>
         <struct name="SGSTCR1" comment="" line="1427" attributes="volatile extern">
            <scalar name="UINT8" comment="" line="1427" base_type="uint8" attributes="volatile extern" complete_type="uint8" init_mode="PERMANENT" init_modes_allowed="4" init_range="min..max" global_assert="disabled" assert_range="disabled"/>
         </struct>
         <struct name="SGSTCR2" comment="" line="1427" attributes="volatile extern">
            <scalar name="UINT8" comment="" line="1427" base_type="uint8" attributes="volatile extern" complete_type="uint8" init_mode="PERMANENT" init_modes_allowed="4" init_range="min..max" global_assert="disabled" assert_range="disabled"/>
         </struct>
         <struct name="SGSTCR3" comment="" line="1427" attributes="volatile extern">
            <scalar name="UINT8" comment="" line="1427" base_type="uint8" attributes="volatile extern" complete_type="uint8" init_mode="PERMANENT" init_modes_allowed="4" init_range="min..max" global_assert="disabled" assert_range="disabled"/>
         </struct>
         <struct name="SGSTCR4" comment="" line="1427" attributes="volatile extern">
            <scalar name="UINT8" comment="" line="1427" base_type="uint8" attributes="volatile extern" complete_type="uint8" init_mode="PERMANENT" init_modes_allowed="4" init_range="min..max" global_assert="disabled" assert_range="disabled"/>
         </struct>
         <struct name="SGVCEP0" comment="" line="1427" attributes="volatile extern">
            <scalar name="UINT8" comment="" line="1427" base_type="uint8" attributes="volatile extern" complete_type="uint8" init_mode="PERMANENT" init_modes_allowed="4" init_range="min..max" global_assert="disabled" assert_range="disabled"/>
         </struct>
         <struct name="SGVCEP1" comment="" line="1427" attributes="volatile extern">
            <scalar name="UINT8" comment="" line="1427" base_type="uint8" attributes="volatile extern" complete_type="uint8" init_mode="PERMANENT" init_modes_allowed="4" init_range="min..max" global_assert="disabled" assert_range="disabled"/>
         </struct>
         <struct name="SGVCEP2" comment="" line="1427" attributes="volatile extern">
            <scalar name="UINT8" comment="" line="1427" base_type="uint8" attributes="volatile extern" complete_type="uint8" init_mode="PERMANENT" init_modes_allowed="4" init_range="min..max" global_assert="disabled" assert_range="disabled"/>
         </struct>
         <struct name="SGVCEP3" comment="" line="1427" attributes="volatile extern">
            <scalar name="UINT8" comment="" line="1427" base_type="uint8" attributes="volatile extern" complete_type="uint8" init_mode="PERMANENT" init_modes_allowed="4" init_range="min..max" global_assert="disabled" assert_range="disabled"/>
         </struct>
         <struct name="SGVCEP4" comment="" line="1427" attributes="volatile extern">
            <scalar name="UINT8" comment="" line="1427" base_type="uint8" attributes="volatile extern" complete_type="uint8" init_mode="PERMANENT" init_modes_allowed="4" init_range="min..max" global_assert="disabled" assert_range="disabled"/>
         </struct>
         <struct name="SGVCSP0" comment="" line="1427" attributes="volatile extern">
            <scalar name="UINT8" comment="" line="1427" base_type="uint8" attributes="volatile extern" complete_type="uint8" init_mode="PERMANENT" init_modes_allowed="4" init_range="min..max" global_assert="disabled" assert_range="disabled"/>
         </struct>
         <struct name="SGVCSP1" comment="" line="1427" attributes="volatile extern">
            <scalar name="UINT8" comment="" line="1427" base_type="uint8" attributes="volatile extern" complete_type="uint8" init_mode="PERMANENT" init_modes_allowed="4" init_range="min..max" global_assert="disabled" assert_range="disabled"/>
         </struct>
         <struct name="SGVCSP2" comment="" line="1427" attributes="volatile extern">
            <scalar name="UINT8" comment="" line="1427" base_type="uint8" attributes="volatile extern" complete_type="uint8" init_mode="PERMANENT" init_modes_allowed="4" init_range="min..max" global_assert="disabled" assert_range="disabled"/>
         </struct>
         <struct name="SGVCSP3" comment="" line="1427" attributes="volatile extern">
            <scalar name="UINT8" comment="" line="1427" base_type="uint8" attributes="volatile extern" complete_type="uint8" init_mode="PERMANENT" init_modes_allowed="4" init_range="min..max" global_assert="disabled" assert_range="disabled"/>
         </struct>
         <struct name="SGVCSP4" comment="" line="1427" attributes="volatile extern">
            <scalar name="UINT8" comment="" line="1427" base_type="uint8" attributes="volatile extern" complete_type="uint8" init_mode="PERMANENT" init_modes_allowed="4" init_range="min..max" global_assert="disabled" assert_range="disabled"/>
         </struct>
         <struct name="THACR" comment="" line="1427" attributes="volatile extern">
            <scalar name="UINT8" comment="" line="1427" base_type="uint8" attributes="volatile extern" complete_type="uint8" init_mode="PERMANENT" init_modes_allowed="4" init_range="min..max" global_assert="disabled" assert_range="disabled"/>
         </struct>
         <struct name="THBCR" comment="" line="1427" attributes="volatile extern">
            <scalar name="UINT8" comment="" line="1427" base_type="uint8" attributes="volatile extern" complete_type="uint8" init_mode="PERMANENT" init_modes_allowed="4" init_range="min..max" global_assert="disabled" assert_range="disabled"/>
         </struct>
         <struct name="THCR" comment="" line="1427" attributes="volatile extern">
            <scalar name="UINT8" comment="" line="1427" base_type="uint8" attributes="volatile extern" complete_type="uint8" init_mode="PERMANENT" init_modes_allowed="4" init_range="min..max" global_assert="disabled" assert_range="disabled"/>
         </struct>
         <struct name="THER" comment="" line="1427" attributes="volatile extern">
            <scalar name="UINT8" comment="" line="1427" base_type="uint8" attributes="volatile extern" complete_type="uint8" init_mode="PERMANENT" init_modes_allowed="4" init_range="min..max" global_assert="disabled" assert_range="disabled"/>
         </struct>
         <struct name="THGSR" comment="" line="1427" attributes="volatile extern">
            <scalar name="UINT16" comment="" line="1427" base_type="uint16" attributes="volatile extern" complete_type="uint16" init_mode="PERMANENT" init_modes_allowed="4" init_range="min..max" global_assert="disabled" assert_range="disabled"/>
         </struct>
         <struct name="ULLMSR0" comment="" line="1427" attributes="volatile extern">
            <scalar name="UINT8" comment="" line="1427" base_type="uint8" attributes="volatile extern" complete_type="uint8" init_mode="PERMANENT" init_modes_allowed="4" init_range="min..max" global_assert="disabled" assert_range="disabled"/>
         </struct>
         <struct name="ULLMSR1" comment="" line="1427" attributes="volatile extern">
            <scalar name="UINT8" comment="" line="1427" base_type="uint8" attributes="volatile extern" complete_type="uint8" init_mode="PERMANENT" init_modes_allowed="4" init_range="min..max" global_assert="disabled" assert_range="disabled"/>
         </struct>
         <struct name="ULLMSR2" comment="" line="1427" attributes="volatile extern">
            <scalar name="UINT8" comment="" line="1427" base_type="uint8" attributes="volatile extern" complete_type="uint8" init_mode="PERMANENT" init_modes_allowed="4" init_range="min..max" global_assert="disabled" assert_range="disabled"/>
         </struct>
         <struct name="ULLMSR3" comment="" line="1427" attributes="volatile extern">
            <scalar name="UINT8" comment="" line="1427" base_type="uint8" attributes="volatile extern" complete_type="uint8" init_mode="PERMANENT" init_modes_allowed="4" init_range="min..max" global_assert="disabled" assert_range="disabled"/>
         </struct>
         <struct name="ULLMSR4" comment="" line="1427" attributes="volatile extern">
            <scalar name="UINT8" comment="" line="1427" base_type="uint8" attributes="volatile extern" complete_type="uint8" init_mode="PERMANENT" init_modes_allowed="4" init_range="min..max" global_assert="disabled" assert_range="disabled"/>
         </struct>
         <struct name="ULLMTBR0" comment="" line="1427" attributes="volatile extern">
            <scalar name="UINT32" comment="" line="1427" base_type="uint32" attributes="volatile extern" complete_type="uint32" init_mode="PERMANENT" init_modes_allowed="4" init_range="min..max" global_assert="disabled" assert_range="disabled"/>
         </struct>
         <struct name="ULLMTBR1" comment="" line="1427" attributes="volatile extern">
            <scalar name="UINT32" comment="" line="1427" base_type="uint32" attributes="volatile extern" complete_type="uint32" init_mode="PERMANENT" init_modes_allowed="4" init_range="min..max" global_assert="disabled" assert_range="disabled"/>
         </struct>
         <struct name="ULLMTBR2" comment="" line="1427" attributes="volatile extern">
            <scalar name="UINT32" comment="" line="1427" base_type="uint32" attributes="volatile extern" complete_type="uint32" init_mode="PERMANENT" init_modes_allowed="4" init_range="min..max" global_assert="disabled" assert_range="disabled"/>
         </struct>
         <struct name="VCR00" comment="" line="1427" attributes="volatile extern">
            <scalar name="UINT32" comment="" line="1427" base_type="uint32" attributes="volatile extern" complete_type="uint32" init_mode="PERMANENT" init_modes_allowed="4" init_range="min..max" global_assert="disabled" assert_range="disabled"/>
         </struct>
         <struct name="VCR01" comment="" line="1427" attributes="volatile extern">
            <scalar name="UINT32" comment="" line="1427" base_type="uint32" attributes="volatile extern" complete_type="uint32" init_mode="PERMANENT" init_modes_allowed="4" init_range="min..max" global_assert="disabled" assert_range="disabled"/>
         </struct>
         <struct name="VCR02" comment="" line="1427" attributes="volatile extern">
            <scalar name="UINT32" comment="" line="1427" base_type="uint32" attributes="volatile extern" complete_type="uint32" init_mode="PERMANENT" init_modes_allowed="4" init_range="min..max" global_assert="disabled" assert_range="disabled"/>
         </struct>
         <struct name="VCR03" comment="" line="1427" attributes="volatile extern">
            <scalar name="UINT32" comment="" line="1427" base_type="uint32" attributes="volatile extern" complete_type="uint32" init_mode="PERMANENT" init_modes_allowed="4" init_range="min..max" global_assert="disabled" assert_range="disabled"/>
         </struct>
         <struct name="VCR04" comment="" line="1427" attributes="volatile extern">
            <scalar name="UINT32" comment="" line="1427" base_type="uint32" attributes="volatile extern" complete_type="uint32" init_mode="PERMANENT" init_modes_allowed="4" init_range="min..max" global_assert="disabled" assert_range="disabled"/>
         </struct>
         <struct name="VCR05" comment="" line="1427" attributes="volatile extern">
            <scalar name="UINT32" comment="" line="1427" base_type="uint32" attributes="volatile extern" complete_type="uint32" init_mode="PERMANENT" init_modes_allowed="4" init_range="min..max" global_assert="disabled" assert_range="disabled"/>
         </struct>
         <struct name="VCR06" comment="" line="1427" attributes="volatile extern">
            <scalar name="UINT32" comment="" line="1427" base_type="uint32" attributes="volatile extern" complete_type="uint32" init_mode="PERMANENT" init_modes_allowed="4" init_range="min..max" global_assert="disabled" assert_range="disabled"/>
         </struct>
         <struct name="VCR07" comment="" line="1427" attributes="volatile extern">
            <scalar name="UINT32" comment="" line="1427" base_type="uint32" attributes="volatile extern" complete_type="uint32" init_mode="PERMANENT" init_modes_allowed="4" init_range="min..max" global_assert="disabled" assert_range="disabled"/>
         </struct>
         <struct name="VCR08" comment="" line="1427" attributes="volatile extern">
            <scalar name="UINT32" comment="" line="1427" base_type="uint32" attributes="volatile extern" complete_type="uint32" init_mode="PERMANENT" init_modes_allowed="4" init_range="min..max" global_assert="disabled" assert_range="disabled"/>
         </struct>
         <struct name="VCR09" comment="" line="1427" attributes="volatile extern">
            <scalar name="UINT32" comment="" line="1427" base_type="uint32" attributes="volatile extern" complete_type="uint32" init_mode="PERMANENT" init_modes_allowed="4" init_range="min..max" global_assert="disabled" assert_range="disabled"/>
         </struct>
         <struct name="VCR10" comment="" line="1427" attributes="volatile extern">
            <scalar name="UINT32" comment="" line="1427" base_type="uint32" attributes="volatile extern" complete_type="uint32" init_mode="PERMANENT" init_modes_allowed="4" init_range="min..max" global_assert="disabled" assert_range="disabled"/>
         </struct>
         <struct name="VCR11" comment="" line="1427" attributes="volatile extern">
            <scalar name="UINT32" comment="" line="1427" base_type="uint32" attributes="volatile extern" complete_type="uint32" init_mode="PERMANENT" init_modes_allowed="4" init_range="min..max" global_assert="disabled" assert_range="disabled"/>
         </struct>
         <struct name="VCR12" comment="" line="1427" attributes="volatile extern">
            <scalar name="UINT32" comment="" line="1427" base_type="uint32" attributes="volatile extern" complete_type="uint32" init_mode="PERMANENT" init_modes_allowed="4" init_range="min..max" global_assert="disabled" assert_range="disabled"/>
         </struct>
         <struct name="VCR13" comment="" line="1427" attributes="volatile extern">
            <scalar name="UINT32" comment="" line="1427" base_type="uint32" attributes="volatile extern" complete_type="uint32" init_mode="PERMANENT" init_modes_allowed="4" init_range="min..max" global_assert="disabled" assert_range="disabled"/>
         </struct>
         <struct name="VCR14" comment="" line="1427" attributes="volatile extern">
            <scalar name="UINT32" comment="" line="1427" base_type="uint32" attributes="volatile extern" complete_type="uint32" init_mode="PERMANENT" init_modes_allowed="4" init_range="min..max" global_assert="disabled" assert_range="disabled"/>
         </struct>
         <struct name="VCR15" comment="" line="1427" attributes="volatile extern">
            <scalar name="UINT32" comment="" line="1427" base_type="uint32" attributes="volatile extern" complete_type="uint32" init_mode="PERMANENT" init_modes_allowed="4" init_range="min..max" global_assert="disabled" assert_range="disabled"/>
         </struct>
         <struct name="VCR16" comment="" line="1427" attributes="volatile extern">
            <scalar name="UINT32" comment="" line="1427" base_type="uint32" attributes="volatile extern" complete_type="uint32" init_mode="PERMANENT" init_modes_allowed="4" init_range="min..max" global_assert="disabled" assert_range="disabled"/>
         </struct>
         <struct name="VCR17" comment="" line="1427" attributes="volatile extern">
            <scalar name="UINT32" comment="" line="1427" base_type="uint32" attributes="volatile extern" complete_type="uint32" init_mode="PERMANENT" init_modes_allowed="4" init_range="min..max" global_assert="disabled" assert_range="disabled"/>
         </struct>
         <struct name="VCR18" comment="" line="1427" attributes="volatile extern">
            <scalar name="UINT32" comment="" line="1427" base_type="uint32" attributes="volatile extern" complete_type="uint32" init_mode="PERMANENT" init_modes_allowed="4" init_range="min..max" global_assert="disabled" assert_range="disabled"/>
         </struct>
         <struct name="VCR19" comment="" line="1427" attributes="volatile extern">
            <scalar name="UINT32" comment="" line="1427" base_type="uint32" attributes="volatile extern" complete_type="uint32" init_mode="PERMANENT" init_modes_allowed="4" init_range="min..max" global_assert="disabled" assert_range="disabled"/>
         </struct>
         <struct name="VCR20" comment="" line="1427" attributes="volatile extern">
            <scalar name="UINT32" comment="" line="1427" base_type="uint32" attributes="volatile extern" complete_type="uint32" init_mode="PERMANENT" init_modes_allowed="4" init_range="min..max" global_assert="disabled" assert_range="disabled"/>
         </struct>
         <struct name="VCR21" comment="" line="1427" attributes="volatile extern">
            <scalar name="UINT32" comment="" line="1427" base_type="uint32" attributes="volatile extern" complete_type="uint32" init_mode="PERMANENT" init_modes_allowed="4" init_range="min..max" global_assert="disabled" assert_range="disabled"/>
         </struct>
         <struct name="VCR22" comment="" line="1427" attributes="volatile extern">
            <scalar name="UINT32" comment="" line="1427" base_type="uint32" attributes="volatile extern" complete_type="uint32" init_mode="PERMANENT" init_modes_allowed="4" init_range="min..max" global_assert="disabled" assert_range="disabled"/>
         </struct>
         <struct name="VCR23" comment="" line="1427" attributes="volatile extern">
            <scalar name="UINT32" comment="" line="1427" base_type="uint32" attributes="volatile extern" complete_type="uint32" init_mode="PERMANENT" init_modes_allowed="4" init_range="min..max" global_assert="disabled" assert_range="disabled"/>
         </struct>
      </struct>
   </file>
   <file name="C:\\Component\\CM300A_Adc0CfgAndUse_Impl\\src\\CDD_Adc0CfgAndUse.c" comment="">
      <function name="Adc0CfgAndUseInit1" comment="" line="97" main_generator_called="MAIN_GENERATOR" attributes="unused"/>
   </file>
   <file name="C:\\Component\\CM300A_Adc0CfgAndUse_Impl\\tools\\contract\\Rte_CDD_Adc0CfgAndUse.h" comment="">
      <pointer name="Rte_Inst_CDD_Adc0CfgAndUse" comment="" line="59" attributes="extern const" complete_type="const struct Rte_CDS_CDD_Adc0CfgAndUse *" init_mode="INIT" init_modes_allowed="2" initialize_pointer="May-be NULL" number_allocated="max" init_pointed="MULTI">
         <struct comment="" line="59" complete_type="struct Rte_CDS_CDD_Adc0CfgAndUse" attributes="extern const">
            <pointer name="Pim_Adc0DiagcEndPtr" comment="" line="59" attributes="extern const" complete_type="uint8 *" init_mode="INIT" init_modes_allowed="2" initialize_pointer="May-be NULL" number_allocated="max" init_pointed="MULTI">
               <scalar comment="" line="59" base_type="uint8" attributes="extern" complete_type="uint8" init_mode="INIT" init_modes_allowed="2" init_range="min..max" global_assert="unsupported" assert_range="unsupported"/>
            </pointer>
            <pointer name="Pim_Adc0DiagcStrtPtr" comment="" line="59" attributes="extern const" complete_type="uint8 *" init_mode="INIT" init_modes_allowed="2" initialize_pointer="May-be NULL" number_allocated="max" init_pointed="MULTI">
               <scalar comment="" line="59" base_type="uint8" attributes="extern" complete_type="uint8" init_mode="INIT" init_modes_allowed="2" init_range="min..max" global_assert="unsupported" assert_range="unsupported"/>
            </pointer>
         </struct>
      </pointer>
   </file>
</global>
