<?xml version="1.0" encoding="UTF-8"?>
<!--EDRS Version 1.0-->
<global>
   <file name="C:\\component\\AR100A_NxtrMath_Impl\\include\\NxtrMath.h" comment="">
      <function name="Lim_u32" comment="" line="536" main_generator_called="MAIN_GENERATOR" attributes="static">
         <scalar name="arg1" comment="" line="536" base_type="uint32" attributes="static" complete_type="uint32" init_mode="MAIN_GENERATOR" init_modes_allowed="10" init_range="min..max" global_assert="unsupported" assert_range="unsupported"/>
         <scalar name="arg2" comment="" line="536" base_type="uint32" attributes="static" complete_type="uint32" init_mode="MAIN_GENERATOR" init_modes_allowed="10" init_range="min..max" global_assert="unsupported" assert_range="unsupported"/>
         <scalar name="arg3" comment="" line="536" base_type="uint32" attributes="static" complete_type="uint32" init_mode="MAIN_GENERATOR" init_modes_allowed="10" init_range="min..max" global_assert="unsupported" assert_range="unsupported"/>
         <scalar name="return" comment="" line="536" base_type="uint32" attributes="static" complete_type="uint32" init_mode="disabled" init_range="disabled" global_assert="unsupported" assert_range="unsupported"/>
      </function>
   </file>
   <file name="C:\\component\\AR202A_MicroCtrlrSuprt_Impl\\include\\P1M\\R7F701311\\tauj_regs.h" comment="">
      <struct name="TAUJ1" comment="" line="267" attributes="volatile extern">
         <struct name="CMOR0" comment="" line="267" attributes="volatile extern">
            <scalar name="UINT16" comment="" line="267" base_type="uint16" attributes="volatile extern" complete_type="uint16" init_mode="PERMANENT" init_modes_allowed="4" init_range="min..max" global_assert="disabled" assert_range="disabled"/>
         </struct>
         <struct name="CMOR1" comment="" line="267" attributes="volatile extern">
            <scalar name="UINT16" comment="" line="267" base_type="uint16" attributes="volatile extern" complete_type="uint16" init_mode="PERMANENT" init_modes_allowed="4" init_range="min..max" global_assert="disabled" assert_range="disabled"/>
         </struct>
         <struct name="CMOR2" comment="" line="267" attributes="volatile extern">
            <scalar name="UINT16" comment="" line="267" base_type="uint16" attributes="volatile extern" complete_type="uint16" init_mode="PERMANENT" init_modes_allowed="4" init_range="min..max" global_assert="disabled" assert_range="disabled"/>
         </struct>
         <struct name="CMUR0" comment="" line="267" attributes="volatile extern">
            <scalar name="UINT8" comment="" line="267" base_type="uint8" attributes="volatile extern" complete_type="uint8" init_mode="PERMANENT" init_modes_allowed="4" init_range="min..max" global_assert="disabled" assert_range="disabled"/>
         </struct>
         <struct name="CMUR1" comment="" line="267" attributes="volatile extern">
            <scalar name="UINT8" comment="" line="267" base_type="uint8" attributes="volatile extern" complete_type="uint8" init_mode="PERMANENT" init_modes_allowed="4" init_range="min..max" global_assert="disabled" assert_range="disabled"/>
         </struct>
         <struct name="CMUR2" comment="" line="267" attributes="volatile extern">
            <scalar name="UINT8" comment="" line="267" base_type="uint8" attributes="volatile extern" complete_type="uint8" init_mode="PERMANENT" init_modes_allowed="4" init_range="min..max" global_assert="disabled" assert_range="disabled"/>
         </struct>
         <scalar name="CNT0" comment="" line="267" base_type="uint32" attributes="volatile extern const" complete_type="uint32" init_mode="PERMANENT" init_modes_allowed="4" init_range="min..max" global_assert="disabled" assert_range="disabled"/>
         <scalar name="CNT1" comment="" line="267" base_type="uint32" attributes="volatile extern const" complete_type="uint32" init_mode="PERMANENT" init_modes_allowed="4" init_range="min..max" global_assert="disabled" assert_range="disabled"/>
         <scalar name="CNT2" comment="" line="267" base_type="uint32" attributes="volatile extern const" complete_type="uint32" init_mode="PERMANENT" init_modes_allowed="4" init_range="min..max" global_assert="disabled" assert_range="disabled"/>
         <struct name="TPS" comment="" line="267" attributes="volatile extern">
            <struct name="BIT" comment="" line="267" attributes="volatile extern">
               <scalar name="PRS0" comment="" line="267" base_type="uint4" attributes="volatile extern" complete_type="uint4" init_mode="PERMANENT" init_modes_allowed="4" init_range="min..max" global_assert="disabled" assert_range="disabled"/>
            </struct>
         </struct>
         <struct name="TS" comment="" line="267" attributes="volatile extern">
            <struct name="BIT" comment="" line="267" attributes="volatile extern">
               <scalar name="TS00" comment="" line="267" base_type="uint1" attributes="volatile extern" complete_type="uint1" init_mode="PERMANENT" init_modes_allowed="4" init_range="min..max" global_assert="disabled" assert_range="disabled"/>
               <scalar name="TS01" comment="" line="267" base_type="uint1" attributes="volatile extern" complete_type="uint1" init_mode="PERMANENT" init_modes_allowed="4" init_range="min..max" global_assert="disabled" assert_range="disabled"/>
               <scalar name="TS02" comment="" line="267" base_type="uint1" attributes="volatile extern" complete_type="uint1" init_mode="PERMANENT" init_modes_allowed="4" init_range="min..max" global_assert="disabled" assert_range="disabled"/>
            </struct>
         </struct>
      </struct>
   </file>
   <file name="C:\\component\\CM460A_Tauj1CfgAndUse_Impl\\src\\CDD_Tauj1CfgAndUse.c" comment="">
      <function name="Tauj1CfgAndUseInit1" comment="" line="92" main_generator_called="MAIN_GENERATOR" attributes="unused"/>
      <function name="Tauj1CfgAndUsePer1" comment="" line="160" main_generator_called="MAIN_GENERATOR" attributes="unused"/>
   </file>
   <file name="C:\\component\\CM460A_Tauj1CfgAndUse_Impl\\tools\\contract\\Rte_CDD_Tauj1CfgAndUse.h" comment="">
      <pointer name="Rte_Inst_CDD_Tauj1CfgAndUse" comment="" line="60" attributes="extern const" complete_type="const struct Rte_CDS_CDD_Tauj1CfgAndUse *" init_mode="INIT" init_modes_allowed="2" initialize_pointer="May-be NULL" number_allocated="max" init_pointed="MULTI">
         <struct comment="" line="60" complete_type="struct Rte_CDS_CDD_Tauj1CfgAndUse" attributes="extern const">
            <pointer name="Pim_PhaOnTiCntrDPrev" comment="" line="60" attributes="extern const" complete_type="uint32 *" init_mode="INIT" init_modes_allowed="2" initialize_pointer="May-be NULL" number_allocated="max" init_pointed="MULTI">
               <scalar comment="" line="60" base_type="uint32" attributes="extern" complete_type="uint32" init_mode="INIT" init_modes_allowed="2" init_range="min..max" global_assert="unsupported" assert_range="unsupported"/>
            </pointer>
            <pointer name="Pim_PhaOnTiCntrEPrev" comment="" line="60" attributes="extern const" complete_type="uint32 *" init_mode="INIT" init_modes_allowed="2" initialize_pointer="May-be NULL" number_allocated="max" init_pointed="MULTI">
               <scalar comment="" line="60" base_type="uint32" attributes="extern" complete_type="uint32" init_mode="INIT" init_modes_allowed="2" init_range="min..max" global_assert="unsupported" assert_range="unsupported"/>
            </pointer>
            <pointer name="Pim_PhaOnTiCntrFPrev" comment="" line="60" attributes="extern const" complete_type="uint32 *" init_mode="INIT" init_modes_allowed="2" initialize_pointer="May-be NULL" number_allocated="max" init_pointed="MULTI">
               <scalar comment="" line="60" base_type="uint32" attributes="extern" complete_type="uint32" init_mode="INIT" init_modes_allowed="2" init_range="min..max" global_assert="unsupported" assert_range="unsupported"/>
            </pointer>
         </struct>
      </pointer>
      <function name="Rte_Write_CDD_Tauj1CfgAndUse_PhaOnTiMeasdD_Val" comment="" line="83" main_generator_called="disabled" attributes="extern">
         <scalar name="arg1" comment="" line="83" base_type="uint32" complete_type="uint32" init_mode="disabled" init_range="disabled" global_assert="unsupported" assert_range="unsupported"/>
         <scalar name="return" comment="" line="83" base_type="uint8" complete_type="uint8" init_mode="PERMANENT" init_modes_allowed="4" init_range="min..max" global_assert="unsupported" assert_range="unsupported"/>
      </function>
      <function name="Rte_Write_CDD_Tauj1CfgAndUse_PhaOnTiMeasdE_Val" comment="" line="84" main_generator_called="disabled" attributes="extern">
         <scalar name="arg1" comment="" line="84" base_type="uint32" complete_type="uint32" init_mode="disabled" init_range="disabled" global_assert="unsupported" assert_range="unsupported"/>
         <scalar name="return" comment="" line="84" base_type="uint8" complete_type="uint8" init_mode="PERMANENT" init_modes_allowed="4" init_range="min..max" global_assert="unsupported" assert_range="unsupported"/>
      </function>
      <function name="Rte_Write_CDD_Tauj1CfgAndUse_PhaOnTiMeasdF_Val" comment="" line="85" main_generator_called="disabled" attributes="extern">
         <scalar name="arg1" comment="" line="85" base_type="uint32" complete_type="uint32" init_mode="disabled" init_range="disabled" global_assert="unsupported" assert_range="unsupported"/>
         <scalar name="return" comment="" line="85" base_type="uint8" complete_type="uint8" init_mode="PERMANENT" init_modes_allowed="4" init_range="min..max" global_assert="unsupported" assert_range="unsupported"/>
      </function>
   </file>
</global>
