<?xml version="1.0" encoding="UTF-8"?>
<MISRA-C-Report-Summary>
<File Mode="advisory" Error="0" Warning="1" Total="1">
<Name>
C:\Component\SF101A_MotQuadDetn_Impl\src\MotQuadDetn.c</Name>
</File>
<File Mode="required" Error="0" Warning="2" Total="2">
<Name>
C:\Component\SF101A_MotQuadDetn_Impl\src\MotQuadDetn.c</Name>
</File>
<Rule Name="8.10" Count="2" Mode="required" Severity="warning">
<Message>
</Message>
</Rule>
<Rule Name="19.1" Count="1" Mode="advisory" Severity="warning">
<Message>
#include statements in a file shall only be preceded by other preprocessor directives or comments.</Message>
</Rule>
</MISRA-C-Report-Summary>
