<?xml version="1.0" encoding="UTF-8"?>

<MISRA-C-Report version="1.3">


<CodeStruct Name="" File="C:\Component\ES210A_EcuTMeas_Impl\src\EcuTMeas.c" Line="0" Column="0">

<Rule Name="19.1" Mode="advisory" Report="warning" Id="1">
<Loc File="C:\Component\ES210A_EcuTMeas_Impl\src\EcuTMeas.c" Line="791" Column="0">
</Loc>
<Message>
#include statements in a file shall only be preceded by other preprocessor directives or comments.
</Message>
</Rule>

</CodeStruct>

<CodeStruct Name="EcuTMeasPer1" File="C:\Component\ES210A_EcuTMeas_Impl\src\EcuTMeas.c" Line="727" Column="5">

<Rule Name="9.1" Mode="required" Report="warning" Id="2">
<Loc File="C:\Component\ES210A_EcuTMeas_Impl\src\EcuTMeas.c" Line="748" Column="34">
</Loc>
<Message>
All automatic variables shall have been assigned a value before being used.
</Message>
</Rule>

<Rule Name="9.1" Mode="required" Report="warning" Id="3">
<Loc File="C:\Component\ES210A_EcuTMeas_Impl\src\EcuTMeas.c" Line="750" Column="11">
</Loc>
<Message>
All automatic variables shall have been assigned a value before being used.
</Message>
</Rule>

<Rule Name="9.1" Mode="required" Report="warning" Id="4">
<Loc File="C:\Component\ES210A_EcuTMeas_Impl\src\EcuTMeas.c" Line="768" Column="13">
</Loc>
<Message>
All automatic variables shall have been assigned a value before being used.
</Message>
</Rule>

<Rule Name="21.1" Mode="required" Report="warning" Id="5">
<Loc File="C:\Component\ES210A_EcuTMeas_Impl\src\EcuTMeas.c" Line="777" Column="93">
</Loc>
<Message>
Minimisation of run-time failures.
</Message>
</Rule>

</CodeStruct>

<CodeStruct Name="EcuTMeasInit1" File="C:\Component\ES210A_EcuTMeas_Impl\src\EcuTMeas.c" Line="671" Column="5">

<Rule Name="9.1" Mode="required" Report="warning" Id="6">
<Loc File="C:\Component\ES210A_EcuTMeas_Impl\src\EcuTMeas.c" Line="682" Column="34">
</Loc>
<Message>
All automatic variables shall have been assigned a value before being used.
</Message>
</Rule>

<Rule Name="21.1" Mode="required" Report="warning" Id="7">
<Loc File="C:\Component\ES210A_EcuTMeas_Impl\src\EcuTMeas.c" Line="685" Column="108">
</Loc>
<Message>
Minimisation of run-time failures.
</Message>
</Rule>

</CodeStruct>

</MISRA-C-Report>
