<?xml version="1.0" encoding="UTF-8"?>
<!--EDRS Version 1.0-->
<global>
   <file name="C:\\Component\\AR100A_NxtrMath_Impl\\include\\NxtrMath.h" comment="">
      <function name="Abslt_f32_f32" comment="" line="223" main_generator_called="MAIN_GENERATOR" attributes="static">
         <scalar name="arg1" comment="" line="223" base_type="float32" attributes="static" complete_type="float32" init_mode="MAIN_GENERATOR" init_modes_allowed="10" init_range="min..max" global_assert="unsupported" assert_range="unsupported"/>
         <scalar name="return" comment="" line="223" base_type="float32" attributes="static" complete_type="float32" init_mode="disabled" init_range="disabled" global_assert="unsupported" assert_range="unsupported"/>
      </function>
      <function name="Lim_f32" comment="" line="550" main_generator_called="MAIN_GENERATOR" attributes="static">
         <scalar name="arg1" comment="" line="550" base_type="float32" attributes="static" complete_type="float32" init_mode="MAIN_GENERATOR" init_modes_allowed="10" init_range="min..max" global_assert="unsupported" assert_range="unsupported"/>
         <scalar name="arg2" comment="" line="550" base_type="float32" attributes="static" complete_type="float32" init_mode="MAIN_GENERATOR" init_modes_allowed="10" init_range="min..max" global_assert="unsupported" assert_range="unsupported"/>
         <scalar name="arg3" comment="" line="550" base_type="float32" attributes="static" complete_type="float32" init_mode="MAIN_GENERATOR" init_modes_allowed="10" init_range="min..max" global_assert="unsupported" assert_range="unsupported"/>
         <scalar name="return" comment="" line="550" base_type="float32" attributes="static" complete_type="float32" init_mode="disabled" init_range="disabled" global_assert="unsupported" assert_range="unsupported"/>
      </function>
   </file>
   <file name="C:\\Component\\ES209A_CurrMeasCorrln_Impl\\src\\CurrMeasCorrln.c" comment="">
      <function name="CurrMeasCorrlnChk" comment="" line="1001" main_generator_called="MAIN_GENERATOR" attributes="static">
         <scalar name="arg1" comment="" line="1001" base_type="float32" attributes="static" complete_type="float32" init_mode="MAIN_GENERATOR" init_modes_allowed="10" init_range="min..max" global_assert="unsupported" assert_range="unsupported"/>
         <scalar name="arg2" comment="" line="1001" base_type="float32" attributes="static" complete_type="float32" init_mode="MAIN_GENERATOR" init_modes_allowed="10" init_range="min..max" global_assert="unsupported" assert_range="unsupported"/>
         <scalar name="arg3" comment="" line="1001" base_type="float32" attributes="static" complete_type="float32" init_mode="MAIN_GENERATOR" init_modes_allowed="10" init_range="min..max" global_assert="unsupported" assert_range="unsupported"/>
         <scalar name="arg4" comment="" line="1001" base_type="uint16" attributes="static" complete_type="uint16" init_mode="MAIN_GENERATOR" init_modes_allowed="10" init_range="min..max" global_assert="unsupported" assert_range="unsupported"/>
         <scalar name="arg5" comment="" line="1001" base_type="uint16" attributes="static" complete_type="uint16" init_mode="MAIN_GENERATOR" init_modes_allowed="10" init_range="min..max" global_assert="unsupported" assert_range="unsupported"/>
         <scalar name="arg6" comment="" line="1001" base_type="uint16" attributes="static" complete_type="uint16" init_mode="MAIN_GENERATOR" init_modes_allowed="10" init_range="min..max" global_assert="unsupported" assert_range="unsupported"/>
         <pointer name="arg7" comment="" line="1001" attributes="static" complete_type="uint8 *" init_mode="MAIN_GENERATOR" init_modes_allowed="10" initialize_pointer="May-be NULL" number_allocated="max" init_pointed="MAIN_GENERATOR">
            <scalar comment="" line="1001" base_type="uint8" attributes="static" complete_type="uint8" init_mode="MAIN_GENERATOR" init_modes_allowed="10" init_range="min..max" global_assert="unsupported" assert_range="unsupported"/>
         </pointer>
         <pointer name="arg8" comment="" line="1001" attributes="static" complete_type="float32 *" init_mode="MAIN_GENERATOR" init_modes_allowed="10" initialize_pointer="May-be NULL" number_allocated="max" init_pointed="MAIN_GENERATOR">
            <scalar comment="" line="1001" base_type="float32" attributes="static" complete_type="float32" init_mode="MAIN_GENERATOR" init_modes_allowed="10" init_range="min..max" global_assert="unsupported" assert_range="unsupported"/>
         </pointer>
         <scalar name="return" comment="" line="1001" base_type="uint8" attributes="static" complete_type="uint8" init_mode="disabled" init_range="disabled" global_assert="unsupported" assert_range="unsupported"/>
      </function>
      <function name="CurrMeasCorrlnPer1" comment="" line="773" main_generator_called="MAIN_GENERATOR" attributes="unused"/>
      <function name="SigAvlCheck" comment="" line="948" main_generator_called="MAIN_GENERATOR" attributes="static">
         <scalar name="arg1" comment="" line="948" base_type="uint8" attributes="static" complete_type="uint8" init_mode="MAIN_GENERATOR" init_modes_allowed="10" init_range="min..max" global_assert="unsupported" assert_range="unsupported"/>
         <scalar name="arg2" comment="" line="948" base_type="uint8" attributes="static" complete_type="uint8" init_mode="MAIN_GENERATOR" init_modes_allowed="10" init_range="min..max" global_assert="unsupported" assert_range="unsupported"/>
         <pointer name="arg3" comment="" line="948" attributes="static" complete_type="uint8 *" init_mode="MAIN_GENERATOR" init_modes_allowed="10" initialize_pointer="May-be NULL" number_allocated="max" init_pointed="MAIN_GENERATOR">
            <scalar comment="" line="948" base_type="uint8" attributes="static" complete_type="uint8" init_mode="MAIN_GENERATOR" init_modes_allowed="10" init_range="min..max" global_assert="unsupported" assert_range="unsupported"/>
         </pointer>
         <pointer name="arg4" comment="" line="948" attributes="static" complete_type="uint8 *" init_mode="MAIN_GENERATOR" init_modes_allowed="10" initialize_pointer="May-be NULL" number_allocated="max" init_pointed="MAIN_GENERATOR">
            <scalar comment="" line="948" base_type="uint8" attributes="static" complete_type="uint8" init_mode="MAIN_GENERATOR" init_modes_allowed="10" init_range="min..max" global_assert="unsupported" assert_range="unsupported"/>
         </pointer>
         <scalar name="return" comment="" line="948" base_type="uint8" attributes="static" complete_type="uint8" init_mode="disabled" init_range="disabled" global_assert="unsupported" assert_range="unsupported"/>
      </function>
   </file>
   <file name="C:\\Component\\ES209A_CurrMeasCorrln_Impl\\tools\\contract\\Rte_CurrMeasCorrln.h" comment="">
      <function name="Rte_Call_CurrMeasCorrln_GetNtcQlfrSts_Oper" comment="" line="118" main_generator_called="disabled" attributes="extern">
         <scalar name="arg1" comment="" line="118" base_type="uint16" complete_type="uint16" init_mode="disabled" init_range="disabled" global_assert="unsupported" assert_range="unsupported"/>
         <pointer name="arg2" comment="" line="118" complete_type="uint8 *" init_mode="disabled" initialize_pointer="disabled" number_allocated="disabled" init_pointed="MULTI">
            <scalar comment="" line="118" base_type="uint8" complete_type="uint8" init_mode="PERMANENT" init_modes_allowed="4" init_range="min..max" global_assert="unsupported" assert_range="unsupported"/>
         </pointer>
         <scalar name="return" comment="" line="118" base_type="uint8" complete_type="uint8" init_mode="PERMANENT" init_modes_allowed="4" init_range="min..max" global_assert="unsupported" assert_range="unsupported"/>
      </function>
      <function name="Rte_Call_CurrMeasCorrln_SetNtcSts_Oper" comment="" line="119" main_generator_called="disabled" attributes="extern">
         <scalar name="arg1" comment="" line="119" base_type="uint16" complete_type="uint16" init_mode="disabled" init_range="disabled" global_assert="unsupported" assert_range="unsupported"/>
         <scalar name="arg2" comment="" line="119" base_type="uint8" complete_type="uint8" init_mode="disabled" init_range="disabled" global_assert="unsupported" assert_range="unsupported"/>
         <scalar name="arg3" comment="" line="119" base_type="uint8" complete_type="uint8" init_mode="disabled" init_range="disabled" global_assert="unsupported" assert_range="unsupported"/>
         <scalar name="arg4" comment="" line="119" base_type="uint16" complete_type="uint16" init_mode="disabled" init_range="disabled" global_assert="unsupported" assert_range="unsupported"/>
         <scalar name="return" comment="" line="119" base_type="uint8" complete_type="uint8" init_mode="PERMANENT" init_modes_allowed="4" init_range="min..max" global_assert="unsupported" assert_range="unsupported"/>
      </function>
      <pointer name="Rte_Inst_CurrMeasCorrln" comment="" line="61" attributes="extern const" complete_type="const struct Rte_CDS_CurrMeasCorrln *" init_mode="INIT" init_modes_allowed="2" initialize_pointer="May-be NULL" number_allocated="max" init_pointed="MULTI">
         <struct comment="" line="61" complete_type="struct Rte_CDS_CurrMeasCorrln" attributes="extern const">
            <pointer name="Pim_CurrMeasCorrlnSens0RollgCntPrev" comment="" line="61" attributes="extern const" complete_type="uint8 *" init_mode="INIT" init_modes_allowed="2" initialize_pointer="May-be NULL" number_allocated="max" init_pointed="MULTI">
               <scalar comment="" line="61" base_type="uint8" attributes="extern" complete_type="uint8" init_mode="INIT" init_modes_allowed="2" init_range="min..max" global_assert="unsupported" assert_range="unsupported"/>
            </pointer>
            <pointer name="Pim_CurrMeasCorrlnSens0StallCntPrev" comment="" line="61" attributes="extern const" complete_type="uint8 *" init_mode="INIT" init_modes_allowed="2" initialize_pointer="May-be NULL" number_allocated="max" init_pointed="MULTI">
               <scalar comment="" line="61" base_type="uint8" attributes="extern" complete_type="uint8" init_mode="INIT" init_modes_allowed="2" init_range="min..max" global_assert="unsupported" assert_range="unsupported"/>
            </pointer>
            <pointer name="Pim_CurrMeasCorrlnSens1RollgCntPrev" comment="" line="61" attributes="extern const" complete_type="uint8 *" init_mode="INIT" init_modes_allowed="2" initialize_pointer="May-be NULL" number_allocated="max" init_pointed="MULTI">
               <scalar comment="" line="61" base_type="uint8" attributes="extern" complete_type="uint8" init_mode="INIT" init_modes_allowed="2" init_range="min..max" global_assert="unsupported" assert_range="unsupported"/>
            </pointer>
            <pointer name="Pim_CurrMeasCorrlnSens1StallCntPrev" comment="" line="61" attributes="extern const" complete_type="uint8 *" init_mode="INIT" init_modes_allowed="2" initialize_pointer="May-be NULL" number_allocated="max" init_pointed="MULTI">
               <scalar comment="" line="61" base_type="uint8" attributes="extern" complete_type="uint8" init_mode="INIT" init_modes_allowed="2" init_range="min..max" global_assert="unsupported" assert_range="unsupported"/>
            </pointer>
         </struct>
      </pointer>
      <function name="Rte_Prm_CurrMeasCorrln_CurrMeasCorrlnMaxErrCurr_Val" comment="" line="120" main_generator_called="disabled" attributes="extern">
         <scalar name="return" comment="" line="120" base_type="float32" complete_type="float32" init_mode="PERMANENT" init_modes_allowed="4" init_range="min..max" global_assert="unsupported" assert_range="unsupported"/>
      </function>
      <function name="Rte_Prm_CurrMeasCorrln_CurrMeasCorrlnMaxStallCntr_Val" comment="" line="125" main_generator_called="disabled" attributes="extern">
         <scalar name="return" comment="" line="125" base_type="uint8" complete_type="uint8" init_mode="PERMANENT" init_modes_allowed="4" init_range="min..max" global_assert="unsupported" assert_range="unsupported"/>
      </function>
      <function name="Rte_Prm_CurrMeasCorrln_CurrMeasCorrlnNtc0x04DFailStep_Val" comment="" line="121" main_generator_called="disabled" attributes="extern">
         <scalar name="return" comment="" line="121" base_type="uint16" complete_type="uint16" init_mode="PERMANENT" init_modes_allowed="4" init_range="min..max" global_assert="unsupported" assert_range="unsupported"/>
      </function>
      <function name="Rte_Prm_CurrMeasCorrln_CurrMeasCorrlnNtc0x04DPassStep_Val" comment="" line="122" main_generator_called="disabled" attributes="extern">
         <scalar name="return" comment="" line="122" base_type="uint16" complete_type="uint16" init_mode="PERMANENT" init_modes_allowed="4" init_range="min..max" global_assert="unsupported" assert_range="unsupported"/>
      </function>
      <function name="Rte_Prm_CurrMeasCorrln_CurrMeasCorrlnNtc0x04EFailStep_Val" comment="" line="123" main_generator_called="disabled" attributes="extern">
         <scalar name="return" comment="" line="123" base_type="uint16" complete_type="uint16" init_mode="PERMANENT" init_modes_allowed="4" init_range="min..max" global_assert="unsupported" assert_range="unsupported"/>
      </function>
      <function name="Rte_Prm_CurrMeasCorrln_CurrMeasCorrlnNtc0x04EPassStep_Val" comment="" line="124" main_generator_called="disabled" attributes="extern">
         <scalar name="return" comment="" line="124" base_type="uint16" complete_type="uint16" init_mode="PERMANENT" init_modes_allowed="4" init_range="min..max" global_assert="unsupported" assert_range="unsupported"/>
      </function>
      <function name="Rte_Read_CurrMeasCorrln_DiagcStsIvtr1Inactv_Logl" comment="" line="99" main_generator_called="disabled" attributes="extern">
         <pointer name="arg1" comment="" line="99" complete_type="uint8 *" init_mode="disabled" initialize_pointer="disabled" number_allocated="disabled" init_pointed="MULTI">
            <scalar comment="" line="99" base_type="uint8" complete_type="uint8" init_mode="PERMANENT" init_modes_allowed="4" init_range="min..max" global_assert="unsupported" assert_range="unsupported"/>
         </pointer>
         <scalar name="return" comment="" line="99" base_type="uint8" complete_type="uint8" init_mode="PERMANENT" init_modes_allowed="4" init_range="min..max" global_assert="unsupported" assert_range="unsupported"/>
      </function>
      <function name="Rte_Read_CurrMeasCorrln_DiagcStsIvtr2Inactv_Logl" comment="" line="100" main_generator_called="disabled" attributes="extern">
         <pointer name="arg1" comment="" line="100" complete_type="uint8 *" init_mode="disabled" initialize_pointer="disabled" number_allocated="disabled" init_pointed="MULTI">
            <scalar comment="" line="100" base_type="uint8" complete_type="uint8" init_mode="PERMANENT" init_modes_allowed="4" init_range="min..max" global_assert="unsupported" assert_range="unsupported"/>
         </pointer>
         <scalar name="return" comment="" line="100" base_type="uint8" complete_type="uint8" init_mode="PERMANENT" init_modes_allowed="4" init_range="min..max" global_assert="unsupported" assert_range="unsupported"/>
      </function>
      <function name="Rte_Read_CurrMeasCorrln_MotCurrCorrdA_Val" comment="" line="101" main_generator_called="disabled" attributes="extern">
         <pointer name="arg1" comment="" line="101" complete_type="float32 *" init_mode="disabled" initialize_pointer="disabled" number_allocated="disabled" init_pointed="MULTI">
            <scalar comment="" line="101" base_type="float32" complete_type="float32" init_mode="PERMANENT" init_modes_allowed="4" init_range="min..max" global_assert="unsupported" assert_range="unsupported"/>
         </pointer>
         <scalar name="return" comment="" line="101" base_type="uint8" complete_type="uint8" init_mode="PERMANENT" init_modes_allowed="4" init_range="min..max" global_assert="unsupported" assert_range="unsupported"/>
      </function>
      <function name="Rte_Read_CurrMeasCorrln_MotCurrCorrdB_Val" comment="" line="102" main_generator_called="disabled" attributes="extern">
         <pointer name="arg1" comment="" line="102" complete_type="float32 *" init_mode="disabled" initialize_pointer="disabled" number_allocated="disabled" init_pointed="MULTI">
            <scalar comment="" line="102" base_type="float32" complete_type="float32" init_mode="PERMANENT" init_modes_allowed="4" init_range="min..max" global_assert="unsupported" assert_range="unsupported"/>
         </pointer>
         <scalar name="return" comment="" line="102" base_type="uint8" complete_type="uint8" init_mode="PERMANENT" init_modes_allowed="4" init_range="min..max" global_assert="unsupported" assert_range="unsupported"/>
      </function>
      <function name="Rte_Read_CurrMeasCorrln_MotCurrCorrdC_Val" comment="" line="103" main_generator_called="disabled" attributes="extern">
         <pointer name="arg1" comment="" line="103" complete_type="float32 *" init_mode="disabled" initialize_pointer="disabled" number_allocated="disabled" init_pointed="MULTI">
            <scalar comment="" line="103" base_type="float32" complete_type="float32" init_mode="PERMANENT" init_modes_allowed="4" init_range="min..max" global_assert="unsupported" assert_range="unsupported"/>
         </pointer>
         <scalar name="return" comment="" line="103" base_type="uint8" complete_type="uint8" init_mode="PERMANENT" init_modes_allowed="4" init_range="min..max" global_assert="unsupported" assert_range="unsupported"/>
      </function>
      <function name="Rte_Read_CurrMeasCorrln_MotCurrCorrdD_Val" comment="" line="104" main_generator_called="disabled" attributes="extern">
         <pointer name="arg1" comment="" line="104" complete_type="float32 *" init_mode="disabled" initialize_pointer="disabled" number_allocated="disabled" init_pointed="MULTI">
            <scalar comment="" line="104" base_type="float32" complete_type="float32" init_mode="PERMANENT" init_modes_allowed="4" init_range="min..max" global_assert="unsupported" assert_range="unsupported"/>
         </pointer>
         <scalar name="return" comment="" line="104" base_type="uint8" complete_type="uint8" init_mode="PERMANENT" init_modes_allowed="4" init_range="min..max" global_assert="unsupported" assert_range="unsupported"/>
      </function>
      <function name="Rte_Read_CurrMeasCorrln_MotCurrCorrdE_Val" comment="" line="105" main_generator_called="disabled" attributes="extern">
         <pointer name="arg1" comment="" line="105" complete_type="float32 *" init_mode="disabled" initialize_pointer="disabled" number_allocated="disabled" init_pointed="MULTI">
            <scalar comment="" line="105" base_type="float32" complete_type="float32" init_mode="PERMANENT" init_modes_allowed="4" init_range="min..max" global_assert="unsupported" assert_range="unsupported"/>
         </pointer>
         <scalar name="return" comment="" line="105" base_type="uint8" complete_type="uint8" init_mode="PERMANENT" init_modes_allowed="4" init_range="min..max" global_assert="unsupported" assert_range="unsupported"/>
      </function>
      <function name="Rte_Read_CurrMeasCorrln_MotCurrCorrdF_Val" comment="" line="106" main_generator_called="disabled" attributes="extern">
         <pointer name="arg1" comment="" line="106" complete_type="float32 *" init_mode="disabled" initialize_pointer="disabled" number_allocated="disabled" init_pointed="MULTI">
            <scalar comment="" line="106" base_type="float32" complete_type="float32" init_mode="PERMANENT" init_modes_allowed="4" init_range="min..max" global_assert="unsupported" assert_range="unsupported"/>
         </pointer>
         <scalar name="return" comment="" line="106" base_type="uint8" complete_type="uint8" init_mode="PERMANENT" init_modes_allowed="4" init_range="min..max" global_assert="unsupported" assert_range="unsupported"/>
      </function>
      <function name="Rte_Read_CurrMeasCorrln_MotCurrEolCalSt_Val" comment="" line="107" main_generator_called="disabled" attributes="extern">
         <pointer name="arg1" comment="" line="107" complete_type="uint8 *" init_mode="disabled" initialize_pointer="disabled" number_allocated="disabled" init_pointed="MULTI">
            <scalar comment="" line="107" base_type="uint8" complete_type="uint8" init_mode="PERMANENT" init_modes_allowed="4" init_range="min..max" global_assert="unsupported" assert_range="unsupported"/>
         </pointer>
         <scalar name="return" comment="" line="107" base_type="uint8" complete_type="uint8" init_mode="PERMANENT" init_modes_allowed="4" init_range="min..max" global_assert="unsupported" assert_range="unsupported"/>
      </function>
      <function name="Rte_Read_CurrMeasCorrln_MotCurrQlfr1_Val" comment="" line="108" main_generator_called="disabled" attributes="extern">
         <pointer name="arg1" comment="" line="108" complete_type="uint8 *" init_mode="disabled" initialize_pointer="disabled" number_allocated="disabled" init_pointed="MULTI">
            <scalar comment="" line="108" base_type="uint8" complete_type="uint8" init_mode="PERMANENT" init_modes_allowed="4" init_range="min..max" global_assert="unsupported" assert_range="unsupported"/>
         </pointer>
         <scalar name="return" comment="" line="108" base_type="uint8" complete_type="uint8" init_mode="PERMANENT" init_modes_allowed="4" init_range="min..max" global_assert="unsupported" assert_range="unsupported"/>
      </function>
      <function name="Rte_Read_CurrMeasCorrln_MotCurrQlfr2_Val" comment="" line="109" main_generator_called="disabled" attributes="extern">
         <pointer name="arg1" comment="" line="109" complete_type="uint8 *" init_mode="disabled" initialize_pointer="disabled" number_allocated="disabled" init_pointed="MULTI">
            <scalar comment="" line="109" base_type="uint8" complete_type="uint8" init_mode="PERMANENT" init_modes_allowed="4" init_range="min..max" global_assert="unsupported" assert_range="unsupported"/>
         </pointer>
         <scalar name="return" comment="" line="109" base_type="uint8" complete_type="uint8" init_mode="PERMANENT" init_modes_allowed="4" init_range="min..max" global_assert="unsupported" assert_range="unsupported"/>
      </function>
      <function name="Rte_Read_CurrMeasCorrln_MotCurrRollgCntr1_Val" comment="" line="110" main_generator_called="disabled" attributes="extern">
         <pointer name="arg1" comment="" line="110" complete_type="uint8 *" init_mode="disabled" initialize_pointer="disabled" number_allocated="disabled" init_pointed="MULTI">
            <scalar comment="" line="110" base_type="uint8" complete_type="uint8" init_mode="PERMANENT" init_modes_allowed="4" init_range="min..max" global_assert="unsupported" assert_range="unsupported"/>
         </pointer>
         <scalar name="return" comment="" line="110" base_type="uint8" complete_type="uint8" init_mode="PERMANENT" init_modes_allowed="4" init_range="min..max" global_assert="unsupported" assert_range="unsupported"/>
      </function>
      <function name="Rte_Read_CurrMeasCorrln_MotCurrRollgCntr2_Val" comment="" line="111" main_generator_called="disabled" attributes="extern">
         <pointer name="arg1" comment="" line="111" complete_type="uint8 *" init_mode="disabled" initialize_pointer="disabled" number_allocated="disabled" init_pointed="MULTI">
            <scalar comment="" line="111" base_type="uint8" complete_type="uint8" init_mode="PERMANENT" init_modes_allowed="4" init_range="min..max" global_assert="unsupported" assert_range="unsupported"/>
         </pointer>
         <scalar name="return" comment="" line="111" base_type="uint8" complete_type="uint8" init_mode="PERMANENT" init_modes_allowed="4" init_range="min..max" global_assert="unsupported" assert_range="unsupported"/>
      </function>
      <function name="Rte_Read_CurrMeasCorrln_SysSt_Val" comment="" line="112" main_generator_called="disabled" attributes="extern">
         <pointer name="arg1" comment="" line="112" complete_type="uint8 *" init_mode="disabled" initialize_pointer="disabled" number_allocated="disabled" init_pointed="MULTI">
            <scalar comment="" line="112" base_type="uint8" complete_type="uint8" init_mode="PERMANENT" init_modes_allowed="4" init_range="min..max" global_assert="unsupported" assert_range="unsupported"/>
         </pointer>
         <scalar name="return" comment="" line="112" base_type="uint8" complete_type="uint8" init_mode="PERMANENT" init_modes_allowed="4" init_range="min..max" global_assert="unsupported" assert_range="unsupported"/>
      </function>
      <function name="Rte_Write_CurrMeasCorrln_CurrMeasCorrlnSts_Val" comment="" line="113" main_generator_called="disabled" attributes="extern">
         <scalar name="arg1" comment="" line="113" base_type="uint8" complete_type="uint8" init_mode="disabled" init_range="disabled" global_assert="unsupported" assert_range="unsupported"/>
         <scalar name="return" comment="" line="113" base_type="uint8" complete_type="uint8" init_mode="PERMANENT" init_modes_allowed="4" init_range="min..max" global_assert="unsupported" assert_range="unsupported"/>
      </function>
      <function name="Rte_Write_CurrMeasCorrln_CurrMeasIdptSig_Val" comment="" line="114" main_generator_called="disabled" attributes="extern">
         <scalar name="arg1" comment="" line="114" base_type="uint8" complete_type="uint8" init_mode="disabled" init_range="disabled" global_assert="unsupported" assert_range="unsupported"/>
         <scalar name="return" comment="" line="114" base_type="uint8" complete_type="uint8" init_mode="PERMANENT" init_modes_allowed="4" init_range="min..max" global_assert="unsupported" assert_range="unsupported"/>
      </function>
      <function name="Rte_Write_CurrMeasCorrln_CurrMotSumABC_Val" comment="" line="115" main_generator_called="disabled" attributes="extern">
         <scalar name="arg1" comment="" line="115" base_type="float32" complete_type="float32" init_mode="disabled" init_range="disabled" global_assert="unsupported" assert_range="unsupported"/>
         <scalar name="return" comment="" line="115" base_type="uint8" complete_type="uint8" init_mode="PERMANENT" init_modes_allowed="4" init_range="min..max" global_assert="unsupported" assert_range="unsupported"/>
      </function>
      <function name="Rte_Write_CurrMeasCorrln_CurrMotSumDEF_Val" comment="" line="116" main_generator_called="disabled" attributes="extern">
         <scalar name="arg1" comment="" line="116" base_type="float32" complete_type="float32" init_mode="disabled" init_range="disabled" global_assert="unsupported" assert_range="unsupported"/>
         <scalar name="return" comment="" line="116" base_type="uint8" complete_type="uint8" init_mode="PERMANENT" init_modes_allowed="4" init_range="min..max" global_assert="unsupported" assert_range="unsupported"/>
      </function>
   </file>
   <file name="C:\\Component\\TL103A_CplrSuprt\\include\\2013.5.5\\ansi\\math.h" comment="">
      <function name="fabsf" comment="" line="742" main_generator_called="disabled" attributes="extern">
         <scalar name="arg1" comment="" line="742" base_type="float32" complete_type="float32" init_mode="disabled" init_range="disabled" global_assert="unsupported" assert_range="unsupported"/>
         <scalar name="return" comment="" line="742" base_type="float32" complete_type="float32" init_mode="PERMANENT" init_modes_allowed="4" init_range="min..max" global_assert="unsupported" assert_range="unsupported"/>
      </function>
   </file>
</global>
