<?xml version="1.0" encoding="UTF-8"?>

<MISRA-C-Report version="1.3">


<CodeStruct Name="" File="C:\component\ES228A_HwTqArbn_Impl\src\HwTqArbn.c" Line="0" Column="0">

<Rule Name="19.1" Mode="advisory" Report="warning" Id="1">
<Loc File="C:\component\ES228A_HwTqArbn_Impl\src\HwTqArbn.c" Line="144" Column="0">
</Loc>
<Message>
#include statements in a file shall only be preceded by other preprocessor directives or comments.
</Message>
</Rule>

<Rule Name="19.1" Mode="advisory" Report="warning" Id="2">
<Loc File="C:\component\ES228A_HwTqArbn_Impl\src\HwTqArbn.c" Line="397" Column="0">
</Loc>
<Message>
#include statements in a file shall only be preceded by other preprocessor directives or comments.
</Message>
</Rule>

<Rule Name="19.1" Mode="advisory" Report="warning" Id="3">
<Loc File="C:\component\ES228A_HwTqArbn_Impl\src\HwTqArbn.c" Line="405" Column="0">
</Loc>
<Message>
#include statements in a file shall only be preceded by other preprocessor directives or comments.
</Message>
</Rule>

<Rule Name="19.1" Mode="advisory" Report="warning" Id="4">
<Loc File="C:\component\ES228A_HwTqArbn_Impl\src\HwTqArbn.c" Line="473" Column="0">
</Loc>
<Message>
#include statements in a file shall only be preceded by other preprocessor directives or comments.
</Message>
</Rule>

</CodeStruct>

<CodeStruct Name="HwTqArbnPer1" File="C:\component\ES228A_HwTqArbn_Impl\src\HwTqArbn.c" Line="185" Column="5">

<Rule Name="9.1" Mode="required" Report="warning" Id="5">
<Loc File="C:\component\ES228A_HwTqArbn_Impl\src\HwTqArbn.c" Line="265" Column="13">
</Loc>
<Message>
All automatic variables shall have been assigned a value before being used.
</Message>
</Rule>

<Rule Name="9.1" Mode="required" Report="warning" Id="6">
<Loc File="C:\component\ES228A_HwTqArbn_Impl\src\HwTqArbn.c" Line="287" Column="42">
</Loc>
<Message>
All automatic variables shall have been assigned a value before being used.
</Message>
</Rule>

<Rule Name="9.1" Mode="required" Report="warning" Id="7">
<Loc File="C:\component\ES228A_HwTqArbn_Impl\src\HwTqArbn.c" Line="288" Column="74">
</Loc>
<Message>
All automatic variables shall have been assigned a value before being used.
</Message>
</Rule>

<Rule Name="21.1" Mode="required" Report="warning" Id="8">
<Loc File="C:\component\ES228A_HwTqArbn_Impl\src\HwTqArbn.c" Line="290" Column="92">
</Loc>
<Message>
Minimisation of run-time failures.
</Message>
</Rule>

<Rule Name="9.1" Mode="required" Report="warning" Id="9">
<Loc File="C:\component\ES228A_HwTqArbn_Impl\src\HwTqArbn.c" Line="295" Column="42">
</Loc>
<Message>
All automatic variables shall have been assigned a value before being used.
</Message>
</Rule>

<Rule Name="9.1" Mode="required" Report="warning" Id="10">
<Loc File="C:\component\ES228A_HwTqArbn_Impl\src\HwTqArbn.c" Line="296" Column="74">
</Loc>
<Message>
All automatic variables shall have been assigned a value before being used.
</Message>
</Rule>

<Rule Name="9.1" Mode="required" Report="warning" Id="11">
<Loc File="C:\component\ES228A_HwTqArbn_Impl\src\HwTqArbn.c" Line="303" Column="42">
</Loc>
<Message>
All automatic variables shall have been assigned a value before being used.
</Message>
</Rule>

<Rule Name="9.1" Mode="required" Report="warning" Id="12">
<Loc File="C:\component\ES228A_HwTqArbn_Impl\src\HwTqArbn.c" Line="304" Column="74">
</Loc>
<Message>
All automatic variables shall have been assigned a value before being used.
</Message>
</Rule>

<Rule Name="9.1" Mode="required" Report="warning" Id="13">
<Loc File="C:\component\ES228A_HwTqArbn_Impl\src\HwTqArbn.c" Line="311" Column="42">
</Loc>
<Message>
All automatic variables shall have been assigned a value before being used.
</Message>
</Rule>

<Rule Name="9.1" Mode="required" Report="warning" Id="14">
<Loc File="C:\component\ES228A_HwTqArbn_Impl\src\HwTqArbn.c" Line="312" Column="74">
</Loc>
<Message>
All automatic variables shall have been assigned a value before being used.
</Message>
</Rule>

<Rule Name="21.1" Mode="required" Report="warning" Id="15">
<Loc File="C:\component\ES228A_HwTqArbn_Impl\src\HwTqArbn.c" Line="332" Column="8">
</Loc>
<Message>
Minimisation of run-time failures.
</Message>
</Rule>

<Rule Name="21.1" Mode="required" Report="warning" Id="16">
<Loc File="C:\component\ES228A_HwTqArbn_Impl\src\HwTqArbn.c" Line="333" Column="4">
</Loc>
<Message>
Minimisation of run-time failures.
</Message>
</Rule>

<Rule Name="9.1" Mode="required" Report="warning" Id="17">
<Loc File="C:\component\ES228A_HwTqArbn_Impl\src\HwTqArbn.c" Line="341" Column="42">
</Loc>
<Message>
All automatic variables shall have been assigned a value before being used.
</Message>
</Rule>

<Rule Name="9.1" Mode="required" Report="warning" Id="18">
<Loc File="C:\component\ES228A_HwTqArbn_Impl\src\HwTqArbn.c" Line="341" Column="65">
</Loc>
<Message>
All automatic variables shall have been assigned a value before being used.
</Message>
</Rule>

<Rule Name="9.1" Mode="required" Report="warning" Id="19">
<Loc File="C:\component\ES228A_HwTqArbn_Impl\src\HwTqArbn.c" Line="342" Column="42">
</Loc>
<Message>
All automatic variables shall have been assigned a value before being used.
</Message>
</Rule>

<Rule Name="9.1" Mode="required" Report="warning" Id="20">
<Loc File="C:\component\ES228A_HwTqArbn_Impl\src\HwTqArbn.c" Line="342" Column="65">
</Loc>
<Message>
All automatic variables shall have been assigned a value before being used.
</Message>
</Rule>

<Rule Name="9.1" Mode="required" Report="warning" Id="21">
<Loc File="C:\component\ES228A_HwTqArbn_Impl\src\HwTqArbn.c" Line="357" Column="42">
</Loc>
<Message>
All automatic variables shall have been assigned a value before being used.
</Message>
</Rule>

<Rule Name="9.1" Mode="required" Report="warning" Id="22">
<Loc File="C:\component\ES228A_HwTqArbn_Impl\src\HwTqArbn.c" Line="357" Column="65">
</Loc>
<Message>
All automatic variables shall have been assigned a value before being used.
</Message>
</Rule>

<Rule Name="9.1" Mode="required" Report="warning" Id="23">
<Loc File="C:\component\ES228A_HwTqArbn_Impl\src\HwTqArbn.c" Line="370" Column="42">
</Loc>
<Message>
All automatic variables shall have been assigned a value before being used.
</Message>
</Rule>

<Rule Name="9.1" Mode="required" Report="warning" Id="24">
<Loc File="C:\component\ES228A_HwTqArbn_Impl\src\HwTqArbn.c" Line="370" Column="65">
</Loc>
<Message>
All automatic variables shall have been assigned a value before being used.
</Message>
</Rule>

</CodeStruct>

<CodeStruct Name="SigAvlChkRev" File="C:\component\ES228A_HwTqArbn_Impl\src\HwTqArbn.c" Line="419" Column="15">

<Rule Name="21.1" Mode="required" Report="warning" Id="25">
<Loc File="C:\component\ES228A_HwTqArbn_Impl\src\HwTqArbn.c" Line="432" Column="39">
</Loc>
<Message>
Minimisation of run-time failures.
</Message>
</Rule>

<Rule Name="21.1" Mode="required" Report="warning" Id="26">
<Loc File="C:\component\ES228A_HwTqArbn_Impl\src\HwTqArbn.c" Line="434" Column="21">
</Loc>
<Message>
Minimisation of run-time failures.
</Message>
</Rule>

<Rule Name="21.1" Mode="required" Report="warning" Id="27">
<Loc File="C:\component\ES228A_HwTqArbn_Impl\src\HwTqArbn.c" Line="441" Column="17">
</Loc>
<Message>
Minimisation of run-time failures.
</Message>
</Rule>

</CodeStruct>

</MISRA-C-Report>
