<?xml version="1.0" encoding="UTF-8"?>

<MISRA-C-Report version="1.3">


<CodeStruct Name="" File="C:\Component\CF025A_GmFctDiArbn_Impl\src\GmFctDiArbn.c" Line="0" Column="0">

<Rule Name="19.1" Mode="advisory" Report="warning" Id="1">
<Loc File="C:\Component\CF025A_GmFctDiArbn_Impl\src\GmFctDiArbn.c" Line="154" Column="0">
</Loc>
<Message>
#include statements in a file shall only be preceded by other preprocessor directives or comments.
</Message>
</Rule>

<Rule Name="19.1" Mode="advisory" Report="warning" Id="2">
<Loc File="C:\Component\CF025A_GmFctDiArbn_Impl\src\GmFctDiArbn.c" Line="414" Column="0">
</Loc>
<Message>
#include statements in a file shall only be preceded by other preprocessor directives or comments.
</Message>
</Rule>

</CodeStruct>

<CodeStruct Name="ChkEotPosInRng" File="C:\Component\CF025A_GmFctDiArbn_Impl\src\GmFctDiArbn.c" Line="453" Column="23">

<Rule Name="21.1" Mode="required" Report="warning" Id="10">
<Loc File="C:\Component\CF025A_GmFctDiArbn_Impl\src\GmFctDiArbn.c" Line="482" Column="16">
</Loc>
<Message>
Minimisation of run-time failures.
</Message>
</Rule>

<Rule Name="21.1" Mode="required" Report="warning" Id="11">
<Loc File="C:\Component\CF025A_GmFctDiArbn_Impl\src\GmFctDiArbn.c" Line="482" Column="38">
</Loc>
<Message>
Minimisation of run-time failures.
</Message>
</Rule>

<Rule Name="21.1" Mode="required" Report="warning" Id="12">
<Loc File="C:\Component\CF025A_GmFctDiArbn_Impl\src\GmFctDiArbn.c" Line="484" Column="21">
</Loc>
<Message>
Minimisation of run-time failures.
</Message>
</Rule>

<Rule Name="21.1" Mode="required" Report="warning" Id="13">
<Loc File="C:\Component\CF025A_GmFctDiArbn_Impl\src\GmFctDiArbn.c" Line="484" Column="43">
</Loc>
<Message>
Minimisation of run-time failures.
</Message>
</Rule>

<Rule Name="21.1" Mode="required" Report="warning" Id="14">
<Loc File="C:\Component\CF025A_GmFctDiArbn_Impl\src\GmFctDiArbn.c" Line="492" Column="74">
</Loc>
<Message>
Minimisation of run-time failures.
</Message>
</Rule>

<Rule Name="9.1" Mode="required" Report="warning" Id="15">
<Loc File="C:\Component\CF025A_GmFctDiArbn_Impl\src\GmFctDiArbn.c" Line="493" Column="55">
</Loc>
<Message>
All automatic variables shall have been assigned a value before being used.
</Message>
</Rule>

<Rule Name="21.1" Mode="required" Report="warning" Id="16">
<Loc File="C:\Component\CF025A_GmFctDiArbn_Impl\src\GmFctDiArbn.c" Line="499" Column="16">
</Loc>
<Message>
Minimisation of run-time failures.
</Message>
</Rule>

<Rule Name="21.1" Mode="required" Report="warning" Id="17">
<Loc File="C:\Component\CF025A_GmFctDiArbn_Impl\src\GmFctDiArbn.c" Line="518" Column="16">
</Loc>
<Message>
Minimisation of run-time failures.
</Message>
</Rule>

<Rule Name="21.1" Mode="required" Report="warning" Id="18">
<Loc File="C:\Component\CF025A_GmFctDiArbn_Impl\src\GmFctDiArbn.c" Line="518" Column="38">
</Loc>
<Message>
Minimisation of run-time failures.
</Message>
</Rule>

<Rule Name="21.1" Mode="required" Report="warning" Id="19">
<Loc File="C:\Component\CF025A_GmFctDiArbn_Impl\src\GmFctDiArbn.c" Line="520" Column="21">
</Loc>
<Message>
Minimisation of run-time failures.
</Message>
</Rule>

<Rule Name="21.1" Mode="required" Report="warning" Id="20">
<Loc File="C:\Component\CF025A_GmFctDiArbn_Impl\src\GmFctDiArbn.c" Line="520" Column="43">
</Loc>
<Message>
Minimisation of run-time failures.
</Message>
</Rule>

<Rule Name="21.1" Mode="required" Report="warning" Id="21">
<Loc File="C:\Component\CF025A_GmFctDiArbn_Impl\src\GmFctDiArbn.c" Line="528" Column="74">
</Loc>
<Message>
Minimisation of run-time failures.
</Message>
</Rule>

<Rule Name="9.1" Mode="required" Report="warning" Id="22">
<Loc File="C:\Component\CF025A_GmFctDiArbn_Impl\src\GmFctDiArbn.c" Line="529" Column="55">
</Loc>
<Message>
All automatic variables shall have been assigned a value before being used.
</Message>
</Rule>

<Rule Name="21.1" Mode="required" Report="warning" Id="23">
<Loc File="C:\Component\CF025A_GmFctDiArbn_Impl\src\GmFctDiArbn.c" Line="535" Column="16">
</Loc>
<Message>
Minimisation of run-time failures.
</Message>
</Rule>

<Rule Name="21.1" Mode="required" Report="warning" Id="24">
<Loc File="C:\Component\CF025A_GmFctDiArbn_Impl\src\GmFctDiArbn.c" Line="543" Column="8">
</Loc>
<Message>
Minimisation of run-time failures.
</Message>
</Rule>

<Rule Name="21.1" Mode="required" Report="warning" Id="25">
<Loc File="C:\Component\CF025A_GmFctDiArbn_Impl\src\GmFctDiArbn.c" Line="543" Column="30">
</Loc>
<Message>
Minimisation of run-time failures.
</Message>
</Rule>

<Rule Name="21.1" Mode="required" Report="warning" Id="26">
<Loc File="C:\Component\CF025A_GmFctDiArbn_Impl\src\GmFctDiArbn.c" Line="544" Column="8">
</Loc>
<Message>
Minimisation of run-time failures.
</Message>
</Rule>

</CodeStruct>

<CodeStruct Name="GmFctDiReq_Oper" File="C:\Component\CF025A_GmFctDiArbn_Impl\src\GmFctDiArbn.c" Line="386" Column="5">

<Rule Name="21.1" Mode="required" Report="warning" Id="3">
<Loc File="C:\Component\CF025A_GmFctDiArbn_Impl\src\GmFctDiArbn.c" Line="399" Column="4">
</Loc>
<Message>
Minimisation of run-time failures.
</Message>
</Rule>

<Rule Name="21.1" Mode="required" Report="warning" Id="4">
<Loc File="C:\Component\CF025A_GmFctDiArbn_Impl\src\GmFctDiArbn.c" Line="399" Column="26">
</Loc>
<Message>
Minimisation of run-time failures.
</Message>
</Rule>

<Rule Name="21.1" Mode="required" Report="warning" Id="5">
<Loc File="C:\Component\CF025A_GmFctDiArbn_Impl\src\GmFctDiArbn.c" Line="400" Column="4">
</Loc>
<Message>
Minimisation of run-time failures.
</Message>
</Rule>

<Rule Name="21.1" Mode="required" Report="warning" Id="6">
<Loc File="C:\Component\CF025A_GmFctDiArbn_Impl\src\GmFctDiArbn.c" Line="401" Column="4">
</Loc>
<Message>
Minimisation of run-time failures.
</Message>
</Rule>

<Rule Name="21.1" Mode="required" Report="warning" Id="7">
<Loc File="C:\Component\CF025A_GmFctDiArbn_Impl\src\GmFctDiArbn.c" Line="402" Column="4">
</Loc>
<Message>
Minimisation of run-time failures.
</Message>
</Rule>

<Rule Name="21.1" Mode="required" Report="warning" Id="8">
<Loc File="C:\Component\CF025A_GmFctDiArbn_Impl\src\GmFctDiArbn.c" Line="403" Column="4">
</Loc>
<Message>
Minimisation of run-time failures.
</Message>
</Rule>

<Rule Name="9.1" Mode="required" Report="warning" Id="9">
<Loc File="C:\Component\CF025A_GmFctDiArbn_Impl\src\GmFctDiArbn.c" Line="406" Column="67">
</Loc>
<Message>
All automatic variables shall have been assigned a value before being used.
</Message>
</Rule>

</CodeStruct>

<CodeStruct Name="GetElpdTi" File="C:\Component\CF025A_GmFctDiArbn_Impl\src\GmFctDiArbn.c" Line="427" Column="15">

<Rule Name="9.1" Mode="required" Report="warning" Id="27">
<Loc File="C:\Component\CF025A_GmFctDiArbn_Impl\src\GmFctDiArbn.c" Line="436" Column="47">
</Loc>
<Message>
All automatic variables shall have been assigned a value before being used.
</Message>
</Rule>

</CodeStruct>

<CodeStruct Name="GmFctDiArbnPer1" File="C:\Component\CF025A_GmFctDiArbn_Impl\src\GmFctDiArbn.c" Line="233" Column="5">

<Rule Name="9.1" Mode="required" Report="warning" Id="28">
<Loc File="C:\Component\CF025A_GmFctDiArbn_Impl\src\GmFctDiArbn.c" Line="279" Column="8">
</Loc>
<Message>
All automatic variables shall have been assigned a value before being used.
</Message>
</Rule>

<Rule Name="9.1" Mode="required" Report="warning" Id="29">
<Loc File="C:\Component\CF025A_GmFctDiArbn_Impl\src\GmFctDiArbn.c" Line="297" Column="68">
</Loc>
<Message>
All automatic variables shall have been assigned a value before being used.
</Message>
</Rule>

<Rule Name="9.1" Mode="required" Report="warning" Id="30">
<Loc File="C:\Component\CF025A_GmFctDiArbn_Impl\src\GmFctDiArbn.c" Line="297" Column="86">
</Loc>
<Message>
All automatic variables shall have been assigned a value before being used.
</Message>
</Rule>

<Rule Name="9.1" Mode="required" Report="warning" Id="31">
<Loc File="C:\Component\CF025A_GmFctDiArbn_Impl\src\GmFctDiArbn.c" Line="297" Column="109">
</Loc>
<Message>
All automatic variables shall have been assigned a value before being used.
</Message>
</Rule>

<Rule Name="9.1" Mode="required" Report="warning" Id="32">
<Loc File="C:\Component\CF025A_GmFctDiArbn_Impl\src\GmFctDiArbn.c" Line="300" Column="74">
</Loc>
<Message>
All automatic variables shall have been assigned a value before being used.
</Message>
</Rule>

<Rule Name="21.1" Mode="required" Report="warning" Id="33">
<Loc File="C:\Component\CF025A_GmFctDiArbn_Impl\src\GmFctDiArbn.c" Line="303" Column="82">
</Loc>
<Message>
Minimisation of run-time failures.
</Message>
</Rule>

<Rule Name="21.1" Mode="required" Report="warning" Id="34">
<Loc File="C:\Component\CF025A_GmFctDiArbn_Impl\src\GmFctDiArbn.c" Line="310" Column="12">
</Loc>
<Message>
Minimisation of run-time failures.
</Message>
</Rule>

<Rule Name="21.1" Mode="required" Report="warning" Id="35">
<Loc File="C:\Component\CF025A_GmFctDiArbn_Impl\src\GmFctDiArbn.c" Line="311" Column="12">
</Loc>
<Message>
Minimisation of run-time failures.
</Message>
</Rule>

<Rule Name="21.1" Mode="required" Report="warning" Id="36">
<Loc File="C:\Component\CF025A_GmFctDiArbn_Impl\src\GmFctDiArbn.c" Line="314" Column="19">
</Loc>
<Message>
Minimisation of run-time failures.
</Message>
</Rule>

<Rule Name="21.1" Mode="required" Report="warning" Id="37">
<Loc File="C:\Component\CF025A_GmFctDiArbn_Impl\src\GmFctDiArbn.c" Line="317" Column="12">
</Loc>
<Message>
Minimisation of run-time failures.
</Message>
</Rule>

<Rule Name="9.1" Mode="required" Report="warning" Id="38">
<Loc File="C:\Component\CF025A_GmFctDiArbn_Impl\src\GmFctDiArbn.c" Line="333" Column="32">
</Loc>
<Message>
All automatic variables shall have been assigned a value before being used.
</Message>
</Rule>

<Rule Name="9.1" Mode="required" Report="warning" Id="39">
<Loc File="C:\Component\CF025A_GmFctDiArbn_Impl\src\GmFctDiArbn.c" Line="334" Column="32">
</Loc>
<Message>
All automatic variables shall have been assigned a value before being used.
</Message>
</Rule>

<Rule Name="9.1" Mode="required" Report="warning" Id="40">
<Loc File="C:\Component\CF025A_GmFctDiArbn_Impl\src\GmFctDiArbn.c" Line="335" Column="32">
</Loc>
<Message>
All automatic variables shall have been assigned a value before being used.
</Message>
</Rule>

</CodeStruct>

<CodeStruct Name="ChkHwTqZeroAndHwAgZero" File="C:\Component\CF025A_GmFctDiArbn_Impl\src\GmFctDiArbn.c" Line="558" Column="15">

<Rule Name="21.1" Mode="required" Report="warning" Id="41">
<Loc File="C:\Component\CF025A_GmFctDiArbn_Impl\src\GmFctDiArbn.c" Line="566" Column="10">
</Loc>
<Message>
Minimisation of run-time failures.
</Message>
</Rule>

<Rule Name="21.1" Mode="required" Report="warning" Id="42">
<Loc File="C:\Component\CF025A_GmFctDiArbn_Impl\src\GmFctDiArbn.c" Line="566" Column="61">
</Loc>
<Message>
Minimisation of run-time failures.
</Message>
</Rule>

<Rule Name="12.4" Mode="required" Report="warning" Id="43">
<Loc File="C:\Component\CF025A_GmFctDiArbn_Impl\src\GmFctDiArbn.c" Line="570" Column="49">
</Loc>
<Message>
The right hand operand of a logical &amp;&amp; or || operator shall not contain side effects.
</Message>
</Rule>

<Rule Name="21.1" Mode="required" Report="warning" Id="44">
<Loc File="C:\Component\CF025A_GmFctDiArbn_Impl\src\GmFctDiArbn.c" Line="578" Column="12">
</Loc>
<Message>
Minimisation of run-time failures.
</Message>
</Rule>

<Rule Name="21.1" Mode="required" Report="warning" Id="45">
<Loc File="C:\Component\CF025A_GmFctDiArbn_Impl\src\GmFctDiArbn.c" Line="580" Column="17">
</Loc>
<Message>
Minimisation of run-time failures.
</Message>
</Rule>

<Rule Name="21.1" Mode="required" Report="warning" Id="46">
<Loc File="C:\Component\CF025A_GmFctDiArbn_Impl\src\GmFctDiArbn.c" Line="588" Column="70">
</Loc>
<Message>
Minimisation of run-time failures.
</Message>
</Rule>

<Rule Name="9.1" Mode="required" Report="warning" Id="47">
<Loc File="C:\Component\CF025A_GmFctDiArbn_Impl\src\GmFctDiArbn.c" Line="589" Column="51">
</Loc>
<Message>
All automatic variables shall have been assigned a value before being used.
</Message>
</Rule>

</CodeStruct>

</MISRA-C-Report>
