<?xml version="1.0" encoding="UTF-8"?>
<Navig version="1.0">
<Files>
<F id="1" n="C:\Program Files\MATLAB\R2013b\polyspace\verifier\cxx\cinclude\stdarg.h"/>
<F id="2" n="C:\Component\AR201A_ArCplrSuprt_Impl\include\ASR4.0.3\Platform_Types.h"/>
<F id="3" n="C:\Component\AR200A_ArSuprt_Impl\include\ASR4.0.3\Std_Types.h"/>
<F id="4" n="C:\Component\DF002A_Swp_Impl\tools\contract\Rte_Swp.h"/>
<F id="5" n="C:\Component\TL103A_CplrSuprt\include\2013.5.5\ansi\math.h"/>
<F id="6" n="C:\Component\DF002A_Swp_Impl\src\Swp.c"/>
<F id="7" n="C:\Component\AR100A_NxtrMath_Impl\include\NxtrMath.h"/>
<F id="8" n="C-STUBS\__polyspace__stdstubs.c"/>
<F id="9" n="C:\Component\DF002A_Swp_Impl\doc\Polyspace_Results\CodeProver\C-ALL\C-STUBS\pst_stub_types.h"/>
<F id="10" n="C-STUBS\pst_stubs_0.c"/>
<F id="11" n="C-STUBS\__polyspace_main.c"/>
<F id="12" n="C:\Program Files\MATLAB\R2013b\polyspace\verifier\cxx\cinclude\__polyspace__std_decls.h"/>
<F id="13" n="C:\Program Files\MATLAB\R2013b\polyspace\verifier\cxx\cinclude\assert.h"/>
<F id="14" n="C:\Program Files\MATLAB\R2013b\polyspace\verifier\cxx\cinclude\__polyspace__libc_defs.h"/>
<F id="15" n="C:\Component\DF002A_Swp_Impl\tools\contract\Rte_Swp_Type.h"/>
<F id="16" n="C:\Component\DF002A_Swp_Impl\tools\contract\Rte_Type.h"/>
<F id="17" n="C:\Component\DF002A_Swp_Impl\tools\contract\Rte.h"/>
<F id="18" n="C:\Component\AR201A_ArCplrSuprt_Impl\include\ASR4.0.3\Compiler.h"/>
<F id="19" n="C:\Component\AR201A_ArCplrSuprt_Impl\tools\contract\Compiler_Cfg.h"/>
<F id="20" n="C:\Component\DF002A_Swp_Impl\tools\contract\Rte_DataHandleType.h"/>
<F id="21" n="C:\Component\AR200A_ArSuprt_Impl\tools\contract\MemMap.h"/>
<F id="22" n="C:\Component\DF002A_Swp_Impl\tools\contract\Swp_MemMap.h"/>
<F id="23" n="C:\Component\DF002A_Swp_Impl\include\Swp.h"/>
<F id="24" n="C:\Component\AR999A_ArchGlbPrm_Impl\include\ArchGlbPrm.h"/>
<F id="25" n="C:\Component\SF999A_SysGlbPrm_Impl\include\SysGlbPrm.h"/>
</Files>
<Definitions>
<D id="1" f="10" l="200" c="13" n="Rte_Call_Swp_GetRefTmr100MicroSec32bit_Oper" t="2" d="1"/>
<D id="2" f="10" l="121" c="30" n="real_random_for_return" t="4" d="1"/>
<D id="3" f="10" l="122" c="21" n="random_for_return" t="4" d="1"/>
<D id="4" f="10" l="150" c="21" n="random_for_return" t="4" d="1"/>
<D id="5" f="10" l="104" c="13" n="Rte_Read_Swp_VehSpd_Val" t="2" d="1"/>
<D id="6" f="10" l="200" c="70" n="P_0" t="4" d="1"/>
<D id="7" f="10" l="170" c="21" n="random_for_return" t="4" d="1"/>
<D id="8" f="10" l="132" c="13" n="Rte_Read_Swp_VehSpdVld_Logl" t="2" d="1"/>
<D id="9" f="10" l="104" c="50" n="P_0" t="4" d="1"/>
<D id="10" f="10" l="190" c="21" n="random_for_return" t="4" d="1"/>
<D id="11" f="10" l="217" c="30" n="real_random_for_return" t="4" d="1"/>
<D id="12" f="10" l="162" c="13" n="Rte_Write_Swp_HwTqSwp_Val" t="2" d="1"/>
<D id="13" f="10" l="218" c="21" n="random_for_return" t="4" d="1"/>
<D id="14" f="10" l="260" c="15" n="cosf" t="2" d="1"/>
<D id="15" f="10" l="182" c="13" n="Rte_Write_Swp_MotTqCmdSwp_Val" t="2" d="1"/>
<D id="16" f="10" l="247" c="30" n="real_random_for_return" t="4" d="1"/>
<D id="17" f="7" l="533" c="104" n="RngLo" t="4" d="1"/>
<D id="18" f="7" l="534" c="104" n="RngHi" t="4" d="1"/>
<D id="19" f="10" l="228" c="13" n="Rte_Call_Swp_GetTiSpan100MicroSec32bit_Oper" t="2" d="1"/>
<D id="20" f="10" l="280" c="15" n="sinf" t="2" d="1"/>
<D id="21" f="10" l="248" c="21" n="random_for_return" t="4" d="1"/>
<D id="22" f="10" l="149" c="30" n="real_random_for_return" t="4" d="1"/>
<D id="23" f="10" l="132" c="54" n="P_0" t="4" d="1"/>
<D id="24" f="10" l="260" c="35" n="P_0" t="4" d="1"/>
<D id="25" f="10" l="169" c="30" n="real_random_for_return" t="4" d="1"/>
<D id="26" f="7" l="609" c="104" n="Denom" t="4" d="1"/>
<D id="27" f="10" l="280" c="35" n="P_0" t="4" d="1"/>
<D id="28" f="10" l="162" c="54" n="P_0" t="4" d="1"/>
<D id="29" f="10" l="267" c="32" n="real_random_for_return" t="4" d="1"/>
<D id="30" f="10" l="189" c="30" n="real_random_for_return" t="4" d="1"/>
<D id="31" f="7" l="548" c="104" n="Denom" t="4" d="1"/>
<D id="32" f="10" l="228" c="89" n="P_1" t="4" d="1"/>
<D id="33" f="10" l="268" c="23" n="random_for_return" t="4" d="1"/>
<D id="34" f="10" l="228" c="71" n="P_0" t="4" d="1"/>
<D id="35" f="10" l="287" c="32" n="real_random_for_return" t="4" d="1"/>
<D id="36" f="10" l="288" c="23" n="random_for_return" t="4" d="1"/>
<D id="37" f="10" l="182" c="58" n="P_0" t="4" d="1"/>
<D id="38" f="8" l="6975" c="14" n="_polyspace_compare_function_type" t="7" d="1"/>
<D id="39" f="8" l="11435" c="21" n="HUGE_VAL" t="1" d="1"/>
<D id="40" f="8" l="11417" c="12" n="_polyspace_random_long_double" t="2" d="1"/>
<D id="41" f="8" l="11436" c="21" n="HUGE_VALF" t="1" d="1"/>
<D id="42" f="8" l="11437" c="21" n="HUGE_VALL" t="1" d="1"/>
<D id="43" f="8" l="11419" c="23" n="random" t="4" d="1"/>
<D id="44" f="8" l="12279" c="16" n="__polyspace_absolute_address" t="1" d="1"/>
<D id="45" f="9" l="3" c="20" n="__PST__SINT8" t="7" d="1"/>
<D id="46" f="9" l="5" c="19" n="__PST__SINT32" t="7" d="1"/>
<D id="47" f="9" l="1" c="13" n="__PST__CHAR" t="7" d="1"/>
<D id="48" f="9" l="4" c="21" n="__PST__SINT16" t="7" d="1"/>
<D id="49" f="9" l="2" c="13" n="__PST__VOID" t="7" d="1"/>
<D id="50" f="9" l="7" c="22" n="__PST__UINT8" t="7" d="1"/>
<D id="51" f="9" l="9" c="21" n="__PST__UINT32" t="7" d="1"/>
<D id="52" f="9" l="8" c="23" n="__PST__UINT16" t="7" d="1"/>
<D id="53" f="9" l="6" c="25" n="__PST__SINT64" t="7" d="1"/>
<D id="54" f="4" l="51" c="8" n="_dummy" t="9" d="1"/>
<D id="55" f="4" l="48" c="7" n="Rte_CDS_Swp" t="6" d="1"/>
<D id="56" f="6" l="99" c="5" n="SwpInit1" t="2" d="1"/>
<D id="57" f="9" l="20" c="20" n="__PST__g__22" t="7" d="1"/>
<D id="58" f="9" l="12" c="21" n="__PST__g__11" t="7" d="1"/>
<D id="59" f="3" l="141" c="2" n="Std_VersionInfoType" t="7" d="1"/>
<D id="60" f="9" l="14" c="20" n="__PST__g__15" t="7" d="1"/>
<D id="61" f="9" l="22" c="21" n="__PST__g__23" t="7" d="1"/>
<D id="62" f="9" l="50" c="30" n="__PST__g__57" t="7" d="1"/>
<D id="63" f="9" l="32" c="30" n="__PST__g__34" t="7" d="1"/>
<D id="64" f="9" l="31" c="31" n="__PST__g__33" t="7" d="1"/>
<D id="65" f="9" l="40" c="22" n="__PST__g__42" t="7" d="1"/>
<D id="66" f="9" l="51" c="21" n="__PST__g__58" t="7" d="1"/>
<D id="67" f="9" l="11" c="14" n="__PST__FLOAT32" t="7" d="1"/>
<D id="68" f="9" l="24" c="21" n="__PST__g__25" t="7" d="1"/>
<D id="69" f="9" l="30" c="23" n="__PST__g__32" t="7" d="1"/>
<D id="70" f="9" l="41" c="22" n="__PST__g__43" t="7" d="1"/>
<D id="71" f="9" l="23" c="22" n="__PST__g__26" t="7" d="1"/>
<D id="72" f="9" l="25" c="21" n="__PST__g__27" t="7" d="1"/>
<D id="73" f="9" l="42" c="22" n="__PST__g__44" t="7" d="1"/>
<D id="74" f="9" l="33" c="22" n="__PST__g__35" t="7" d="1"/>
<D id="75" f="9" l="35" c="21" n="__PST__g__37" t="7" d="1"/>
<D id="76" f="9" l="52" c="22" n="__PST__g__59" t="7" d="1"/>
<D id="77" f="9" l="21" c="24" n="__PST__g__24" t="7" d="1"/>
<D id="78" f="9" l="43" c="22" n="__PST__g__45" t="7" d="1"/>
<D id="79" f="11" l="42" c="5" n="main" t="2" d="1"/>
<D id="80" f="9" l="36" c="21" n="__PST__g__38" t="7" d="1"/>
<D id="81" f="9" l="16" c="22" n="__PST__g__18" t="7" d="1"/>
<D id="82" f="9" l="27" c="21" n="__PST__g__28" t="7" d="1"/>
<D id="83" f="9" l="53" c="22" n="__PST__g__60" t="7" d="1"/>
<D id="84" f="9" l="44" c="22" n="__PST__g__46" t="7" d="1"/>
<D id="85" f="9" l="13" c="15" n="__PST__FLOAT64" t="7" d="1"/>
<D id="86" f="9" l="15" c="23" n="__PST__g__16" t="7" d="1"/>
<D id="87" f="9" l="54" c="31" n="__PST__g__61" t="7" d="1"/>
<D id="88" f="9" l="19" c="30" n="__PST__g__20" t="7" d="1"/>
<D id="89" f="9" l="28" c="21" n="__PST__g__30" t="7" d="1"/>
<D id="90" f="9" l="34" c="32" n="__PST__g__36" t="7" d="1"/>
<D id="91" f="9" l="45" c="22" n="__PST__g__47" t="7" d="1"/>
<D id="92" f="1" l="45" c="14" n="__va_list" t="7" d="1"/>
<D id="93" f="9" l="18" c="22" n="__PST__g__21" t="7" d="1"/>
<D id="94" f="9" l="46" c="22" n="__PST__g__48" t="7" d="1"/>
<D id="95" f="9" l="17" c="32" n="__PST__g__19" t="7" d="1"/>
<D id="96" f="9" l="26" c="23" n="__PST__g__29" t="7" d="1"/>
<D id="97" f="9" l="37" c="22" n="__PST__g__39" t="7" d="1"/>
<D id="98" f="9" l="10" c="27" n="__PST__UINT64" t="7" d="1"/>
<D id="99" f="9" l="47" c="22" n="__PST__g__49" t="7" d="1"/>
<D id="100" f="9" l="38" c="22" n="__PST__g__40" t="7" d="1"/>
<D id="101" f="9" l="49" c="21" n="__PST__g__56" t="7" d="1"/>
<D id="102" f="4" l="62" c="34" n="Rte_Instance" t="7" d="1"/>
<D id="103" f="9" l="48" c="31" n="__PST__g__50" t="7" d="1"/>
<D id="104" f="1" l="50" c="18" n="__gnuc_va_list" t="7" d="1"/>
<D id="105" f="5" l="51" c="17" n="double_t" t="7" d="1"/>
<D id="106" f="9" l="39" c="22" n="__PST__g__41" t="7" d="1"/>
<D id="107" f="5" l="52" c="17" n="float_t" t="7" d="1"/>
<D id="108" f="5" l="731" c="6" n="expf" t="2" d="0"/>
<D id="109" f="9" l="29" c="23" n="__PST__g__31" t="7" d="1"/>
<D id="110" f="8" l="526" c="4" n="errno" t="1" d="1"/>
<D id="111" f="5" l="741" c="6" n="sqrtf" t="2" d="0"/>
<D id="112" f="6" l="155" c="5" n="SwpPer1" t="2" d="1"/>
<D id="113" f="6" l="444" c="5" n="SwpPer2" t="2" d="1"/>
<D id="114" f="5" l="742" c="6" n="fabsf" t="2" d="0"/>
<D id="115" f="6" l="75" c="34" n="SwpSinTq_M" t="3" d="1"/>
<D id="116" f="5" l="724" c="6" n="atan2f" t="2" d="0"/>
<D id="117" f="6" l="74" c="26" n="SwpCfg_M" t="3" d="1"/>
<D id="118" f="6" l="76" c="26" n="SwpModEna_M" t="3" d="1"/>
<D id="119" f="1" l="49" c="18" n="va_list" t="7" d="1"/>
<D id="120" f="5" l="748" c="6" n="fmodf" t="2" d="0"/>
<D id="121" f="3" l="140" c="10" n="sw_patch_version" t="9" d="1"/>
<D id="122" f="2" l="110" c="31" n="sint8" t="7" d="1"/>
<D id="123" f="2" l="120" c="31" n="uint16_least" t="7" d="1"/>
<D id="124" f="2" l="111" c="31" n="uint8" t="7" d="1"/>
<D id="125" f="10" l="25" c="20" n="pst_random_int" t="3" d="1"/>
<D id="126" f="2" l="121" c="31" n="sint32_least" t="7" d="1"/>
<D id="127" f="11" l="25" c="20" n="pst_random_int" t="3" d="1"/>
<D id="128" f="2" l="112" c="31" n="sint16" t="7" d="1"/>
<D id="129" f="2" l="131" c="31" n="float32" t="7" d="1"/>
<D id="130" f="2" l="122" c="31" n="uint32_least" t="7" d="1"/>
<D id="131" f="6" l="201" c="50" n="SwpFrqIdx_F" t="4" d="1"/>
<D id="132" f="8" l="150" c="21" n="size_t" t="7" d="1"/>
<D id="133" f="2" l="113" c="31" n="uint16" t="7" d="1"/>
<D id="134" f="3" l="136" c="10" n="vendorID" t="9" d="1"/>
<D id="135" f="2" l="132" c="31" n="float64" t="7" d="1"/>
<D id="136" f="6" l="200" c="42" n="SwpCosTq_F" t="4" d="1"/>
<D id="137" f="7" l="330" c="31" n="Inp1" t="4" d="1"/>
<D id="138" f="2" l="114" c="31" n="sint32" t="7" d="1"/>
<D id="139" f="7" l="205" c="39" n="Inp" t="4" d="1"/>
<D id="140" f="10" l="28" c="29" n="pst_random_g_6" t="3" d="1"/>
<D id="141" f="3" l="137" c="10" n="moduleID" t="9" d="1"/>
<D id="142" f="7" l="421" c="31" n="Inp1" t="4" d="1"/>
<D id="143" f="6" l="203" c="50" n="SwpDwellStrtTi_F" t="4" d="1"/>
<D id="144" f="2" l="115" c="31" n="uint32" t="7" d="1"/>
<D id="145" f="8" l="152" c="12" n="ptrdiff_t" t="7" d="1"/>
<D id="146" f="3" l="138" c="10" n="sw_major_version" t="9" d="1"/>
<D id="147" f="7" l="304" c="31" n="Inp1" t="4" d="1"/>
<D id="148" f="6" l="202" c="42" n="SwpLstStSinArg_F" t="4" d="1"/>
<D id="149" f="7" l="462" c="29" n="Inp" t="4" d="1"/>
<D id="150" f="3" l="132" c="14" n="Std_ReturnType" t="7" d="1"/>
<D id="151" f="6" l="204" c="50" n="SwpTranStrtTi_F" t="4" d="1"/>
<D id="152" f="10" l="65" c="30" n="real_random_for_return" t="4" d="1"/>
<D id="153" f="3" l="125" c="22" n="StatusType" t="7" d="1"/>
<D id="154" f="3" l="139" c="10" n="sw_minor_version" t="9" d="1"/>
<D id="155" f="10" l="27" c="31" n="pst_random_g_10" t="3" d="1"/>
<D id="156" f="10" l="93" c="30" n="real_random_for_return" t="4" d="1"/>
<D id="157" f="7" l="504" c="31" n="Inp" t="4" d="1"/>
<D id="158" f="10" l="29" c="30" n="pst_random_g_8" t="3" d="1"/>
<D id="159" f="2" l="117" c="31" n="sint8_least" t="7" d="1"/>
<D id="160" f="2" l="108" c="31" n="boolean" t="7" d="1"/>
<D id="161" f="10" l="66" c="21" n="random_for_return" t="4" d="1"/>
<D id="162" f="7" l="265" c="29" n="Inp1" t="4" d="1"/>
<D id="163" f="10" l="94" c="21" n="random_for_return" t="4" d="1"/>
<D id="164" f="8" l="155" c="21" n="wchar_t" t="7" d="1"/>
<D id="165" f="8" l="560" c="13" n="_polyspace_random_int" t="5" d="1"/>
<D id="166" f="2" l="118" c="31" n="uint8_least" t="7" d="1"/>
<D id="167" f="7" l="356" c="29" n="Inp1" t="4" d="1"/>
<D id="168" f="7" l="241" c="15" n="Sign_s08_s32" t="2" d="1"/>
<D id="169" f="2" l="119" c="31" n="sint16_least" t="7" d="1"/>
<D id="170" f="7" l="330" c="16" n="Min_u32" t="2" d="1"/>
<D id="171" f="7" l="291" c="31" n="Inp1" t="4" d="1"/>
<D id="172" f="7" l="317" c="31" n="Inp1" t="4" d="1"/>
<D id="173" f="7" l="490" c="31" n="Inp" t="4" d="1"/>
<D id="174" f="6" l="170" c="15" n="SwpTranStrtTi_Cnt_T_u32" t="4" d="1"/>
<D id="175" f="10" l="48" c="13" n="Rte_Read_Swp_HwTq_Val" t="2" d="1"/>
<D id="176" f="8" l="3630" c="4" n="__polyspace_nb_varargs" t="1" d="1"/>
<D id="177" f="7" l="421" c="16" n="Max_u32" t="2" d="1"/>
<D id="178" f="7" l="382" c="31" n="Inp1" t="4" d="1"/>
<D id="179" f="10" l="76" c="13" n="Rte_Read_Swp_MotTqCmd_Val" t="2" d="1"/>
<D id="180" f="7" l="408" c="31" n="Inp1" t="4" d="1"/>
<D id="181" f="7" l="448" c="29" n="Inp" t="4" d="1"/>
<D id="182" f="7" l="532" c="33" n="Inp" t="4" d="1"/>
<D id="183" f="6" l="171" c="15" n="SwpDwellStrtTi_Cnt_T_u32" t="4" d="1"/>
<D id="184" f="8" l="552" c="23" n="_polyspace_random_uchar" t="5" d="1"/>
<D id="185" f="7" l="304" c="16" n="Min_u16" t="2" d="1"/>
<D id="186" f="7" l="560" c="33" n="Inp" t="4" d="1"/>
<D id="187" f="7" l="343" c="33" n="Inp1" t="4" d="1"/>
<D id="188" f="7" l="152" c="34" n="Inp1" t="4" d="1"/>
<D id="189" f="7" l="278" c="29" n="Inp1" t="4" d="1"/>
<D id="190" f="7" l="253" c="15" n="Sign_s08_f32" t="2" d="1"/>
<D id="191" f="7" l="241" c="35" n="Inp" t="4" d="1"/>
<D id="192" f="7" l="518" c="31" n="Inp" t="4" d="1"/>
<D id="193" f="7" l="434" c="33" n="Inp1" t="4" d="1"/>
<D id="194" f="6" l="180" c="16" n="OutputHwTrq_HwNwtMtr_T_f32" t="4" d="1"/>
<D id="195" f="7" l="504" c="16" n="Lim_s32" t="2" d="1"/>
<D id="196" f="8" l="544" c="14" n="_polyspace_random_char" t="5" d="1"/>
<D id="197" f="6" l="190" c="34" n="SwpVehSpdChkEna_F" t="4" d="1"/>
<D id="198" f="7" l="369" c="29" n="Inp1" t="4" d="1"/>
<D id="199" f="7" l="217" c="15" n="Sign_s08_s08" t="2" d="1"/>
<D id="200" f="10" l="23" c="28" n="pst_random_char" t="3" d="1"/>
<D id="201" f="7" l="462" c="15" n="Lim_u08" t="2" d="1"/>
<D id="202" f="7" l="205" c="17" n="Abslt_f32_f32" t="2" d="1"/>
<D id="203" f="6" l="452" c="34" n="SwpGain_F" t="4" d="1"/>
<D id="204" f="6" l="181" c="16" n="TimeScale_Uls_T_f32" t="4" d="1"/>
<D id="205" f="11" l="23" c="28" n="pst_random_char" t="3" d="1"/>
<D id="206" f="8" l="562" c="24" n="random" t="4" d="1"/>
<D id="207" f="7" l="152" c="17" n="Blnd_f32" t="2" d="1"/>
<D id="208" f="6" l="191" c="34" n="SwpTranTi_F" t="4" d="1"/>
<D id="209" f="6" l="163" c="16" n="VehSpdVld_Cnt_T_logl" t="4" d="1"/>
<D id="210" f="8" l="570" c="25" n="random" t="4" d="1"/>
<D id="211" f="7" l="217" c="34" n="Inp" t="4" d="1"/>
<D id="212" f="7" l="572" c="33" n="Inp" t="4" d="1"/>
<D id="213" f="7" l="395" c="31" n="Inp1" t="4" d="1"/>
<D id="214" f="7" l="476" c="31" n="Inp" t="4" d="1"/>
<D id="215" f="6" l="182" c="16" n="SwpSinTq_HwNwtMtr_T_f32" t="4" d="1"/>
<D id="216" f="7" l="532" c="17" n="Lim_f32" t="2" d="1"/>
<D id="217" f="6" l="173" c="16" n="SinArg_Uls_T_f32" t="4" d="1"/>
<D id="218" f="10" l="76" c="52" n="P_0" t="4" d="1"/>
<D id="219" f="6" l="192" c="34" n="SwpFrqList_F" t="4" d="1"/>
<D id="220" f="6" l="164" c="16" n="GenHwTq_Cnt_T_logl" t="4" d="1"/>
<D id="221" f="7" l="265" c="15" n="Min_s08" t="2" d="1"/>
<D id="222" f="7" l="291" c="16" n="Min_s16" t="2" d="1"/>
<D id="223" f="7" l="560" c="17" n="Sin_f32" t="2" d="1"/>
<D id="224" f="7" l="317" c="16" n="Min_s32" t="2" d="1"/>
<D id="225" f="7" l="343" c="17" n="Min_f32" t="2" d="1"/>
<D id="226" f="7" l="490" c="16" n="Lim_u16" t="2" d="1"/>
<D id="227" f="7" l="608" c="33" n="Numer" t="4" d="1"/>
<D id="228" f="6" l="166" c="15" n="SwpSwtSt_Uls_T_u16" t="4" d="1"/>
<D id="229" f="7" l="166" c="15" n="Abslt_u08_s08" t="2" d="1"/>
<D id="230" f="7" l="192" c="16" n="Abslt_u32_s32" t="2" d="1"/>
<D id="231" f="6" l="183" c="16" n="SwpCosTq_HwNwtMtr_T_f32" t="4" d="1"/>
<D id="232" f="6" l="174" c="16" n="SinArgRad_Rad_T_f32" t="4" d="1"/>
<D id="233" f="7" l="229" c="15" n="Sign_s08_s16" t="2" d="1"/>
<D id="234" f="7" l="356" c="15" n="Max_s08" t="2" d="1"/>
<D id="235" f="7" l="382" c="16" n="Max_s16" t="2" d="1"/>
<D id="236" f="6" l="193" c="34" n="SwpDwellTi_F" t="4" d="1"/>
<D id="237" f="6" l="454" c="16" n="MotTqCmd_MotNwtMtr_T_f32" t="4" d="1"/>
<D id="238" f="7" l="408" c="16" n="Max_s32" t="2" d="1"/>
<D id="239" f="7" l="434" c="17" n="Max_f32" t="2" d="1"/>
<D id="240" f="6" l="167" c="15" n="StateTime_MilliSec_T_u16p0" t="4" d="1"/>
<D id="241" f="8" l="554" c="34" n="random" t="4" d="1"/>
<D id="242" f="6" l="184" c="16" n="ElapsedTime_MilliSec_T_f32" t="4" d="1"/>
<D id="243" f="7" l="253" c="36" n="Inp" t="4" d="1"/>
<D id="244" f="6" l="175" c="16" n="FreqSpan_Hz_T_f32" t="4" d="1"/>
<D id="245" f="6" l="194" c="34" n="SwpOffs_F" t="4" d="1"/>
<D id="246" f="8" l="576" c="23" n="_polyspace_random_ulong" t="5" d="1"/>
<D id="247" f="7" l="584" c="33" n="Inp" t="4" d="1"/>
<D id="248" f="6" l="198" c="50" n="SwpSwtSt_F" t="4" d="1"/>
<D id="249" f="7" l="518" c="16" n="Lim_u32" t="2" d="1"/>
<D id="250" f="7" l="448" c="15" n="Lim_s08" t="2" d="1"/>
<D id="251" f="6" l="176" c="16" n="SwpInstsFrq_Uls_T_f32" t="4" d="1"/>
<D id="252" f="8" l="546" c="25" n="random" t="4" d="1"/>
<D id="253" f="7" l="572" c="17" n="Cos_f32" t="2" d="1"/>
<D id="254" f="6" l="195" c="34" n="SwpGenHwTq_F" t="4" d="1"/>
<D id="255" f="8" l="583" c="16" n="_polyspace_random_double" t="5" d="1"/>
<D id="256" f="7" l="166" c="35" n="Inp" t="4" d="1"/>
<D id="257" f="6" l="169" c="15" n="ElapsedTime_Cnt_T_u32" t="4" d="1"/>
<D id="258" f="8" l="568" c="14" n="_polyspace_random_long" t="5" d="1"/>
<D id="259" f="7" l="229" c="35" n="Inp" t="4" d="1"/>
<D id="260" f="6" l="177" c="16" n="ScaleFactor_Uls_T_f32" t="4" d="1"/>
<D id="261" f="7" l="278" c="15" n="Min_u08" t="2" d="1"/>
<D id="262" f="7" l="608" c="17" n="Mod_f32" t="2" d="1"/>
<D id="263" f="6" l="196" c="34" n="SwpSinAmp_F" t="4" d="1"/>
<D id="264" f="7" l="369" c="15" n="Max_u08" t="2" d="1"/>
<D id="265" f="7" l="395" c="16" n="Max_u16" t="2" d="1"/>
<D id="266" f="7" l="476" c="16" n="Lim_s16" t="2" d="1"/>
<D id="267" f="6" l="178" c="16" n="VehSpd_Kph_T_f32" t="4" d="1"/>
<D id="268" f="7" l="192" c="37" n="Inp" t="4" d="1"/>
<D id="269" f="7" l="520" c="95" n="RngHi" t="4" d="1"/>
<D id="270" f="6" l="199" c="42" n="SwpInstsFrq_F" t="4" d="1"/>
<D id="271" f="7" l="450" c="94" n="RngHi" t="4" d="1"/>
<D id="272" f="7" l="547" c="17" n="Arctan2_f32" t="2" d="1"/>
<D id="273" f="7" l="331" c="95" n="Inp2" t="4" d="1"/>
<D id="274" f="7" l="584" c="17" n="Exp_f32" t="2" d="1"/>
<D id="275" f="6" l="179" c="16" n="HwTq_HwNwtMtr_T_f32" t="4" d="1"/>
<D id="276" f="7" l="179" c="16" n="Abslt_u16_s16" t="2" d="1"/>
<D id="277" f="6" l="189" c="34" n="SwpVehspdMax_F" t="4" d="1"/>
<D id="278" f="7" l="422" c="95" n="Inp2" t="4" d="1"/>
<D id="279" f="7" l="596" c="34" n="Inp" t="4" d="1"/>
<D id="280" f="10" l="299" c="5" n="__PST__MAIN__ENTRY__POINT__" t="2" d="1"/>
<D id="281" f="8" l="578" c="34" n="random" t="4" d="1"/>
<D id="282" f="7" l="305" c="95" n="Inp2" t="4" d="1"/>
<D id="283" f="10" l="48" c="48" n="P_0" t="4" d="1"/>
<D id="284" f="7" l="370" c="86" n="Inp2" t="4" d="1"/>
<D id="285" f="8" l="585" c="27" n="random" t="4" d="1"/>
<D id="286" f="7" l="505" c="95" n="RngLo" t="4" d="1"/>
<D id="287" f="7" l="547" c="37" n="Numer" t="4" d="1"/>
<D id="288" f="7" l="596" c="17" n="Sqrt_f32" t="2" d="1"/>
<D id="289" f="7" l="463" c="94" n="RngLo" t="4" d="1"/>
<D id="290" f="7" l="506" c="95" n="RngHi" t="4" d="1"/>
<D id="291" f="7" l="464" c="94" n="RngHi" t="4" d="1"/>
<D id="292" f="8" l="3629" c="7" n="__polyspace_vararg" t="1" d="1"/>
<D id="293" f="7" l="179" c="37" n="Inp" t="4" d="1"/>
<D id="294" f="7" l="292" c="95" n="Inp2" t="4" d="1"/>
<D id="295" f="7" l="318" c="95" n="Inp2" t="4" d="1"/>
<D id="296" f="7" l="344" c="96" n="Inp2" t="4" d="1"/>
<D id="297" f="7" l="491" c="95" n="RngLo" t="4" d="1"/>
<D id="298" f="7" l="153" c="97" n="Inp2" t="4" d="1"/>
<D id="299" f="7" l="383" c="95" n="Inp2" t="4" d="1"/>
<D id="300" f="7" l="409" c="95" n="Inp2" t="4" d="1"/>
<D id="301" f="7" l="435" c="96" n="Inp2" t="4" d="1"/>
<D id="302" f="7" l="492" c="95" n="RngHi" t="4" d="1"/>
<D id="303" f="7" l="154" c="97" n="Fac" t="4" d="1"/>
<D id="304" f="7" l="266" c="86" n="Inp2" t="4" d="1"/>
<D id="305" f="7" l="519" c="95" n="RngLo" t="4" d="1"/>
<D id="306" f="7" l="357" c="86" n="Inp2" t="4" d="1"/>
<D id="307" f="7" l="449" c="94" n="RngLo" t="4" d="1"/>
<D id="308" f="7" l="396" c="95" n="Inp2" t="4" d="1"/>
<D id="309" f="7" l="477" c="95" n="RngLo" t="4" d="1"/>
<D id="310" f="7" l="279" c="86" n="Inp2" t="4" d="1"/>
<D id="311" f="7" l="478" c="95" n="RngHi" t="4" d="1"/>
</Definitions>
<Uses>
<U id="1" f="6" l="250" c="99" d="244" a="0"/>
<U id="2" f="10" l="302" c="20" d="79" a="0"/>
<U id="3" f="10" l="113" c="12" d="9" a="0"/>
<U id="4" f="10" l="260" c="20" d="67" a="0"/>
<U id="5" f="10" l="141" c="12" d="23" a="0"/>
<U id="6" f="6" l="273" c="99" d="183" a="1"/>
<U id="7" f="6" l="306" c="110" d="263" a="0"/>
<U id="8" f="10" l="280" c="20" d="67" a="0"/>
<U id="9" f="10" l="122" c="41" d="2" a="0"/>
<U id="10" f="10" l="111" c="15" d="125" a="0"/>
<U id="11" f="10" l="162" c="39" d="67" a="0"/>
<U id="12" f="10" l="150" c="41" d="22" a="0"/>
<U id="13" f="10" l="132" c="41" d="71" a="0"/>
<U id="14" f="6" l="250" c="140" d="131" a="0"/>
<U id="15" f="6" l="309" c="110" d="263" a="0"/>
<U id="16" f="10" l="170" c="41" d="25" a="0"/>
<U id="17" f="6" l="317" c="102" d="208" a="1"/>
<U id="18" f="10" l="123" c="15" d="3" a="0"/>
<U id="19" f="6" l="244" c="103" d="129" a="0"/>
<U id="20" f="6" l="248" c="110" d="219" a="1"/>
<U id="21" f="10" l="113" c="34" d="155" a="0"/>
<U id="22" f="10" l="151" c="15" d="4" a="0"/>
<U id="23" f="10" l="209" c="12" d="6" a="0"/>
<U id="24" f="10" l="113" c="16" d="125" a="0"/>
<U id="25" f="10" l="211" c="17" d="158" a="0"/>
<U id="26" f="10" l="141" c="34" d="140" a="0"/>
<U id="27" f="10" l="190" c="41" d="30" a="0"/>
<U id="28" f="10" l="121" c="17" d="50" a="0"/>
<U id="29" f="10" l="141" c="16" d="125" a="0"/>
<U id="30" f="6" l="244" c="113" d="208" a="1"/>
<U id="31" f="6" l="336" c="103" d="129" a="0"/>
<U id="32" f="6" l="306" c="141" d="260" a="0"/>
<U id="33" f="6" l="320" c="107" d="183" a="1"/>
<U id="34" f="10" l="171" c="15" d="7" a="0"/>
<U id="35" f="6" l="350" c="106" d="231" a="0"/>
<U id="36" f="10" l="218" c="41" d="11" a="0"/>
<U id="37" f="6" l="265" c="149" d="260" a="0"/>
<U id="38" f="6" l="336" c="113" d="208" a="1"/>
<U id="39" f="10" l="207" c="15" d="125" a="0"/>
<U id="40" f="10" l="239" c="12" d="32" a="0"/>
<U id="41" f="10" l="241" c="17" d="158" a="0"/>
<U id="42" f="10" l="191" c="15" d="10" a="0"/>
<U id="43" f="10" l="115" c="17" d="155" a="0"/>
<U id="44" f="6" l="242" c="116" d="257" a="1"/>
<U id="45" f="6" l="286" c="112" d="129" a="0"/>
<U id="46" f="10" l="200" c="57" d="96" a="0"/>
<U id="47" f="6" l="309" c="141" d="260" a="0"/>
<U id="48" f="10" l="143" c="17" d="140" a="0"/>
<U id="49" f="6" l="287" c="121" d="219" a="1"/>
<U id="50" f="10" l="104" c="37" d="77" a="0"/>
<U id="51" f="10" l="182" c="43" d="67" a="0"/>
<U id="52" f="6" l="245" c="115" d="219" a="1"/>
<U id="53" f="10" l="248" c="41" d="16" a="0"/>
<U id="54" f="6" l="268" c="149" d="260" a="0"/>
<U id="55" f="10" l="237" c="15" d="125" a="0"/>
<U id="56" f="6" l="286" c="122" d="208" a="1"/>
<U id="57" f="6" l="244" c="125" d="131" a="0"/>
<U id="58" f="6" l="334" c="116" d="257" a="1"/>
<U id="59" f="10" l="219" c="15" d="13" a="0"/>
<U id="60" f="6" l="248" c="123" d="131" a="0"/>
<U id="61" f="6" l="250" c="127" d="219" a="1"/>
<U id="62" f="6" l="325" c="107" d="174" a="1"/>
<U id="63" f="10" l="209" c="34" d="158" a="0"/>
<U id="64" f="10" l="209" c="16" d="125" a="0"/>
<U id="65" f="10" l="217" c="17" d="50" a="0"/>
<U id="66" f="10" l="139" c="15" d="125" a="0"/>
<U id="67" f="6" l="336" c="125" d="131" a="0"/>
<U id="68" f="6" l="287" c="150" d="148" a="0"/>
<U id="69" f="6" l="306" c="127" d="245" a="0"/>
<U id="70" f="10" l="249" c="15" d="21" a="0"/>
<U id="71" f="10" l="239" c="34" d="158" a="0"/>
<U id="72" f="10" l="239" c="16" d="125" a="0"/>
<U id="73" f="6" l="265" c="135" d="245" a="0"/>
<U id="74" f="6" l="349" c="106" d="215" a="0"/>
<U id="75" f="10" l="247" c="17" d="50" a="0"/>
<U id="76" f="6" l="286" c="134" d="131" a="0"/>
<U id="77" f="10" l="268" c="43" d="29" a="0"/>
<U id="78" f="10" l="269" c="15" d="33" a="0"/>
<U id="79" f="6" l="250" c="157" d="242" a="0"/>
<U id="80" f="6" l="284" c="117" d="257" a="1"/>
<U id="81" f="10" l="149" c="17" d="50" a="0"/>
<U id="82" f="6" l="287" c="134" d="131" a="0"/>
<U id="83" f="6" l="309" c="127" d="245" a="0"/>
<U id="84" f="10" l="267" c="17" d="67" a="0"/>
<U id="85" f="6" l="245" c="128" d="131" a="0"/>
<U id="86" f="6" l="265" c="118" d="263" a="0"/>
<U id="87" f="10" l="288" c="43" d="35" a="0"/>
<U id="88" f="10" l="289" c="15" d="36" a="0"/>
<U id="89" f="6" l="268" c="135" d="245" a="0"/>
<U id="90" f="10" l="169" c="17" d="50" a="0"/>
<U id="91" f="10" l="287" c="17" d="67" a="0"/>
<U id="92" f="6" l="268" c="118" d="263" a="0"/>
<U id="93" f="6" l="250" c="196" d="148" a="0"/>
<U id="94" f="10" l="228" c="57" d="51" a="0"/>
<U id="95" f="10" l="189" c="17" d="50" a="0"/>
<U id="96" f="10" l="228" c="76" d="96" a="0"/>
<U id="97" f="8" l="11420" c="9" d="43" a="0"/>
<U id="98" f="4" l="90" c="0" d="150" a="0"/>
<U id="99" f="4" l="51" c="2" d="124" a="0"/>
<U id="100" f="4" l="83" c="0" d="150" a="0"/>
<U id="101" f="4" l="84" c="0" d="150" a="0"/>
<U id="102" f="4" l="85" c="0" d="150" a="0"/>
<U id="103" f="4" l="86" c="0" d="150" a="0"/>
<U id="104" f="4" l="87" c="0" d="150" a="0"/>
<U id="105" f="4" l="88" c="0" d="150" a="0"/>
<U id="106" f="9" l="20" c="8" d="49" a="0"/>
<U id="107" f="1" l="50" c="8" d="92" a="0"/>
<U id="108" f="4" l="89" c="0" d="150" a="0"/>
<U id="109" f="9" l="30" c="8" d="67" a="0"/>
<U id="110" f="9" l="21" c="8" d="67" a="0"/>
<U id="111" f="9" l="12" c="8" d="49" a="0"/>
<U id="112" f="9" l="40" c="8" d="82" a="0"/>
<U id="113" f="9" l="22" c="8" d="50" a="0"/>
<U id="114" f="9" l="41" c="8" d="89" a="0"/>
<U id="115" f="9" l="23" c="8" d="50" a="0"/>
<U id="116" f="9" l="14" c="8" d="49" a="0"/>
<U id="117" f="9" l="51" c="8" d="50" a="0"/>
<U id="118" f="9" l="42" c="8" d="75" a="0"/>
<U id="119" f="9" l="33" c="8" d="109" a="0"/>
<U id="120" f="9" l="24" c="8" d="50" a="0"/>
<U id="121" f="9" l="15" c="8" d="85" a="0"/>
<U id="122" f="9" l="52" c="8" d="46" a="0"/>
<U id="123" f="9" l="43" c="8" d="64" a="0"/>
<U id="124" f="9" l="25" c="8" d="50" a="0"/>
<U id="125" f="1" l="84" c="7" d="119" a="0"/>
<U id="126" f="9" l="16" c="8" d="58" a="0"/>
<U id="127" f="9" l="53" c="8" d="51" a="0"/>
<U id="128" f="9" l="44" c="8" d="80" a="0"/>
<U id="129" f="9" l="35" c="8" d="64" a="0"/>
<U id="130" f="9" l="26" c="8" d="51" a="0"/>
<U id="131" f="9" l="45" c="8" d="90" a="0"/>
<U id="132" f="6" l="75" c="7" d="129" a="0"/>
<U id="133" f="9" l="36" c="8" d="90" a="0"/>
<U id="134" f="9" l="27" c="8" d="50" a="0"/>
<U id="135" f="9" l="18" c="8" d="45" a="0"/>
<U id="136" f="9" l="46" c="8" d="72" a="0"/>
<U id="137" f="9" l="37" c="8" d="61" a="0"/>
<U id="138" f="9" l="28" c="8" d="50" a="0"/>
<U id="139" f="9" l="47" c="8" d="69" a="0"/>
<U id="140" f="1" l="49" c="8" d="92" a="0"/>
<U id="141" f="9" l="38" c="8" d="68" a="0"/>
<U id="142" f="9" l="29" c="8" d="67" a="0"/>
<U id="143" f="9" l="39" c="8" d="57" a="0"/>
<U id="144" f="9" l="49" c="8" d="45" a="0"/>
<U id="145" f="3" l="140" c="3" d="124" a="0"/>
<U id="146" f="4" l="62" c="21" d="55" a="0"/>
<U id="147" f="10" l="48" c="0" d="50" a="0"/>
<U id="148" f="9" l="20" c="33" d="46" a="0"/>
<U id="149" f="10" l="76" c="0" d="50" a="0"/>
<U id="150" f="1" l="84" c="39" d="119" a="0"/>
<U id="151" f="4" l="90" c="59" d="144" a="0"/>
<U id="152" f="9" l="30" c="52" d="67" a="0"/>
<U id="153" f="4" l="85" c="39" d="129" a="0"/>
<U id="154" f="3" l="136" c="3" d="133" a="0"/>
<U id="155" f="9" l="22" c="34" d="77" a="0"/>
<U id="156" f="9" l="28" c="49" d="96" a="0"/>
<U id="157" f="4" l="90" c="15" d="19" a="0"/>
<U id="158" f="3" l="137" c="3" d="133" a="0"/>
<U id="159" f="4" l="84" c="41" d="129" a="0"/>
<U id="160" f="9" l="24" c="34" d="71" a="0"/>
<U id="161" f="9" l="31" c="17" d="52" a="0"/>
<U id="162" f="3" l="138" c="3" d="124" a="0"/>
<U id="163" f="9" l="30" c="36" d="67" a="0"/>
<U id="164" f="9" l="50" c="17" d="45" a="0"/>
<U id="165" f="6" l="212" c="8" d="220" a="1"/>
<U id="166" f="4" l="83" c="15" d="175" a="0"/>
<U id="167" f="9" l="25" c="34" d="67" a="0"/>
<U id="168" f="9" l="32" c="17" d="50" a="0"/>
<U id="169" f="3" l="132" c="8" d="124" a="0"/>
<U id="170" f="3" l="139" c="3" d="124" a="0"/>
<U id="171" f="10" l="52" c="8" d="283" a="0"/>
<U id="172" f="4" l="84" c="15" d="179" a="0"/>
<U id="173" f="10" l="80" c="8" d="218" a="0"/>
<U id="174" f="6" l="213" c="8" d="251" a="1"/>
<U id="175" f="4" l="87" c="41" d="129" a="0"/>
<U id="176" f="10" l="53" c="8" d="125" a="0"/>
<U id="177" f="4" l="85" c="15" d="5" a="0"/>
<U id="178" f="9" l="27" c="34" d="96" a="0"/>
<U id="179" f="9" l="34" c="17" d="67" a="0"/>
<U id="180" f="10" l="81" c="8" d="125" a="0"/>
<U id="181" f="6" l="214" c="8" d="228" a="1"/>
<U id="182" f="6" l="74" c="16" d="133" a="0"/>
<U id="183" f="6" l="170" c="8" d="144" a="0"/>
<U id="184" f="4" l="86" c="15" d="8" a="0"/>
<U id="185" f="9" l="28" c="34" d="51" a="0"/>
<U id="186" f="4" l="89" c="59" d="144" a="0"/>
<U id="187" f="9" l="17" c="17" d="85" a="0"/>
<U id="188" f="9" l="54" c="17" d="51" a="0"/>
<U id="189" f="6" l="180" c="8" d="129" a="0"/>
<U id="190" f="6" l="215" c="8" d="215" a="1"/>
<U id="191" f="6" l="171" c="8" d="144" a="0"/>
<U id="192" f="4" l="87" c="15" d="12" a="0"/>
<U id="193" f="4" l="86" c="43" d="160" a="0"/>
<U id="194" f="5" l="725" c="6" d="14" a="0"/>
<U id="195" f="6" l="76" c="16" d="160" a="0"/>
<U id="196" f="6" l="181" c="8" d="129" a="0"/>
<U id="197" f="6" l="216" c="8" d="231" a="1"/>
<U id="198" f="4" l="88" c="15" d="15" a="0"/>
<U id="199" f="6" l="163" c="8" d="160" a="0"/>
<U id="200" f="9" l="19" c="17" d="93" a="0"/>
<U id="201" f="5" l="726" c="6" d="20" a="0"/>
<U id="202" f="4" l="89" c="15" d="1" a="0"/>
<U id="203" f="6" l="182" c="8" d="129" a="0"/>
<U id="204" f="6" l="217" c="8" d="174" a="1"/>
<U id="205" f="6" l="173" c="8" d="129" a="0"/>
<U id="206" f="10" l="66" c="8" d="50" a="0"/>
<U id="207" f="4" l="83" c="37" d="129" a="0"/>
<U id="208" f="6" l="164" c="8" d="160" a="0"/>
<U id="209" f="9" l="48" c="17" d="46" a="0"/>
<U id="210" f="10" l="94" c="8" d="50" a="0"/>
<U id="211" f="9" l="30" c="68" d="67" a="0"/>
<U id="212" f="6" l="183" c="8" d="129" a="0"/>
<U id="213" f="6" l="218" c="8" d="183" a="1"/>
<U id="214" f="6" l="391" c="8" d="115" a="1"/>
<U id="215" f="9" l="29" c="36" d="67" a="0"/>
<U id="216" f="6" l="174" c="8" d="129" a="0"/>
<U id="217" f="6" l="454" c="8" d="129" a="0"/>
<U id="218" f="6" l="184" c="8" d="129" a="0"/>
<U id="219" f="6" l="392" c="8" d="136" a="1"/>
<U id="220" f="6" l="175" c="8" d="129" a="0"/>
<U id="221" f="6" l="166" c="8" d="133" a="0"/>
<U id="222" f="10" l="59" c="8" d="283" a="0"/>
<U id="223" f="4" l="88" c="45" d="129" a="0"/>
<U id="224" f="10" l="87" c="8" d="218" a="0"/>
<U id="225" f="6" l="393" c="8" d="270" a="1"/>
<U id="226" f="6" l="176" c="8" d="129" a="0"/>
<U id="227" f="6" l="167" c="8" d="133" a="0"/>
<U id="228" f="6" l="394" c="8" d="254" a="1"/>
<U id="229" f="6" l="177" c="8" d="129" a="0"/>
<U id="230" f="4" l="90" c="78" d="144" a="0"/>
<U id="231" f="6" l="395" c="8" d="248" a="1"/>
<U id="232" f="6" l="178" c="8" d="129" a="0"/>
<U id="233" f="6" l="169" c="8" d="144" a="0"/>
<U id="234" f="6" l="396" c="8" d="151" a="1"/>
<U id="235" f="6" l="179" c="8" d="129" a="0"/>
<U id="236" f="6" l="397" c="8" d="143" a="1"/>
<U id="237" f="10" l="200" c="0" d="50" a="0"/>
<U id="238" f="10" l="104" c="0" d="50" a="0"/>
<U id="239" f="7" l="330" c="9" d="144" a="0"/>
<U id="240" f="10" l="132" c="0" d="50" a="0"/>
<U id="241" f="7" l="421" c="9" d="144" a="0"/>
<U id="242" f="7" l="241" c="9" d="122" a="0"/>
<U id="243" f="11" l="70" c="19" d="49" a="0"/>
<U id="244" f="10" l="260" c="0" d="67" a="0"/>
<U id="245" f="7" l="304" c="9" d="133" a="0"/>
<U id="246" f="7" l="205" c="9" d="129" a="0"/>
<U id="247" f="7" l="152" c="9" d="129" a="0"/>
<U id="248" f="11" l="62" c="19" d="49" a="0"/>
<U id="249" f="7" l="504" c="9" d="138" a="0"/>
<U id="250" f="10" l="162" c="0" d="50" a="0"/>
<U id="251" f="7" l="532" c="9" d="129" a="0"/>
<U id="252" f="10" l="280" c="0" d="67" a="0"/>
<U id="253" f="7" l="560" c="9" d="129" a="0"/>
<U id="254" f="7" l="320" c="30" d="172" a="0"/>
<U id="255" f="7" l="343" c="9" d="129" a="0"/>
<U id="256" f="6" l="400" c="40" d="216" a="0"/>
<U id="257" f="11" l="54" c="19" d="49" a="0"/>
<U id="258" f="7" l="253" c="9" d="122" a="0"/>
<U id="259" f="11" l="60" c="12" d="127" a="0"/>
<U id="260" f="7" l="550" c="19" d="287" a="0"/>
<U id="261" f="7" l="411" c="30" d="180" a="0"/>
<U id="262" f="7" l="434" c="9" d="129" a="0"/>
<U id="263" f="7" l="217" c="9" d="122" a="0"/>
<U id="264" f="7" l="462" c="9" d="124" a="0"/>
<U id="265" f="6" l="230" c="40" d="228" a="1"/>
<U id="266" f="10" l="182" c="0" d="50" a="0"/>
<U id="267" f="7" l="291" c="9" d="128" a="0"/>
<U id="268" f="11" l="52" c="12" d="127" a="0"/>
<U id="269" f="7" l="317" c="9" d="138" a="0"/>
<U id="270" f="7" l="490" c="9" d="133" a="0"/>
<U id="271" f="7" l="320" c="22" d="295" a="0"/>
<U id="272" f="7" l="192" c="9" d="144" a="0"/>
<U id="273" f="7" l="382" c="9" d="128" a="0"/>
<U id="274" f="7" l="611" c="12" d="120" a="0"/>
<U id="275" f="6" l="400" c="14" d="12" a="0"/>
<U id="276" f="11" l="70" c="31" d="113" a="0"/>
<U id="277" f="7" l="408" c="9" d="138" a="0"/>
<U id="278" f="7" l="411" c="22" d="300" a="0"/>
<U id="279" f="7" l="572" c="9" d="129" a="0"/>
<U id="280" f="6" l="200" c="15" d="129" a="0"/>
<U id="281" f="6" l="250" c="40" d="217" a="1"/>
<U id="282" f="7" l="265" c="9" d="122" a="0"/>
<U id="283" f="7" l="522" c="30" d="269" a="0"/>
<U id="284" f="6" l="212" c="50" d="254" a="0"/>
<U id="285" f="11" l="46" c="11" d="127" a="0"/>
<U id="286" f="11" l="72" c="12" d="113" a="0"/>
<U id="287" f="7" l="522" c="21" d="269" a="0"/>
<U id="288" f="10" l="228" c="0" d="50" a="0"/>
<U id="289" f="7" l="166" c="9" d="124" a="0"/>
<U id="290" f="7" l="320" c="14" d="172" a="0"/>
<U id="291" f="11" l="62" c="31" d="112" a="0"/>
<U id="292" f="7" l="608" c="9" d="129" a="0"/>
<U id="293" f="6" l="201" c="15" d="133" a="0"/>
<U id="294" f="7" l="333" c="30" d="137" a="0"/>
<U id="295" f="7" l="229" c="9" d="122" a="0"/>
<U id="296" f="7" l="356" c="9" d="122" a="0"/>
<U id="297" f="7" l="518" c="9" d="144" a="0"/>
<U id="298" f="7" l="550" c="12" d="116" a="0"/>
<U id="299" f="6" l="460" c="12" d="118" a="0"/>
<U id="300" f="7" l="205" c="31" d="129" a="0"/>
<U id="301" f="7" l="411" c="14" d="180" a="0"/>
<U id="302" f="6" l="207" c="39" d="267" a="1"/>
<U id="303" f="6" l="360" c="40" d="254" a="1"/>
<U id="304" f="11" l="64" c="12" d="112" a="0"/>
<U id="305" f="7" l="424" c="30" d="142" a="0"/>
<U id="306" f="7" l="522" c="40" d="192" a="0"/>
<U id="307" f="6" l="305" c="40" d="232" a="1"/>
<U id="308" f="6" l="202" c="15" d="129" a="0"/>
<U id="309" f="7" l="231" c="14" d="259" a="0"/>
<U id="310" f="11" l="54" c="31" d="56" a="0"/>
<U id="311" f="7" l="452" c="30" d="271" a="0"/>
<U id="312" f="8" l="571" c="11" d="210" a="0"/>
<U id="313" f="7" l="207" c="12" d="114" a="0"/>
<U id="314" f="7" l="281" c="30" d="189" a="0"/>
<U id="315" f="7" l="452" c="21" d="271" a="0"/>
<U id="316" f="6" l="214" c="50" d="248" a="0"/>
<U id="317" f="6" l="243" c="40" d="242" a="1"/>
<U id="318" f="7" l="547" c="9" d="129" a="0"/>
<U id="319" f="7" l="307" c="30" d="147" a="0"/>
<U id="320" f="7" l="480" c="30" d="311" a="0"/>
<U id="321" f="7" l="584" c="9" d="129" a="0"/>
<U id="322" f="7" l="156" c="29" d="303" a="0"/>
<U id="323" f="7" l="333" c="22" d="273" a="0"/>
<U id="324" f="7" l="480" c="21" d="311" a="0"/>
<U id="325" f="6" l="306" c="40" d="215" a="1"/>
<U id="326" f="11" l="56" c="12" d="56" a="0"/>
<U id="327" f="7" l="330" c="24" d="144" a="0"/>
<U id="328" f="7" l="448" c="9" d="122" a="0"/>
<U id="329" f="6" l="203" c="15" d="144" a="0"/>
<U id="330" f="7" l="372" c="30" d="198" a="0"/>
<U id="331" f="6" l="213" c="42" d="270" a="0"/>
<U id="332" f="7" l="395" c="9" d="133" a="0"/>
<U id="333" f="7" l="476" c="9" d="128" a="0"/>
<U id="334" f="7" l="231" c="24" d="122" a="0"/>
<U id="335" f="6" l="244" c="40" d="204" a="1"/>
<U id="336" f="6" l="290" c="40" d="251" a="1"/>
<U id="337" f="6" l="311" c="43" d="242" a="0"/>
<U id="338" f="10" l="23" c="16" d="47" a="0"/>
<U id="339" f="10" l="57" c="12" d="283" a="0"/>
<U id="340" f="10" l="76" c="39" d="77" a="0"/>
<U id="341" f="8" l="563" c="11" d="206" a="0"/>
<U id="342" f="7" l="166" c="29" d="122" a="0"/>
<U id="343" f="7" l="192" c="30" d="138" a="0"/>
<U id="344" f="7" l="424" c="22" d="278" a="0"/>
<U id="345" f="7" l="452" c="40" d="181" a="0"/>
<U id="346" f="6" l="313" c="51" d="228" a="0"/>
<U id="347" f="6" l="380" c="22" d="118" a="0"/>
<U id="348" f="7" l="421" c="24" d="144" a="0"/>
<U id="349" f="11" l="23" c="16" d="47" a="0"/>
<U id="350" f="10" l="85" c="12" d="218" a="0"/>
<U id="351" f="6" l="204" c="15" d="144" a="0"/>
<U id="352" f="7" l="480" c="40" d="214" a="0"/>
<U id="353" f="7" l="522" c="14" d="192" a="0"/>
<U id="354" f="7" l="562" c="12" d="20" a="0"/>
<U id="355" f="10" l="211" c="8" d="6" a="0"/>
<U id="356" f="7" l="278" c="9" d="124" a="0"/>
<U id="357" f="7" l="182" c="40" d="133" a="0"/>
<U id="358" f="7" l="281" c="22" d="310" a="0"/>
<U id="359" f="6" l="335" c="40" d="242" a="1"/>
<U id="360" f="7" l="307" c="22" d="282" a="0"/>
<U id="361" f="6" l="225" c="41" d="209" a="0"/>
<U id="362" f="6" l="245" c="40" d="244" a="1"/>
<U id="363" f="6" l="320" c="62" d="1" a="0"/>
<U id="364" f="7" l="179" c="9" d="133" a="0"/>
<U id="365" f="7" l="304" c="24" d="133" a="0"/>
<U id="366" f="7" l="333" c="14" d="137" a="0"/>
<U id="367" f="6" l="462" c="22" d="15" a="0"/>
<U id="368" f="8" l="555" c="11" d="241" a="0"/>
<U id="369" f="7" l="243" c="14" d="191" a="0"/>
<U id="370" f="7" l="346" c="30" d="187" a="0"/>
<U id="371" f="7" l="508" c="30" d="290" a="0"/>
<U id="372" f="6" l="236" c="31" d="228" a="0"/>
<U id="373" f="7" l="369" c="9" d="124" a="0"/>
<U id="374" f="7" l="372" c="22" d="284" a="0"/>
<U id="375" f="7" l="508" c="21" d="290" a="0"/>
<U id="376" f="6" l="264" c="40" d="232" a="1"/>
<U id="377" f="10" l="302" c="8" d="49" a="0"/>
<U id="378" f="7" l="536" c="30" d="18" a="0"/>
<U id="379" f="6" l="215" c="42" d="115" a="0"/>
<U id="380" f="6" l="336" c="40" d="204" a="1"/>
<U id="381" f="7" l="547" c="29" d="129" a="0"/>
<U id="382" f="7" l="182" c="59" d="293" a="0"/>
<U id="383" f="7" l="255" c="40" d="122" a="0"/>
<U id="384" f="7" l="424" c="14" d="142" a="0"/>
<U id="385" f="7" l="536" c="21" d="18" a="0"/>
<U id="386" f="6" l="207" c="14" d="5" a="0"/>
<U id="387" f="10" l="122" c="8" d="50" a="0"/>
<U id="388" f="7" l="596" c="9" d="129" a="0"/>
<U id="389" f="7" l="437" c="30" d="193" a="0"/>
<U id="390" f="6" l="460" c="33" d="117" a="0"/>
<U id="391" f="11" l="68" c="12" d="127" a="0"/>
<U id="392" f="7" l="504" c="24" d="138" a="0"/>
<U id="393" f="7" l="452" c="14" d="181" a="0"/>
<U id="394" f="7" l="611" c="25" d="26" a="0"/>
<U id="395" f="6" l="221" c="17" d="220" a="0"/>
<U id="396" f="6" l="309" c="40" d="231" a="1"/>
<U id="397" f="10" l="66" c="41" d="152" a="0"/>
<U id="398" f="8" l="547" c="11" d="252" a="0"/>
<U id="399" f="7" l="281" c="14" d="189" a="0"/>
<U id="400" f="6" l="265" c="40" d="215" a="1"/>
<U id="401" f="6" l="370" c="24" d="215" a="1"/>
<U id="402" f="6" l="375" c="30" d="1" a="0"/>
<U id="403" f="10" l="150" c="8" d="50" a="0"/>
<U id="404" f="7" l="243" c="24" d="122" a="0"/>
<U id="405" f="7" l="294" c="30" d="171" a="0"/>
<U id="406" f="7" l="307" c="14" d="147" a="0"/>
<U id="407" f="7" l="480" c="14" d="214" a="0"/>
<U id="408" f="7" l="508" c="40" d="157" a="0"/>
<U id="409" f="6" l="216" c="42" d="136" a="0"/>
<U id="410" f="6" l="337" c="40" d="260" a="1"/>
<U id="411" f="10" l="55" c="15" d="125" a="0"/>
<U id="412" f="10" l="94" c="41" d="156" a="0"/>
<U id="413" f="7" l="462" c="23" d="124" a="0"/>
<U id="414" f="6" l="190" c="24" d="160" a="0"/>
<U id="415" f="7" l="182" c="14" d="293" a="0"/>
<U id="416" f="6" l="208" c="14" d="8" a="0"/>
<U id="417" f="7" l="346" c="22" d="296" a="0"/>
<U id="418" f="7" l="536" c="40" d="182" a="0"/>
<U id="419" f="6" l="301" c="82" d="236" a="1"/>
<U id="420" f="10" l="204" c="8" d="6" a="0"/>
<U id="421" f="10" l="83" c="15" d="125" a="0"/>
<U id="422" f="7" l="372" c="14" d="198" a="0"/>
<U id="423" f="7" l="574" c="12" d="14" a="0"/>
<U id="424" f="6" l="452" c="24" d="129" a="0"/>
<U id="425" f="7" l="385" c="30" d="178" a="0"/>
<U id="426" f="7" l="466" c="30" d="291" a="0"/>
<U id="427" f="6" l="371" c="24" d="231" a="1"/>
<U id="428" f="10" l="241" c="8" d="32" a="0"/>
<U id="429" f="7" l="466" c="21" d="291" a="0"/>
<U id="430" f="6" l="217" c="42" d="151" a="0"/>
<U id="431" f="6" l="191" c="24" d="133" a="0"/>
<U id="432" f="7" l="437" c="22" d="301" a="0"/>
<U id="433" f="7" l="494" c="30" d="302" a="0"/>
<U id="434" f="6" l="209" c="14" d="175" a="0"/>
<U id="435" f="6" l="248" c="40" d="251" a="1"/>
<U id="436" f="10" l="304" c="8" d="79" a="0"/>
<U id="437" f="10" l="27" c="16" d="67" a="0"/>
<U id="438" f="7" l="182" c="33" d="293" a="0"/>
<U id="439" f="7" l="255" c="14" d="243" a="0"/>
<U id="440" f="7" l="494" c="21" d="302" a="0"/>
<U id="441" f="6" l="285" c="40" d="242" a="1"/>
<U id="442" f="6" l="311" c="73" d="129" a="0"/>
<U id="443" f="7" l="532" c="25" d="129" a="0"/>
<U id="444" f="7" l="182" c="24" d="133" a="0"/>
<U id="445" f="7" l="268" c="30" d="162" a="0"/>
<U id="446" f="10" l="205" c="8" d="125" a="0"/>
<U id="447" f="7" l="156" c="14" d="188" a="0"/>
<U id="448" f="7" l="169" c="39" d="124" a="0"/>
<U id="449" f="7" l="195" c="40" d="144" a="0"/>
<U id="450" f="7" l="294" c="22" d="294" a="0"/>
<U id="451" f="6" l="253" c="43" d="131" a="0"/>
<U id="452" f="6" l="372" c="24" d="131" a="1"/>
<U id="453" f="10" l="115" c="8" d="9" a="0"/>
<U id="454" f="10" l="170" c="8" d="50" a="0"/>
<U id="455" f="8" l="586" c="11" d="285" a="0"/>
<U id="456" f="7" l="153" c="89" d="129" a="0"/>
<U id="457" f="7" l="265" c="23" d="122" a="0"/>
<U id="458" f="7" l="291" c="24" d="128" a="0"/>
<U id="459" f="7" l="370" c="80" d="124" a="0"/>
<U id="460" f="7" l="560" c="25" d="129" a="0"/>
<U id="461" f="6" l="218" c="42" d="143" a="0"/>
<U id="462" f="6" l="231" c="91" d="174" a="1"/>
<U id="463" f="6" l="391" c="42" d="215" a="0"/>
<U id="464" f="7" l="317" c="24" d="138" a="0"/>
<U id="465" f="7" l="343" c="25" d="129" a="0"/>
<U id="466" f="7" l="490" c="24" d="133" a="0"/>
<U id="467" f="6" l="192" c="24" d="129" a="0"/>
<U id="468" f="7" l="219" c="14" d="211" a="0"/>
<U id="469" f="7" l="320" c="37" d="295" a="0"/>
<U id="470" f="7" l="346" c="14" d="187" a="0"/>
<U id="471" f="7" l="466" c="40" d="149" a="0"/>
<U id="472" f="7" l="508" c="14" d="157" a="0"/>
<U id="473" f="6" l="224" c="35" d="267" a="0"/>
<U id="474" f="6" l="242" c="90" d="174" a="0"/>
<U id="475" f="10" l="28" c="16" d="50" a="0"/>
<U id="476" f="7" l="152" c="26" d="129" a="0"/>
<U id="477" f="7" l="359" c="30" d="167" a="0"/>
<U id="478" f="6" l="286" c="40" d="204" a="1"/>
<U id="479" f="6" l="462" c="61" d="115" a="0"/>
<U id="480" f="6" l="466" c="22" d="15" a="0"/>
<U id="481" f="10" l="143" c="8" d="23" a="0"/>
<U id="482" f="7" l="385" c="22" d="299" a="0"/>
<U id="483" f="7" l="494" c="40" d="173" a="0"/>
<U id="484" f="7" l="536" c="14" d="182" a="0"/>
<U id="485" f="6" l="358" c="40" d="215" a="1"/>
<U id="486" f="6" l="382" c="24" d="194" a="1"/>
<U id="487" f="6" l="462" c="52" d="216" a="0"/>
<U id="488" f="7" l="179" c="30" d="128" a="0"/>
<U id="489" f="7" l="356" c="23" d="122" a="0"/>
<U id="490" f="7" l="382" c="24" d="128" a="0"/>
<U id="491" f="7" l="550" c="26" d="31" a="0"/>
<U id="492" f="6" l="208" c="43" d="209" a="1"/>
<U id="493" f="6" l="223" c="36" d="197" a="0"/>
<U id="494" f="6" l="268" c="40" d="231" a="1"/>
<U id="495" f="6" l="311" c="83" d="240" a="0"/>
<U id="496" f="6" l="373" c="24" d="148" a="1"/>
<U id="497" f="10" l="67" c="15" d="161" a="0"/>
<U id="498" f="7" l="154" c="89" d="129" a="0"/>
<U id="499" f="7" l="408" c="24" d="138" a="0"/>
<U id="500" f="7" l="434" c="25" d="129" a="0"/>
<U id="501" f="7" l="195" c="59" d="268" a="0"/>
<U id="502" f="7" l="411" c="37" d="300" a="0"/>
<U id="503" f="7" l="437" c="14" d="193" a="0"/>
<U id="504" f="7" l="611" c="18" d="227" a="0"/>
<U id="505" f="6" l="231" c="46" d="1" a="0"/>
<U id="506" f="6" l="271" c="44" d="242" a="0"/>
<U id="507" f="6" l="392" c="42" d="231" a="0"/>
<U id="508" f="6" l="193" c="24" d="133" a="0"/>
<U id="509" f="6" l="325" c="62" d="1" a="0"/>
<U id="510" f="10" l="29" c="16" d="51" a="0"/>
<U id="511" f="10" l="57" c="34" d="155" a="0"/>
<U id="512" f="10" l="95" c="15" d="163" a="0"/>
<U id="513" f="7" l="231" c="37" d="122" a="0"/>
<U id="514" f="7" l="268" c="22" d="304" a="0"/>
<U id="515" f="7" l="586" c="12" d="108" a="0"/>
<U id="516" f="6" l="287" c="40" d="217" a="1"/>
<U id="517" f="6" l="300" c="48" d="260" a="1"/>
<U id="518" f="6" l="350" c="82" d="260" a="0"/>
<U id="519" f="10" l="234" c="8" d="32" a="0"/>
<U id="520" f="7" l="219" c="24" d="122" a="0"/>
<U id="521" f="7" l="294" c="14" d="171" a="0"/>
<U id="522" f="6" l="359" c="40" d="231" a="1"/>
<U id="523" f="10" l="57" c="16" d="125" a="0"/>
<U id="524" f="10" l="85" c="34" d="155" a="0"/>
<U id="525" f="6" l="374" c="24" d="251" a="1"/>
<U id="526" f="6" l="457" c="41" d="237" a="1"/>
<U id="527" f="10" l="190" c="8" d="50" a="0"/>
<U id="528" f="7" l="195" c="14" d="268" a="0"/>
<U id="529" f="6" l="334" c="90" d="174" a="0"/>
<U id="530" f="6" l="400" c="48" d="194" a="0"/>
<U id="531" f="10" l="65" c="17" d="50" a="0"/>
<U id="532" f="10" l="85" c="16" d="125" a="0"/>
<U id="533" f="8" l="579" c="11" d="281" a="0"/>
<U id="534" f="6" l="194" c="24" d="129" a="0"/>
<U id="535" f="7" l="359" c="22" d="306" a="0"/>
<U id="536" f="6" l="360" c="82" d="220" a="0"/>
<U id="537" f="7" l="241" c="28" d="138" a="0"/>
<U id="538" f="7" l="518" c="24" d="144" a="0"/>
<U id="539" f="7" l="385" c="14" d="178" a="0"/>
<U id="540" f="7" l="466" c="14" d="149" a="0"/>
<U id="541" f="6" l="301" c="48" d="240" a="1"/>
<U id="542" f="6" l="457" c="14" d="179" a="0"/>
<U id="543" f="10" l="108" c="8" d="9" a="0"/>
<U id="544" f="10" l="93" c="17" d="50" a="0"/>
<U id="545" f="7" l="448" c="23" d="122" a="0"/>
<U id="546" f="7" l="398" c="30" d="213" a="0"/>
<U id="547" f="10" l="235" c="8" d="125" a="0"/>
<U id="548" f="7" l="572" c="25" d="129" a="0"/>
<U id="549" f="7" l="494" c="14" d="173" a="0"/>
<U id="550" f="7" l="522" c="64" d="192" a="0"/>
<U id="551" f="6" l="242" c="46" d="19" a="0"/>
<U id="552" f="6" l="466" c="60" d="237" a="0"/>
<U id="553" f="6" l="224" c="55" d="277" a="0"/>
<U id="554" f="6" l="380" c="45" d="117" a="0"/>
<U id="555" f="10" l="136" c="8" d="23" a="0"/>
<U id="556" f="10" l="48" c="35" d="77" a="0"/>
<U id="557" f="6" l="195" c="24" d="160" a="0"/>
<U id="558" f="7" l="169" c="32" d="256" a="0"/>
<U id="559" f="7" l="195" c="33" d="268" a="0"/>
<U id="560" f="7" l="268" c="14" d="162" a="0"/>
<U id="561" f="6" l="382" c="53" d="115" a="0"/>
<U id="562" f="7" l="195" c="24" d="144" a="0"/>
<U id="563" f="7" l="169" c="14" d="256" a="0"/>
<U id="564" f="6" l="317" c="81" d="208" a="1"/>
<U id="565" f="10" l="109" c="8" d="125" a="0"/>
<U id="566" f="7" l="278" c="23" d="124" a="0"/>
<U id="567" f="7" l="608" c="25" d="129" a="0"/>
<U id="568" f="7" l="207" c="18" d="139" a="0"/>
<U id="569" f="7" l="562" c="17" d="186" a="0"/>
<U id="570" f="6" l="393" c="34" d="251" a="0"/>
<U id="571" f="7" l="333" c="37" d="273" a="0"/>
<U id="572" f="7" l="359" c="14" d="167" a="0"/>
<U id="573" f="6" l="395" c="42" d="228" a="0"/>
<U id="574" f="6" l="196" c="24" d="129" a="0"/>
<U id="575" f="7" l="243" c="37" d="122" a="0"/>
<U id="576" f="7" l="598" c="12" d="111" a="0"/>
<U id="577" f="6" l="305" c="74" d="217" a="0"/>
<U id="578" f="10" l="137" c="8" d="125" a="0"/>
<U id="579" f="10" l="218" c="8" d="50" a="0"/>
<U id="580" f="7" l="398" c="22" d="308" a="0"/>
<U id="581" f="6" l="255" c="72" d="204" a="0"/>
<U id="582" f="6" l="273" c="54" d="1" a="0"/>
<U id="583" f="6" l="290" c="64" d="219" a="1"/>
<U id="584" f="7" l="266" c="80" d="122" a="0"/>
<U id="585" f="7" l="369" c="23" d="124" a="0"/>
<U id="586" f="7" l="395" c="24" d="133" a="0"/>
<U id="587" f="7" l="476" c="24" d="128" a="0"/>
<U id="588" f="7" l="452" c="64" d="181" a="0"/>
<U id="589" f="7" l="522" c="56" d="305" a="0"/>
<U id="590" f="6" l="227" c="45" d="228" a="0"/>
<U id="591" f="6" l="243" c="83" d="257" a="0"/>
<U id="592" f="6" l="293" c="44" d="228" a="0"/>
<U id="593" f="6" l="301" c="95" d="131" a="0"/>
<U id="594" f="6" l="334" c="46" d="19" a="0"/>
<U id="595" f="6" l="386" c="24" d="194" a="1"/>
<U id="596" f="6" l="466" c="52" d="216" a="0"/>
<U id="597" f="7" l="424" c="37" d="278" a="0"/>
<U id="598" f="7" l="522" c="47" d="305" a="0"/>
<U id="599" f="6" l="243" c="74" d="129" a="0"/>
<U id="600" f="6" l="394" c="34" d="220" a="0"/>
<U id="601" f="7" l="169" c="24" d="124" a="0"/>
<U id="602" f="7" l="480" c="64" d="214" a="0"/>
<U id="603" f="6" l="245" c="82" d="219" a="1"/>
<U id="604" f="7" l="253" c="28" d="129" a="0"/>
<U id="605" f="6" l="324" c="56" d="228" a="1"/>
<U id="606" f="10" l="59" c="17" d="155" a="0"/>
<U id="607" f="7" l="357" c="80" d="122" a="0"/>
<U id="608" f="7" l="281" c="37" d="310" a="0"/>
<U id="609" f="6" l="284" c="90" d="183" a="0"/>
<U id="610" f="6" l="315" c="56" d="228" a="1"/>
<U id="611" f="6" l="350" c="48" d="231" a="1"/>
<U id="612" f="7" l="584" c="25" d="129" a="0"/>
<U id="613" f="7" l="156" c="45" d="303" a="0"/>
<U id="614" f="7" l="255" c="27" d="122" a="0"/>
<U id="615" f="7" l="307" c="37" d="282" a="0"/>
<U id="616" f="6" l="228" c="45" d="228" a="0"/>
<U id="617" f="6" l="264" c="82" d="217" a="0"/>
<U id="618" f="6" l="295" c="89" d="204" a="0"/>
<U id="619" f="6" l="341" c="48" d="215" a="1"/>
<U id="620" f="10" l="87" c="17" d="155" a="0"/>
<U id="621" f="6" l="244" c="74" d="242" a="0"/>
<U id="622" f="7" l="217" c="28" d="122" a="0"/>
<U id="623" f="6" l="369" c="24" d="228" a="1"/>
<U id="624" f="7" l="372" c="37" d="284" a="0"/>
<U id="625" f="7" l="398" c="14" d="213" a="0"/>
<U id="626" f="6" l="189" c="24" d="129" a="0"/>
<U id="627" f="6" l="198" c="15" d="133" a="0"/>
<U id="628" f="7" l="452" c="56" d="307" a="0"/>
<U id="629" f="6" l="335" c="83" d="257" a="0"/>
<U id="630" f="6" l="339" c="44" d="242" a="0"/>
<U id="631" f="7" l="452" c="47" d="307" a="0"/>
<U id="632" f="7" l="574" c="17" d="212" a="0"/>
<U id="633" f="6" l="271" c="84" d="208" a="1"/>
<U id="634" f="6" l="335" c="74" d="129" a="0"/>
<U id="635" f="6" l="342" c="48" d="231" a="1"/>
<U id="636" f="6" l="462" c="74" d="203" a="0"/>
<U id="637" f="7" l="480" c="56" d="309" a="0"/>
<U id="638" f="6" l="209" c="37" d="275" a="1"/>
<U id="639" f="6" l="271" c="75" d="129" a="0"/>
<U id="640" f="6" l="337" c="82" d="204" a="0"/>
<U id="641" f="6" l="396" c="34" d="174" a="0"/>
<U id="642" f="7" l="480" c="47" d="309" a="0"/>
<U id="643" f="7" l="508" c="64" d="157" a="0"/>
<U id="644" f="6" l="386" c="53" d="275" a="0"/>
<U id="645" f="10" l="248" c="8" d="50" a="0"/>
<U id="646" f="6" l="199" c="15" d="129" a="0"/>
<U id="647" f="6" l="250" c="77" d="204" a="0"/>
<U id="648" f="7" l="536" c="64" d="182" a="0"/>
<U id="649" f="6" l="336" c="74" d="242" a="0"/>
<U id="650" f="6" l="343" c="48" d="228" a="1"/>
<U id="651" f="7" l="219" c="37" d="122" a="0"/>
<U id="652" f="7" l="346" c="37" d="296" a="0"/>
<U id="653" f="6" l="397" c="34" d="183" a="0"/>
<U id="654" f="6" l="284" c="46" d="19" a="0"/>
<U id="655" f="7" l="279" c="80" d="124" a="0"/>
<U id="656" f="7" l="437" c="37" d="301" a="0"/>
<U id="657" f="7" l="229" c="28" d="128" a="0"/>
<U id="658" f="7" l="182" c="48" d="128" a="0"/>
<U id="659" f="6" l="328" c="74" d="217" a="0"/>
<U id="660" f="7" l="156" c="38" d="298" a="0"/>
<U id="661" f="7" l="508" c="56" d="286" a="0"/>
<U id="662" f="6" l="317" c="57" d="131" a="0"/>
<U id="663" f="7" l="294" c="37" d="294" a="0"/>
<U id="664" f="7" l="508" c="47" d="286" a="0"/>
<U id="665" f="6" l="286" c="82" d="242" a="0"/>
<U id="666" f="10" l="268" c="8" d="67" a="0"/>
<U id="667" f="7" l="466" c="64" d="149" a="0"/>
<U id="668" f="7" l="536" c="56" d="17" a="0"/>
<U id="669" f="7" l="586" c="17" d="247" a="0"/>
<U id="670" f="6" l="319" c="56" d="228" a="1"/>
<U id="671" f="7" l="536" c="47" d="17" a="0"/>
<U id="672" f="6" l="349" c="82" d="260" a="0"/>
<U id="673" f="7" l="494" c="64" d="173" a="0"/>
<U id="674" f="6" l="255" c="48" d="260" a="1"/>
<U id="675" f="6" l="285" c="83" d="257" a="0"/>
<U id="676" f="6" l="306" c="86" d="232" a="0"/>
<U id="677" f="7" l="520" c="88" d="144" a="0"/>
<U id="678" f="7" l="596" c="26" d="129" a="0"/>
<U id="679" f="7" l="385" c="37" d="299" a="0"/>
<U id="680" f="6" l="285" c="74" d="129" a="0"/>
<U id="681" f="6" l="296" c="82" d="208" a="1"/>
<U id="682" f="6" l="274" c="48" d="228" a="1"/>
<U id="683" f="7" l="331" c="88" d="144" a="0"/>
<U id="684" f="6" l="290" c="77" d="131" a="0"/>
<U id="685" f="7" l="268" c="37" d="304" a="0"/>
<U id="686" f="7" l="169" c="46" d="122" a="0"/>
<U id="687" f="6" l="328" c="48" d="148" a="1"/>
<U id="688" f="7" l="466" c="56" d="289" a="0"/>
<U id="689" f="6" l="245" c="95" d="131" a="0"/>
<U id="690" f="6" l="265" c="94" d="232" a="0"/>
<U id="691" f="6" l="271" c="96" d="131" a="0"/>
<U id="692" f="10" l="288" c="8" d="67" a="0"/>
<U id="693" f="7" l="422" c="88" d="144" a="0"/>
<U id="694" f="7" l="466" c="47" d="289" a="0"/>
<U id="695" f="6" l="275" c="48" d="148" a="1"/>
<U id="696" f="6" l="375" c="75" d="174" a="1"/>
<U id="697" f="7" l="359" c="37" d="306" a="0"/>
<U id="698" f="7" l="494" c="56" d="297" a="0"/>
<U id="699" f="6" l="306" c="78" d="223" a="0"/>
<U id="700" f="7" l="450" c="88" d="122" a="0"/>
<U id="701" f="7" l="494" c="47" d="297" a="0"/>
<U id="702" f="6" l="287" c="83" d="242" a="0"/>
<U id="703" f="7" l="533" c="96" d="129" a="0"/>
<U id="704" f="7" l="305" c="88" d="133" a="0"/>
<U id="705" f="6" l="339" c="75" d="129" a="0"/>
<U id="706" f="7" l="169" c="56" d="256" a="0"/>
<U id="707" f="6" l="276" c="48" d="131" a="1"/>
<U id="708" f="7" l="195" c="48" d="138" a="0"/>
<U id="709" f="6" l="309" c="86" d="232" a="0"/>
<U id="710" f="7" l="534" c="96" d="129" a="0"/>
<U id="711" f="6" l="265" c="86" d="223" a="0"/>
<U id="712" f="6" l="295" c="48" d="260" a="1"/>
<U id="713" f="6" l="248" c="67" d="244" a="0"/>
<U id="714" f="7" l="505" c="88" d="138" a="0"/>
<U id="715" f="6" l="339" c="85" d="208" a="1"/>
<U id="716" f="6" l="349" c="48" d="215" a="1"/>
<U id="717" f="7" l="398" c="37" d="308" a="0"/>
<U id="718" f="7" l="598" c="18" d="279" a="0"/>
<U id="719" f="6" l="259" c="48" d="260" a="1"/>
<U id="720" f="6" l="296" c="48" d="240" a="1"/>
<U id="721" f="6" l="268" c="94" d="232" a="0"/>
<U id="722" f="7" l="344" c="88" d="129" a="0"/>
<U id="723" f="7" l="506" c="88" d="138" a="0"/>
<U id="724" f="6" l="296" c="94" d="131" a="0"/>
<U id="725" f="6" l="309" c="78" d="253" a="0"/>
<U id="726" f="7" l="435" c="88" d="129" a="0"/>
<U id="727" f="7" l="463" c="88" d="124" a="0"/>
<U id="728" f="7" l="292" c="88" d="128" a="0"/>
<U id="729" f="7" l="318" c="88" d="138" a="0"/>
<U id="730" f="7" l="491" c="88" d="133" a="0"/>
<U id="731" f="6" l="248" c="87" d="204" a="0"/>
<U id="732" f="6" l="268" c="86" d="253" a="0"/>
<U id="733" f="7" l="609" c="96" d="129" a="0"/>
<U id="734" f="7" l="383" c="88" d="128" a="0"/>
<U id="735" f="7" l="464" c="88" d="124" a="0"/>
<U id="736" f="7" l="409" c="88" d="138" a="0"/>
<U id="737" f="7" l="492" c="88" d="133" a="0"/>
<U id="738" f="7" l="548" c="96" d="129" a="0"/>
<U id="739" f="7" l="519" c="88" d="144" a="0"/>
<U id="740" f="6" l="339" c="97" d="131" a="0"/>
<U id="741" f="6" l="275" c="98" d="217" a="0"/>
<U id="742" f="7" l="449" c="88" d="122" a="0"/>
<U id="743" f="7" l="396" c="88" d="133" a="0"/>
<U id="744" f="7" l="477" c="88" d="128" a="0"/>
<U id="745" f="7" l="478" c="88" d="128" a="0"/>
</Uses>
<Blocks>
<B id="1" t="initializer" f="6" l="191" c="34">
<BEGIN l="191" c="74"/>
<END l="191" c="879"/>
</B>
<B id="2" t="initializer" f="6" l="192" c="34">
<BEGIN l="192" c="74"/>
<END l="192" c="880"/>
</B>
<B id="3" t="initializer" f="6" l="193" c="34">
<BEGIN l="193" c="74"/>
<END l="193" c="871"/>
</B>
<B id="4" t="ppcif" f="6" l="56" c="0">
<BEGIN l="56" c="21"/>
<END l="79" c="0"/>
</B>
<B id="5" t="ppcif" f="6" l="105" c="0">
<BEGIN l="105" c="21"/>
<END l="109" c="0"/>
</B>
<B id="6" t="ppcrmelse" f="6" l="109" c="0">
<BEGIN l="109" c="6"/>
<END l="113" c="0"/>
</B>
<B id="7" t="ppcif" f="6" l="161" c="0">
<BEGIN l="161" c="21"/>
<END l="402" c="0"/>
</B>
<B id="8" t="ppcrmelse" f="6" l="402" c="0">
<BEGIN l="402" c="36"/>
<END l="413" c="0"/>
</B>
<B id="9" t="ppcif" f="6" l="450" c="0">
<BEGIN l="450" c="21"/>
<END l="469" c="0"/>
</B>
<B id="10" t="ppcrmelse" f="6" l="469" c="0">
<BEGIN l="469" c="36"/>
<END l="479" c="0"/>
</B>
<B id="11" t="routine" f="6" l="99" c="5">
<BEGIN l="100" c="0"/>
<END l="117" c="0"/>
</B>
<B id="12" t="else" f="6" l="384" c="16">
<BEGIN l="385" c="16"/>
<END l="387" c="16"/>
</B>
<B id="13" t="if" f="6" l="380" c="16">
<BEGIN l="381" c="16"/>
<END l="383" c="16"/>
<ELSE d="12"/>
</B>
<B id="14" t="case" f="6" l="357" c="32">
<BEGIN l="358" c="40"/>
<END l="361" c="37"/>
</B>
<B id="15" t="case" f="6" l="355" c="32">
<BEGIN l="355" c="42"/>
<END l="355" c="42"/>
</B>
<B id="16" t="else" f="6" l="346" c="40">
<BEGIN l="347" c="40"/>
<END l="351" c="40"/>
</B>
<B id="17" t="if" f="6" l="339" c="40">
<BEGIN l="340" c="40"/>
<END l="344" c="40"/>
<ELSE d="16"/>
</B>
<B id="18" t="case" f="6" l="333" c="32">
<BEGIN l="334" c="40"/>
<END l="352" c="37"/>
<SUB d="17"/>
</B>
<B id="19" t="else" f="6" l="322" c="48">
<BEGIN l="323" c="48"/>
<END l="326" c="48"/>
</B>
<B id="20" t="if" f="6" l="317" c="53">
<BEGIN l="318" c="48"/>
<END l="321" c="48"/>
<ELSE d="19"/>
</B>
<B id="21" t="else" f="6" l="317" c="48">
<BEGIN l="317" c="53"/>
<END l="326" c="48"/>
<SUB d="20"/>
</B>
<B id="22" t="if" f="6" l="313" c="48">
<BEGIN l="314" c="48"/>
<END l="316" c="48"/>
<ELSE d="21"/>
</B>
<B id="23" t="if" f="6" l="311" c="40">
<BEGIN l="312" c="40"/>
<END l="329" c="40"/>
<SUB d="22"/>
</B>
<B id="24" t="else" f="6" l="298" c="40">
<BEGIN l="299" c="40"/>
<END l="302" c="40"/>
</B>
<B id="25" t="if" f="6" l="293" c="40">
<BEGIN l="294" c="40"/>
<END l="297" c="40"/>
<ELSE d="24"/>
</B>
<B id="26" t="case" f="6" l="283" c="32">
<BEGIN l="284" c="40"/>
<END l="330" c="37"/>
<SUB d="23"/>
<SUB d="25"/>
</B>
<B id="27" t="case" f="6" l="281" c="32">
<BEGIN l="281" c="42"/>
<END l="281" c="42"/>
</B>
<B id="28" t="if" f="6" l="271" c="40">
<BEGIN l="272" c="40"/>
<END l="277" c="40"/>
</B>
<B id="29" t="else" f="6" l="257" c="40">
<BEGIN l="258" c="40"/>
<END l="260" c="40"/>
</B>
<B id="30" t="if" f="6" l="253" c="40">
<BEGIN l="254" c="40"/>
<END l="256" c="40"/>
<ELSE d="29"/>
</B>
<B id="31" t="case" f="6" l="241" c="32">
<BEGIN l="242" c="40"/>
<END l="278" c="37"/>
<SUB d="28"/>
<SUB d="30"/>
</B>
<B id="32" t="case" f="6" l="239" c="32">
<BEGIN l="239" c="42"/>
<END l="239" c="42"/>
</B>
<B id="33" t="switch" f="6" l="236" c="24">
<BEGIN l="237" c="24"/>
<END l="362" c="24"/>
<CASE d="14"/>
<CASE d="15"/>
<CASE d="18"/>
<CASE d="26"/>
<CASE d="27"/>
<CASE d="31"/>
<CASE d="32"/>
</B>
<B id="34" t="if" f="6" l="227" c="32">
<BEGIN l="229" c="28"/>
<END l="232" c="32"/>
</B>
<B id="35" t="if" f="6" l="223" c="24">
<BEGIN l="226" c="24"/>
<END l="233" c="24"/>
<SUB d="34"/>
</B>
<B id="36" t="else" f="6" l="367" c="8">
<BEGIN l="368" c="16"/>
<END l="376" c="16"/>
</B>
<B id="37" t="if" f="6" l="221" c="8">
<BEGIN l="222" c="16"/>
<END l="365" c="16"/>
<SUB d="33"/>
<SUB d="35"/>
<ELSE d="36"/>
</B>
<B id="38" t="routine" f="6" l="155" c="5">
<BEGIN l="156" c="0"/>
<END l="417" c="0"/>
<SUB d="13"/>
<SUB d="37"/>
</B>
<B id="39" t="else" f="6" l="464" c="8">
<BEGIN l="465" c="8"/>
<END l="467" c="8"/>
</B>
<B id="40" t="if" f="6" l="460" c="8">
<BEGIN l="461" c="8"/>
<END l="463" c="8"/>
<ELSE d="39"/>
</B>
<B id="41" t="routine" f="6" l="444" c="5">
<BEGIN l="445" c="0"/>
<END l="483" c="0"/>
<SUB d="40"/>
</B>
<B id="42" t="ppcif" f="12" l="15" c="0">
<BEGIN l="15" c="27"/>
<END l="330" c="0"/>
</B>
<B id="43" t="ppcif" f="12" l="25" c="0">
<BEGIN l="25" c="19"/>
<END l="155" c="0"/>
</B>
<B id="44" t="ppcrmif" f="12" l="46" c="0">
<BEGIN l="46" c="93"/>
<END l="91" c="0"/>
</B>
<B id="45" t="ppcrmif" f="12" l="94" c="0">
<BEGIN l="94" c="91"/>
<END l="153" c="0"/>
</B>
<B id="46" t="ppcrmelse" f="12" l="155" c="0">
<BEGIN l="155" c="35"/>
<END l="328" c="0"/>
</B>
<B id="47" t="ppcif" f="13" l="11" c="0">
<BEGIN l="11" c="27"/>
<END l="36" c="0"/>
</B>
<B id="48" t="ppcrmif" f="13" l="14" c="0">
<BEGIN l="14" c="19"/>
<END l="29" c="0"/>
</B>
<B id="49" t="ppcelse" f="13" l="29" c="0">
<BEGIN l="29" c="5"/>
<END l="33" c="0"/>
</B>
<B id="50" t="ppcif" f="1" l="22" c="0">
<BEGIN l="22" c="17"/>
<END l="109" c="0"/>
</B>
<B id="51" t="ppcrmif" f="1" l="39" c="0">
<BEGIN l="39" c="66"/>
<END l="43" c="0"/>
</B>
<B id="52" t="ppcelse" f="1" l="43" c="0">
<BEGIN l="43" c="60"/>
<END l="47" c="0"/>
</B>
<B id="53" t="ppcrmif" f="1" l="52" c="0">
<BEGIN l="52" c="18"/>
<END l="58" c="0"/>
</B>
<B id="54" t="ppcrmif" f="1" l="62" c="0">
<BEGIN l="62" c="33"/>
<END l="80" c="0"/>
</B>
<B id="55" t="ppcelse" f="1" l="80" c="0">
<BEGIN l="80" c="31"/>
<END l="93" c="0"/>
</B>
<B id="56" t="ppcrmif" f="1" l="96" c="0">
<BEGIN l="96" c="14"/>
<END l="106" c="0"/>
</B>
<B id="57" t="ppcif" f="14" l="3" c="0">
<BEGIN l="3" c="29"/>
<END l="348" c="0"/>
</B>
<B id="58" t="ppcif" f="14" l="61" c="0">
<BEGIN l="63" c="27"/>
<END l="66" c="0"/>
</B>
<B id="59" t="ppcrmif" f="14" l="165" c="0">
<BEGIN l="165" c="17"/>
<END l="206" c="0"/>
</B>
<B id="60" t="ppcrmif" f="14" l="209" c="0">
<BEGIN l="209" c="37"/>
<END l="211" c="0"/>
</B>
<B id="61" t="ppcrmif" f="14" l="213" c="0">
<BEGIN l="213" c="44"/>
<END l="321" c="0"/>
</B>
<B id="62" t="ppcif" f="14" l="323" c="0">
<BEGIN l="323" c="18"/>
<END l="346" c="0"/>
</B>
<B id="63" t="ppcrmif" f="14" l="326" c="0">
<BEGIN l="326" c="18"/>
<END l="328" c="0"/>
</B>
<B id="64" t="ppcrmif" f="14" l="329" c="0">
<BEGIN l="329" c="63"/>
<END l="331" c="0"/>
</B>
<B id="65" t="ppcrmif" f="14" l="332" c="0">
<BEGIN l="332" c="64"/>
<END l="334" c="0"/>
</B>
<B id="66" t="ppcrmif" f="14" l="335" c="0">
<BEGIN l="335" c="16"/>
<END l="340" c="0"/>
</B>
<B id="67" t="ppcif" f="14" l="343" c="0">
<BEGIN l="343" c="57"/>
<END l="345" c="0"/>
</B>
<B id="68" t="type" f="4" l="48" c="7">
<BEGIN l="48" c="17"/>
<END l="52" c="0"/>
</B>
<B id="69" t="ppcif" f="4" l="24" c="0">
<BEGIN l="24" c="18"/>
<END l="225" c="0"/>
</B>
<B id="70" t="ppcrmif" f="4" l="27" c="0">
<BEGIN l="27" c="35"/>
<END l="29" c="0"/>
</B>
<B id="71" t="ppcrmif" f="4" l="33" c="0">
<BEGIN l="33" c="19"/>
<END l="36" c="0"/>
</B>
<B id="72" t="ppcrmif" f="4" l="209" c="0">
<BEGIN l="209" c="19"/>
<END l="211" c="0"/>
</B>
<B id="73" t="ppcif" f="4" l="214" c="0">
<BEGIN l="214" c="26"/>
<END l="222" c="0"/>
</B>
<B id="74" t="ppcif" f="4" l="215" c="0">
<BEGIN l="215" c="25"/>
<END l="219" c="0"/>
</B>
<B id="75" t="ppcrmif" f="4" l="216" c="0">
<BEGIN l="216" c="37"/>
<END l="218" c="0"/>
</B>
<B id="76" t="ppcrmelse" f="4" l="219" c="0">
<BEGIN l="219" c="7"/>
<END l="221" c="0"/>
</B>
<B id="77" t="ppcif" f="15" l="24" c="0">
<BEGIN l="24" c="23"/>
<END l="55" c="0"/>
</B>
<B id="78" t="ppcrmif" f="15" l="27" c="0">
<BEGIN l="27" c="19"/>
<END l="30" c="0"/>
</B>
<B id="79" t="ppcrmif" f="15" l="39" c="0">
<BEGIN l="39" c="19"/>
<END l="41" c="0"/>
</B>
<B id="80" t="ppcif" f="15" l="44" c="0">
<BEGIN l="44" c="26"/>
<END l="52" c="0"/>
</B>
<B id="81" t="ppcif" f="15" l="45" c="0">
<BEGIN l="45" c="25"/>
<END l="49" c="0"/>
</B>
<B id="82" t="ppcrmif" f="15" l="46" c="0">
<BEGIN l="46" c="37"/>
<END l="48" c="0"/>
</B>
<B id="83" t="ppcrmelse" f="15" l="49" c="0">
<BEGIN l="49" c="7"/>
<END l="51" c="0"/>
</B>
<B id="84" t="ppcif" f="16" l="24" c="0">
<BEGIN l="24" c="19"/>
<END l="41" c="0"/>
</B>
<B id="85" t="ppcif" f="16" l="30" c="0">
<BEGIN l="30" c="26"/>
<END l="38" c="0"/>
</B>
<B id="86" t="ppcif" f="16" l="31" c="0">
<BEGIN l="31" c="25"/>
<END l="35" c="0"/>
</B>
<B id="87" t="ppcrmif" f="16" l="32" c="0">
<BEGIN l="32" c="37"/>
<END l="34" c="0"/>
</B>
<B id="88" t="ppcrmelse" f="16" l="35" c="0">
<BEGIN l="35" c="7"/>
<END l="37" c="0"/>
</B>
<B id="89" t="ppcif" f="17" l="25" c="0">
<BEGIN l="25" c="14"/>
<END l="95" c="0"/>
</B>
<B id="90" t="ppcrmif" f="17" l="41" c="0">
<BEGIN l="41" c="33"/>
<END l="43" c="0"/>
</B>
<B id="91" t="ppcrmif" f="17" l="45" c="0">
<BEGIN l="45" c="46"/>
<END l="47" c="0"/>
</B>
<B id="92" t="ppcrmif" f="17" l="49" c="0">
<BEGIN l="49" c="28"/>
<END l="51" c="0"/>
</B>
<B id="93" t="ppcif" f="17" l="84" c="0">
<BEGIN l="84" c="26"/>
<END l="92" c="0"/>
</B>
<B id="94" t="ppcrmif" f="17" l="85" c="0">
<BEGIN l="85" c="25"/>
<END l="89" c="0"/>
</B>
<B id="95" t="ppcelse" f="17" l="89" c="0">
<BEGIN l="89" c="7"/>
<END l="91" c="0"/>
</B>
<B id="96" t="type" f="3" l="135" c="0">
<BEGIN l="135" c="0"/>
<END l="141" c="0"/>
</B>
<B id="97" t="ppcif" f="3" l="56" c="0">
<BEGIN l="56" c="19"/>
<END l="154" c="0"/>
</B>
<B id="98" t="ppcif" f="3" l="122" c="0">
<BEGIN l="122" c="26"/>
<END l="126" c="0"/>
</B>
<B id="99" t="ppcif" f="2" l="45" c="0">
<BEGIN l="45" c="24"/>
<END l="146" c="0"/>
</B>
<B id="100" t="ppcif" f="2" l="84" c="0">
<BEGIN l="84" c="13"/>
<END l="86" c="0"/>
</B>
<B id="101" t="ppcif" f="2" l="88" c="0">
<BEGIN l="88" c="14"/>
<END l="90" c="0"/>
</B>
<B id="102" t="ppcrmif" f="2" l="124" c="0">
<BEGIN l="124" c="26"/>
<END l="130" c="0"/>
</B>
<B id="103" t="ppcelse" f="2" l="130" c="0">
<BEGIN l="130" c="6"/>
<END l="133" c="0"/>
</B>
<B id="104" t="ppcif" f="18" l="47" c="0">
<BEGIN l="47" c="18"/>
<END l="219" c="0"/>
</B>
<B id="105" t="ppcif" f="18" l="95" c="0">
<BEGIN l="95" c="17"/>
<END l="97" c="0"/>
</B>
<B id="106" t="ppcif" f="19" l="19" c="0">
<BEGIN l="19" c="22"/>
<END l="23" c="0"/>
</B>
<B id="107" t="ppcif" f="20" l="24" c="0">
<BEGIN l="24" c="31"/>
<END l="39" c="0"/>
</B>
<B id="108" t="ppcif" f="20" l="28" c="0">
<BEGIN l="28" c="26"/>
<END l="36" c="0"/>
</B>
<B id="109" t="ppcif" f="20" l="29" c="0">
<BEGIN l="29" c="25"/>
<END l="33" c="0"/>
</B>
<B id="110" t="ppcrmif" f="20" l="30" c="0">
<BEGIN l="30" c="37"/>
<END l="32" c="0"/>
</B>
<B id="111" t="ppcrmelse" f="20" l="33" c="0">
<BEGIN l="33" c="7"/>
<END l="35" c="0"/>
</B>
<B id="112" t="ppcif" f="21" l="19" c="0">
<BEGIN l="19" c="16"/>
<END l="24" c="0"/>
</B>
<B id="113" t="ppcif" f="22" l="53" c="0">
<BEGIN l="53" c="25"/>
<END l="57" c="0"/>
</B>
<B id="114" t="ppcrmif" f="22" l="67" c="0">
<BEGIN l="67" c="38"/>
<END l="71" c="0"/>
</B>
<B id="115" t="ppcrmif" f="22" l="81" c="0">
<BEGIN l="81" c="43"/>
<END l="85" c="0"/>
</B>
<B id="116" t="ppcrmif" f="22" l="95" c="0">
<BEGIN l="95" c="41"/>
<END l="99" c="0"/>
</B>
<B id="117" t="ppcrmif" f="22" l="109" c="0">
<BEGIN l="109" c="46"/>
<END l="113" c="0"/>
</B>
<B id="118" t="ppcif" f="22" l="125" c="0">
<BEGIN l="125" c="24"/>
<END l="129" c="0"/>
</B>
<B id="119" t="ppcrmif" f="22" l="139" c="0">
<BEGIN l="139" c="37"/>
<END l="143" c="0"/>
</B>
<B id="120" t="ppcrmif" f="22" l="153" c="0">
<BEGIN l="153" c="42"/>
<END l="157" c="0"/>
</B>
<B id="121" t="ppcrmif" f="22" l="167" c="0">
<BEGIN l="167" c="40"/>
<END l="171" c="0"/>
</B>
<B id="122" t="ppcrmif" f="22" l="181" c="0">
<BEGIN l="181" c="45"/>
<END l="185" c="0"/>
</B>
<B id="123" t="ppcif" f="22" l="201" c="0">
<BEGIN l="201" c="25"/>
<END l="209" c="0"/>
</B>
<B id="124" t="ppcif" f="22" l="202" c="0">
<BEGIN l="202" c="24"/>
<END l="206" c="0"/>
</B>
<B id="125" t="ppcrmif" f="22" l="203" c="0">
<BEGIN l="203" c="36"/>
<END l="205" c="0"/>
</B>
<B id="126" t="ppcrmelse" f="22" l="206" c="0">
<BEGIN l="206" c="6"/>
<END l="208" c="0"/>
</B>
<B id="127" t="ppcif" f="23" l="19" c="0">
<BEGIN l="19" c="13"/>
<END l="29" c="0"/>
</B>
<B id="128" t="ppcif" f="7" l="20" c="0">
<BEGIN l="20" c="18"/>
<END l="614" c="0"/>
</B>
<B id="129" t="routine" f="7" l="152" c="17">
<BEGIN l="155" c="0"/>
<END l="157" c="0"/>
</B>
<B id="130" t="routine" f="7" l="166" c="15">
<BEGIN l="167" c="0"/>
<END l="170" c="0"/>
</B>
<B id="131" t="routine" f="7" l="179" c="16">
<BEGIN l="180" c="0"/>
<END l="183" c="0"/>
</B>
<B id="132" t="else" f="7" l="195" c="40">
<BEGIN l="195" c="40"/>
<END l="195" c="63"/>
</B>
<B id="133" t="if" f="7" l="195" c="22">
<BEGIN l="195" c="24"/>
<END l="195" c="36"/>
<ELSE d="132"/>
</B>
<B id="134" t="routine" f="7" l="192" c="16">
<BEGIN l="193" c="0"/>
<END l="196" c="0"/>
<SUB d="133"/>
</B>
<B id="135" t="routine" f="7" l="205" c="17">
<BEGIN l="206" c="0"/>
<END l="208" c="0"/>
</B>
<B id="136" t="else" f="7" l="219" c="37">
<BEGIN l="219" c="37"/>
<END l="219" c="45"/>
</B>
<B id="137" t="if" f="7" l="219" c="22">
<BEGIN l="219" c="24"/>
<END l="219" c="32"/>
<ELSE d="136"/>
</B>
<B id="138" t="routine" f="7" l="217" c="15">
<BEGIN l="218" c="0"/>
<END l="220" c="0"/>
<SUB d="137"/>
</B>
<B id="139" t="else" f="7" l="231" c="37">
<BEGIN l="231" c="37"/>
<END l="231" c="45"/>
</B>
<B id="140" t="if" f="7" l="231" c="22">
<BEGIN l="231" c="24"/>
<END l="231" c="32"/>
<ELSE d="139"/>
</B>
<B id="141" t="routine" f="7" l="229" c="15">
<BEGIN l="230" c="0"/>
<END l="232" c="0"/>
<SUB d="140"/>
</B>
<B id="142" t="else" f="7" l="243" c="37">
<BEGIN l="243" c="37"/>
<END l="243" c="45"/>
</B>
<B id="143" t="if" f="7" l="243" c="22">
<BEGIN l="243" c="24"/>
<END l="243" c="32"/>
<ELSE d="142"/>
</B>
<B id="144" t="routine" f="7" l="241" c="15">
<BEGIN l="242" c="0"/>
<END l="244" c="0"/>
<SUB d="143"/>
</B>
<B id="145" t="else" f="7" l="255" c="40">
<BEGIN l="255" c="40"/>
<END l="255" c="48"/>
</B>
<B id="146" t="if" f="7" l="255" c="25">
<BEGIN l="255" c="27"/>
<END l="255" c="35"/>
<ELSE d="145"/>
</B>
<B id="147" t="routine" f="7" l="253" c="15">
<BEGIN l="254" c="0"/>
<END l="256" c="0"/>
<SUB d="146"/>
</B>
<B id="148" t="routine" f="7" l="265" c="15">
<BEGIN l="267" c="0"/>
<END l="269" c="0"/>
</B>
<B id="149" t="routine" f="7" l="278" c="15">
<BEGIN l="280" c="0"/>
<END l="282" c="0"/>
</B>
<B id="150" t="routine" f="7" l="291" c="16">
<BEGIN l="293" c="0"/>
<END l="295" c="0"/>
</B>
<B id="151" t="routine" f="7" l="304" c="16">
<BEGIN l="306" c="0"/>
<END l="308" c="0"/>
</B>
<B id="152" t="else" f="7" l="320" c="37">
<BEGIN l="320" c="37"/>
<END l="320" c="40"/>
</B>
<B id="153" t="if" f="7" l="320" c="28">
<BEGIN l="320" c="30"/>
<END l="320" c="33"/>
<ELSE d="152"/>
</B>
<B id="154" t="routine" f="7" l="317" c="16">
<BEGIN l="319" c="0"/>
<END l="321" c="0"/>
<SUB d="153"/>
</B>
<B id="155" t="else" f="7" l="333" c="37">
<BEGIN l="333" c="37"/>
<END l="333" c="40"/>
</B>
<B id="156" t="if" f="7" l="333" c="28">
<BEGIN l="333" c="30"/>
<END l="333" c="33"/>
<ELSE d="155"/>
</B>
<B id="157" t="routine" f="7" l="330" c="16">
<BEGIN l="332" c="0"/>
<END l="334" c="0"/>
<SUB d="156"/>
</B>
<B id="158" t="else" f="7" l="346" c="37">
<BEGIN l="346" c="37"/>
<END l="346" c="40"/>
</B>
<B id="159" t="if" f="7" l="346" c="28">
<BEGIN l="346" c="30"/>
<END l="346" c="33"/>
<ELSE d="158"/>
</B>
<B id="160" t="routine" f="7" l="343" c="17">
<BEGIN l="345" c="0"/>
<END l="347" c="0"/>
<SUB d="159"/>
</B>
<B id="161" t="routine" f="7" l="356" c="15">
<BEGIN l="358" c="0"/>
<END l="360" c="0"/>
</B>
<B id="162" t="routine" f="7" l="369" c="15">
<BEGIN l="371" c="0"/>
<END l="373" c="0"/>
</B>
<B id="163" t="routine" f="7" l="382" c="16">
<BEGIN l="384" c="0"/>
<END l="386" c="0"/>
</B>
<B id="164" t="routine" f="7" l="395" c="16">
<BEGIN l="397" c="0"/>
<END l="399" c="0"/>
</B>
<B id="165" t="else" f="7" l="411" c="37">
<BEGIN l="411" c="37"/>
<END l="411" c="40"/>
</B>
<B id="166" t="if" f="7" l="411" c="28">
<BEGIN l="411" c="30"/>
<END l="411" c="33"/>
<ELSE d="165"/>
</B>
<B id="167" t="routine" f="7" l="408" c="16">
<BEGIN l="410" c="0"/>
<END l="412" c="0"/>
<SUB d="166"/>
</B>
<B id="168" t="else" f="7" l="424" c="37">
<BEGIN l="424" c="37"/>
<END l="424" c="40"/>
</B>
<B id="169" t="if" f="7" l="424" c="28">
<BEGIN l="424" c="30"/>
<END l="424" c="33"/>
<ELSE d="168"/>
</B>
<B id="170" t="routine" f="7" l="421" c="16">
<BEGIN l="423" c="0"/>
<END l="425" c="0"/>
<SUB d="169"/>
</B>
<B id="171" t="else" f="7" l="437" c="37">
<BEGIN l="437" c="37"/>
<END l="437" c="40"/>
</B>
<B id="172" t="if" f="7" l="437" c="28">
<BEGIN l="437" c="30"/>
<END l="437" c="33"/>
<ELSE d="171"/>
</B>
<B id="173" t="routine" f="7" l="434" c="17">
<BEGIN l="436" c="0"/>
<END l="438" c="0"/>
<SUB d="172"/>
</B>
<B id="174" t="routine" f="7" l="448" c="15">
<BEGIN l="451" c="0"/>
<END l="453" c="0"/>
</B>
<B id="175" t="routine" f="7" l="462" c="15">
<BEGIN l="465" c="0"/>
<END l="467" c="0"/>
</B>
<B id="176" t="routine" f="7" l="476" c="16">
<BEGIN l="479" c="0"/>
<END l="481" c="0"/>
</B>
<B id="177" t="routine" f="7" l="490" c="16">
<BEGIN l="493" c="0"/>
<END l="495" c="0"/>
</B>
<B id="178" t="else" f="7" l="508" c="38">
<BEGIN l="508" c="38"/>
<END l="508" c="67"/>
</B>
<B id="179" t="if" f="7" l="508" c="28">
<BEGIN l="508" c="30"/>
<END l="508" c="34"/>
<ELSE d="178"/>
</B>
<B id="180" t="routine" f="7" l="504" c="16">
<BEGIN l="507" c="0"/>
<END l="509" c="0"/>
<SUB d="179"/>
</B>
<B id="181" t="else" f="7" l="522" c="38">
<BEGIN l="522" c="38"/>
<END l="522" c="67"/>
</B>
<B id="182" t="if" f="7" l="522" c="28">
<BEGIN l="522" c="30"/>
<END l="522" c="34"/>
<ELSE d="181"/>
</B>
<B id="183" t="routine" f="7" l="518" c="16">
<BEGIN l="521" c="0"/>
<END l="523" c="0"/>
<SUB d="182"/>
</B>
<B id="184" t="else" f="7" l="536" c="38">
<BEGIN l="536" c="38"/>
<END l="536" c="67"/>
</B>
<B id="185" t="if" f="7" l="536" c="28">
<BEGIN l="536" c="30"/>
<END l="536" c="34"/>
<ELSE d="184"/>
</B>
<B id="186" t="routine" f="7" l="532" c="17">
<BEGIN l="535" c="0"/>
<END l="537" c="0"/>
<SUB d="185"/>
</B>
<B id="187" t="routine" f="7" l="547" c="17">
<BEGIN l="549" c="0"/>
<END l="551" c="0"/>
</B>
<B id="188" t="routine" f="7" l="560" c="17">
<BEGIN l="561" c="0"/>
<END l="563" c="0"/>
</B>
<B id="189" t="routine" f="7" l="572" c="17">
<BEGIN l="573" c="0"/>
<END l="575" c="0"/>
</B>
<B id="190" t="routine" f="7" l="584" c="17">
<BEGIN l="585" c="0"/>
<END l="587" c="0"/>
</B>
<B id="191" t="routine" f="7" l="596" c="17">
<BEGIN l="597" c="0"/>
<END l="599" c="0"/>
</B>
<B id="192" t="routine" f="7" l="608" c="17">
<BEGIN l="610" c="0"/>
<END l="612" c="0"/>
</B>
<B id="193" t="ppcif" f="5" l="13" c="0">
<BEGIN l="13" c="16"/>
<END l="823" c="0"/>
</B>
<B id="194" t="ppcrmif" f="5" l="14" c="0">
<BEGIN l="14" c="14"/>
<END l="16" c="0"/>
</B>
<B id="195" t="ppcif" f="5" l="18" c="0">
<BEGIN l="18" c="23"/>
<END l="819" c="0"/>
</B>
<B id="196" t="ppcrmif" f="5" l="20" c="0">
<BEGIN l="20" c="18"/>
<END l="22" c="0"/>
</B>
<B id="197" t="ppcrmif" f="5" l="26" c="0">
<BEGIN l="26" c="67"/>
<END l="28" c="0"/>
</B>
<B id="198" t="ppcrmelif" f="5" l="28" c="0">
<BEGIN l="28" c="5"/>
<END l="30" c="0"/>
</B>
<B id="199" t="ppcrmelif" f="5" l="30" c="0">
<BEGIN l="30" c="5"/>
<END l="33" c="0"/>
</B>
<B id="200" t="ppcrmelif" f="5" l="33" c="0">
<BEGIN l="33" c="5"/>
<END l="38" c="0"/>
</B>
<B id="201" t="ppcrmelse" f="5" l="38" c="0">
<BEGIN l="38" c="5"/>
<END l="40" c="0"/>
</B>
<B id="202" t="ppcrmif" f="5" l="42" c="0">
<BEGIN l="42" c="23"/>
<END l="44" c="0"/>
</B>
<B id="203" t="ppcrmelif" f="5" l="44" c="0">
<BEGIN l="44" c="5"/>
<END l="47" c="0"/>
</B>
<B id="204" t="ppcrmelif" f="5" l="47" c="0">
<BEGIN l="47" c="5"/>
<END l="50" c="0"/>
</B>
<B id="205" t="ppcrmelse" f="5" l="50" c="0">
<BEGIN l="50" c="5"/>
<END l="53" c="0"/>
</B>
<B id="206" t="ppcif" f="5" l="65" c="0">
<BEGIN l="65" c="20"/>
<END l="68" c="0"/>
</B>
<B id="207" t="ppcrmelse" f="5" l="68" c="0">
<BEGIN l="68" c="5"/>
<END l="76" c="0"/>
</B>
<B id="208" t="ppcrmif" f="5" l="78" c="0">
<BEGIN l="78" c="106"/>
<END l="82" c="0"/>
</B>
<B id="209" t="ppcelse" f="5" l="82" c="0">
<BEGIN l="82" c="5"/>
<END l="86" c="0"/>
</B>
<B id="210" t="ppcif" f="5" l="115" c="0">
<BEGIN l="116" c="51"/>
<END l="119" c="0"/>
</B>
<B id="211" t="ppcif" f="5" l="121" c="0">
<BEGIN l="121" c="68"/>
<END l="123" c="0"/>
</B>
<B id="212" t="ppcrmelse" f="5" l="123" c="0">
<BEGIN l="123" c="5"/>
<END l="126" c="0"/>
</B>
<B id="213" t="ppcrmif" f="5" l="128" c="0">
<BEGIN l="128" c="53"/>
<END l="131" c="0"/>
</B>
<B id="214" t="ppcrmif" f="5" l="133" c="0">
<BEGIN l="133" c="51"/>
<END l="135" c="0"/>
</B>
<B id="215" t="ppcif" f="5" l="137" c="0">
<BEGIN l="137" c="24"/>
<END l="265" c="0"/>
</B>
<B id="216" t="ppcif" f="5" l="138" c="0">
<BEGIN l="138" c="56"/>
<END l="140" c="0"/>
</B>
<B id="217" t="ppcrmif" f="5" l="171" c="0">
<BEGIN l="171" c="24"/>
<END l="173" c="0"/>
</B>
<B id="218" t="ppcrmif" f="5" l="188" c="0">
<BEGIN l="188" c="24"/>
<END l="190" c="0"/>
</B>
<B id="219" t="ppcif" f="5" l="196" c="0">
<BEGIN l="196" c="56"/>
<END l="263" c="0"/>
</B>
<B id="220" t="ppcrmif" f="5" l="217" c="0">
<BEGIN l="217" c="24"/>
<END l="219" c="0"/>
</B>
<B id="221" t="ppcrmif" f="5" l="260" c="0">
<BEGIN l="260" c="24"/>
<END l="262" c="0"/>
</B>
<B id="222" t="ppcrmif" f="5" l="268" c="0">
<BEGIN l="268" c="24"/>
<END l="270" c="0"/>
</B>
<B id="223" t="ppcrmif" f="5" l="284" c="0">
<BEGIN l="284" c="24"/>
<END l="286" c="0"/>
</B>
<B id="224" t="ppcif" f="5" l="291" c="0">
<BEGIN l="291" c="20"/>
<END l="750" c="0"/>
</B>
<B id="225" t="ppcif" f="5" l="292" c="0">
<BEGIN l="292" c="24"/>
<END l="307" c="0"/>
</B>
<B id="226" t="ppcrmif" f="5" l="310" c="0">
<BEGIN l="310" c="43"/>
<END l="317" c="0"/>
</B>
<B id="227" t="ppcelif" f="5" l="317" c="0">
<BEGIN l="317" c="5"/>
<END l="324" c="0"/>
</B>
<B id="228" t="ppcrmelif" f="5" l="324" c="0">
<BEGIN l="324" c="5"/>
<END l="337" c="0"/>
</B>
<B id="229" t="ppcrmelse" f="5" l="337" c="0">
<BEGIN l="337" c="5"/>
<END l="345" c="0"/>
</B>
<B id="230" t="ppcrmif" f="5" l="348" c="0">
<BEGIN l="348" c="43"/>
<END l="355" c="0"/>
</B>
<B id="231" t="ppcelif" f="5" l="355" c="0">
<BEGIN l="355" c="5"/>
<END l="364" c="0"/>
</B>
<B id="232" t="ppcrmelse" f="5" l="364" c="0">
<BEGIN l="364" c="5"/>
<END l="372" c="0"/>
</B>
<B id="233" t="ppcrmif" f="5" l="375" c="0">
<BEGIN l="375" c="23"/>
<END l="377" c="0"/>
</B>
<B id="234" t="ppcrmelif" f="5" l="377" c="0">
<BEGIN l="377" c="6"/>
<END l="379" c="0"/>
</B>
<B id="235" t="ppcrmelif" f="5" l="379" c="0">
<BEGIN l="379" c="6"/>
<END l="381" c="0"/>
</B>
<B id="236" t="ppcif" f="5" l="383" c="0">
<BEGIN l="383" c="64"/>
<END l="402" c="0"/>
</B>
<B id="237" t="ppcif" f="5" l="386" c="0">
<BEGIN l="386" c="24"/>
<END l="397" c="0"/>
</B>
<B id="238" t="ppcrmelse" f="5" l="402" c="0">
<BEGIN l="402" c="5"/>
<END l="682" c="0"/>
</B>
<B id="239" t="ppcif" f="5" l="685" c="0">
<BEGIN l="685" c="24"/>
<END l="698" c="0"/>
</B>
<B id="240" t="ppcif" f="5" l="695" c="0">
<BEGIN l="695" c="56"/>
<END l="697" c="0"/>
</B>
<B id="241" t="ppcrmif" f="5" l="708" c="0">
<BEGIN l="708" c="143"/>
<END l="716" c="0"/>
</B>
<B id="242" t="ppcif" f="5" l="740" c="0">
<BEGIN l="740" c="63"/>
<END l="743" c="0"/>
</B>
<B id="243" t="ppcrmif" f="5" l="752" c="0">
<BEGIN l="752" c="95"/>
<END l="772" c="0"/>
</B>
<B id="244" t="ppcrmif" f="5" l="774" c="0">
<BEGIN l="774" c="42"/>
<END l="776" c="0"/>
</B>
<B id="245" t="ppcrmif" f="5" l="778" c="0">
<BEGIN l="778" c="51"/>
<END l="780" c="0"/>
</B>
<B id="246" t="ppcrmif" f="5" l="782" c="0">
<BEGIN l="782" c="18"/>
<END l="816" c="0"/>
</B>
<B id="247" t="ppcrmif" f="5" l="820" c="0">
<BEGIN l="820" c="14"/>
<END l="822" c="0"/>
</B>
<B id="248" t="ppcif" f="24" l="19" c="0">
<BEGIN l="19" c="20"/>
<END l="65" c="0"/>
</B>
<B id="249" t="ppcif" f="25" l="20" c="0">
<BEGIN l="20" c="19"/>
<END l="31" c="0"/>
</B>
</Blocks>
</Navig>
