<?xml version="1.0" encoding="UTF-8"?>
<Navig version="1.0">
<Files>
<F id="1" n="C:\Program Files\MATLAB\R2013b\polyspace\verifier\cxx\cinclude\stdarg.h"/>
<F id="2" n="C:\Component\AR201A_ArCplrSuprt_Impl\include\ASR4.0.3\Platform_Types.h"/>
<F id="3" n="C:\Component\AR200A_ArSuprt_Impl\include\ASR4.0.3\Std_Types.h"/>
<F id="4" n="C:\Component\ES248A_MotAgArbn_Impl\tools\contract\Rte_Type.h"/>
<F id="5" n="C:\Component\ES248A_MotAgArbn_Impl\tools\contract\Rte_CDD_MotAgArbn.h"/>
<F id="6" n="C:\Component\ES248A_MotAgArbn_Impl\src\CDD_MotAgArbn.c"/>
<F id="7" n="C:\Component\ES248A_MotAgArbn_Impl\tools\contract\CDD_MotCtrlMgr_Data.h"/>
<F id="8" n="C:\Component\ES248A_MotAgArbn_Impl\src\CDD_MotAgArbn_MotCtrl.c"/>
<F id="9" n="C-STUBS\__polyspace__stdstubs.c"/>
<F id="10" n="C:\Component\ES248A_MotAgArbn_Impl\include\CDD_MotAgArbn.h"/>
<F id="11" n="C:\Component\ES248A_MotAgArbn_Impl\include\CDD_MotAgArbn_MotCtrl_MemMap.h"/>
<F id="12" n="C:\Program Files\MATLAB\R2013b\polyspace\verifier\cxx\cinclude\__polyspace__std_decls.h"/>
<F id="13" n="C:\Program Files\MATLAB\R2013b\polyspace\verifier\cxx\cinclude\assert.h"/>
<F id="14" n="C:\Program Files\MATLAB\R2013b\polyspace\verifier\cxx\cinclude\__polyspace__libc_defs.h"/>
<F id="15" n="C:\Component\ES248A_MotAgArbn_Impl\tools\contract\Rte_CDD_MotAgArbn_Type.h"/>
<F id="16" n="C:\Component\ES248A_MotAgArbn_Impl\tools\contract\Rte.h"/>
<F id="17" n="C:\Component\AR201A_ArCplrSuprt_Impl\include\ASR4.0.3\Compiler.h"/>
<F id="18" n="C:\Component\AR201A_ArCplrSuprt_Impl\tools\contract\Compiler_Cfg.h"/>
<F id="19" n="C:\Component\ES248A_MotAgArbn_Impl\tools\contract\Rte_DataHandleType.h"/>
<F id="20" n="C:\Component\AR200A_ArSuprt_Impl\tools\contract\MemMap.h"/>
<F id="21" n="C:\Component\ES248A_MotAgArbn_Impl\tools\contract\CDD_MotAgArbn_MemMap.h"/>
</Files>
<Definitions>
<D id="1" f="9" l="6850" c="14" n="_polyspace_compare_function_type" t="7" d="1"/>
<D id="2" f="9" l="11310" c="21" n="HUGE_VAL" t="1" d="1"/>
<D id="3" f="9" l="11311" c="21" n="HUGE_VALF" t="1" d="1"/>
<D id="4" f="9" l="11312" c="21" n="HUGE_VALL" t="1" d="1"/>
<D id="5" f="9" l="11292" c="12" n="_polyspace_random_long_double" t="2" d="1"/>
<D id="6" f="9" l="12154" c="16" n="__polyspace_absolute_address" t="1" d="1"/>
<D id="7" f="9" l="11294" c="23" n="random" t="4" d="1"/>
<D id="8" f="7" l="7" c="17" n="SigQlfr1" t="7" d="1"/>
<D id="9" f="8" l="49" c="5" n="MotAgArbnPer1" t="2" d="1"/>
<D id="10" f="5" l="48" c="7" n="Rte_CDS_CDD_MotAgArbn" t="6" d="1"/>
<D id="11" f="5" l="51" c="9" n="Pim_MotAgARollgCntPrev" t="9" d="1"/>
<D id="12" f="5" l="52" c="9" n="Pim_MotAgAStallCntPrev" t="9" d="1"/>
<D id="13" f="5" l="53" c="9" n="Pim_MotAgBRollgCntPrev" t="9" d="1"/>
<D id="14" f="5" l="54" c="9" n="Pim_MotAgBStallCntPrev" t="9" d="1"/>
<D id="15" f="9" l="30" c="21" n="wchar_t" t="7" d="1"/>
<D id="16" f="3" l="141" c="2" n="Std_VersionInfoType" t="7" d="1"/>
<D id="17" f="5" l="55" c="9" n="Pim_MotAgMeclPrev" t="9" d="1"/>
<D id="18" f="7" l="22" c="13" n="MOTCTRLMGR_MotCtrlMotAgMeclCorrlnSt" t="1" d="0"/>
<D id="19" f="9" l="401" c="4" n="errno" t="1" d="1"/>
<D id="20" f="7" l="23" c="13" n="MOTCTRLMGR_MotCtrlMotAgAMeclRollgCntr" t="1" d="0"/>
<D id="21" f="9" l="25" c="21" n="size_t" t="7" d="1"/>
<D id="22" f="5" l="62" c="49" n="Rte_Inst_CDD_MotAgArbn" t="1" d="0"/>
<D id="23" f="7" l="24" c="13" n="MOTCTRLMGR_MotCtrlMotAgBMeclRollgCntr" t="1" d="0"/>
<D id="24" f="8" l="60" c="14" n="MotAgBSigAvl_Cnt_T_lgc" t="4" d="1"/>
<D id="25" f="8" l="51" c="14" n="MotCtrlMotAgAMecl_MotRev_T_u0p16" t="4" d="1"/>
<D id="26" f="8" l="53" c="13" n="MotCtrlMotAgMeclCorrlnSt_Cnt_T_u08" t="4" d="1"/>
<D id="27" f="9" l="27" c="12" n="ptrdiff_t" t="7" d="1"/>
<D id="28" f="8" l="52" c="14" n="MotCtrlMotAgBMecl_MotRev_T_u0p16" t="4" d="1"/>
<D id="29" f="8" l="54" c="13" n="MotCtrlMotAgAMeclRollgCntr_Cnt_T_u08" t="4" d="1"/>
<D id="30" f="6" l="114" c="5" n="CDD_MotAgArbnInit1" t="2" d="1"/>
<D id="31" f="7" l="25" c="14" n="MOTCTRLMGR_MotCtrlMotAgAMecl" t="1" d="0"/>
<D id="32" f="1" l="45" c="14" n="__va_list" t="7" d="1"/>
<D id="33" f="8" l="55" c="13" n="MotCtrlMotAgBMeclRollgCntr_Cnt_T_u08" t="4" d="1"/>
<D id="34" f="7" l="26" c="14" n="MOTCTRLMGR_MotCtrlMotAgBMecl" t="1" d="0"/>
<D id="35" f="4" l="35" c="15" n="u0p16" t="7" d="1"/>
<D id="36" f="7" l="27" c="14" n="MOTCTRLMGR_MotCtrlMotAgMecl" t="1" d="0"/>
<D id="37" f="1" l="50" c="18" n="__gnuc_va_list" t="7" d="1"/>
<D id="38" f="8" l="56" c="14" n="MotCtrlMotAgAMeclQlfr_T_enum" t="4" d="1"/>
<D id="39" f="8" l="58" c="13" n="MotCtrlMotAgMecl_MotRev_T_u0p16" t="4" d="1"/>
<D id="40" f="8" l="57" c="14" n="MotCtrlMotAgBMeclQlfr_T_enum" t="4" d="1"/>
<D id="41" f="7" l="28" c="16" n="MOTCTRLMGR_MotCtrlMotAgAMeclQlfr" t="1" d="0"/>
<D id="42" f="8" l="59" c="14" n="MotAgASigAvl_Cnt_T_lgc" t="4" d="1"/>
<D id="43" f="7" l="29" c="16" n="MOTCTRLMGR_MotCtrlMotAgBMeclQlfr" t="1" d="0"/>
<D id="44" f="5" l="67" c="44" n="Rte_Instance" t="7" d="1"/>
<D id="45" f="1" l="49" c="18" n="va_list" t="7" d="1"/>
<D id="46" f="3" l="140" c="10" n="sw_patch_version" t="9" d="1"/>
<D id="47" f="2" l="110" c="31" n="sint8" t="7" d="1"/>
<D id="48" f="2" l="120" c="31" n="uint16_least" t="7" d="1"/>
<D id="49" f="2" l="111" c="31" n="uint8" t="7" d="1"/>
<D id="50" f="2" l="121" c="31" n="sint32_least" t="7" d="1"/>
<D id="51" f="2" l="112" c="31" n="sint16" t="7" d="1"/>
<D id="52" f="2" l="131" c="31" n="float32" t="7" d="1"/>
<D id="53" f="2" l="122" c="31" n="uint32_least" t="7" d="1"/>
<D id="54" f="2" l="113" c="31" n="uint16" t="7" d="1"/>
<D id="55" f="8" l="111" c="59" n="SigQlfr_Cnt_T_enum" t="4" d="1"/>
<D id="56" f="3" l="136" c="10" n="vendorID" t="9" d="1"/>
<D id="57" f="2" l="132" c="31" n="float64" t="7" d="1"/>
<D id="58" f="2" l="114" c="31" n="sint32" t="7" d="1"/>
<D id="59" f="3" l="137" c="10" n="moduleID" t="9" d="1"/>
<D id="60" f="2" l="115" c="31" n="uint32" t="7" d="1"/>
<D id="61" f="3" l="138" c="10" n="sw_major_version" t="9" d="1"/>
<D id="62" f="3" l="132" c="14" n="Std_ReturnType" t="7" d="1"/>
<D id="63" f="3" l="125" c="22" n="StatusType" t="7" d="1"/>
<D id="64" f="3" l="139" c="10" n="sw_minor_version" t="9" d="1"/>
<D id="65" f="2" l="117" c="31" n="sint8_least" t="7" d="1"/>
<D id="66" f="2" l="108" c="31" n="boolean" t="7" d="1"/>
<D id="67" f="2" l="118" c="31" n="uint8_least" t="7" d="1"/>
<D id="68" f="8" l="115" c="14" n="SigAvl_Cnt_T_lgc" t="4" d="1"/>
<D id="69" f="2" l="119" c="31" n="sint16_least" t="7" d="1"/>
<D id="70" f="9" l="451" c="23" n="_polyspace_random_ulong" t="5" d="1"/>
<D id="71" f="9" l="421" c="25" n="random" t="4" d="1"/>
<D id="72" f="9" l="435" c="13" n="_polyspace_random_int" t="5" d="1"/>
<D id="73" f="9" l="443" c="14" n="_polyspace_random_long" t="5" d="1"/>
<D id="74" f="9" l="3505" c="4" n="__polyspace_nb_varargs" t="1" d="1"/>
<D id="75" f="8" l="110" c="56" n="SigRollgCnt_Cnt_T_u08" t="4" d="1"/>
<D id="76" f="9" l="427" c="23" n="_polyspace_random_uchar" t="5" d="1"/>
<D id="77" f="8" l="109" c="15" n="SigAvlChkRev" t="5" d="1"/>
<D id="78" f="9" l="419" c="14" n="_polyspace_random_char" t="5" d="1"/>
<D id="79" f="9" l="453" c="34" n="random" t="4" d="1"/>
<D id="80" f="8" l="109" c="34" n="SigCorrChk_Cnt_T_u08" t="4" d="1"/>
<D id="81" f="9" l="437" c="24" n="random" t="4" d="1"/>
<D id="82" f="9" l="460" c="27" n="random" t="4" d="1"/>
<D id="83" f="9" l="3504" c="7" n="__polyspace_vararg" t="1" d="1"/>
<D id="84" f="9" l="445" c="25" n="random" t="4" d="1"/>
<D id="85" f="8" l="112" c="57" n="LstRollgCnt_Cnt_T_u08" t="4" d="1"/>
<D id="86" f="8" l="113" c="57" n="StallCnt_Cnt_T_u08" t="4" d="1"/>
<D id="87" f="9" l="429" c="34" n="random" t="4" d="1"/>
<D id="88" f="9" l="458" c="16" n="_polyspace_random_double" t="5" d="1"/>
</Definitions>
<Uses>
<U id="1" f="9" l="11295" c="9" d="7" a="0"/>
<U id="2" f="5" l="51" c="2" d="49" a="0"/>
<U id="3" f="5" l="52" c="2" d="49" a="0"/>
<U id="4" f="7" l="7" c="11" d="49" a="0"/>
<U id="5" f="5" l="53" c="2" d="49" a="0"/>
<U id="6" f="5" l="54" c="2" d="49" a="0"/>
<U id="7" f="5" l="55" c="2" d="35" a="0"/>
<U id="8" f="8" l="60" c="5" d="66" a="0"/>
<U id="9" f="8" l="51" c="5" d="54" a="0"/>
<U id="10" f="8" l="52" c="5" d="54" a="0"/>
<U id="11" f="7" l="22" c="7" d="49" a="0"/>
<U id="12" f="8" l="62" c="5" d="25" a="1"/>
<U id="13" f="1" l="50" c="8" d="32" a="0"/>
<U id="14" f="8" l="53" c="5" d="49" a="0"/>
<U id="15" f="7" l="23" c="7" d="49" a="0"/>
<U id="16" f="8" l="72" c="5" d="42" a="1"/>
<U id="17" f="8" l="63" c="5" d="28" a="1"/>
<U id="18" f="8" l="54" c="5" d="49" a="0"/>
<U id="19" f="7" l="24" c="7" d="49" a="0"/>
<U id="20" f="8" l="64" c="5" d="26" a="1"/>
<U id="21" f="8" l="55" c="5" d="49" a="0"/>
<U id="22" f="7" l="25" c="7" d="54" a="0"/>
<U id="23" f="8" l="65" c="5" d="29" a="1"/>
<U id="24" f="8" l="56" c="5" d="8" a="0"/>
<U id="25" f="7" l="26" c="7" d="54" a="0"/>
<U id="26" f="8" l="66" c="5" d="33" a="1"/>
<U id="27" f="8" l="57" c="5" d="8" a="0"/>
<U id="28" f="4" l="35" c="8" d="54" a="0"/>
<U id="29" f="7" l="27" c="7" d="54" a="0"/>
<U id="30" f="1" l="84" c="7" d="45" a="0"/>
<U id="31" f="8" l="67" c="5" d="38" a="1"/>
<U id="32" f="8" l="58" c="5" d="54" a="0"/>
<U id="33" f="7" l="28" c="7" d="8" a="0"/>
<U id="34" f="8" l="68" c="5" d="40" a="1"/>
<U id="35" f="8" l="59" c="5" d="66" a="0"/>
<U id="36" f="7" l="29" c="7" d="8" a="0"/>
<U id="37" f="8" l="79" c="5" d="24" a="1"/>
<U id="38" f="8" l="98" c="5" d="36" a="1"/>
<U id="39" f="1" l="49" c="8" d="32" a="0"/>
<U id="40" f="8" l="85" c="8" d="42" a="0"/>
<U id="41" f="8" l="97" c="7" d="22" a="0"/>
<U id="42" f="8" l="91" c="9" d="39" a="1"/>
<U id="43" f="3" l="140" c="3" d="49" a="0"/>
<U id="44" f="5" l="62" c="20" d="10" a="0"/>
<U id="45" f="8" l="95" c="9" d="39" a="1"/>
<U id="46" f="8" l="72" c="30" d="77" a="0"/>
<U id="47" f="1" l="84" c="39" d="45" a="0"/>
<U id="48" f="8" l="33" c="50" d="49" a="0"/>
<U id="49" f="8" l="87" c="9" d="39" a="1"/>
<U id="50" f="8" l="34" c="50" d="8" a="0"/>
<U id="51" f="8" l="35" c="50" d="49" a="0"/>
<U id="52" f="3" l="136" c="3" d="54" a="0"/>
<U id="53" f="5" l="67" c="21" d="10" a="0"/>
<U id="54" f="8" l="36" c="50" d="49" a="0"/>
<U id="55" f="3" l="137" c="3" d="54" a="0"/>
<U id="56" f="8" l="115" c="5" d="66" a="0"/>
<U id="57" f="8" l="82" c="69" d="13" a="0"/>
<U id="58" f="3" l="138" c="3" d="49" a="0"/>
<U id="59" f="8" l="83" c="69" d="14" a="0"/>
<U id="60" f="3" l="132" c="8" d="49" a="0"/>
<U id="61" f="3" l="139" c="3" d="49" a="0"/>
<U id="62" f="8" l="79" c="30" d="77" a="0"/>
<U id="63" f="8" l="75" c="69" d="11" a="0"/>
<U id="64" f="8" l="80" c="44" d="33" a="0"/>
<U id="65" f="8" l="91" c="43" d="28" a="0"/>
<U id="66" f="8" l="76" c="69" d="12" a="0"/>
<U id="67" f="8" l="81" c="44" d="40" a="0"/>
<U id="68" f="8" l="97" c="31" d="17" a="0"/>
<U id="69" f="8" l="72" c="44" d="26" a="0"/>
<U id="70" f="8" l="95" c="69" d="17" a="0"/>
<U id="71" f="8" l="32" c="28" d="49" a="0"/>
<U id="72" f="8" l="73" c="44" d="29" a="0"/>
<U id="73" f="8" l="89" c="13" d="24" a="0"/>
<U id="74" f="8" l="74" c="44" d="38" a="0"/>
<U id="75" f="8" l="82" c="45" d="22" a="0"/>
<U id="76" f="8" l="62" c="46" d="31" a="0"/>
<U id="77" f="8" l="127" c="7" d="85" a="0"/>
<U id="78" f="8" l="109" c="7" d="66" a="0"/>
<U id="79" f="8" l="83" c="45" d="22" a="0"/>
<U id="80" f="8" l="63" c="46" d="34" a="0"/>
<U id="81" f="8" l="87" c="43" d="25" a="0"/>
<U id="82" f="8" l="97" c="52" d="39" a="0"/>
<U id="83" f="8" l="64" c="46" d="18" a="0"/>
<U id="84" f="8" l="75" c="45" d="22" a="0"/>
<U id="85" f="8" l="65" c="46" d="20" a="0"/>
<U id="86" f="8" l="76" c="45" d="22" a="0"/>
<U id="87" f="8" l="95" c="45" d="22" a="0"/>
<U id="88" f="8" l="66" c="46" d="23" a="0"/>
<U id="89" f="8" l="79" c="44" d="26" a="0"/>
<U id="90" f="8" l="67" c="46" d="41" a="0"/>
<U id="91" f="8" l="98" c="35" d="39" a="0"/>
<U id="92" f="8" l="68" c="46" d="43" a="0"/>
<U id="93" f="8" l="130" c="9" d="68" a="1"/>
<U id="94" f="8" l="120" c="39" d="86" a="0"/>
<U id="95" f="8" l="116" c="9" d="75" a="0"/>
<U id="96" f="9" l="430" c="11" d="87" a="0"/>
<U id="97" f="8" l="110" c="50" d="49" a="0"/>
<U id="98" f="9" l="422" c="11" d="71" a="0"/>
<U id="99" f="8" l="111" c="50" d="8" a="0"/>
<U id="100" f="8" l="140" c="13" d="68" a="1"/>
<U id="101" f="8" l="125" c="11" d="86" a="0"/>
<U id="102" f="8" l="112" c="50" d="49" a="0"/>
<U id="103" f="9" l="461" c="11" d="82" a="0"/>
<U id="104" f="8" l="113" c="50" d="49" a="0"/>
<U id="105" f="8" l="143" c="12" d="68" a="0"/>
<U id="106" f="8" l="120" c="15" d="86" a="0"/>
<U id="107" f="8" l="128" c="10" d="86" a="0"/>
<U id="108" f="8" l="134" c="13" d="55" a="0"/>
<U id="109" f="9" l="454" c="11" d="79" a="0"/>
<U id="110" f="9" l="446" c="11" d="84" a="0"/>
<U id="111" f="8" l="136" c="13" d="68" a="1"/>
<U id="112" f="8" l="134" c="42" d="80" a="0"/>
<U id="113" f="9" l="438" c="11" d="81" a="0"/>
<U id="114" f="8" l="127" c="32" d="75" a="0"/>
<U id="115" f="8" l="118" c="14" d="86" a="0"/>
<U id="116" f="8" l="116" c="36" d="85" a="0"/>
<U id="117" f="8" l="109" c="28" d="49" a="0"/>
</Uses>
<Blocks>
<B id="1" t="else" f="8" l="93" c="5">
<BEGIN l="94" c="5"/>
<END l="96" c="5"/>
</B>
<B id="2" t="if" f="8" l="89" c="10">
<BEGIN l="90" c="5"/>
<END l="92" c="5"/>
<ELSE d="1"/>
</B>
<B id="3" t="else" f="8" l="89" c="5">
<BEGIN l="89" c="10"/>
<END l="96" c="5"/>
<SUB d="2"/>
</B>
<B id="4" t="if" f="8" l="85" c="5">
<BEGIN l="86" c="5"/>
<END l="88" c="5"/>
<ELSE d="3"/>
</B>
<B id="5" t="routine" f="8" l="49" c="5">
<BEGIN l="50" c="0"/>
<END l="99" c="0"/>
<SUB d="4"/>
</B>
<B id="6" t="else" f="8" l="138" c="9">
<BEGIN l="139" c="9"/>
<END l="141" c="9"/>
</B>
<B id="7" t="if" f="8" l="134" c="9">
<BEGIN l="135" c="9"/>
<END l="137" c="9"/>
<ELSE d="6"/>
</B>
<B id="8" t="else" f="8" l="132" c="5">
<BEGIN l="133" c="5"/>
<END l="142" c="5"/>
<SUB d="7"/>
</B>
<B id="9" t="if" f="8" l="128" c="5">
<BEGIN l="129" c="5"/>
<END l="131" c="5"/>
<ELSE d="8"/>
</B>
<B id="10" t="if" f="8" l="118" c="9">
<BEGIN l="119" c="9"/>
<END l="121" c="9"/>
</B>
<B id="11" t="else" f="8" l="123" c="5">
<BEGIN l="124" c="5"/>
<END l="126" c="5"/>
</B>
<B id="12" t="if" f="8" l="116" c="5">
<BEGIN l="117" c="5"/>
<END l="122" c="5"/>
<SUB d="10"/>
<ELSE d="11"/>
</B>
<B id="13" t="routine" f="8" l="109" c="15">
<BEGIN l="114" c="0"/>
<END l="144" c="0"/>
<SUB d="9"/>
<SUB d="12"/>
</B>
<B id="14" t="ppcif" f="10" l="20" c="0">
<BEGIN l="20" c="19"/>
<END l="33" c="0"/>
</B>
<B id="15" t="ppcif" f="7" l="3" c="0">
<BEGIN l="3" c="29"/>
<END l="31" c="0"/>
</B>
<B id="16" t="ppcif" f="7" l="6" c="0">
<BEGIN l="6" c="28"/>
<END l="8" c="0"/>
</B>
<B id="17" t="ppcif" f="7" l="10" c="0">
<BEGIN l="10" c="22"/>
<END l="12" c="0"/>
</B>
<B id="18" t="ppcif" f="7" l="14" c="0">
<BEGIN l="14" c="22"/>
<END l="16" c="0"/>
</B>
<B id="19" t="ppcif" f="7" l="18" c="0">
<BEGIN l="18" c="22"/>
<END l="20" c="0"/>
</B>
<B id="20" t="ppcif" f="11" l="24" c="0">
<BEGIN l="24" c="39"/>
<END l="28" c="0"/>
</B>
<B id="21" t="ppcif" f="11" l="30" c="0">
<BEGIN l="30" c="38"/>
<END l="34" c="0"/>
</B>
<B id="22" t="routine" f="6" l="114" c="5">
<BEGIN l="115" c="0"/>
<END l="127" c="0"/>
</B>
<B id="23" t="ppcif" f="12" l="15" c="0">
<BEGIN l="15" c="27"/>
<END l="330" c="0"/>
</B>
<B id="24" t="ppcif" f="12" l="25" c="0">
<BEGIN l="25" c="19"/>
<END l="155" c="0"/>
</B>
<B id="25" t="ppcrmif" f="12" l="46" c="0">
<BEGIN l="46" c="93"/>
<END l="91" c="0"/>
</B>
<B id="26" t="ppcrmif" f="12" l="94" c="0">
<BEGIN l="94" c="91"/>
<END l="153" c="0"/>
</B>
<B id="27" t="ppcrmelse" f="12" l="155" c="0">
<BEGIN l="155" c="35"/>
<END l="328" c="0"/>
</B>
<B id="28" t="ppcif" f="13" l="11" c="0">
<BEGIN l="11" c="27"/>
<END l="36" c="0"/>
</B>
<B id="29" t="ppcrmif" f="13" l="14" c="0">
<BEGIN l="14" c="19"/>
<END l="29" c="0"/>
</B>
<B id="30" t="ppcelse" f="13" l="29" c="0">
<BEGIN l="29" c="5"/>
<END l="33" c="0"/>
</B>
<B id="31" t="ppcif" f="1" l="22" c="0">
<BEGIN l="22" c="17"/>
<END l="109" c="0"/>
</B>
<B id="32" t="ppcrmif" f="1" l="39" c="0">
<BEGIN l="39" c="66"/>
<END l="43" c="0"/>
</B>
<B id="33" t="ppcelse" f="1" l="43" c="0">
<BEGIN l="43" c="60"/>
<END l="47" c="0"/>
</B>
<B id="34" t="ppcrmif" f="1" l="52" c="0">
<BEGIN l="52" c="18"/>
<END l="58" c="0"/>
</B>
<B id="35" t="ppcrmif" f="1" l="62" c="0">
<BEGIN l="62" c="33"/>
<END l="80" c="0"/>
</B>
<B id="36" t="ppcelse" f="1" l="80" c="0">
<BEGIN l="80" c="31"/>
<END l="93" c="0"/>
</B>
<B id="37" t="ppcrmif" f="1" l="96" c="0">
<BEGIN l="96" c="14"/>
<END l="106" c="0"/>
</B>
<B id="38" t="ppcif" f="14" l="3" c="0">
<BEGIN l="3" c="29"/>
<END l="348" c="0"/>
</B>
<B id="39" t="ppcif" f="14" l="61" c="0">
<BEGIN l="63" c="27"/>
<END l="66" c="0"/>
</B>
<B id="40" t="ppcrmif" f="14" l="165" c="0">
<BEGIN l="165" c="17"/>
<END l="206" c="0"/>
</B>
<B id="41" t="ppcrmif" f="14" l="209" c="0">
<BEGIN l="209" c="37"/>
<END l="211" c="0"/>
</B>
<B id="42" t="ppcrmif" f="14" l="213" c="0">
<BEGIN l="213" c="44"/>
<END l="321" c="0"/>
</B>
<B id="43" t="ppcif" f="14" l="323" c="0">
<BEGIN l="323" c="18"/>
<END l="346" c="0"/>
</B>
<B id="44" t="ppcrmif" f="14" l="326" c="0">
<BEGIN l="326" c="18"/>
<END l="328" c="0"/>
</B>
<B id="45" t="ppcrmif" f="14" l="329" c="0">
<BEGIN l="329" c="63"/>
<END l="331" c="0"/>
</B>
<B id="46" t="ppcrmif" f="14" l="332" c="0">
<BEGIN l="332" c="64"/>
<END l="334" c="0"/>
</B>
<B id="47" t="ppcrmif" f="14" l="335" c="0">
<BEGIN l="335" c="16"/>
<END l="340" c="0"/>
</B>
<B id="48" t="ppcif" f="14" l="343" c="0">
<BEGIN l="343" c="57"/>
<END l="345" c="0"/>
</B>
<B id="49" t="type" f="5" l="48" c="7">
<BEGIN l="48" c="27"/>
<END l="57" c="0"/>
</B>
<B id="50" t="ppcif" f="5" l="24" c="0">
<BEGIN l="24" c="28"/>
<END l="144" c="0"/>
</B>
<B id="51" t="ppcrmif" f="5" l="27" c="0">
<BEGIN l="27" c="35"/>
<END l="29" c="0"/>
</B>
<B id="52" t="ppcrmif" f="5" l="33" c="0">
<BEGIN l="33" c="19"/>
<END l="36" c="0"/>
</B>
<B id="53" t="ppcrmif" f="5" l="128" c="0">
<BEGIN l="128" c="19"/>
<END l="130" c="0"/>
</B>
<B id="54" t="ppcif" f="5" l="133" c="0">
<BEGIN l="133" c="26"/>
<END l="141" c="0"/>
</B>
<B id="55" t="ppcif" f="5" l="134" c="0">
<BEGIN l="134" c="25"/>
<END l="138" c="0"/>
</B>
<B id="56" t="ppcrmif" f="5" l="135" c="0">
<BEGIN l="135" c="37"/>
<END l="137" c="0"/>
</B>
<B id="57" t="ppcrmelse" f="5" l="138" c="0">
<BEGIN l="138" c="7"/>
<END l="140" c="0"/>
</B>
<B id="58" t="ppcif" f="15" l="24" c="0">
<BEGIN l="24" c="33"/>
<END l="55" c="0"/>
</B>
<B id="59" t="ppcrmif" f="15" l="27" c="0">
<BEGIN l="27" c="19"/>
<END l="30" c="0"/>
</B>
<B id="60" t="ppcrmif" f="15" l="39" c="0">
<BEGIN l="39" c="19"/>
<END l="41" c="0"/>
</B>
<B id="61" t="ppcif" f="15" l="44" c="0">
<BEGIN l="44" c="26"/>
<END l="52" c="0"/>
</B>
<B id="62" t="ppcif" f="15" l="45" c="0">
<BEGIN l="45" c="25"/>
<END l="49" c="0"/>
</B>
<B id="63" t="ppcrmif" f="15" l="46" c="0">
<BEGIN l="46" c="37"/>
<END l="48" c="0"/>
</B>
<B id="64" t="ppcrmelse" f="15" l="49" c="0">
<BEGIN l="49" c="7"/>
<END l="51" c="0"/>
</B>
<B id="65" t="ppcif" f="4" l="24" c="0">
<BEGIN l="24" c="19"/>
<END l="54" c="0"/>
</B>
<B id="66" t="ppcif" f="4" l="43" c="0">
<BEGIN l="43" c="26"/>
<END l="51" c="0"/>
</B>
<B id="67" t="ppcif" f="4" l="44" c="0">
<BEGIN l="44" c="25"/>
<END l="48" c="0"/>
</B>
<B id="68" t="ppcrmif" f="4" l="45" c="0">
<BEGIN l="45" c="37"/>
<END l="47" c="0"/>
</B>
<B id="69" t="ppcrmelse" f="4" l="48" c="0">
<BEGIN l="48" c="7"/>
<END l="50" c="0"/>
</B>
<B id="70" t="ppcif" f="16" l="25" c="0">
<BEGIN l="25" c="14"/>
<END l="95" c="0"/>
</B>
<B id="71" t="ppcrmif" f="16" l="41" c="0">
<BEGIN l="41" c="33"/>
<END l="43" c="0"/>
</B>
<B id="72" t="ppcrmif" f="16" l="45" c="0">
<BEGIN l="45" c="46"/>
<END l="47" c="0"/>
</B>
<B id="73" t="ppcrmif" f="16" l="49" c="0">
<BEGIN l="49" c="28"/>
<END l="51" c="0"/>
</B>
<B id="74" t="ppcif" f="16" l="84" c="0">
<BEGIN l="84" c="26"/>
<END l="92" c="0"/>
</B>
<B id="75" t="ppcrmif" f="16" l="85" c="0">
<BEGIN l="85" c="25"/>
<END l="89" c="0"/>
</B>
<B id="76" t="ppcelse" f="16" l="89" c="0">
<BEGIN l="89" c="7"/>
<END l="91" c="0"/>
</B>
<B id="77" t="type" f="3" l="135" c="0">
<BEGIN l="135" c="0"/>
<END l="141" c="0"/>
</B>
<B id="78" t="ppcif" f="3" l="56" c="0">
<BEGIN l="56" c="19"/>
<END l="154" c="0"/>
</B>
<B id="79" t="ppcif" f="3" l="122" c="0">
<BEGIN l="122" c="26"/>
<END l="126" c="0"/>
</B>
<B id="80" t="ppcif" f="2" l="45" c="0">
<BEGIN l="45" c="24"/>
<END l="146" c="0"/>
</B>
<B id="81" t="ppcif" f="2" l="84" c="0">
<BEGIN l="84" c="13"/>
<END l="86" c="0"/>
</B>
<B id="82" t="ppcif" f="2" l="88" c="0">
<BEGIN l="88" c="14"/>
<END l="90" c="0"/>
</B>
<B id="83" t="ppcrmif" f="2" l="124" c="0">
<BEGIN l="124" c="26"/>
<END l="130" c="0"/>
</B>
<B id="84" t="ppcelse" f="2" l="130" c="0">
<BEGIN l="130" c="6"/>
<END l="133" c="0"/>
</B>
<B id="85" t="ppcif" f="17" l="47" c="0">
<BEGIN l="47" c="18"/>
<END l="219" c="0"/>
</B>
<B id="86" t="ppcif" f="17" l="95" c="0">
<BEGIN l="95" c="17"/>
<END l="97" c="0"/>
</B>
<B id="87" t="ppcif" f="18" l="19" c="0">
<BEGIN l="19" c="22"/>
<END l="23" c="0"/>
</B>
<B id="88" t="ppcif" f="19" l="24" c="0">
<BEGIN l="24" c="31"/>
<END l="39" c="0"/>
</B>
<B id="89" t="ppcif" f="19" l="28" c="0">
<BEGIN l="28" c="26"/>
<END l="36" c="0"/>
</B>
<B id="90" t="ppcif" f="19" l="29" c="0">
<BEGIN l="29" c="25"/>
<END l="33" c="0"/>
</B>
<B id="91" t="ppcrmif" f="19" l="30" c="0">
<BEGIN l="30" c="37"/>
<END l="32" c="0"/>
</B>
<B id="92" t="ppcrmelse" f="19" l="33" c="0">
<BEGIN l="33" c="7"/>
<END l="35" c="0"/>
</B>
<B id="93" t="ppcif" f="20" l="19" c="0">
<BEGIN l="19" c="16"/>
<END l="24" c="0"/>
</B>
<B id="94" t="ppcif" f="21" l="53" c="0">
<BEGIN l="53" c="35"/>
<END l="57" c="0"/>
</B>
<B id="95" t="ppcrmif" f="21" l="67" c="0">
<BEGIN l="67" c="48"/>
<END l="71" c="0"/>
</B>
<B id="96" t="ppcrmif" f="21" l="81" c="0">
<BEGIN l="81" c="53"/>
<END l="85" c="0"/>
</B>
<B id="97" t="ppcrmif" f="21" l="95" c="0">
<BEGIN l="95" c="51"/>
<END l="99" c="0"/>
</B>
<B id="98" t="ppcrmif" f="21" l="109" c="0">
<BEGIN l="109" c="56"/>
<END l="113" c="0"/>
</B>
<B id="99" t="ppcif" f="21" l="125" c="0">
<BEGIN l="125" c="34"/>
<END l="129" c="0"/>
</B>
<B id="100" t="ppcrmif" f="21" l="139" c="0">
<BEGIN l="139" c="47"/>
<END l="143" c="0"/>
</B>
<B id="101" t="ppcrmif" f="21" l="153" c="0">
<BEGIN l="153" c="52"/>
<END l="157" c="0"/>
</B>
<B id="102" t="ppcrmif" f="21" l="167" c="0">
<BEGIN l="167" c="50"/>
<END l="171" c="0"/>
</B>
<B id="103" t="ppcrmif" f="21" l="181" c="0">
<BEGIN l="181" c="55"/>
<END l="185" c="0"/>
</B>
<B id="104" t="ppcif" f="21" l="201" c="0">
<BEGIN l="201" c="25"/>
<END l="209" c="0"/>
</B>
<B id="105" t="ppcif" f="21" l="202" c="0">
<BEGIN l="202" c="24"/>
<END l="206" c="0"/>
</B>
<B id="106" t="ppcrmif" f="21" l="203" c="0">
<BEGIN l="203" c="36"/>
<END l="205" c="0"/>
</B>
<B id="107" t="ppcrmelse" f="21" l="206" c="0">
<BEGIN l="206" c="6"/>
<END l="208" c="0"/>
</B>
</Blocks>
</Navig>
