<?xml version="1.0" encoding="UTF-8"?>
<MISRA-C-Report-Summary>
<File Mode="advisory" Error="0" Warning="2" Total="2">
<Name>
C:\Component\CM670A_HwAg1Meas_Impl\src\HwAg1Meas.c</Name>
</File>
<File Mode="required" Error="0" Warning="87" Total="87">
<Name>
C:\Component\CM670A_HwAg1Meas_Impl\src\HwAg1Meas.c</Name>
</File>
<Rule Name="21.1" Count="67" Mode="required" Severity="warning">
<Message>
Minimisation of run-time failures.</Message>
</Rule>
<Rule Name="9.1" Count="9" Mode="required" Severity="warning">
<Message>
All automatic variables shall have been assigned a value before being used.</Message>
</Rule>
<Rule Name="11.5" Count="5" Mode="required" Severity="warning">
<Message>
A cast shall not be performed that removes any const or volatile qualification</Message>
</Rule>
<Rule Name="12.3" Count="2" Mode="required" Severity="warning">
<Message>
The sizeof operator should not be used on expressions that contain side effects.</Message>
</Rule>
<Rule Name="16.10" Count="2" Mode="required" Severity="warning">
<Message>
If a function returns error information, then that error information should be tested.</Message>
</Rule>
<Rule Name="19.1" Count="2" Mode="advisory" Severity="warning">
<Message>
#include statements in a file shall only be preceded by other preprocessor directives or comments.</Message>
</Rule>
<Rule Name="8.1" Count="2" Mode="required" Severity="warning">
<Message>
Function '__SYNCM' has no complete visible prototype at call.</Message>
</Rule>
</MISRA-C-Report-Summary>
