<?xml version="1.0" encoding="UTF-8"?>

<project name="Polyspace" files="5" includes="25" ap_cg_cycle="0" ap_cg_direct_cycle="0" pshv="0" unpshv="0">
<file name="C:\Component\ES006A_NvM_Impl\tools\contract\CDD_NvMProxy_Cfg.c" total_lines="75" lines_without_cmt="35" comf="100" fco="1">
</file>
<file name="C:\Component\ES006A_NvM_Impl\tools\contract\CDD_NvMProxy_Cbk.c" total_lines="166" lines_without_cmt="75" comf="100" fco="1">
</file>
<file name="C:\Component\ES006A_NvM_Impl\src\CDD_NvMProxyNonRte.c" total_lines="156" lines_without_cmt="62" comf="57" fco="2">
<function name="NvMProxy_ClsChkWr_Oper" path="1" goto="0" vg="1" calling="0" calls="1" param="0" stmt="3" level="1" return="1" vocf="2.0" flin="6" fxln="3" ncalls="1">
</function>
<function name="NvMProxy_MainFunction" path="1" goto="0" vg="1" calling="0" calls="0" param="0" stmt="1" level="1" return="1" vocf="1.1" flin="2" fxln="1" ncalls="0">
</function>
<function name="NvMProxy_Init0" path="21" goto="0" vg="8" calling="0" calls="3" param="0" stmt="20" level="4" return="1" vocf="5.7" flin="53" fxln="21" ncalls="3">
</function>
</file>
<file name="C:\Component\ES006A_NvM_Impl\src\CDD_NvMProxyApi.c" total_lines="637" lines_without_cmt="257" comf="51" fco="18">
<function name="NONTRUSTED_NtWrapS_NvM_WriteBlock" path="1" goto="0" vg="1" calling="0" calls="1" param="2" stmt="2" level="1" return="1" vocf="2.2" flin="4" fxln="3" ncalls="1">
</function>
<function name="NONTRUSTED_NtWrapS_NvM_GetDataIndex" path="1" goto="0" vg="1" calling="0" calls="1" param="2" stmt="2" level="1" return="1" vocf="2.5" flin="4" fxln="3" ncalls="1">
</function>
<function name="NONTRUSTED_NtWrapS_NvM_SetDataIndex" path="1" goto="0" vg="1" calling="0" calls="1" param="2" stmt="2" level="1" return="1" vocf="2.2" flin="4" fxln="3" ncalls="1">
</function>
<function name="NONTRUSTED_NtWrapS_NvM_SetRamBlockStatus" path="1" goto="0" vg="1" calling="0" calls="1" param="2" stmt="2" level="1" return="1" vocf="2.2" flin="4" fxln="3" ncalls="1">
</function>
<function name="NONTRUSTED_NtWrapS_NvM_SetBlockProtection" path="1" goto="0" vg="1" calling="0" calls="1" param="2" stmt="2" level="1" return="1" vocf="2.2" flin="4" fxln="3" ncalls="1">
</function>
<function name="NONTRUSTED_NtWrapS_NvM_ReadBlock" path="1" goto="0" vg="1" calling="0" calls="1" param="2" stmt="2" level="1" return="1" vocf="2.2" flin="4" fxln="3" ncalls="1">
</function>
<function name="NONTRUSTED_NtWrapS_NvM_InvalidateNvBlock" path="1" goto="0" vg="1" calling="0" calls="1" param="2" stmt="2" level="1" return="1" vocf="1.8" flin="3" fxln="2" ncalls="1">
</function>
<function name="NONTRUSTED_NtWrapS_NvM_GetErrorStatus" path="1" goto="0" vg="1" calling="0" calls="1" param="2" stmt="2" level="1" return="1" vocf="2.5" flin="4" fxln="3" ncalls="1">
</function>
<function name="NONTRUSTED_NtWrapS_NvM_EraseNvBlock" path="1" goto="0" vg="1" calling="0" calls="1" param="2" stmt="2" level="1" return="1" vocf="1.8" flin="3" fxln="2" ncalls="1">
</function>
<function name="NvMProxy_WriteBlock" path="2" goto="0" vg="2" calling="0" calls="3" param="2" stmt="7" level="1" return="1" vocf="2.5" flin="20" fxln="8" ncalls="3">
</function>
<function name="NvMProxy_SetRamBlockStatus" path="2" goto="0" vg="2" calling="0" calls="3" param="2" stmt="7" level="1" return="1" vocf="2.5" flin="20" fxln="8" ncalls="3">
</function>
<function name="NvMProxy_SetDataIndex" path="2" goto="0" vg="2" calling="0" calls="3" param="2" stmt="7" level="1" return="1" vocf="2.5" flin="20" fxln="8" ncalls="3">
</function>
<function name="NvMProxy_SetBlockProtection" path="2" goto="0" vg="2" calling="0" calls="3" param="2" stmt="7" level="1" return="1" vocf="2.5" flin="20" fxln="8" ncalls="3">
</function>
<function name="NvMProxy_RestoreBlockDefaults" path="1" goto="0" vg="1" calling="0" calls="0" param="2" stmt="1" level="1" return="1" vocf="1.0" flin="2" fxln="1" ncalls="0">
</function>
<function name="NvMProxy_ReadBlock" path="2" goto="0" vg="2" calling="0" calls="3" param="2" stmt="7" level="1" return="1" vocf="2.5" flin="20" fxln="8" ncalls="3">
</function>
<function name="NvMProxy_InvalidateNvBlock" path="2" goto="0" vg="2" calling="0" calls="3" param="1" stmt="6" level="1" return="1" vocf="2.3" flin="19" fxln="7" ncalls="3">
</function>
<function name="NvMProxy_GetErrorStatus" path="2" goto="0" vg="2" calling="0" calls="3" param="2" stmt="7" level="1" return="1" vocf="2.7" flin="20" fxln="8" ncalls="3">
</function>
<function name="NvMProxy_GetDataIndex" path="2" goto="0" vg="2" calling="0" calls="3" param="2" stmt="7" level="1" return="1" vocf="2.7" flin="20" fxln="8" ncalls="3">
</function>
<function name="NvMProxy_EraseNvBlock" path="2" goto="0" vg="2" calling="0" calls="3" param="1" stmt="6" level="1" return="1" vocf="2.3" flin="19" fxln="7" ncalls="3">
</function>
</file>
<file name="C:\Component\ES006A_NvM_Impl\src\CDD_NvMProxy.c" total_lines="711" lines_without_cmt="15" comf="100" fco="5">
<function name="NvMProxyInit1" path="1" goto="0" vg="1" calling="0" calls="1" param="0" stmt="6" level="1" return="1" vocf="7.2" flin="16" fxln="6" ncalls="5">
</function>
</file>
</project>
