<?xml version="1.0" encoding="UTF-8"?>

<MISRA-C-Report version="1.3">


<CodeStruct Name="" File="C:\Component\SF052A_SnsrOffsCorrn_Impl\src\SnsrOffsCorrn.c" Line="0" Column="0">

<Rule Name="19.1" Mode="advisory" Report="warning" Id="1">
<Loc File="C:\Component\SF052A_SnsrOffsCorrn_Impl\src\SnsrOffsCorrn.c" Line="200" Column="0">
</Loc>
<Message>
#include statements in a file shall only be preceded by other preprocessor directives or comments.
</Message>
</Rule>

</CodeStruct>

<CodeStruct Name="SnsrOffsCorrnPer1" File="C:\Component\SF052A_SnsrOffsCorrn_Impl\src\SnsrOffsCorrn.c" Line="141" Column="5">

<Rule Name="9.1" Mode="required" Report="warning" Id="2">
<Loc File="C:\Component\SF052A_SnsrOffsCorrn_Impl\src\SnsrOffsCorrn.c" Line="168" Column="50">
</Loc>
<Message>
All automatic variables shall have been assigned a value before being used.
</Message>
</Rule>

<Rule Name="9.1" Mode="required" Report="warning" Id="3">
<Loc File="C:\Component\SF052A_SnsrOffsCorrn_Impl\src\SnsrOffsCorrn.c" Line="169" Column="47">
</Loc>
<Message>
All automatic variables shall have been assigned a value before being used.
</Message>
</Rule>

<Rule Name="9.1" Mode="required" Report="warning" Id="4">
<Loc File="C:\Component\SF052A_SnsrOffsCorrn_Impl\src\SnsrOffsCorrn.c" Line="170" Column="60">
</Loc>
<Message>
All automatic variables shall have been assigned a value before being used.
</Message>
</Rule>

<Rule Name="9.1" Mode="required" Report="warning" Id="5">
<Loc File="C:\Component\SF052A_SnsrOffsCorrn_Impl\src\SnsrOffsCorrn.c" Line="172" Column="40">
</Loc>
<Message>
All automatic variables shall have been assigned a value before being used.
</Message>
</Rule>

<Rule Name="9.1" Mode="required" Report="warning" Id="6">
<Loc File="C:\Component\SF052A_SnsrOffsCorrn_Impl\src\SnsrOffsCorrn.c" Line="173" Column="43">
</Loc>
<Message>
All automatic variables shall have been assigned a value before being used.
</Message>
</Rule>

<Rule Name="9.1" Mode="required" Report="warning" Id="7">
<Loc File="C:\Component\SF052A_SnsrOffsCorrn_Impl\src\SnsrOffsCorrn.c" Line="174" Column="53">
</Loc>
<Message>
All automatic variables shall have been assigned a value before being used.
</Message>
</Rule>

<Rule Name="9.1" Mode="required" Report="warning" Id="8">
<Loc File="C:\Component\SF052A_SnsrOffsCorrn_Impl\src\SnsrOffsCorrn.c" Line="179" Column="40">
</Loc>
<Message>
All automatic variables shall have been assigned a value before being used.
</Message>
</Rule>

<Rule Name="9.1" Mode="required" Report="warning" Id="9">
<Loc File="C:\Component\SF052A_SnsrOffsCorrn_Impl\src\SnsrOffsCorrn.c" Line="180" Column="43">
</Loc>
<Message>
All automatic variables shall have been assigned a value before being used.
</Message>
</Rule>

<Rule Name="9.1" Mode="required" Report="warning" Id="10">
<Loc File="C:\Component\SF052A_SnsrOffsCorrn_Impl\src\SnsrOffsCorrn.c" Line="181" Column="53">
</Loc>
<Message>
All automatic variables shall have been assigned a value before being used.
</Message>
</Rule>

</CodeStruct>

</MISRA-C-Report>
