<?xml version="1.0" encoding="UTF-8"?>
<MISRA-C-Report-Summary>
<File Mode="advisory" Error="0" Warning="1" Total="1">
<Name>
C:\Component\SF052A_SnsrOffsCorrn_Impl\src\SnsrOffsCorrn.c</Name>
</File>
<File Mode="required" Error="0" Warning="9" Total="9">
<Name>
C:\Component\SF052A_SnsrOffsCorrn_Impl\src\SnsrOffsCorrn.c</Name>
</File>
<Rule Name="9.1" Count="9" Mode="required" Severity="warning">
<Message>
All automatic variables shall have been assigned a value before being used.</Message>
</Rule>
<Rule Name="19.1" Count="1" Mode="advisory" Severity="warning">
<Message>
#include statements in a file shall only be preceded by other preprocessor directives or comments.</Message>
</Rule>
</MISRA-C-Report-Summary>
