<?xml version="1.0" encoding="UTF-8"?>

<MISRA-C-Report version="1.3">


<CodeStruct Name="HiLoadStallLimrInit1" File="C:\Component\SF017A_HiLoadStallLimr_Impl\src\HiLoadStallLimr.c" Line="141" Column="5">

<Rule Name="21.1" Mode="required" Report="warning" Id="3">
<Loc File="C:\Component\SF017A_HiLoadStallLimr_Impl\src\HiLoadStallLimr.c" Line="147" Column="121">
</Loc>
<Message>
Minimisation of run-time failures.
</Message>
</Rule>

</CodeStruct>

<CodeStruct Name="" File="C:\Component\SF017A_HiLoadStallLimr_Impl\src\HiLoadStallLimr.c" Line="0" Column="0">

<Rule Name="5.1" Mode="required" Report="warning" Id="1">
<Loc File="C:\Component\SF017A_HiLoadStallLimr_Impl\src\HiLoadStallLimr.c" Line="78" Column="8">
</Loc>
<Message>
Identifiers "PrmHiLoadStallLimrStallMotTqCmdLimY_u8p8" (HiLoadStallLimr.c line 78 column 8) and "PrmHiLoadStallLimrStallMotTqCmdLimX_u8p8" (HiLoadStallLimr.c line 77 column 8) have the same first 34 characters.
</Message>
</Rule>

<Rule Name="19.1" Mode="advisory" Report="warning" Id="2">
<Loc File="C:\Component\SF017A_HiLoadStallLimr_Impl\src\HiLoadStallLimr.c" Line="271" Column="0">
</Loc>
<Message>
#include statements in a file shall only be preceded by other preprocessor directives or comments.
</Message>
</Rule>

</CodeStruct>

<CodeStruct Name="HiLoadStallLimrPer1" File="C:\Component\SF017A_HiLoadStallLimr_Impl\src\HiLoadStallLimr.c" Line="181" Column="5">

<Rule Name="9.1" Mode="required" Report="warning" Id="4">
<Loc File="C:\Component\SF017A_HiLoadStallLimr_Impl\src\HiLoadStallLimr.c" Line="206" Column="17">
</Loc>
<Message>
All automatic variables shall have been assigned a value before being used.
</Message>
</Rule>

<Rule Name="9.1" Mode="required" Report="warning" Id="5">
<Loc File="C:\Component\SF017A_HiLoadStallLimr_Impl\src\HiLoadStallLimr.c" Line="217" Column="42">
</Loc>
<Message>
All automatic variables shall have been assigned a value before being used.
</Message>
</Rule>

<Rule Name="9.1" Mode="required" Report="warning" Id="6">
<Loc File="C:\Component\SF017A_HiLoadStallLimr_Impl\src\HiLoadStallLimr.c" Line="219" Column="81">
</Loc>
<Message>
All automatic variables shall have been assigned a value before being used.
</Message>
</Rule>

<Rule Name="21.1" Mode="required" Report="warning" Id="7">
<Loc File="C:\Component\SF017A_HiLoadStallLimr_Impl\src\HiLoadStallLimr.c" Line="219" Column="146">
</Loc>
<Message>
Minimisation of run-time failures.
</Message>
</Rule>

<Rule Name="11.5" Mode="required" Report="warning" Id="8">
<Loc File="C:\Component\SF017A_HiLoadStallLimr_Impl\src\HiLoadStallLimr.c" Line="219" Column="147">
</Loc>
<Message>
A cast shall not be performed that removes any const or volatile qualification
from the type addressed by a pointer.
</Message>
</Rule>

<Rule Name="21.1" Mode="required" Report="warning" Id="9">
<Loc File="C:\Component\SF017A_HiLoadStallLimr_Impl\src\HiLoadStallLimr.c" Line="227" Column="24">
</Loc>
<Message>
Minimisation of run-time failures.
</Message>
</Rule>

<Rule Name="21.1" Mode="required" Report="warning" Id="10">
<Loc File="C:\Component\SF017A_HiLoadStallLimr_Impl\src\HiLoadStallLimr.c" Line="227" Column="50">
</Loc>
<Message>
Minimisation of run-time failures.
</Message>
</Rule>

<Rule Name="21.1" Mode="required" Report="warning" Id="11">
<Loc File="C:\Component\SF017A_HiLoadStallLimr_Impl\src\HiLoadStallLimr.c" Line="234" Column="24">
</Loc>
<Message>
Minimisation of run-time failures.
</Message>
</Rule>

<Rule Name="11.5" Mode="required" Report="warning" Id="12">
<Loc File="C:\Component\SF017A_HiLoadStallLimr_Impl\src\HiLoadStallLimr.c" Line="238" Column="127">
</Loc>
<Message>
A cast shall not be performed that removes any const or volatile qualification
from the type addressed by a pointer.
</Message>
</Rule>

<Rule Name="11.5" Mode="required" Report="warning" Id="13">
<Loc File="C:\Component\SF017A_HiLoadStallLimr_Impl\src\HiLoadStallLimr.c" Line="239" Column="227">
</Loc>
<Message>
A cast shall not be performed that removes any const or volatile qualification
from the type addressed by a pointer.
</Message>
</Rule>

<Rule Name="12.3" Mode="required" Report="warning" Id="14">
<Loc File="C:\Component\SF017A_HiLoadStallLimr_Impl\src\HiLoadStallLimr.c" Line="240" Column="234">
</Loc>
<Message>
The sizeof operator should not be used on expressions that contain side effects.
</Message>
</Rule>

<Rule Name="11.5" Mode="required" Report="warning" Id="15">
<Loc File="C:\Component\SF017A_HiLoadStallLimr_Impl\src\HiLoadStallLimr.c" Line="240" Column="243">
</Loc>
<Message>
A cast shall not be performed that removes any const or volatile qualification
from the type addressed by a pointer.
</Message>
</Rule>

<Rule Name="12.3" Mode="required" Report="warning" Id="16">
<Loc File="C:\Component\SF017A_HiLoadStallLimr_Impl\src\HiLoadStallLimr.c" Line="240" Column="333">
</Loc>
<Message>
The sizeof operator should not be used on expressions that contain side effects.
</Message>
</Rule>

<Rule Name="11.5" Mode="required" Report="warning" Id="17">
<Loc File="C:\Component\SF017A_HiLoadStallLimr_Impl\src\HiLoadStallLimr.c" Line="240" Column="343">
</Loc>
<Message>
A cast shall not be performed that removes any const or volatile qualification
from the type addressed by a pointer.
</Message>
</Rule>

<Rule Name="21.1" Mode="required" Report="warning" Id="18">
<Loc File="C:\Component\SF017A_HiLoadStallLimr_Impl\src\HiLoadStallLimr.c" Line="244" Column="24">
</Loc>
<Message>
Minimisation of run-time failures.
</Message>
</Rule>

<Rule Name="21.1" Mode="required" Report="warning" Id="19">
<Loc File="C:\Component\SF017A_HiLoadStallLimr_Impl\src\HiLoadStallLimr.c" Line="247" Column="223">
</Loc>
<Message>
Minimisation of run-time failures.
</Message>
</Rule>

</CodeStruct>

</MISRA-C-Report>
