<?xml version="1.0" encoding="UTF-8"?>

<MISRA-C-Report version="1.3">


<CodeStruct Name="" File="C:\Workspace\_EA4\_Components\GM_001A_ChkPt_Impl-kzdyfh\GM_001A_ChkPt_Impl\src\CDD_ChkPtAppl6.c" Line="0" Column="0">

<Rule Name="19.1" Mode="advisory" Report="warning" Id="1">
<Loc File="C:\Workspace\_EA4\_Components\GM_001A_ChkPt_Impl-kzdyfh\GM_001A_ChkPt_Impl\src\CDD_ChkPtAppl6.c" Line="226" Column="0">
</Loc>
<Message>
#include statements in a file shall only be preceded by other preprocessor directives or comments.
</Message>
</Rule>

</CodeStruct>

</MISRA-C-Report>
