<?xml version="1.0" encoding="UTF-8"?>
<MISRA-C-Report-Summary>
<File Mode="advisory" Error="0" Warning="2" Total="2">
<Name>
C:\Component\SF012A_HysCmp_Impl\src\HysCmp.c</Name>
</File>
<File Mode="required" Error="0" Warning="161" Total="161">
<Name>
C:\Component\SF012A_HysCmp_Impl\src\HysCmp.c</Name>
</File>
<Rule Name="11.5" Count="77" Mode="required" Severity="warning">
<Message>
A cast shall not be performed that removes any const or volatile qualification</Message>
</Rule>
<Rule Name="12.3" Count="44" Mode="required" Severity="warning">
<Message>
The sizeof operator should not be used on expressions that contain side effects.</Message>
</Rule>
<Rule Name="21.1" Count="31" Mode="required" Severity="warning">
<Message>
Minimisation of run-time failures.</Message>
</Rule>
<Rule Name="9.1" Count="7" Mode="required" Severity="warning">
<Message>
All automatic variables shall have been assigned a value before being used.</Message>
</Rule>
<Rule Name="19.1" Count="2" Mode="advisory" Severity="warning">
<Message>
#include statements in a file shall only be preceded by other preprocessor directives or comments.</Message>
</Rule>
<Rule Name="19.11" Count="1" Mode="required" Severity="warning">
<Message>
`FLTINJENA' is not defined.</Message>
</Rule>
<Rule Name="5.1" Count="1" Mode="required" Severity="warning">
<Message>
Identifiers "WhlImbRejctnOffFric_HwNwtMtr_T_f32" (HysCmp.c line 533 column 17) a ...</Message>
</Rule>
</MISRA-C-Report-Summary>
