<?xml version="1.0" encoding="UTF-8"?>

<MISRA-C-Report version="1.3">


<CodeStruct Name="" File="C:\component\SF012A_HysCmp_Impl\src\HysCmp.c" Line="0" Column="0">

<Rule Name="19.1" Mode="advisory" Report="warning" Id="1">
<Loc File="C:\component\SF012A_HysCmp_Impl\src\HysCmp.c" Line="237" Column="0">
</Loc>
<Message>
#include statements in a file shall only be preceded by other preprocessor directives or comments.
</Message>
</Rule>

<Rule Name="19.11" Mode="required" Report="warning" Id="2">
<Loc File="C:\component\SF012A_HysCmp_Impl\src\HysCmp.c" Line="402" Column="0">
</Loc>
<Message>
`FLTINJENA' is not defined.
</Message>
</Rule>

<Rule Name="19.1" Mode="advisory" Report="warning" Id="3">
<Loc File="C:\component\SF012A_HysCmp_Impl\src\HysCmp.c" Line="424" Column="0">
</Loc>
<Message>
#include statements in a file shall only be preceded by other preprocessor directives or comments.
</Message>
</Rule>

</CodeStruct>

<CodeStruct Name="MoreCmp" File="C:\component\SF012A_HysCmp_Impl\src\HysCmp.c" Line="436" Column="16">

<Rule Name="21.1" Mode="required" Report="warning" Id="4">
<Loc File="C:\component\SF012A_HysCmp_Impl\src\HysCmp.c" Line="445" Column="55">
</Loc>
<Message>
Minimisation of run-time failures.
</Message>
</Rule>

<Rule Name="21.1" Mode="required" Report="warning" Id="5">
<Loc File="C:\component\SF012A_HysCmp_Impl\src\HysCmp.c" Line="447" Column="91">
</Loc>
<Message>
Minimisation of run-time failures.
</Message>
</Rule>

<Rule Name="11.5" Mode="required" Report="warning" Id="6">
<Loc File="C:\component\SF012A_HysCmp_Impl\src\HysCmp.c" Line="447" Column="92">
</Loc>
<Message>
A cast shall not be performed that removes any const or volatile qualification
from the type addressed by a pointer.
</Message>
</Rule>

<Rule Name="12.3" Mode="required" Report="warning" Id="7">
<Loc File="C:\component\SF012A_HysCmp_Impl\src\HysCmp.c" Line="447" Column="162">
</Loc>
<Message>
The sizeof operator should not be used on expressions that contain side effects.
</Message>
</Rule>

<Rule Name="11.5" Mode="required" Report="warning" Id="8">
<Loc File="C:\component\SF012A_HysCmp_Impl\src\HysCmp.c" Line="447" Column="171">
</Loc>
<Message>
A cast shall not be performed that removes any const or volatile qualification
from the type addressed by a pointer.
</Message>
</Rule>

<Rule Name="12.3" Mode="required" Report="warning" Id="9">
<Loc File="C:\component\SF012A_HysCmp_Impl\src\HysCmp.c" Line="447" Column="233">
</Loc>
<Message>
The sizeof operator should not be used on expressions that contain side effects.
</Message>
</Rule>

<Rule Name="11.5" Mode="required" Report="warning" Id="10">
<Loc File="C:\component\SF012A_HysCmp_Impl\src\HysCmp.c" Line="447" Column="243">
</Loc>
<Message>
A cast shall not be performed that removes any const or volatile qualification
from the type addressed by a pointer.
</Message>
</Rule>

<Rule Name="21.1" Mode="required" Report="warning" Id="11">
<Loc File="C:\component\SF012A_HysCmp_Impl\src\HysCmp.c" Line="448" Column="91">
</Loc>
<Message>
Minimisation of run-time failures.
</Message>
</Rule>

<Rule Name="11.5" Mode="required" Report="warning" Id="12">
<Loc File="C:\component\SF012A_HysCmp_Impl\src\HysCmp.c" Line="448" Column="92">
</Loc>
<Message>
A cast shall not be performed that removes any const or volatile qualification
from the type addressed by a pointer.
</Message>
</Rule>

<Rule Name="12.3" Mode="required" Report="warning" Id="13">
<Loc File="C:\component\SF012A_HysCmp_Impl\src\HysCmp.c" Line="448" Column="162">
</Loc>
<Message>
The sizeof operator should not be used on expressions that contain side effects.
</Message>
</Rule>

<Rule Name="11.5" Mode="required" Report="warning" Id="14">
<Loc File="C:\component\SF012A_HysCmp_Impl\src\HysCmp.c" Line="448" Column="171">
</Loc>
<Message>
A cast shall not be performed that removes any const or volatile qualification
from the type addressed by a pointer.
</Message>
</Rule>

<Rule Name="12.3" Mode="required" Report="warning" Id="15">
<Loc File="C:\component\SF012A_HysCmp_Impl\src\HysCmp.c" Line="448" Column="233">
</Loc>
<Message>
The sizeof operator should not be used on expressions that contain side effects.
</Message>
</Rule>

<Rule Name="11.5" Mode="required" Report="warning" Id="16">
<Loc File="C:\component\SF012A_HysCmp_Impl\src\HysCmp.c" Line="448" Column="243">
</Loc>
<Message>
A cast shall not be performed that removes any const or volatile qualification
from the type addressed by a pointer.
</Message>
</Rule>

<Rule Name="11.5" Mode="required" Report="warning" Id="17">
<Loc File="C:\component\SF012A_HysCmp_Impl\src\HysCmp.c" Line="450" Column="62">
</Loc>
<Message>
A cast shall not be performed that removes any const or volatile qualification
from the type addressed by a pointer.
</Message>
</Rule>

<Rule Name="11.5" Mode="required" Report="warning" Id="18">
<Loc File="C:\component\SF012A_HysCmp_Impl\src\HysCmp.c" Line="451" Column="109">
</Loc>
<Message>
A cast shall not be performed that removes any const or volatile qualification
from the type addressed by a pointer.
</Message>
</Rule>

<Rule Name="12.3" Mode="required" Report="warning" Id="19">
<Loc File="C:\component\SF012A_HysCmp_Impl\src\HysCmp.c" Line="452" Column="116">
</Loc>
<Message>
The sizeof operator should not be used on expressions that contain side effects.
</Message>
</Rule>

<Rule Name="11.5" Mode="required" Report="warning" Id="20">
<Loc File="C:\component\SF012A_HysCmp_Impl\src\HysCmp.c" Line="452" Column="125">
</Loc>
<Message>
A cast shall not be performed that removes any const or volatile qualification
from the type addressed by a pointer.
</Message>
</Rule>

<Rule Name="12.3" Mode="required" Report="warning" Id="21">
<Loc File="C:\component\SF012A_HysCmp_Impl\src\HysCmp.c" Line="452" Column="187">
</Loc>
<Message>
The sizeof operator should not be used on expressions that contain side effects.
</Message>
</Rule>

<Rule Name="11.5" Mode="required" Report="warning" Id="22">
<Loc File="C:\component\SF012A_HysCmp_Impl\src\HysCmp.c" Line="452" Column="197">
</Loc>
<Message>
A cast shall not be performed that removes any const or volatile qualification
from the type addressed by a pointer.
</Message>
</Rule>

</CodeStruct>

<CodeStruct Name="CalcAvlCmp" File="C:\component\SF012A_HysCmp_Impl\src\HysCmp.c" Line="528" Column="15">

<Rule Name="5.1" Mode="required" Report="warning" Id="23">
<Loc File="C:\component\SF012A_HysCmp_Impl\src\HysCmp.c" Line="557" Column="16">
</Loc>
<Message>
Identifiers "WhlImbRejctnOffFric_HwNwtMtr_T_f32" (HysCmp.c line 537 column 17) and "WhlImbRejctnOffFric_HwNwtMtr_T_u9p7" (HysCmp.c line 557 column 16) have the same first 31 characters.
</Message>
</Rule>

<Rule Name="9.1" Mode="required" Report="warning" Id="24">
<Loc File="C:\component\SF012A_HysCmp_Impl\src\HysCmp.c" Line="577" Column="49">
</Loc>
<Message>
All automatic variables shall have been assigned a value before being used.
</Message>
</Rule>

<Rule Name="11.5" Mode="required" Report="warning" Id="25">
<Loc File="C:\component\SF012A_HysCmp_Impl\src\HysCmp.c" Line="580" Column="63">
</Loc>
<Message>
A cast shall not be performed that removes any const or volatile qualification
from the type addressed by a pointer.
</Message>
</Rule>

<Rule Name="11.5" Mode="required" Report="warning" Id="26">
<Loc File="C:\component\SF012A_HysCmp_Impl\src\HysCmp.c" Line="581" Column="114">
</Loc>
<Message>
A cast shall not be performed that removes any const or volatile qualification
from the type addressed by a pointer.
</Message>
</Rule>

<Rule Name="12.3" Mode="required" Report="warning" Id="27">
<Loc File="C:\component\SF012A_HysCmp_Impl\src\HysCmp.c" Line="582" Column="121">
</Loc>
<Message>
The sizeof operator should not be used on expressions that contain side effects.
</Message>
</Rule>

<Rule Name="11.5" Mode="required" Report="warning" Id="28">
<Loc File="C:\component\SF012A_HysCmp_Impl\src\HysCmp.c" Line="582" Column="130">
</Loc>
<Message>
A cast shall not be performed that removes any const or volatile qualification
from the type addressed by a pointer.
</Message>
</Rule>

<Rule Name="12.3" Mode="required" Report="warning" Id="29">
<Loc File="C:\component\SF012A_HysCmp_Impl\src\HysCmp.c" Line="582" Column="205">
</Loc>
<Message>
The sizeof operator should not be used on expressions that contain side effects.
</Message>
</Rule>

<Rule Name="11.5" Mode="required" Report="warning" Id="30">
<Loc File="C:\component\SF012A_HysCmp_Impl\src\HysCmp.c" Line="582" Column="215">
</Loc>
<Message>
A cast shall not be performed that removes any const or volatile qualification
from the type addressed by a pointer.
</Message>
</Rule>

<Rule Name="11.5" Mode="required" Report="warning" Id="31">
<Loc File="C:\component\SF012A_HysCmp_Impl\src\HysCmp.c" Line="587" Column="68">
</Loc>
<Message>
A cast shall not be performed that removes any const or volatile qualification
from the type addressed by a pointer.
</Message>
</Rule>

<Rule Name="11.5" Mode="required" Report="warning" Id="32">
<Loc File="C:\component\SF012A_HysCmp_Impl\src\HysCmp.c" Line="588" Column="114">
</Loc>
<Message>
A cast shall not be performed that removes any const or volatile qualification
from the type addressed by a pointer.
</Message>
</Rule>

<Rule Name="12.3" Mode="required" Report="warning" Id="33">
<Loc File="C:\component\SF012A_HysCmp_Impl\src\HysCmp.c" Line="589" Column="121">
</Loc>
<Message>
The sizeof operator should not be used on expressions that contain side effects.
</Message>
</Rule>

<Rule Name="11.5" Mode="required" Report="warning" Id="34">
<Loc File="C:\component\SF012A_HysCmp_Impl\src\HysCmp.c" Line="589" Column="130">
</Loc>
<Message>
A cast shall not be performed that removes any const or volatile qualification
from the type addressed by a pointer.
</Message>
</Rule>

<Rule Name="12.3" Mode="required" Report="warning" Id="35">
<Loc File="C:\component\SF012A_HysCmp_Impl\src\HysCmp.c" Line="589" Column="205">
</Loc>
<Message>
The sizeof operator should not be used on expressions that contain side effects.
</Message>
</Rule>

<Rule Name="11.5" Mode="required" Report="warning" Id="36">
<Loc File="C:\component\SF012A_HysCmp_Impl\src\HysCmp.c" Line="589" Column="215">
</Loc>
<Message>
A cast shall not be performed that removes any const or volatile qualification
from the type addressed by a pointer.
</Message>
</Rule>

<Rule Name="21.1" Mode="required" Report="warning" Id="37">
<Loc File="C:\component\SF012A_HysCmp_Impl\src\HysCmp.c" Line="595" Column="9">
</Loc>
<Message>
Minimisation of run-time failures.
</Message>
</Rule>

<Rule Name="11.5" Mode="required" Report="warning" Id="38">
<Loc File="C:\component\SF012A_HysCmp_Impl\src\HysCmp.c" Line="598" Column="80">
</Loc>
<Message>
A cast shall not be performed that removes any const or volatile qualification
from the type addressed by a pointer.
</Message>
</Rule>

<Rule Name="11.5" Mode="required" Report="warning" Id="39">
<Loc File="C:\component\SF012A_HysCmp_Impl\src\HysCmp.c" Line="599" Column="148">
</Loc>
<Message>
A cast shall not be performed that removes any const or volatile qualification
from the type addressed by a pointer.
</Message>
</Rule>

<Rule Name="12.3" Mode="required" Report="warning" Id="40">
<Loc File="C:\component\SF012A_HysCmp_Impl\src\HysCmp.c" Line="600" Column="155">
</Loc>
<Message>
The sizeof operator should not be used on expressions that contain side effects.
</Message>
</Rule>

<Rule Name="11.5" Mode="required" Report="warning" Id="41">
<Loc File="C:\component\SF012A_HysCmp_Impl\src\HysCmp.c" Line="600" Column="164">
</Loc>
<Message>
A cast shall not be performed that removes any const or volatile qualification
from the type addressed by a pointer.
</Message>
</Rule>

<Rule Name="12.3" Mode="required" Report="warning" Id="42">
<Loc File="C:\component\SF012A_HysCmp_Impl\src\HysCmp.c" Line="600" Column="239">
</Loc>
<Message>
The sizeof operator should not be used on expressions that contain side effects.
</Message>
</Rule>

<Rule Name="11.5" Mode="required" Report="warning" Id="43">
<Loc File="C:\component\SF012A_HysCmp_Impl\src\HysCmp.c" Line="600" Column="249">
</Loc>
<Message>
A cast shall not be performed that removes any const or volatile qualification
from the type addressed by a pointer.
</Message>
</Rule>

<Rule Name="11.5" Mode="required" Report="warning" Id="44">
<Loc File="C:\component\SF012A_HysCmp_Impl\src\HysCmp.c" Line="603" Column="80">
</Loc>
<Message>
A cast shall not be performed that removes any const or volatile qualification
from the type addressed by a pointer.
</Message>
</Rule>

<Rule Name="11.5" Mode="required" Report="warning" Id="45">
<Loc File="C:\component\SF012A_HysCmp_Impl\src\HysCmp.c" Line="604" Column="147">
</Loc>
<Message>
A cast shall not be performed that removes any const or volatile qualification
from the type addressed by a pointer.
</Message>
</Rule>

<Rule Name="12.3" Mode="required" Report="warning" Id="46">
<Loc File="C:\component\SF012A_HysCmp_Impl\src\HysCmp.c" Line="605" Column="154">
</Loc>
<Message>
The sizeof operator should not be used on expressions that contain side effects.
</Message>
</Rule>

<Rule Name="11.5" Mode="required" Report="warning" Id="47">
<Loc File="C:\component\SF012A_HysCmp_Impl\src\HysCmp.c" Line="605" Column="163">
</Loc>
<Message>
A cast shall not be performed that removes any const or volatile qualification
from the type addressed by a pointer.
</Message>
</Rule>

<Rule Name="12.3" Mode="required" Report="warning" Id="48">
<Loc File="C:\component\SF012A_HysCmp_Impl\src\HysCmp.c" Line="605" Column="238">
</Loc>
<Message>
The sizeof operator should not be used on expressions that contain side effects.
</Message>
</Rule>

<Rule Name="11.5" Mode="required" Report="warning" Id="49">
<Loc File="C:\component\SF012A_HysCmp_Impl\src\HysCmp.c" Line="605" Column="248">
</Loc>
<Message>
A cast shall not be performed that removes any const or volatile qualification
from the type addressed by a pointer.
</Message>
</Rule>

<Rule Name="9.1" Mode="required" Report="warning" Id="50">
<Loc File="C:\component\SF012A_HysCmp_Impl\src\HysCmp.c" Line="608" Column="64">
</Loc>
<Message>
All automatic variables shall have been assigned a value before being used.
</Message>
</Rule>

<Rule Name="11.5" Mode="required" Report="warning" Id="51">
<Loc File="C:\component\SF012A_HysCmp_Impl\src\HysCmp.c" Line="609" Column="80">
</Loc>
<Message>
A cast shall not be performed that removes any const or volatile qualification
from the type addressed by a pointer.
</Message>
</Rule>

<Rule Name="11.5" Mode="required" Report="warning" Id="52">
<Loc File="C:\component\SF012A_HysCmp_Impl\src\HysCmp.c" Line="610" Column="148">
</Loc>
<Message>
A cast shall not be performed that removes any const or volatile qualification
from the type addressed by a pointer.
</Message>
</Rule>

<Rule Name="12.3" Mode="required" Report="warning" Id="53">
<Loc File="C:\component\SF012A_HysCmp_Impl\src\HysCmp.c" Line="611" Column="155">
</Loc>
<Message>
The sizeof operator should not be used on expressions that contain side effects.
</Message>
</Rule>

<Rule Name="11.5" Mode="required" Report="warning" Id="54">
<Loc File="C:\component\SF012A_HysCmp_Impl\src\HysCmp.c" Line="611" Column="164">
</Loc>
<Message>
A cast shall not be performed that removes any const or volatile qualification
from the type addressed by a pointer.
</Message>
</Rule>

<Rule Name="12.3" Mode="required" Report="warning" Id="55">
<Loc File="C:\component\SF012A_HysCmp_Impl\src\HysCmp.c" Line="611" Column="241">
</Loc>
<Message>
The sizeof operator should not be used on expressions that contain side effects.
</Message>
</Rule>

<Rule Name="11.5" Mode="required" Report="warning" Id="56">
<Loc File="C:\component\SF012A_HysCmp_Impl\src\HysCmp.c" Line="611" Column="251">
</Loc>
<Message>
A cast shall not be performed that removes any const or volatile qualification
from the type addressed by a pointer.
</Message>
</Rule>

<Rule Name="9.1" Mode="required" Report="warning" Id="57">
<Loc File="C:\component\SF012A_HysCmp_Impl\src\HysCmp.c" Line="615" Column="62">
</Loc>
<Message>
All automatic variables shall have been assigned a value before being used.
</Message>
</Rule>

<Rule Name="11.5" Mode="required" Report="warning" Id="58">
<Loc File="C:\component\SF012A_HysCmp_Impl\src\HysCmp.c" Line="616" Column="71">
</Loc>
<Message>
A cast shall not be performed that removes any const or volatile qualification
from the type addressed by a pointer.
</Message>
</Rule>

<Rule Name="11.5" Mode="required" Report="warning" Id="59">
<Loc File="C:\component\SF012A_HysCmp_Impl\src\HysCmp.c" Line="617" Column="131">
</Loc>
<Message>
A cast shall not be performed that removes any const or volatile qualification
from the type addressed by a pointer.
</Message>
</Rule>

<Rule Name="12.3" Mode="required" Report="warning" Id="60">
<Loc File="C:\component\SF012A_HysCmp_Impl\src\HysCmp.c" Line="618" Column="138">
</Loc>
<Message>
The sizeof operator should not be used on expressions that contain side effects.
</Message>
</Rule>

<Rule Name="11.5" Mode="required" Report="warning" Id="61">
<Loc File="C:\component\SF012A_HysCmp_Impl\src\HysCmp.c" Line="618" Column="147">
</Loc>
<Message>
A cast shall not be performed that removes any const or volatile qualification
from the type addressed by a pointer.
</Message>
</Rule>

<Rule Name="12.3" Mode="required" Report="warning" Id="62">
<Loc File="C:\component\SF012A_HysCmp_Impl\src\HysCmp.c" Line="618" Column="213">
</Loc>
<Message>
The sizeof operator should not be used on expressions that contain side effects.
</Message>
</Rule>

<Rule Name="11.5" Mode="required" Report="warning" Id="63">
<Loc File="C:\component\SF012A_HysCmp_Impl\src\HysCmp.c" Line="618" Column="223">
</Loc>
<Message>
A cast shall not be performed that removes any const or volatile qualification
from the type addressed by a pointer.
</Message>
</Rule>

<Rule Name="9.1" Mode="required" Report="warning" Id="64">
<Loc File="C:\component\SF012A_HysCmp_Impl\src\HysCmp.c" Line="622" Column="63">
</Loc>
<Message>
All automatic variables shall have been assigned a value before being used.
</Message>
</Rule>

<Rule Name="21.1" Mode="required" Report="warning" Id="65">
<Loc File="C:\component\SF012A_HysCmp_Impl\src\HysCmp.c" Line="624" Column="9">
</Loc>
<Message>
Minimisation of run-time failures.
</Message>
</Rule>

<Rule Name="11.5" Mode="required" Report="warning" Id="66">
<Loc File="C:\component\SF012A_HysCmp_Impl\src\HysCmp.c" Line="627" Column="67">
</Loc>
<Message>
A cast shall not be performed that removes any const or volatile qualification
from the type addressed by a pointer.
</Message>
</Rule>

<Rule Name="11.5" Mode="required" Report="warning" Id="67">
<Loc File="C:\component\SF012A_HysCmp_Impl\src\HysCmp.c" Line="628" Column="123">
</Loc>
<Message>
A cast shall not be performed that removes any const or volatile qualification
from the type addressed by a pointer.
</Message>
</Rule>

<Rule Name="12.3" Mode="required" Report="warning" Id="68">
<Loc File="C:\component\SF012A_HysCmp_Impl\src\HysCmp.c" Line="629" Column="130">
</Loc>
<Message>
The sizeof operator should not be used on expressions that contain side effects.
</Message>
</Rule>

<Rule Name="11.5" Mode="required" Report="warning" Id="69">
<Loc File="C:\component\SF012A_HysCmp_Impl\src\HysCmp.c" Line="629" Column="139">
</Loc>
<Message>
A cast shall not be performed that removes any const or volatile qualification
from the type addressed by a pointer.
</Message>
</Rule>

<Rule Name="12.3" Mode="required" Report="warning" Id="70">
<Loc File="C:\component\SF012A_HysCmp_Impl\src\HysCmp.c" Line="629" Column="214">
</Loc>
<Message>
The sizeof operator should not be used on expressions that contain side effects.
</Message>
</Rule>

<Rule Name="11.5" Mode="required" Report="warning" Id="71">
<Loc File="C:\component\SF012A_HysCmp_Impl\src\HysCmp.c" Line="629" Column="224">
</Loc>
<Message>
A cast shall not be performed that removes any const or volatile qualification
from the type addressed by a pointer.
</Message>
</Rule>

<Rule Name="11.5" Mode="required" Report="warning" Id="72">
<Loc File="C:\component\SF012A_HysCmp_Impl\src\HysCmp.c" Line="640" Column="122">
</Loc>
<Message>
A cast shall not be performed that removes any const or volatile qualification
from the type addressed by a pointer.
</Message>
</Rule>

<Rule Name="12.3" Mode="required" Report="warning" Id="73">
<Loc File="C:\component\SF012A_HysCmp_Impl\src\HysCmp.c" Line="641" Column="129">
</Loc>
<Message>
The sizeof operator should not be used on expressions that contain side effects.
</Message>
</Rule>

<Rule Name="11.5" Mode="required" Report="warning" Id="74">
<Loc File="C:\component\SF012A_HysCmp_Impl\src\HysCmp.c" Line="641" Column="138">
</Loc>
<Message>
A cast shall not be performed that removes any const or volatile qualification
from the type addressed by a pointer.
</Message>
</Rule>

<Rule Name="12.3" Mode="required" Report="warning" Id="75">
<Loc File="C:\component\SF012A_HysCmp_Impl\src\HysCmp.c" Line="641" Column="213">
</Loc>
<Message>
The sizeof operator should not be used on expressions that contain side effects.
</Message>
</Rule>

<Rule Name="11.5" Mode="required" Report="warning" Id="76">
<Loc File="C:\component\SF012A_HysCmp_Impl\src\HysCmp.c" Line="641" Column="223">
</Loc>
<Message>
A cast shall not be performed that removes any const or volatile qualification
from the type addressed by a pointer.
</Message>
</Rule>

<Rule Name="12.3" Mode="required" Report="warning" Id="77">
<Loc File="C:\component\SF012A_HysCmp_Impl\src\HysCmp.c" Line="644" Column="129">
</Loc>
<Message>
The sizeof operator should not be used on expressions that contain side effects.
</Message>
</Rule>

<Rule Name="11.5" Mode="required" Report="warning" Id="78">
<Loc File="C:\component\SF012A_HysCmp_Impl\src\HysCmp.c" Line="644" Column="138">
</Loc>
<Message>
A cast shall not be performed that removes any const or volatile qualification
from the type addressed by a pointer.
</Message>
</Rule>

<Rule Name="12.3" Mode="required" Report="warning" Id="79">
<Loc File="C:\component\SF012A_HysCmp_Impl\src\HysCmp.c" Line="644" Column="209">
</Loc>
<Message>
The sizeof operator should not be used on expressions that contain side effects.
</Message>
</Rule>

<Rule Name="11.5" Mode="required" Report="warning" Id="80">
<Loc File="C:\component\SF012A_HysCmp_Impl\src\HysCmp.c" Line="644" Column="219">
</Loc>
<Message>
A cast shall not be performed that removes any const or volatile qualification
from the type addressed by a pointer.
</Message>
</Rule>

<Rule Name="21.1" Mode="required" Report="warning" Id="81">
<Loc File="C:\component\SF012A_HysCmp_Impl\src\HysCmp.c" Line="648" Column="9">
</Loc>
<Message>
Minimisation of run-time failures.
</Message>
</Rule>

<Rule Name="11.5" Mode="required" Report="warning" Id="82">
<Loc File="C:\component\SF012A_HysCmp_Impl\src\HysCmp.c" Line="650" Column="69">
</Loc>
<Message>
A cast shall not be performed that removes any const or volatile qualification
from the type addressed by a pointer.
</Message>
</Rule>

<Rule Name="11.5" Mode="required" Report="warning" Id="83">
<Loc File="C:\component\SF012A_HysCmp_Impl\src\HysCmp.c" Line="651" Column="125">
</Loc>
<Message>
A cast shall not be performed that removes any const or volatile qualification
from the type addressed by a pointer.
</Message>
</Rule>

<Rule Name="12.3" Mode="required" Report="warning" Id="84">
<Loc File="C:\component\SF012A_HysCmp_Impl\src\HysCmp.c" Line="652" Column="132">
</Loc>
<Message>
The sizeof operator should not be used on expressions that contain side effects.
</Message>
</Rule>

<Rule Name="11.5" Mode="required" Report="warning" Id="85">
<Loc File="C:\component\SF012A_HysCmp_Impl\src\HysCmp.c" Line="652" Column="141">
</Loc>
<Message>
A cast shall not be performed that removes any const or volatile qualification
from the type addressed by a pointer.
</Message>
</Rule>

<Rule Name="12.3" Mode="required" Report="warning" Id="86">
<Loc File="C:\component\SF012A_HysCmp_Impl\src\HysCmp.c" Line="652" Column="210">
</Loc>
<Message>
The sizeof operator should not be used on expressions that contain side effects.
</Message>
</Rule>

<Rule Name="11.5" Mode="required" Report="warning" Id="87">
<Loc File="C:\component\SF012A_HysCmp_Impl\src\HysCmp.c" Line="652" Column="220">
</Loc>
<Message>
A cast shall not be performed that removes any const or volatile qualification
from the type addressed by a pointer.
</Message>
</Rule>

<Rule Name="11.5" Mode="required" Report="warning" Id="88">
<Loc File="C:\component\SF012A_HysCmp_Impl\src\HysCmp.c" Line="655" Column="70">
</Loc>
<Message>
A cast shall not be performed that removes any const or volatile qualification
from the type addressed by a pointer.
</Message>
</Rule>

<Rule Name="11.5" Mode="required" Report="warning" Id="89">
<Loc File="C:\component\SF012A_HysCmp_Impl\src\HysCmp.c" Line="656" Column="126">
</Loc>
<Message>
A cast shall not be performed that removes any const or volatile qualification
from the type addressed by a pointer.
</Message>
</Rule>

<Rule Name="12.3" Mode="required" Report="warning" Id="90">
<Loc File="C:\component\SF012A_HysCmp_Impl\src\HysCmp.c" Line="657" Column="133">
</Loc>
<Message>
The sizeof operator should not be used on expressions that contain side effects.
</Message>
</Rule>

<Rule Name="11.5" Mode="required" Report="warning" Id="91">
<Loc File="C:\component\SF012A_HysCmp_Impl\src\HysCmp.c" Line="657" Column="142">
</Loc>
<Message>
A cast shall not be performed that removes any const or volatile qualification
from the type addressed by a pointer.
</Message>
</Rule>

<Rule Name="12.3" Mode="required" Report="warning" Id="92">
<Loc File="C:\component\SF012A_HysCmp_Impl\src\HysCmp.c" Line="657" Column="208">
</Loc>
<Message>
The sizeof operator should not be used on expressions that contain side effects.
</Message>
</Rule>

<Rule Name="11.5" Mode="required" Report="warning" Id="93">
<Loc File="C:\component\SF012A_HysCmp_Impl\src\HysCmp.c" Line="657" Column="218">
</Loc>
<Message>
A cast shall not be performed that removes any const or volatile qualification
from the type addressed by a pointer.
</Message>
</Rule>

<Rule Name="21.1" Mode="required" Report="warning" Id="94">
<Loc File="C:\component\SF012A_HysCmp_Impl\src\HysCmp.c" Line="662" Column="9">
</Loc>
<Message>
Minimisation of run-time failures.
</Message>
</Rule>

<Rule Name="21.1" Mode="required" Report="warning" Id="95">
<Loc File="C:\component\SF012A_HysCmp_Impl\src\HysCmp.c" Line="666" Column="9">
</Loc>
<Message>
Minimisation of run-time failures.
</Message>
</Rule>

</CodeStruct>

<CodeStruct Name="HysCmpInit1" File="C:\component\SF012A_HysCmp_Impl\src\HysCmp.c" Line="249" Column="5">

<Rule Name="21.1" Mode="required" Report="warning" Id="96">
<Loc File="C:\component\SF012A_HysCmp_Impl\src\HysCmp.c" Line="257" Column="95">
</Loc>
<Message>
Minimisation of run-time failures.
</Message>
</Rule>

</CodeStruct>

<CodeStruct Name="LessCmp" File="C:\component\SF012A_HysCmp_Impl\src\HysCmp.c" Line="469" Column="15">

<Rule Name="21.1" Mode="required" Report="warning" Id="97">
<Loc File="C:\component\SF012A_HysCmp_Impl\src\HysCmp.c" Line="488" Column="91">
</Loc>
<Message>
Minimisation of run-time failures.
</Message>
</Rule>

<Rule Name="11.5" Mode="required" Report="warning" Id="98">
<Loc File="C:\component\SF012A_HysCmp_Impl\src\HysCmp.c" Line="488" Column="92">
</Loc>
<Message>
A cast shall not be performed that removes any const or volatile qualification
from the type addressed by a pointer.
</Message>
</Rule>

<Rule Name="12.3" Mode="required" Report="warning" Id="99">
<Loc File="C:\component\SF012A_HysCmp_Impl\src\HysCmp.c" Line="488" Column="162">
</Loc>
<Message>
The sizeof operator should not be used on expressions that contain side effects.
</Message>
</Rule>

<Rule Name="11.5" Mode="required" Report="warning" Id="100">
<Loc File="C:\component\SF012A_HysCmp_Impl\src\HysCmp.c" Line="488" Column="171">
</Loc>
<Message>
A cast shall not be performed that removes any const or volatile qualification
from the type addressed by a pointer.
</Message>
</Rule>

<Rule Name="12.3" Mode="required" Report="warning" Id="101">
<Loc File="C:\component\SF012A_HysCmp_Impl\src\HysCmp.c" Line="488" Column="233">
</Loc>
<Message>
The sizeof operator should not be used on expressions that contain side effects.
</Message>
</Rule>

<Rule Name="11.5" Mode="required" Report="warning" Id="102">
<Loc File="C:\component\SF012A_HysCmp_Impl\src\HysCmp.c" Line="488" Column="243">
</Loc>
<Message>
A cast shall not be performed that removes any const or volatile qualification
from the type addressed by a pointer.
</Message>
</Rule>

<Rule Name="21.1" Mode="required" Report="warning" Id="103">
<Loc File="C:\component\SF012A_HysCmp_Impl\src\HysCmp.c" Line="489" Column="90">
</Loc>
<Message>
Minimisation of run-time failures.
</Message>
</Rule>

<Rule Name="11.5" Mode="required" Report="warning" Id="104">
<Loc File="C:\component\SF012A_HysCmp_Impl\src\HysCmp.c" Line="489" Column="91">
</Loc>
<Message>
A cast shall not be performed that removes any const or volatile qualification
from the type addressed by a pointer.
</Message>
</Rule>

<Rule Name="12.3" Mode="required" Report="warning" Id="105">
<Loc File="C:\component\SF012A_HysCmp_Impl\src\HysCmp.c" Line="489" Column="161">
</Loc>
<Message>
The sizeof operator should not be used on expressions that contain side effects.
</Message>
</Rule>

<Rule Name="11.5" Mode="required" Report="warning" Id="106">
<Loc File="C:\component\SF012A_HysCmp_Impl\src\HysCmp.c" Line="489" Column="170">
</Loc>
<Message>
A cast shall not be performed that removes any const or volatile qualification
from the type addressed by a pointer.
</Message>
</Rule>

<Rule Name="12.3" Mode="required" Report="warning" Id="107">
<Loc File="C:\component\SF012A_HysCmp_Impl\src\HysCmp.c" Line="489" Column="232">
</Loc>
<Message>
The sizeof operator should not be used on expressions that contain side effects.
</Message>
</Rule>

<Rule Name="11.5" Mode="required" Report="warning" Id="108">
<Loc File="C:\component\SF012A_HysCmp_Impl\src\HysCmp.c" Line="489" Column="242">
</Loc>
<Message>
A cast shall not be performed that removes any const or volatile qualification
from the type addressed by a pointer.
</Message>
</Rule>

<Rule Name="11.5" Mode="required" Report="warning" Id="109">
<Loc File="C:\component\SF012A_HysCmp_Impl\src\HysCmp.c" Line="494" Column="75">
</Loc>
<Message>
A cast shall not be performed that removes any const or volatile qualification
from the type addressed by a pointer.
</Message>
</Rule>

<Rule Name="11.5" Mode="required" Report="warning" Id="110">
<Loc File="C:\component\SF012A_HysCmp_Impl\src\HysCmp.c" Line="495" Column="122">
</Loc>
<Message>
A cast shall not be performed that removes any const or volatile qualification
from the type addressed by a pointer.
</Message>
</Rule>

<Rule Name="12.3" Mode="required" Report="warning" Id="111">
<Loc File="C:\component\SF012A_HysCmp_Impl\src\HysCmp.c" Line="496" Column="129">
</Loc>
<Message>
The sizeof operator should not be used on expressions that contain side effects.
</Message>
</Rule>

<Rule Name="11.5" Mode="required" Report="warning" Id="112">
<Loc File="C:\component\SF012A_HysCmp_Impl\src\HysCmp.c" Line="496" Column="138">
</Loc>
<Message>
A cast shall not be performed that removes any const or volatile qualification
from the type addressed by a pointer.
</Message>
</Rule>

<Rule Name="12.3" Mode="required" Report="warning" Id="113">
<Loc File="C:\component\SF012A_HysCmp_Impl\src\HysCmp.c" Line="496" Column="200">
</Loc>
<Message>
The sizeof operator should not be used on expressions that contain side effects.
</Message>
</Rule>

<Rule Name="11.5" Mode="required" Report="warning" Id="114">
<Loc File="C:\component\SF012A_HysCmp_Impl\src\HysCmp.c" Line="496" Column="210">
</Loc>
<Message>
A cast shall not be performed that removes any const or volatile qualification
from the type addressed by a pointer.
</Message>
</Rule>

<Rule Name="21.1" Mode="required" Report="warning" Id="115">
<Loc File="C:\component\SF012A_HysCmp_Impl\src\HysCmp.c" Line="504" Column="61">
</Loc>
<Message>
Minimisation of run-time failures.
</Message>
</Rule>

<Rule Name="21.1" Mode="required" Report="warning" Id="116">
<Loc File="C:\component\SF012A_HysCmp_Impl\src\HysCmp.c" Line="506" Column="104">
</Loc>
<Message>
Minimisation of run-time failures.
</Message>
</Rule>

<Rule Name="11.5" Mode="required" Report="warning" Id="117">
<Loc File="C:\component\SF012A_HysCmp_Impl\src\HysCmp.c" Line="506" Column="105">
</Loc>
<Message>
A cast shall not be performed that removes any const or volatile qualification
from the type addressed by a pointer.
</Message>
</Rule>

<Rule Name="12.3" Mode="required" Report="warning" Id="118">
<Loc File="C:\component\SF012A_HysCmp_Impl\src\HysCmp.c" Line="506" Column="175">
</Loc>
<Message>
The sizeof operator should not be used on expressions that contain side effects.
</Message>
</Rule>

<Rule Name="11.5" Mode="required" Report="warning" Id="119">
<Loc File="C:\component\SF012A_HysCmp_Impl\src\HysCmp.c" Line="506" Column="184">
</Loc>
<Message>
A cast shall not be performed that removes any const or volatile qualification
from the type addressed by a pointer.
</Message>
</Rule>

<Rule Name="12.3" Mode="required" Report="warning" Id="120">
<Loc File="C:\component\SF012A_HysCmp_Impl\src\HysCmp.c" Line="506" Column="246">
</Loc>
<Message>
The sizeof operator should not be used on expressions that contain side effects.
</Message>
</Rule>

<Rule Name="11.5" Mode="required" Report="warning" Id="121">
<Loc File="C:\component\SF012A_HysCmp_Impl\src\HysCmp.c" Line="506" Column="256">
</Loc>
<Message>
A cast shall not be performed that removes any const or volatile qualification
from the type addressed by a pointer.
</Message>
</Rule>

<Rule Name="21.1" Mode="required" Report="warning" Id="122">
<Loc File="C:\component\SF012A_HysCmp_Impl\src\HysCmp.c" Line="507" Column="100">
</Loc>
<Message>
Minimisation of run-time failures.
</Message>
</Rule>

<Rule Name="11.5" Mode="required" Report="warning" Id="123">
<Loc File="C:\component\SF012A_HysCmp_Impl\src\HysCmp.c" Line="507" Column="101">
</Loc>
<Message>
A cast shall not be performed that removes any const or volatile qualification
from the type addressed by a pointer.
</Message>
</Rule>

<Rule Name="12.3" Mode="required" Report="warning" Id="124">
<Loc File="C:\component\SF012A_HysCmp_Impl\src\HysCmp.c" Line="507" Column="171">
</Loc>
<Message>
The sizeof operator should not be used on expressions that contain side effects.
</Message>
</Rule>

<Rule Name="11.5" Mode="required" Report="warning" Id="125">
<Loc File="C:\component\SF012A_HysCmp_Impl\src\HysCmp.c" Line="507" Column="180">
</Loc>
<Message>
A cast shall not be performed that removes any const or volatile qualification
from the type addressed by a pointer.
</Message>
</Rule>

<Rule Name="12.3" Mode="required" Report="warning" Id="126">
<Loc File="C:\component\SF012A_HysCmp_Impl\src\HysCmp.c" Line="507" Column="242">
</Loc>
<Message>
The sizeof operator should not be used on expressions that contain side effects.
</Message>
</Rule>

<Rule Name="11.5" Mode="required" Report="warning" Id="127">
<Loc File="C:\component\SF012A_HysCmp_Impl\src\HysCmp.c" Line="507" Column="252">
</Loc>
<Message>
A cast shall not be performed that removes any const or volatile qualification
from the type addressed by a pointer.
</Message>
</Rule>

<Rule Name="11.5" Mode="required" Report="warning" Id="128">
<Loc File="C:\component\SF012A_HysCmp_Impl\src\HysCmp.c" Line="509" Column="70">
</Loc>
<Message>
A cast shall not be performed that removes any const or volatile qualification
from the type addressed by a pointer.
</Message>
</Rule>

<Rule Name="11.5" Mode="required" Report="warning" Id="129">
<Loc File="C:\component\SF012A_HysCmp_Impl\src\HysCmp.c" Line="510" Column="122">
</Loc>
<Message>
A cast shall not be performed that removes any const or volatile qualification
from the type addressed by a pointer.
</Message>
</Rule>

<Rule Name="12.3" Mode="required" Report="warning" Id="130">
<Loc File="C:\component\SF012A_HysCmp_Impl\src\HysCmp.c" Line="511" Column="129">
</Loc>
<Message>
The sizeof operator should not be used on expressions that contain side effects.
</Message>
</Rule>

<Rule Name="11.5" Mode="required" Report="warning" Id="131">
<Loc File="C:\component\SF012A_HysCmp_Impl\src\HysCmp.c" Line="511" Column="138">
</Loc>
<Message>
A cast shall not be performed that removes any const or volatile qualification
from the type addressed by a pointer.
</Message>
</Rule>

<Rule Name="12.3" Mode="required" Report="warning" Id="132">
<Loc File="C:\component\SF012A_HysCmp_Impl\src\HysCmp.c" Line="511" Column="200">
</Loc>
<Message>
The sizeof operator should not be used on expressions that contain side effects.
</Message>
</Rule>

<Rule Name="11.5" Mode="required" Report="warning" Id="133">
<Loc File="C:\component\SF012A_HysCmp_Impl\src\HysCmp.c" Line="511" Column="210">
</Loc>
<Message>
A cast shall not be performed that removes any const or volatile qualification
from the type addressed by a pointer.
</Message>
</Rule>

</CodeStruct>

<CodeStruct Name="HysCmpPer1" File="C:\component\SF012A_HysCmp_Impl\src\HysCmp.c" Line="307" Column="5">

<Rule Name="9.1" Mode="required" Report="warning" Id="134">
<Loc File="C:\component\SF012A_HysCmp_Impl\src\HysCmp.c" Line="340" Column="40">
</Loc>
<Message>
All automatic variables shall have been assigned a value before being used.
</Message>
</Rule>

<Rule Name="21.1" Mode="required" Report="warning" Id="135">
<Loc File="C:\component\SF012A_HysCmp_Impl\src\HysCmp.c" Line="341" Column="104">
</Loc>
<Message>
Minimisation of run-time failures.
</Message>
</Rule>

<Rule Name="9.1" Mode="required" Report="warning" Id="136">
<Loc File="C:\component\SF012A_HysCmp_Impl\src\HysCmp.c" Line="342" Column="56">
</Loc>
<Message>
All automatic variables shall have been assigned a value before being used.
</Message>
</Rule>

<Rule Name="9.1" Mode="required" Report="warning" Id="137">
<Loc File="C:\component\SF012A_HysCmp_Impl\src\HysCmp.c" Line="342" Column="78">
</Loc>
<Message>
All automatic variables shall have been assigned a value before being used.
</Message>
</Rule>

<Rule Name="21.1" Mode="required" Report="warning" Id="138">
<Loc File="C:\component\SF012A_HysCmp_Impl\src\HysCmp.c" Line="346" Column="46">
</Loc>
<Message>
Minimisation of run-time failures.
</Message>
</Rule>

<Rule Name="21.1" Mode="required" Report="warning" Id="139">
<Loc File="C:\component\SF012A_HysCmp_Impl\src\HysCmp.c" Line="347" Column="49">
</Loc>
<Message>
Minimisation of run-time failures.
</Message>
</Rule>

<Rule Name="21.1" Mode="required" Report="warning" Id="140">
<Loc File="C:\component\SF012A_HysCmp_Impl\src\HysCmp.c" Line="350" Column="61">
</Loc>
<Message>
Minimisation of run-time failures.
</Message>
</Rule>

<Rule Name="21.1" Mode="required" Report="warning" Id="141">
<Loc File="C:\component\SF012A_HysCmp_Impl\src\HysCmp.c" Line="356" Column="43">
</Loc>
<Message>
Minimisation of run-time failures.
</Message>
</Rule>

<Rule Name="21.1" Mode="required" Report="warning" Id="142">
<Loc File="C:\component\SF012A_HysCmp_Impl\src\HysCmp.c" Line="357" Column="35">
</Loc>
<Message>
Minimisation of run-time failures.
</Message>
</Rule>

<Rule Name="21.1" Mode="required" Report="warning" Id="143">
<Loc File="C:\component\SF012A_HysCmp_Impl\src\HysCmp.c" Line="360" Column="68">
</Loc>
<Message>
Minimisation of run-time failures.
</Message>
</Rule>

<Rule Name="21.1" Mode="required" Report="warning" Id="144">
<Loc File="C:\component\SF012A_HysCmp_Impl\src\HysCmp.c" Line="370" Column="9">
</Loc>
<Message>
Minimisation of run-time failures.
</Message>
</Rule>

<Rule Name="21.1" Mode="required" Report="warning" Id="145">
<Loc File="C:\component\SF012A_HysCmp_Impl\src\HysCmp.c" Line="371" Column="92">
</Loc>
<Message>
Minimisation of run-time failures.
</Message>
</Rule>

<Rule Name="11.5" Mode="required" Report="warning" Id="146">
<Loc File="C:\component\SF012A_HysCmp_Impl\src\HysCmp.c" Line="371" Column="93">
</Loc>
<Message>
A cast shall not be performed that removes any const or volatile qualification
from the type addressed by a pointer.
</Message>
</Rule>

<Rule Name="12.3" Mode="required" Report="warning" Id="147">
<Loc File="C:\component\SF012A_HysCmp_Impl\src\HysCmp.c" Line="371" Column="163">
</Loc>
<Message>
The sizeof operator should not be used on expressions that contain side effects.
</Message>
</Rule>

<Rule Name="11.5" Mode="required" Report="warning" Id="148">
<Loc File="C:\component\SF012A_HysCmp_Impl\src\HysCmp.c" Line="371" Column="172">
</Loc>
<Message>
A cast shall not be performed that removes any const or volatile qualification
from the type addressed by a pointer.
</Message>
</Rule>

<Rule Name="12.3" Mode="required" Report="warning" Id="149">
<Loc File="C:\component\SF012A_HysCmp_Impl\src\HysCmp.c" Line="371" Column="234">
</Loc>
<Message>
The sizeof operator should not be used on expressions that contain side effects.
</Message>
</Rule>

<Rule Name="11.5" Mode="required" Report="warning" Id="150">
<Loc File="C:\component\SF012A_HysCmp_Impl\src\HysCmp.c" Line="371" Column="244">
</Loc>
<Message>
A cast shall not be performed that removes any const or volatile qualification
from the type addressed by a pointer.
</Message>
</Rule>

<Rule Name="21.1" Mode="required" Report="warning" Id="151">
<Loc File="C:\component\SF012A_HysCmp_Impl\src\HysCmp.c" Line="372" Column="92">
</Loc>
<Message>
Minimisation of run-time failures.
</Message>
</Rule>

<Rule Name="11.5" Mode="required" Report="warning" Id="152">
<Loc File="C:\component\SF012A_HysCmp_Impl\src\HysCmp.c" Line="372" Column="93">
</Loc>
<Message>
A cast shall not be performed that removes any const or volatile qualification
from the type addressed by a pointer.
</Message>
</Rule>

<Rule Name="12.3" Mode="required" Report="warning" Id="153">
<Loc File="C:\component\SF012A_HysCmp_Impl\src\HysCmp.c" Line="372" Column="163">
</Loc>
<Message>
The sizeof operator should not be used on expressions that contain side effects.
</Message>
</Rule>

<Rule Name="11.5" Mode="required" Report="warning" Id="154">
<Loc File="C:\component\SF012A_HysCmp_Impl\src\HysCmp.c" Line="372" Column="172">
</Loc>
<Message>
A cast shall not be performed that removes any const or volatile qualification
from the type addressed by a pointer.
</Message>
</Rule>

<Rule Name="12.3" Mode="required" Report="warning" Id="155">
<Loc File="C:\component\SF012A_HysCmp_Impl\src\HysCmp.c" Line="372" Column="234">
</Loc>
<Message>
The sizeof operator should not be used on expressions that contain side effects.
</Message>
</Rule>

<Rule Name="11.5" Mode="required" Report="warning" Id="156">
<Loc File="C:\component\SF012A_HysCmp_Impl\src\HysCmp.c" Line="372" Column="244">
</Loc>
<Message>
A cast shall not be performed that removes any const or volatile qualification
from the type addressed by a pointer.
</Message>
</Rule>

<Rule Name="21.1" Mode="required" Report="warning" Id="157">
<Loc File="C:\component\SF012A_HysCmp_Impl\src\HysCmp.c" Line="379" Column="9">
</Loc>
<Message>
Minimisation of run-time failures.
</Message>
</Rule>

<Rule Name="9.1" Mode="required" Report="warning" Id="158">
<Loc File="C:\component\SF012A_HysCmp_Impl\src\HysCmp.c" Line="386" Column="19">
</Loc>
<Message>
All automatic variables shall have been assigned a value before being used.
</Message>
</Rule>

<Rule Name="21.1" Mode="required" Report="warning" Id="159">
<Loc File="C:\component\SF012A_HysCmp_Impl\src\HysCmp.c" Line="395" Column="68">
</Loc>
<Message>
Minimisation of run-time failures.
</Message>
</Rule>

<Rule Name="21.1" Mode="required" Report="warning" Id="160">
<Loc File="C:\component\SF012A_HysCmp_Impl\src\HysCmp.c" Line="407" Column="9">
</Loc>
<Message>
Minimisation of run-time failures.
</Message>
</Rule>

<Rule Name="21.1" Mode="required" Report="warning" Id="161">
<Loc File="C:\component\SF012A_HysCmp_Impl\src\HysCmp.c" Line="409" Column="9">
</Loc>
<Message>
Minimisation of run-time failures.
</Message>
</Rule>

<Rule Name="21.1" Mode="required" Report="warning" Id="162">
<Loc File="C:\component\SF012A_HysCmp_Impl\src\HysCmp.c" Line="410" Column="9">
</Loc>
<Message>
Minimisation of run-time failures.
</Message>
</Rule>

<Rule Name="21.1" Mode="required" Report="warning" Id="163">
<Loc File="C:\component\SF012A_HysCmp_Impl\src\HysCmp.c" Line="411" Column="9">
</Loc>
<Message>
Minimisation of run-time failures.
</Message>
</Rule>

<Rule Name="21.1" Mode="required" Report="warning" Id="164">
<Loc File="C:\component\SF012A_HysCmp_Impl\src\HysCmp.c" Line="412" Column="9">
</Loc>
<Message>
Minimisation of run-time failures.
</Message>
</Rule>

</CodeStruct>

</MISRA-C-Report>
