<?xml version="1.0" encoding="UTF-8"?>
<MISRA-C-Report-Summary>
<File Mode="advisory" Error="0" Warning="4" Total="4">
<Name>
C:\component\ES005A_TmplMonr_Impl\src\TmplMonr.c</Name>
</File>
<File Mode="required" Error="0" Warning="50" Total="50">
<Name>
C:\component\ES005A_TmplMonr_Impl\src\TmplMonr.c</Name>
</File>
<Rule Name="21.1" Count="37" Mode="required" Severity="warning">
<Message>
Minimisation of run-time failures.</Message>
</Rule>
<Rule Name="9.1" Count="13" Mode="required" Severity="warning">
<Message>
All automatic variables shall have been assigned a value before being used.</Message>
</Rule>
<Rule Name="19.1" Count="4" Mode="advisory" Severity="warning">
<Message>
#include statements in a file shall only be preceded by other preprocessor directives or comments.</Message>
</Rule>
</MISRA-C-Report-Summary>
