<?xml version="1.0" encoding="UTF-8"?>
<Navig version="1.0">
<Files>
<F id="1" n="C:\Program Files\MATLAB\R2013b\polyspace\verifier\cxx\cinclude\stdarg.h"/>
<F id="2" n="C:\Os_Poly\AR201A_ArCplrSuprt_Impl\include\ASR4.0.3\Platform_Types.h"/>
<F id="3" n="C:\Os_Poly\AR200A_ArSuprt_Impl\include\ASR4.0.3\Std_Types.h"/>
<F id="4" n="C:\Os_Poly\CM101A_ExcpnHndlg_Impl\include\CDD_ExcpnHndlg.h"/>
<F id="5" n="C:\Os_Poly\Os\tools\contract\Os.h"/>
<F id="6" n="C:\Os_Poly\Os\src\NxtrOsErrHndlg.c"/>
<F id="7" n="C-STUBS\__polyspace__stdstubs.c"/>
<F id="8" n="C:\Program Files\MATLAB\R2013b\polyspace\verifier\cxx\cinclude\__polyspace__std_decls.h"/>
<F id="9" n="C:\Program Files\MATLAB\R2013b\polyspace\verifier\cxx\cinclude\assert.h"/>
<F id="10" n="C:\Program Files\MATLAB\R2013b\polyspace\verifier\cxx\cinclude\__polyspace__libc_defs.h"/>
<F id="11" n="C:\Component\TL103A_CplrSuprt\tools\contract\PolyspaceEnvironment.h"/>
<F id="12" n="C:\Os_Poly\AR201A_ArCplrSuprt_Impl\include\ASR4.0.3\Compiler.h"/>
<F id="13" n="C:\Os_Poly\AR201A_ArCplrSuprt_Impl\tools\contract\Compiler_Cfg.h"/>
<F id="14" n="C:\Os_Poly\Os\tools\contract\NxtrOsErrHndlg.h"/>
</Files>
<Definitions>
<D id="1" f="7" l="6904" c="14" n="_polyspace_compare_function_type" t="7" d="1"/>
<D id="2" f="7" l="11364" c="21" n="HUGE_VAL" t="1" d="1"/>
<D id="3" f="7" l="11346" c="12" n="_polyspace_random_long_double" t="2" d="1"/>
<D id="4" f="7" l="11365" c="21" n="HUGE_VALF" t="1" d="1"/>
<D id="5" f="7" l="11366" c="21" n="HUGE_VALL" t="1" d="1"/>
<D id="6" f="7" l="12208" c="16" n="__polyspace_absolute_address" t="1" d="1"/>
<D id="7" f="7" l="11348" c="23" n="random" t="4" d="1"/>
<D id="8" f="6" l="31" c="5" n="NxtrOsErrHndlg" t="2" d="1"/>
<D id="9" f="3" l="141" c="2" n="Std_VersionInfoType" t="7" d="1"/>
<D id="10" f="6" l="31" c="31" n="Error" t="4" d="1"/>
<D id="11" f="5" l="22" c="14" n="OSErrorGetosCANError" t="2" d="0"/>
<D id="12" f="7" l="81" c="12" n="ptrdiff_t" t="7" d="1"/>
<D id="13" f="4" l="23" c="15" n="McuDiagc1" t="7" d="1"/>
<D id="14" f="7" l="84" c="21" n="wchar_t" t="7" d="1"/>
<D id="15" f="1" l="45" c="14" n="__va_list" t="7" d="1"/>
<D id="16" f="1" l="50" c="18" n="__gnuc_va_list" t="7" d="1"/>
<D id="17" f="7" l="79" c="21" n="size_t" t="7" d="1"/>
<D id="18" f="7" l="455" c="4" n="errno" t="1" d="1"/>
<D id="19" f="1" l="49" c="18" n="va_list" t="7" d="1"/>
<D id="20" f="3" l="140" c="10" n="sw_patch_version" t="9" d="1"/>
<D id="21" f="4" l="110" c="12" n="ProcNonCritOsErr" t="2" d="0"/>
<D id="22" f="2" l="110" c="31" n="sint8" t="7" d="1"/>
<D id="23" f="2" l="120" c="31" n="uint16_least" t="7" d="1"/>
<D id="24" f="2" l="111" c="31" n="uint8" t="7" d="1"/>
<D id="25" f="2" l="121" c="31" n="sint32_least" t="7" d="1"/>
<D id="26" f="2" l="112" c="31" n="sint16" t="7" d="1"/>
<D id="27" f="2" l="131" c="31" n="float32" t="7" d="1"/>
<D id="28" f="2" l="122" c="31" n="uint32_least" t="7" d="1"/>
<D id="29" f="2" l="113" c="31" n="uint16" t="7" d="1"/>
<D id="30" f="3" l="136" c="10" n="vendorID" t="9" d="1"/>
<D id="31" f="2" l="132" c="31" n="float64" t="7" d="1"/>
<D id="32" f="2" l="114" c="31" n="sint32" t="7" d="1"/>
<D id="33" f="3" l="137" c="10" n="moduleID" t="9" d="1"/>
<D id="34" f="4" l="106" c="12" n="ProcUkwnExcpnErr" t="2" d="0"/>
<D id="35" f="2" l="115" c="31" n="uint32" t="7" d="1"/>
<D id="36" f="3" l="138" c="10" n="sw_major_version" t="9" d="1"/>
<D id="37" f="4" l="107" c="12" n="ProcMpuExcpnErr" t="2" d="0"/>
<D id="38" f="3" l="132" c="14" n="Std_ReturnType" t="7" d="1"/>
<D id="39" f="3" l="125" c="22" n="StatusType" t="7" d="1"/>
<D id="40" f="3" l="139" c="10" n="sw_minor_version" t="9" d="1"/>
<D id="41" f="4" l="108" c="12" n="ProcPrvlgdInstrExcpnErr" t="2" d="0"/>
<D id="42" f="2" l="117" c="31" n="sint8_least" t="7" d="1"/>
<D id="43" f="2" l="108" c="31" n="boolean" t="7" d="1"/>
<D id="44" f="4" l="109" c="12" n="ProcPrmntOsErr" t="2" d="0"/>
<D id="45" f="2" l="118" c="31" n="uint8_least" t="7" d="1"/>
<D id="46" f="2" l="119" c="31" n="sint16_least" t="7" d="1"/>
<D id="47" f="7" l="505" c="23" n="_polyspace_random_ulong" t="5" d="1"/>
<D id="48" f="7" l="512" c="16" n="_polyspace_random_double" t="5" d="1"/>
<D id="49" f="7" l="481" c="23" n="_polyspace_random_uchar" t="5" d="1"/>
<D id="50" f="7" l="473" c="14" n="_polyspace_random_char" t="5" d="1"/>
<D id="51" f="7" l="491" c="24" n="random" t="4" d="1"/>
<D id="52" f="7" l="507" c="34" n="random" t="4" d="1"/>
<D id="53" f="7" l="514" c="27" n="random" t="4" d="1"/>
<D id="54" f="7" l="483" c="34" n="random" t="4" d="1"/>
<D id="55" f="7" l="475" c="25" n="random" t="4" d="1"/>
<D id="56" f="7" l="489" c="13" n="_polyspace_random_int" t="5" d="1"/>
<D id="57" f="7" l="497" c="14" n="_polyspace_random_long" t="5" d="1"/>
<D id="58" f="7" l="3559" c="4" n="__polyspace_nb_varargs" t="1" d="1"/>
<D id="59" f="7" l="499" c="25" n="random" t="4" d="1"/>
<D id="60" f="7" l="3558" c="7" n="__polyspace_vararg" t="1" d="1"/>
</Definitions>
<Uses>
<U id="1" f="7" l="11349" c="9" d="7" a="0"/>
<U id="2" f="5" l="22" c="7" d="29" a="0"/>
<U id="3" f="1" l="50" c="8" d="15" a="0"/>
<U id="4" f="4" l="23" c="8" d="35" a="0"/>
<U id="5" f="1" l="84" c="7" d="19" a="0"/>
<U id="6" f="1" l="49" c="8" d="15" a="0"/>
<U id="7" f="6" l="31" c="20" d="39" a="0"/>
<U id="8" f="3" l="140" c="3" d="24" a="0"/>
<U id="9" f="6" l="43" c="40" d="35" a="0"/>
<U id="10" f="1" l="84" c="39" d="19" a="0"/>
<U id="11" f="4" l="91" c="31" d="13" a="0"/>
<U id="12" f="3" l="136" c="3" d="29" a="0"/>
<U id="13" f="4" l="93" c="31" d="13" a="0"/>
<U id="14" f="6" l="43" c="24" d="37" a="0"/>
<U id="15" f="3" l="137" c="3" d="29" a="0"/>
<U id="16" f="6" l="39" c="49" d="11" a="0"/>
<U id="17" f="6" l="33" c="16" d="11" a="0"/>
<U id="18" f="3" l="138" c="3" d="24" a="0"/>
<U id="19" f="3" l="132" c="8" d="24" a="0"/>
<U id="20" f="3" l="139" c="3" d="24" a="0"/>
<U id="21" f="6" l="39" c="41" d="35" a="0"/>
<U id="22" f="6" l="47" c="24" d="41" a="0"/>
<U id="23" f="6" l="39" c="24" d="34" a="0"/>
<U id="24" f="6" l="43" c="48" d="11" a="0"/>
<U id="25" f="6" l="47" c="56" d="11" a="0"/>
<U id="26" f="6" l="47" c="48" d="35" a="0"/>
<U id="27" f="4" l="110" c="29" d="35" a="0"/>
<U id="28" f="7" l="500" c="11" d="59" a="0"/>
<U id="29" f="4" l="106" c="29" d="35" a="0"/>
<U id="30" f="7" l="515" c="11" d="53" a="0"/>
<U id="31" f="6" l="155" c="39" d="35" a="0"/>
<U id="32" f="7" l="508" c="11" d="52" a="0"/>
<U id="33" f="4" l="92" c="104" d="35" a="0"/>
<U id="34" f="7" l="492" c="11" d="51" a="0"/>
<U id="35" f="7" l="484" c="11" d="54" a="0"/>
<U id="36" f="7" l="476" c="11" d="55" a="0"/>
<U id="37" f="6" l="155" c="24" d="44" a="0"/>
<U id="38" f="6" l="159" c="49" d="11" a="0"/>
<U id="39" f="6" l="159" c="41" d="35" a="0"/>
<U id="40" f="4" l="108" c="36" d="35" a="0"/>
<U id="41" f="4" l="107" c="28" d="35" a="0"/>
<U id="42" f="6" l="159" c="24" d="21" a="0"/>
<U id="43" f="4" l="109" c="27" d="35" a="0"/>
<U id="44" f="6" l="155" c="47" d="11" a="0"/>
</Uses>
<Blocks>
<B id="1" t="case" f="6" l="157" c="16">
<BEGIN l="159" c="24"/>
<END l="160" c="21"/>
</B>
<B id="2" t="case" f="6" l="153" c="16">
<BEGIN l="155" c="24"/>
<END l="156" c="21"/>
</B>
<B id="3" t="case" f="6" l="152" c="16">
<BEGIN l="152" c="29"/>
<END l="152" c="29"/>
</B>
<B id="4" t="case" f="6" l="151" c="16">
<BEGIN l="151" c="29"/>
<END l="151" c="29"/>
</B>
<B id="5" t="case" f="6" l="150" c="16">
<BEGIN l="150" c="29"/>
<END l="150" c="29"/>
</B>
<B id="6" t="case" f="6" l="149" c="16">
<BEGIN l="149" c="29"/>
<END l="149" c="29"/>
</B>
<B id="7" t="case" f="6" l="148" c="16">
<BEGIN l="148" c="29"/>
<END l="148" c="29"/>
</B>
<B id="8" t="case" f="6" l="147" c="16">
<BEGIN l="147" c="29"/>
<END l="147" c="29"/>
</B>
<B id="9" t="case" f="6" l="146" c="16">
<BEGIN l="146" c="29"/>
<END l="146" c="29"/>
</B>
<B id="10" t="case" f="6" l="145" c="16">
<BEGIN l="145" c="29"/>
<END l="145" c="29"/>
</B>
<B id="11" t="case" f="6" l="144" c="16">
<BEGIN l="144" c="29"/>
<END l="144" c="29"/>
</B>
<B id="12" t="case" f="6" l="143" c="16">
<BEGIN l="143" c="29"/>
<END l="143" c="29"/>
</B>
<B id="13" t="case" f="6" l="142" c="16">
<BEGIN l="142" c="29"/>
<END l="142" c="29"/>
</B>
<B id="14" t="case" f="6" l="141" c="16">
<BEGIN l="141" c="29"/>
<END l="141" c="29"/>
</B>
<B id="15" t="case" f="6" l="140" c="16">
<BEGIN l="140" c="29"/>
<END l="140" c="29"/>
</B>
<B id="16" t="case" f="6" l="139" c="16">
<BEGIN l="139" c="29"/>
<END l="139" c="29"/>
</B>
<B id="17" t="case" f="6" l="138" c="16">
<BEGIN l="138" c="29"/>
<END l="138" c="29"/>
</B>
<B id="18" t="case" f="6" l="137" c="16">
<BEGIN l="137" c="29"/>
<END l="137" c="29"/>
</B>
<B id="19" t="case" f="6" l="136" c="16">
<BEGIN l="136" c="29"/>
<END l="136" c="29"/>
</B>
<B id="20" t="case" f="6" l="135" c="16">
<BEGIN l="135" c="29"/>
<END l="135" c="29"/>
</B>
<B id="21" t="case" f="6" l="134" c="16">
<BEGIN l="134" c="29"/>
<END l="134" c="29"/>
</B>
<B id="22" t="case" f="6" l="133" c="16">
<BEGIN l="133" c="29"/>
<END l="133" c="29"/>
</B>
<B id="23" t="case" f="6" l="132" c="16">
<BEGIN l="132" c="29"/>
<END l="132" c="29"/>
</B>
<B id="24" t="case" f="6" l="131" c="16">
<BEGIN l="131" c="29"/>
<END l="131" c="29"/>
</B>
<B id="25" t="case" f="6" l="130" c="16">
<BEGIN l="130" c="29"/>
<END l="130" c="29"/>
</B>
<B id="26" t="case" f="6" l="129" c="16">
<BEGIN l="129" c="29"/>
<END l="129" c="29"/>
</B>
<B id="27" t="case" f="6" l="128" c="16">
<BEGIN l="128" c="29"/>
<END l="128" c="29"/>
</B>
<B id="28" t="case" f="6" l="127" c="16">
<BEGIN l="127" c="29"/>
<END l="127" c="29"/>
</B>
<B id="29" t="case" f="6" l="126" c="16">
<BEGIN l="126" c="29"/>
<END l="126" c="29"/>
</B>
<B id="30" t="case" f="6" l="125" c="16">
<BEGIN l="125" c="29"/>
<END l="125" c="29"/>
</B>
<B id="31" t="case" f="6" l="124" c="16">
<BEGIN l="124" c="29"/>
<END l="124" c="29"/>
</B>
<B id="32" t="case" f="6" l="123" c="16">
<BEGIN l="123" c="29"/>
<END l="123" c="29"/>
</B>
<B id="33" t="case" f="6" l="122" c="16">
<BEGIN l="122" c="29"/>
<END l="122" c="29"/>
</B>
<B id="34" t="case" f="6" l="121" c="16">
<BEGIN l="121" c="29"/>
<END l="121" c="29"/>
</B>
<B id="35" t="case" f="6" l="120" c="16">
<BEGIN l="120" c="29"/>
<END l="120" c="29"/>
</B>
<B id="36" t="case" f="6" l="119" c="16">
<BEGIN l="119" c="29"/>
<END l="119" c="29"/>
</B>
<B id="37" t="case" f="6" l="118" c="16">
<BEGIN l="118" c="29"/>
<END l="118" c="29"/>
</B>
<B id="38" t="case" f="6" l="117" c="16">
<BEGIN l="117" c="29"/>
<END l="117" c="29"/>
</B>
<B id="39" t="case" f="6" l="116" c="16">
<BEGIN l="116" c="29"/>
<END l="116" c="29"/>
</B>
<B id="40" t="case" f="6" l="115" c="16">
<BEGIN l="115" c="29"/>
<END l="115" c="29"/>
</B>
<B id="41" t="case" f="6" l="114" c="16">
<BEGIN l="114" c="29"/>
<END l="114" c="29"/>
</B>
<B id="42" t="case" f="6" l="113" c="16">
<BEGIN l="113" c="29"/>
<END l="113" c="29"/>
</B>
<B id="43" t="case" f="6" l="112" c="16">
<BEGIN l="112" c="29"/>
<END l="112" c="29"/>
</B>
<B id="44" t="case" f="6" l="111" c="16">
<BEGIN l="111" c="29"/>
<END l="111" c="29"/>
</B>
<B id="45" t="case" f="6" l="110" c="16">
<BEGIN l="110" c="29"/>
<END l="110" c="29"/>
</B>
<B id="46" t="case" f="6" l="109" c="16">
<BEGIN l="109" c="29"/>
<END l="109" c="29"/>
</B>
<B id="47" t="case" f="6" l="108" c="16">
<BEGIN l="108" c="29"/>
<END l="108" c="29"/>
</B>
<B id="48" t="case" f="6" l="107" c="16">
<BEGIN l="107" c="29"/>
<END l="107" c="29"/>
</B>
<B id="49" t="case" f="6" l="106" c="16">
<BEGIN l="106" c="29"/>
<END l="106" c="29"/>
</B>
<B id="50" t="case" f="6" l="105" c="16">
<BEGIN l="105" c="29"/>
<END l="105" c="29"/>
</B>
<B id="51" t="case" f="6" l="104" c="16">
<BEGIN l="104" c="29"/>
<END l="104" c="29"/>
</B>
<B id="52" t="case" f="6" l="103" c="16">
<BEGIN l="103" c="29"/>
<END l="103" c="29"/>
</B>
<B id="53" t="case" f="6" l="102" c="16">
<BEGIN l="102" c="29"/>
<END l="102" c="29"/>
</B>
<B id="54" t="case" f="6" l="101" c="16">
<BEGIN l="101" c="29"/>
<END l="101" c="29"/>
</B>
<B id="55" t="case" f="6" l="100" c="16">
<BEGIN l="100" c="29"/>
<END l="100" c="29"/>
</B>
<B id="56" t="case" f="6" l="99" c="16">
<BEGIN l="99" c="29"/>
<END l="99" c="29"/>
</B>
<B id="57" t="case" f="6" l="98" c="16">
<BEGIN l="98" c="29"/>
<END l="98" c="29"/>
</B>
<B id="58" t="case" f="6" l="97" c="16">
<BEGIN l="97" c="29"/>
<END l="97" c="29"/>
</B>
<B id="59" t="case" f="6" l="96" c="16">
<BEGIN l="96" c="29"/>
<END l="96" c="29"/>
</B>
<B id="60" t="case" f="6" l="95" c="16">
<BEGIN l="95" c="29"/>
<END l="95" c="29"/>
</B>
<B id="61" t="case" f="6" l="94" c="16">
<BEGIN l="94" c="29"/>
<END l="94" c="29"/>
</B>
<B id="62" t="case" f="6" l="93" c="16">
<BEGIN l="93" c="29"/>
<END l="93" c="29"/>
</B>
<B id="63" t="case" f="6" l="92" c="16">
<BEGIN l="92" c="29"/>
<END l="92" c="29"/>
</B>
<B id="64" t="case" f="6" l="91" c="16">
<BEGIN l="91" c="29"/>
<END l="91" c="29"/>
</B>
<B id="65" t="case" f="6" l="90" c="16">
<BEGIN l="90" c="29"/>
<END l="90" c="29"/>
</B>
<B id="66" t="case" f="6" l="89" c="16">
<BEGIN l="89" c="29"/>
<END l="89" c="29"/>
</B>
<B id="67" t="case" f="6" l="88" c="16">
<BEGIN l="88" c="29"/>
<END l="88" c="29"/>
</B>
<B id="68" t="case" f="6" l="87" c="16">
<BEGIN l="87" c="29"/>
<END l="87" c="29"/>
</B>
<B id="69" t="case" f="6" l="86" c="16">
<BEGIN l="86" c="29"/>
<END l="86" c="29"/>
</B>
<B id="70" t="case" f="6" l="85" c="16">
<BEGIN l="85" c="29"/>
<END l="85" c="29"/>
</B>
<B id="71" t="case" f="6" l="84" c="16">
<BEGIN l="84" c="29"/>
<END l="84" c="29"/>
</B>
<B id="72" t="case" f="6" l="83" c="16">
<BEGIN l="83" c="29"/>
<END l="83" c="29"/>
</B>
<B id="73" t="case" f="6" l="82" c="16">
<BEGIN l="82" c="29"/>
<END l="82" c="29"/>
</B>
<B id="74" t="case" f="6" l="81" c="16">
<BEGIN l="81" c="29"/>
<END l="81" c="29"/>
</B>
<B id="75" t="case" f="6" l="80" c="16">
<BEGIN l="80" c="29"/>
<END l="80" c="29"/>
</B>
<B id="76" t="case" f="6" l="79" c="16">
<BEGIN l="79" c="29"/>
<END l="79" c="29"/>
</B>
<B id="77" t="case" f="6" l="78" c="16">
<BEGIN l="78" c="29"/>
<END l="78" c="29"/>
</B>
<B id="78" t="case" f="6" l="77" c="16">
<BEGIN l="77" c="29"/>
<END l="77" c="29"/>
</B>
<B id="79" t="case" f="6" l="76" c="16">
<BEGIN l="76" c="29"/>
<END l="76" c="29"/>
</B>
<B id="80" t="case" f="6" l="75" c="16">
<BEGIN l="75" c="29"/>
<END l="75" c="29"/>
</B>
<B id="81" t="case" f="6" l="74" c="16">
<BEGIN l="74" c="29"/>
<END l="74" c="29"/>
</B>
<B id="82" t="case" f="6" l="73" c="16">
<BEGIN l="73" c="29"/>
<END l="73" c="29"/>
</B>
<B id="83" t="case" f="6" l="72" c="16">
<BEGIN l="72" c="29"/>
<END l="72" c="29"/>
</B>
<B id="84" t="case" f="6" l="71" c="16">
<BEGIN l="71" c="29"/>
<END l="71" c="29"/>
</B>
<B id="85" t="case" f="6" l="70" c="16">
<BEGIN l="70" c="29"/>
<END l="70" c="29"/>
</B>
<B id="86" t="case" f="6" l="69" c="16">
<BEGIN l="69" c="29"/>
<END l="69" c="29"/>
</B>
<B id="87" t="case" f="6" l="68" c="16">
<BEGIN l="68" c="29"/>
<END l="68" c="29"/>
</B>
<B id="88" t="case" f="6" l="67" c="16">
<BEGIN l="67" c="29"/>
<END l="67" c="29"/>
</B>
<B id="89" t="case" f="6" l="66" c="16">
<BEGIN l="66" c="29"/>
<END l="66" c="29"/>
</B>
<B id="90" t="case" f="6" l="65" c="16">
<BEGIN l="65" c="29"/>
<END l="65" c="29"/>
</B>
<B id="91" t="case" f="6" l="64" c="16">
<BEGIN l="64" c="29"/>
<END l="64" c="29"/>
</B>
<B id="92" t="case" f="6" l="63" c="16">
<BEGIN l="63" c="29"/>
<END l="63" c="29"/>
</B>
<B id="93" t="case" f="6" l="62" c="16">
<BEGIN l="62" c="29"/>
<END l="62" c="29"/>
</B>
<B id="94" t="case" f="6" l="61" c="16">
<BEGIN l="61" c="29"/>
<END l="61" c="29"/>
</B>
<B id="95" t="case" f="6" l="60" c="16">
<BEGIN l="60" c="29"/>
<END l="60" c="29"/>
</B>
<B id="96" t="case" f="6" l="59" c="16">
<BEGIN l="59" c="29"/>
<END l="59" c="29"/>
</B>
<B id="97" t="case" f="6" l="58" c="16">
<BEGIN l="58" c="29"/>
<END l="58" c="29"/>
</B>
<B id="98" t="case" f="6" l="57" c="16">
<BEGIN l="57" c="29"/>
<END l="57" c="29"/>
</B>
<B id="99" t="case" f="6" l="56" c="16">
<BEGIN l="56" c="29"/>
<END l="56" c="29"/>
</B>
<B id="100" t="case" f="6" l="55" c="16">
<BEGIN l="55" c="29"/>
<END l="55" c="29"/>
</B>
<B id="101" t="case" f="6" l="54" c="16">
<BEGIN l="54" c="29"/>
<END l="54" c="29"/>
</B>
<B id="102" t="case" f="6" l="53" c="16">
<BEGIN l="53" c="29"/>
<END l="53" c="29"/>
</B>
<B id="103" t="case" f="6" l="52" c="16">
<BEGIN l="52" c="29"/>
<END l="52" c="29"/>
</B>
<B id="104" t="case" f="6" l="51" c="16">
<BEGIN l="51" c="29"/>
<END l="51" c="29"/>
</B>
<B id="105" t="case" f="6" l="50" c="16">
<BEGIN l="50" c="29"/>
<END l="50" c="29"/>
</B>
<B id="106" t="case" f="6" l="49" c="16">
<BEGIN l="49" c="29"/>
<END l="49" c="29"/>
</B>
<B id="107" t="case" f="6" l="45" c="16">
<BEGIN l="47" c="24"/>
<END l="48" c="21"/>
</B>
<B id="108" t="case" f="6" l="41" c="16">
<BEGIN l="43" c="24"/>
<END l="44" c="21"/>
</B>
<B id="109" t="case" f="6" l="37" c="16">
<BEGIN l="39" c="24"/>
<END l="40" c="21"/>
</B>
<B id="110" t="case" f="6" l="36" c="16">
<BEGIN l="36" c="29"/>
<END l="36" c="29"/>
</B>
<B id="111" t="case" f="6" l="35" c="16">
<BEGIN l="35" c="29"/>
<END l="35" c="29"/>
</B>
<B id="112" t="switch" f="6" l="33" c="8">
<BEGIN l="34" c="8"/>
<END l="161" c="8"/>
<CASE d="1"/>
<CASE d="2"/>
<CASE d="3"/>
<CASE d="4"/>
<CASE d="5"/>
<CASE d="6"/>
<CASE d="7"/>
<CASE d="8"/>
<CASE d="9"/>
<CASE d="10"/>
<CASE d="11"/>
<CASE d="12"/>
<CASE d="13"/>
<CASE d="14"/>
<CASE d="15"/>
<CASE d="16"/>
<CASE d="17"/>
<CASE d="18"/>
<CASE d="19"/>
<CASE d="20"/>
<CASE d="21"/>
<CASE d="22"/>
<CASE d="23"/>
<CASE d="24"/>
<CASE d="25"/>
<CASE d="26"/>
<CASE d="27"/>
<CASE d="28"/>
<CASE d="29"/>
<CASE d="30"/>
<CASE d="31"/>
<CASE d="32"/>
<CASE d="33"/>
<CASE d="34"/>
<CASE d="35"/>
<CASE d="36"/>
<CASE d="37"/>
<CASE d="38"/>
<CASE d="39"/>
<CASE d="40"/>
<CASE d="41"/>
<CASE d="42"/>
<CASE d="43"/>
<CASE d="44"/>
<CASE d="45"/>
<CASE d="46"/>
<CASE d="47"/>
<CASE d="48"/>
<CASE d="49"/>
<CASE d="50"/>
<CASE d="51"/>
<CASE d="52"/>
<CASE d="53"/>
<CASE d="54"/>
<CASE d="55"/>
<CASE d="56"/>
<CASE d="57"/>
<CASE d="58"/>
<CASE d="59"/>
<CASE d="60"/>
<CASE d="61"/>
<CASE d="62"/>
<CASE d="63"/>
<CASE d="64"/>
<CASE d="65"/>
<CASE d="66"/>
<CASE d="67"/>
<CASE d="68"/>
<CASE d="69"/>
<CASE d="70"/>
<CASE d="71"/>
<CASE d="72"/>
<CASE d="73"/>
<CASE d="74"/>
<CASE d="75"/>
<CASE d="76"/>
<CASE d="77"/>
<CASE d="78"/>
<CASE d="79"/>
<CASE d="80"/>
<CASE d="81"/>
<CASE d="82"/>
<CASE d="83"/>
<CASE d="84"/>
<CASE d="85"/>
<CASE d="86"/>
<CASE d="87"/>
<CASE d="88"/>
<CASE d="89"/>
<CASE d="90"/>
<CASE d="91"/>
<CASE d="92"/>
<CASE d="93"/>
<CASE d="94"/>
<CASE d="95"/>
<CASE d="96"/>
<CASE d="97"/>
<CASE d="98"/>
<CASE d="99"/>
<CASE d="100"/>
<CASE d="101"/>
<CASE d="102"/>
<CASE d="103"/>
<CASE d="104"/>
<CASE d="105"/>
<CASE d="106"/>
<CASE d="107"/>
<CASE d="108"/>
<CASE d="109"/>
<CASE d="110"/>
<CASE d="111"/>
</B>
<B id="113" t="routine" f="6" l="31" c="5">
<BEGIN l="32" c="0"/>
<END l="162" c="0"/>
<SUB d="112"/>
</B>
<B id="114" t="ppcif" f="8" l="15" c="0">
<BEGIN l="15" c="27"/>
<END l="330" c="0"/>
</B>
<B id="115" t="ppcif" f="8" l="25" c="0">
<BEGIN l="25" c="19"/>
<END l="155" c="0"/>
</B>
<B id="116" t="ppcrmif" f="8" l="46" c="0">
<BEGIN l="46" c="93"/>
<END l="91" c="0"/>
</B>
<B id="117" t="ppcrmif" f="8" l="94" c="0">
<BEGIN l="94" c="91"/>
<END l="153" c="0"/>
</B>
<B id="118" t="ppcrmelse" f="8" l="155" c="0">
<BEGIN l="155" c="35"/>
<END l="328" c="0"/>
</B>
<B id="119" t="ppcif" f="9" l="11" c="0">
<BEGIN l="11" c="27"/>
<END l="36" c="0"/>
</B>
<B id="120" t="ppcrmif" f="9" l="14" c="0">
<BEGIN l="14" c="19"/>
<END l="29" c="0"/>
</B>
<B id="121" t="ppcelse" f="9" l="29" c="0">
<BEGIN l="29" c="5"/>
<END l="33" c="0"/>
</B>
<B id="122" t="ppcif" f="1" l="22" c="0">
<BEGIN l="22" c="17"/>
<END l="109" c="0"/>
</B>
<B id="123" t="ppcrmif" f="1" l="39" c="0">
<BEGIN l="39" c="66"/>
<END l="43" c="0"/>
</B>
<B id="124" t="ppcelse" f="1" l="43" c="0">
<BEGIN l="43" c="60"/>
<END l="47" c="0"/>
</B>
<B id="125" t="ppcrmif" f="1" l="52" c="0">
<BEGIN l="52" c="18"/>
<END l="58" c="0"/>
</B>
<B id="126" t="ppcrmif" f="1" l="62" c="0">
<BEGIN l="62" c="33"/>
<END l="80" c="0"/>
</B>
<B id="127" t="ppcelse" f="1" l="80" c="0">
<BEGIN l="80" c="31"/>
<END l="93" c="0"/>
</B>
<B id="128" t="ppcrmif" f="1" l="96" c="0">
<BEGIN l="96" c="14"/>
<END l="106" c="0"/>
</B>
<B id="129" t="ppcif" f="10" l="3" c="0">
<BEGIN l="3" c="29"/>
<END l="348" c="0"/>
</B>
<B id="130" t="ppcif" f="10" l="61" c="0">
<BEGIN l="63" c="27"/>
<END l="66" c="0"/>
</B>
<B id="131" t="ppcrmif" f="10" l="165" c="0">
<BEGIN l="165" c="17"/>
<END l="206" c="0"/>
</B>
<B id="132" t="ppcrmif" f="10" l="209" c="0">
<BEGIN l="209" c="37"/>
<END l="211" c="0"/>
</B>
<B id="133" t="ppcrmif" f="10" l="213" c="0">
<BEGIN l="213" c="44"/>
<END l="321" c="0"/>
</B>
<B id="134" t="ppcif" f="10" l="323" c="0">
<BEGIN l="323" c="18"/>
<END l="346" c="0"/>
</B>
<B id="135" t="ppcrmif" f="10" l="326" c="0">
<BEGIN l="326" c="18"/>
<END l="328" c="0"/>
</B>
<B id="136" t="ppcrmif" f="10" l="329" c="0">
<BEGIN l="329" c="63"/>
<END l="331" c="0"/>
</B>
<B id="137" t="ppcrmif" f="10" l="332" c="0">
<BEGIN l="332" c="64"/>
<END l="334" c="0"/>
</B>
<B id="138" t="ppcrmif" f="10" l="335" c="0">
<BEGIN l="335" c="16"/>
<END l="340" c="0"/>
</B>
<B id="139" t="ppcif" f="10" l="343" c="0">
<BEGIN l="343" c="57"/>
<END l="345" c="0"/>
</B>
<B id="140" t="type" f="3" l="135" c="0">
<BEGIN l="135" c="0"/>
<END l="141" c="0"/>
</B>
<B id="141" t="ppcif" f="3" l="56" c="0">
<BEGIN l="56" c="19"/>
<END l="154" c="0"/>
</B>
<B id="142" t="ppcif" f="3" l="122" c="0">
<BEGIN l="122" c="26"/>
<END l="126" c="0"/>
</B>
<B id="143" t="ppcif" f="2" l="45" c="0">
<BEGIN l="45" c="24"/>
<END l="146" c="0"/>
</B>
<B id="144" t="ppcif" f="2" l="84" c="0">
<BEGIN l="84" c="13"/>
<END l="86" c="0"/>
</B>
<B id="145" t="ppcif" f="2" l="88" c="0">
<BEGIN l="88" c="14"/>
<END l="90" c="0"/>
</B>
<B id="146" t="ppcrmif" f="2" l="124" c="0">
<BEGIN l="124" c="26"/>
<END l="130" c="0"/>
</B>
<B id="147" t="ppcelse" f="2" l="130" c="0">
<BEGIN l="130" c="6"/>
<END l="133" c="0"/>
</B>
<B id="148" t="ppcif" f="12" l="47" c="0">
<BEGIN l="47" c="18"/>
<END l="219" c="0"/>
</B>
<B id="149" t="ppcif" f="12" l="95" c="0">
<BEGIN l="95" c="17"/>
<END l="97" c="0"/>
</B>
<B id="150" t="ppcif" f="13" l="19" c="0">
<BEGIN l="19" c="22"/>
<END l="23" c="0"/>
</B>
<B id="151" t="ppcif" f="5" l="19" c="0">
<BEGIN l="19" c="12"/>
<END l="565" c="0"/>
</B>
<B id="152" t="ppcif" f="4" l="19" c="0">
<BEGIN l="19" c="24"/>
<END l="112" c="0"/>
</B>
<B id="153" t="ppcif" f="14" l="20" c="0">
<BEGIN l="20" c="24"/>
<END l="31" c="0"/>
</B>
</Blocks>
</Navig>
