<?pst parser version="1.0" encoding="UTF-8"?>
<DiffFile>
<Header>
--
-- File created by Polyspace / Comments Diff
-- Copyright 1999-2016 MathWorks, Inc.
--
</Header>

<File Name="" NewName="NxtrMath.h">
    <Added/>
</File>

<File Name="" NewName="None">
    <Added/>
</File>

<File Name="" NewName="__polyspace__stdstubs.c">
    <Added/>
</File>

<File Name="" NewName="__polyspace_global_defects">
    <Added/>
</File>

<File Name="CDD_Tauj1CfgAndUse.c" NewName="CDD_Tauj1CfgAndUse.c">
</File>
</DiffFile>
