<?xml version="1.0" encoding="UTF-8"?>

<project name="Polyspace" files="1" includes="23" ap_cg_cycle="0" ap_cg_direct_cycle="0" pshv="0" unpshv="0">
<file name="C:\component\CF009A_GmOvrlStMgr_Impl\src\GmOvrlStMgr.c" total_lines="2663" lines_without_cmt="1270" comf="19" fco="152">
<function name="EscFlt" path="2" goto="0" vg="2" calling="1" calls="0" param="2" stmt="4" level="1" return="1" vocf="2.1" flin="8" fxln="3" ncalls="0">
</function>
<function name="ApaNrcvrlFlt" path="2" goto="0" vg="2" calling="1" calls="0" param="2" stmt="4" level="1" return="1" vocf="2.1" flin="8" fxln="3" ncalls="0">
</function>
<function name="HaptcFbPostStrtUp" path="22" goto="0" vg="8" calling="1" calls="15" param="9" stmt="29" level="4" return="0" vocf="5.3" flin="71" fxln="36" ncalls="18">
</function>
<function name="EnHaptcFb" path="2" goto="0" vg="2" calling="1" calls="4" param="3" stmt="6" level="1" return="0" vocf="2.5" flin="12" fxln="6" ncalls="4">
</function>
<function name="TranHaptcWaitToApaStActvFlg" path="3" goto="0" vg="3" calling="1" calls="3" param="0" stmt="7" level="2" return="1" vocf="2.7" flin="18" fxln="7" ncalls="3">
</function>
<function name="HaptcStTranActvToWaitFlg" path="3" goto="0" vg="3" calling="1" calls="3" param="0" stmt="7" level="2" return="1" vocf="2.8" flin="18" fxln="7" ncalls="3">
</function>
<function name="LKAIntv" path="6" goto="0" vg="6" calling="1" calls="9" param="2" stmt="22" level="4" return="1" vocf="6.0" flin="56" fxln="27" ncalls="17">
</function>
<function name="LkaPrmntFlt" path="6" goto="0" vg="4" calling="1" calls="0" param="1" stmt="9" level="2" return="1" vocf="3.4" flin="22" fxln="9" ncalls="0">
</function>
<function name="HwTqFildChk" path="2" goto="0" vg="2" calling="1" calls="4" param="1" stmt="5" level="1" return="1" vocf="2.2" flin="16" fxln="7" ncalls="4">
</function>
<function name="InctIgnCntrOnce" path="2" goto="0" vg="2" calling="1" calls="1" param="1" stmt="4" level="1" return="0" vocf="2.2" flin="6" fxln="4" ncalls="1">
</function>
<function name="HwAgServo" path="4" goto="0" vg="4" calling="1" calls="0" param="5" stmt="12" level="2" return="1" vocf="3.6" flin="30" fxln="15" ncalls="0">
</function>
<function name="EscStTran" path="15" goto="0" vg="15" calling="1" calls="1" param="9" stmt="28" level="5" return="0" vocf="7.7" flin="88" fxln="42" ncalls="2">
</function>
<function name="LkaStTran" path="19" goto="0" vg="11" calling="1" calls="2" param="13" stmt="21" level="4" return="0" vocf="6.5" flin="79" fxln="43" ncalls="4">
</function>
<function name="ApaCtrlAvlExitCdnsChk" path="15" goto="0" vg="15" calling="1" calls="2" param="12" stmt="31" level="5" return="0" vocf="7.3" flin="103" fxln="54" ncalls="2">
</function>
<function name="ApaActvExitCdnsChk" path="3" goto="0" vg="3" calling="1" calls="1" param="9" stmt="4" level="2" return="0" vocf="2.7" flin="15" fxln="9" ncalls="1">
</function>
<function name="ApaTmpInhbExitCdnsChk" path="2" goto="0" vg="2" calling="1" calls="1" param="8" stmt="2" level="1" return="0" vocf="2.3" flin="11" fxln="7" ncalls="1">
</function>
<function name="ApaRcvrlFltChk" path="2" goto="0" vg="2" calling="1" calls="0" param="3" stmt="4" level="1" return="1" vocf="2.6" flin="14" fxln="7" ncalls="0">
</function>
<function name="LkaInhbChk" path="2" goto="0" vg="2" calling="1" calls="0" param="4" stmt="4" level="1" return="1" vocf="2.9" flin="15" fxln="8" ncalls="0">
</function>
<function name="LkaFltActvChk" path="2" goto="0" vg="2" calling="1" calls="0" param="8" stmt="4" level="1" return="1" vocf="3.8" flin="19" fxln="12" ncalls="0">
</function>
<function name="HaptcEnaDurnElpdChk" path="6" goto="0" vg="4" calling="1" calls="3" param="1" stmt="10" level="2" return="1" vocf="3.2" flin="23" fxln="9" ncalls="3">
</function>
<function name="ApaIntv" path="24" goto="0" vg="6" calling="1" calls="6" param="1" stmt="16" level="2" return="1" vocf="4.0" flin="43" fxln="17" ncalls="6">
</function>
<function name="ShiftLvrRvsTmrElpdChk" path="6" goto="0" vg="4" calling="1" calls="3" param="1" stmt="10" level="2" return="1" vocf="3.3" flin="23" fxln="9" ncalls="3">
</function>
<function name="VehStandStillTmrElpdChk" path="12" goto="0" vg="5" calling="1" calls="4" param="1" stmt="13" level="2" return="1" vocf="3.5" flin="33" fxln="13" ncalls="4">
</function>
<function name="SetGmLoaIgnCntr_Oper" path="1" goto="0" vg="1" calling="0" calls="1" param="1" stmt="2" level="1" return="0" vocf="1.6" flin="9" fxln="2" ncalls="1">
</function>
<function name="GmOvrlStMgrPer1" path="288" goto="0" vg="12" calling="0" calls="78" param="0" stmt="109" level="3" return="0" vocf="6.6" flin="370" fxln="191" ncalls="82">
</function>
<function name="GmOvrlStMgrInit1" path="8" goto="0" vg="4" calling="0" calls="10" param="0" stmt="24" level="1" return="0" vocf="5.6" flin="57" fxln="26" ncalls="19">
</function>
<function name="GetGmLoaIgnCntr_Oper" path="1" goto="0" vg="1" calling="0" calls="0" param="1" stmt="1" level="1" return="0" vocf="1.4" flin="8" fxln="1" ncalls="0">
</function>
<function name="FixdToFloat_f32_u32" path="1" goto="0" vg="1" calling="0" calls="0" param="2" stmt="1" level="1" return="1" vocf="1.9" flin="0" fxln="0" ncalls="0">
</function>
<function name="FixdToFloat_f32_u16" path="1" goto="0" vg="1" calling="1" calls="0" param="2" stmt="1" level="1" return="1" vocf="1.9" flin="0" fxln="0" ncalls="0">
</function>
<function name="FixdToFloat_f32_s32" path="1" goto="0" vg="1" calling="0" calls="0" param="2" stmt="1" level="1" return="1" vocf="1.9" flin="0" fxln="0" ncalls="0">
</function>
<function name="FixdToFloat_f32_s16" path="1" goto="0" vg="1" calling="0" calls="0" param="2" stmt="1" level="1" return="1" vocf="1.9" flin="0" fxln="0" ncalls="0">
</function>
<function name="FloatToFixd_u32_f32" path="1" goto="0" vg="1" calling="0" calls="0" param="2" stmt="1" level="1" return="1" vocf="2.1" flin="0" fxln="0" ncalls="0">
</function>
<function name="FloatToFixd_u16_f32" path="1" goto="0" vg="1" calling="1" calls="0" param="2" stmt="1" level="1" return="1" vocf="2.0" flin="0" fxln="0" ncalls="0">
</function>
<function name="FloatToFixd_s32_f32" path="1" goto="0" vg="1" calling="0" calls="0" param="2" stmt="1" level="1" return="1" vocf="1.9" flin="0" fxln="0" ncalls="0">
</function>
<function name="FloatToFixd_s16_f32" path="1" goto="0" vg="1" calling="0" calls="0" param="2" stmt="1" level="1" return="1" vocf="2.0" flin="0" fxln="0" ncalls="0">
</function>
<function name="FloatToFixdWithRound_u32_f32" path="1" goto="0" vg="1" calling="0" calls="0" param="2" stmt="1" level="1" return="1" vocf="1.9" flin="0" fxln="0" ncalls="0">
</function>
<function name="FloatToFixdWithRound_u16_f32" path="1" goto="0" vg="1" calling="0" calls="0" param="2" stmt="1" level="1" return="1" vocf="2.0" flin="0" fxln="0" ncalls="0">
</function>
<function name="FloatToFixdWithRound_s32_f32" path="1" goto="0" vg="2" calling="0" calls="0" param="2" stmt="1" level="1" return="1" vocf="2.8" flin="0" fxln="0" ncalls="0">
</function>
<function name="FloatToFixdWithRound_s16_f32" path="1" goto="0" vg="2" calling="0" calls="0" param="2" stmt="1" level="1" return="1" vocf="5.6" flin="0" fxln="0" ncalls="0">
</function>
<function name="FilHpInit" path="1" goto="0" vg="1" calling="0" calls="2" param="4" stmt="2" level="1" return="0" vocf="2.1" flin="0" fxln="0" ncalls="2">
</function>
<function name="FilHpUpdOutp_f32" path="1" goto="0" vg="1" calling="0" calls="1" param="2" stmt="1" level="1" return="1" vocf="1.8" flin="0" fxln="0" ncalls="1">
</function>
<function name="FilHpUpdGain" path="1" goto="0" vg="1" calling="1" calls="3" param="3" stmt="2" level="1" return="0" vocf="2.7" flin="0" fxln="0" ncalls="3">
</function>
<function name="FilLpInit" path="1" goto="0" vg="1" calling="2" calls="1" param="4" stmt="2" level="1" return="0" vocf="1.7" flin="0" fxln="0" ncalls="1">
</function>
<function name="FilLpUpdOutp_f32" path="1" goto="0" vg="1" calling="4" calls="0" param="2" stmt="2" level="1" return="1" vocf="2.0" flin="0" fxln="0" ncalls="0">
</function>
<function name="FilLpUpdGain" path="1" goto="0" vg="1" calling="2" calls="1" param="3" stmt="1" level="1" return="0" vocf="4.2" flin="0" fxln="0" ncalls="1">
</function>
<function name="SinLookup" path="8" goto="0" vg="4" calling="0" calls="0" param="1" stmt="15" level="1" return="1" vocf="2.1" flin="0" fxln="0" ncalls="0">
</function>
<function name="SinCos_f32" path="16" goto="0" vg="17" calling="0" calls="0" param="3" stmt="56" level="1" return="0" vocf="10.8" flin="0" fxln="0" ncalls="0">
</function>
<function name="Mod_f32" path="1" goto="0" vg="1" calling="0" calls="1" param="2" stmt="1" level="1" return="1" vocf="1.7" flin="0" fxln="0" ncalls="1">
</function>
<function name="Sqrt_f32" path="1" goto="0" vg="1" calling="1" calls="1" param="1" stmt="1" level="1" return="1" vocf="1.5" flin="0" fxln="0" ncalls="1">
</function>
<function name="Exp_f32" path="1" goto="0" vg="1" calling="2" calls="1" param="1" stmt="1" level="1" return="1" vocf="1.5" flin="0" fxln="0" ncalls="1">
</function>
<function name="Cos_f32" path="1" goto="0" vg="1" calling="0" calls="1" param="1" stmt="1" level="1" return="1" vocf="1.5" flin="0" fxln="0" ncalls="1">
</function>
<function name="Sin_f32" path="1" goto="0" vg="1" calling="0" calls="1" param="1" stmt="1" level="1" return="1" vocf="1.5" flin="0" fxln="0" ncalls="1">
</function>
<function name="Arctan2_f32" path="1" goto="0" vg="1" calling="0" calls="1" param="2" stmt="1" level="1" return="1" vocf="1.7" flin="0" fxln="0" ncalls="1">
</function>
<function name="Lim_f32" path="1" goto="0" vg="3" calling="1" calls="0" param="3" stmt="1" level="1" return="1" vocf="3.1" flin="0" fxln="0" ncalls="0">
</function>
<function name="Lim_u32" path="1" goto="0" vg="3" calling="0" calls="0" param="3" stmt="1" level="1" return="1" vocf="3.1" flin="0" fxln="0" ncalls="0">
</function>
<function name="Lim_s32" path="1" goto="0" vg="3" calling="0" calls="0" param="3" stmt="1" level="1" return="1" vocf="3.1" flin="0" fxln="0" ncalls="0">
</function>
<function name="Lim_u16" path="1" goto="0" vg="3" calling="0" calls="0" param="3" stmt="1" level="1" return="1" vocf="3.1" flin="0" fxln="0" ncalls="0">
</function>
<function name="Lim_s16" path="1" goto="0" vg="3" calling="0" calls="0" param="3" stmt="1" level="1" return="1" vocf="3.1" flin="0" fxln="0" ncalls="0">
</function>
<function name="Lim_u08" path="1" goto="0" vg="3" calling="0" calls="0" param="3" stmt="1" level="1" return="1" vocf="3.1" flin="0" fxln="0" ncalls="0">
</function>
<function name="Lim_s08" path="1" goto="0" vg="3" calling="0" calls="0" param="3" stmt="1" level="1" return="1" vocf="3.1" flin="0" fxln="0" ncalls="0">
</function>
<function name="Max_f32" path="1" goto="0" vg="2" calling="0" calls="0" param="2" stmt="1" level="1" return="1" vocf="2.2" flin="0" fxln="0" ncalls="0">
</function>
<function name="Max_u32" path="1" goto="0" vg="2" calling="0" calls="0" param="2" stmt="1" level="1" return="1" vocf="2.2" flin="0" fxln="0" ncalls="0">
</function>
<function name="Max_s32" path="1" goto="0" vg="2" calling="0" calls="0" param="2" stmt="1" level="1" return="1" vocf="2.2" flin="0" fxln="0" ncalls="0">
</function>
<function name="Max_u16" path="1" goto="0" vg="2" calling="0" calls="0" param="2" stmt="1" level="1" return="1" vocf="2.2" flin="0" fxln="0" ncalls="0">
</function>
<function name="Max_s16" path="1" goto="0" vg="2" calling="0" calls="0" param="2" stmt="1" level="1" return="1" vocf="2.2" flin="0" fxln="0" ncalls="0">
</function>
<function name="Max_u08" path="1" goto="0" vg="2" calling="0" calls="0" param="2" stmt="1" level="1" return="1" vocf="2.2" flin="0" fxln="0" ncalls="0">
</function>
<function name="Max_s08" path="1" goto="0" vg="2" calling="0" calls="0" param="2" stmt="1" level="1" return="1" vocf="2.2" flin="0" fxln="0" ncalls="0">
</function>
<function name="Min_f32" path="1" goto="0" vg="2" calling="0" calls="0" param="2" stmt="1" level="1" return="1" vocf="2.2" flin="0" fxln="0" ncalls="0">
</function>
<function name="Min_u32" path="1" goto="0" vg="2" calling="0" calls="0" param="2" stmt="1" level="1" return="1" vocf="2.2" flin="0" fxln="0" ncalls="0">
</function>
<function name="Min_s32" path="1" goto="0" vg="2" calling="0" calls="0" param="2" stmt="1" level="1" return="1" vocf="2.2" flin="0" fxln="0" ncalls="0">
</function>
<function name="Min_u16" path="1" goto="0" vg="2" calling="0" calls="0" param="2" stmt="1" level="1" return="1" vocf="2.2" flin="0" fxln="0" ncalls="0">
</function>
<function name="Min_s16" path="1" goto="0" vg="2" calling="0" calls="0" param="2" stmt="1" level="1" return="1" vocf="2.2" flin="0" fxln="0" ncalls="0">
</function>
<function name="Min_u08" path="1" goto="0" vg="2" calling="0" calls="0" param="2" stmt="1" level="1" return="1" vocf="2.2" flin="0" fxln="0" ncalls="0">
</function>
<function name="Min_s08" path="1" goto="0" vg="2" calling="0" calls="0" param="2" stmt="1" level="1" return="1" vocf="2.2" flin="0" fxln="0" ncalls="0">
</function>
<function name="Sign_s08_f32" path="1" goto="0" vg="2" calling="1" calls="0" param="1" stmt="1" level="1" return="1" vocf="2.2" flin="0" fxln="0" ncalls="0">
</function>
<function name="Sign_s08_s32" path="1" goto="0" vg="2" calling="0" calls="0" param="1" stmt="1" level="1" return="1" vocf="2.2" flin="0" fxln="0" ncalls="0">
</function>
<function name="Sign_s08_s16" path="1" goto="0" vg="2" calling="0" calls="0" param="1" stmt="1" level="1" return="1" vocf="2.2" flin="0" fxln="0" ncalls="0">
</function>
<function name="Sign_s08_s08" path="1" goto="0" vg="2" calling="0" calls="0" param="1" stmt="1" level="1" return="1" vocf="2.3" flin="0" fxln="0" ncalls="0">
</function>
<function name="Abslt_f32_f32" path="1" goto="0" vg="1" calling="3" calls="1" param="1" stmt="1" level="1" return="1" vocf="1.5" flin="0" fxln="0" ncalls="1">
</function>
<function name="Abslt_u32_s32" path="1" goto="0" vg="2" calling="0" calls="0" param="1" stmt="1" level="1" return="1" vocf="2.8" flin="0" fxln="0" ncalls="0">
</function>
<function name="Abslt_u16_s16" path="1" goto="0" vg="2" calling="0" calls="0" param="1" stmt="1" level="1" return="1" vocf="2.8" flin="0" fxln="0" ncalls="0">
</function>
<function name="Abslt_u08_s08" path="1" goto="0" vg="2" calling="0" calls="0" param="1" stmt="1" level="1" return="1" vocf="2.8" flin="0" fxln="0" ncalls="0">
</function>
<function name="Blnd_f32" path="1" goto="0" vg="1" calling="0" calls="0" param="3" stmt="1" level="1" return="1" vocf="6.4" flin="0" fxln="0" ncalls="0">
</function>
</file>
</project>
