<?xml version="1.0" encoding="UTF-8"?>

<MISRA-C-Report version="1.3">


<CodeStruct Name="" File="C:\Component\SF019B_PwrLimr_Impl\src\PwrLimr.c" Line="0" Column="0">

<Rule Name="19.1" Mode="advisory" Report="warning" Id="1">
<Loc File="C:\Component\SF019B_PwrLimr_Impl\src\PwrLimr.c" Line="1229" Column="0">
</Loc>
<Message>
#include statements in a file shall only be preceded by other preprocessor directives or comments.
</Message>
</Rule>

</CodeStruct>

<CodeStruct Name="PwrLimrPer1" File="C:\Component\SF019B_PwrLimr_Impl\src\PwrLimr.c" Line="815" Column="5">

<Rule Name="9.1" Mode="required" Report="warning" Id="2">
<Loc File="C:\Component\SF019B_PwrLimr_Impl\src\PwrLimr.c" Line="879" Column="39">
</Loc>
<Message>
All automatic variables shall have been assigned a value before being used.
</Message>
</Rule>

<Rule Name="21.1" Mode="required" Report="warning" Id="3">
<Loc File="C:\Component\SF019B_PwrLimr_Impl\src\PwrLimr.c" Line="880" Column="33">
</Loc>
<Message>
Minimisation of run-time failures.
</Message>
</Rule>

<Rule Name="11.5" Mode="required" Report="warning" Id="4">
<Loc File="C:\Component\SF019B_PwrLimr_Impl\src\PwrLimr.c" Line="880" Column="34">
</Loc>
<Message>
A cast shall not be performed that removes any const or volatile qualification
from the type addressed by a pointer.
</Message>
</Rule>

<Rule Name="21.1" Mode="required" Report="warning" Id="5">
<Loc File="C:\Component\SF019B_PwrLimr_Impl\src\PwrLimr.c" Line="880" Column="122">
</Loc>
<Message>
Minimisation of run-time failures.
</Message>
</Rule>

<Rule Name="21.1" Mode="required" Report="warning" Id="6">
<Loc File="C:\Component\SF019B_PwrLimr_Impl\src\PwrLimr.c" Line="888" Column="4">
</Loc>
<Message>
Minimisation of run-time failures.
</Message>
</Rule>

<Rule Name="21.1" Mode="required" Report="warning" Id="7">
<Loc File="C:\Component\SF019B_PwrLimr_Impl\src\PwrLimr.c" Line="888" Column="22">
</Loc>
<Message>
Minimisation of run-time failures.
</Message>
</Rule>

<Rule Name="9.1" Mode="required" Report="warning" Id="8">
<Loc File="C:\Component\SF019B_PwrLimr_Impl\src\PwrLimr.c" Line="891" Column="7">
</Loc>
<Message>
All automatic variables shall have been assigned a value before being used.
</Message>
</Rule>

<Rule Name="21.1" Mode="required" Report="warning" Id="9">
<Loc File="C:\Component\SF019B_PwrLimr_Impl\src\PwrLimr.c" Line="901" Column="9">
</Loc>
<Message>
Minimisation of run-time failures.
</Message>
</Rule>

<Rule Name="9.1" Mode="required" Report="warning" Id="10">
<Loc File="C:\Component\SF019B_PwrLimr_Impl\src\PwrLimr.c" Line="906" Column="57">
</Loc>
<Message>
All automatic variables shall have been assigned a value before being used.
</Message>
</Rule>

<Rule Name="11.5" Mode="required" Report="warning" Id="11">
<Loc File="C:\Component\SF019B_PwrLimr_Impl\src\PwrLimr.c" Line="908" Column="72">
</Loc>
<Message>
A cast shall not be performed that removes any const or volatile qualification
from the type addressed by a pointer.
</Message>
</Rule>

<Rule Name="11.5" Mode="required" Report="warning" Id="12">
<Loc File="C:\Component\SF019B_PwrLimr_Impl\src\PwrLimr.c" Line="909" Column="72">
</Loc>
<Message>
A cast shall not be performed that removes any const or volatile qualification
from the type addressed by a pointer.
</Message>
</Rule>

<Rule Name="12.3" Mode="required" Report="warning" Id="13">
<Loc File="C:\Component\SF019B_PwrLimr_Impl\src\PwrLimr.c" Line="910" Column="79">
</Loc>
<Message>
The sizeof operator should not be used on expressions that contain side effects.
</Message>
</Rule>

<Rule Name="11.5" Mode="required" Report="warning" Id="14">
<Loc File="C:\Component\SF019B_PwrLimr_Impl\src\PwrLimr.c" Line="910" Column="88">
</Loc>
<Message>
A cast shall not be performed that removes any const or volatile qualification
from the type addressed by a pointer.
</Message>
</Rule>

<Rule Name="12.3" Mode="required" Report="warning" Id="15">
<Loc File="C:\Component\SF019B_PwrLimr_Impl\src\PwrLimr.c" Line="910" Column="165">
</Loc>
<Message>
The sizeof operator should not be used on expressions that contain side effects.
</Message>
</Rule>

<Rule Name="11.5" Mode="required" Report="warning" Id="16">
<Loc File="C:\Component\SF019B_PwrLimr_Impl\src\PwrLimr.c" Line="910" Column="175">
</Loc>
<Message>
A cast shall not be performed that removes any const or volatile qualification
from the type addressed by a pointer.
</Message>
</Rule>

<Rule Name="21.1" Mode="required" Report="warning" Id="17">
<Loc File="C:\Component\SF019B_PwrLimr_Impl\src\PwrLimr.c" Line="916" Column="4">
</Loc>
<Message>
Minimisation of run-time failures.
</Message>
</Rule>

<Rule Name="21.1" Mode="required" Report="warning" Id="18">
<Loc File="C:\Component\SF019B_PwrLimr_Impl\src\PwrLimr.c" Line="922" Column="45">
</Loc>
<Message>
Minimisation of run-time failures.
</Message>
</Rule>

<Rule Name="21.1" Mode="required" Report="warning" Id="19">
<Loc File="C:\Component\SF019B_PwrLimr_Impl\src\PwrLimr.c" Line="929" Column="4">
</Loc>
<Message>
Minimisation of run-time failures.
</Message>
</Rule>

<Rule Name="21.1" Mode="required" Report="warning" Id="20">
<Loc File="C:\Component\SF019B_PwrLimr_Impl\src\PwrLimr.c" Line="932" Column="4">
</Loc>
<Message>
Minimisation of run-time failures.
</Message>
</Rule>

<Rule Name="9.1" Mode="required" Report="warning" Id="21">
<Loc File="C:\Component\SF019B_PwrLimr_Impl\src\PwrLimr.c" Line="935" Column="60">
</Loc>
<Message>
All automatic variables shall have been assigned a value before being used.
</Message>
</Rule>

<Rule Name="21.1" Mode="required" Report="warning" Id="22">
<Loc File="C:\Component\SF019B_PwrLimr_Impl\src\PwrLimr.c" Line="936" Column="4">
</Loc>
<Message>
Minimisation of run-time failures.
</Message>
</Rule>

<Rule Name="21.1" Mode="required" Report="warning" Id="23">
<Loc File="C:\Component\SF019B_PwrLimr_Impl\src\PwrLimr.c" Line="940" Column="4">
</Loc>
<Message>
Minimisation of run-time failures.
</Message>
</Rule>

<Rule Name="11.5" Mode="required" Report="warning" Id="24">
<Loc File="C:\Component\SF019B_PwrLimr_Impl\src\PwrLimr.c" Line="947" Column="71">
</Loc>
<Message>
A cast shall not be performed that removes any const or volatile qualification
from the type addressed by a pointer.
</Message>
</Rule>

<Rule Name="11.5" Mode="required" Report="warning" Id="25">
<Loc File="C:\Component\SF019B_PwrLimr_Impl\src\PwrLimr.c" Line="948" Column="70">
</Loc>
<Message>
A cast shall not be performed that removes any const or volatile qualification
from the type addressed by a pointer.
</Message>
</Rule>

<Rule Name="12.3" Mode="required" Report="warning" Id="26">
<Loc File="C:\Component\SF019B_PwrLimr_Impl\src\PwrLimr.c" Line="949" Column="77">
</Loc>
<Message>
The sizeof operator should not be used on expressions that contain side effects.
</Message>
</Rule>

<Rule Name="11.5" Mode="required" Report="warning" Id="27">
<Loc File="C:\Component\SF019B_PwrLimr_Impl\src\PwrLimr.c" Line="949" Column="86">
</Loc>
<Message>
A cast shall not be performed that removes any const or volatile qualification
from the type addressed by a pointer.
</Message>
</Rule>

<Rule Name="12.3" Mode="required" Report="warning" Id="28">
<Loc File="C:\Component\SF019B_PwrLimr_Impl\src\PwrLimr.c" Line="949" Column="160">
</Loc>
<Message>
The sizeof operator should not be used on expressions that contain side effects.
</Message>
</Rule>

<Rule Name="11.5" Mode="required" Report="warning" Id="29">
<Loc File="C:\Component\SF019B_PwrLimr_Impl\src\PwrLimr.c" Line="949" Column="170">
</Loc>
<Message>
A cast shall not be performed that removes any const or volatile qualification
from the type addressed by a pointer.
</Message>
</Rule>

<Rule Name="21.1" Mode="required" Report="warning" Id="30">
<Loc File="C:\Component\SF019B_PwrLimr_Impl\src\PwrLimr.c" Line="955" Column="4">
</Loc>
<Message>
Minimisation of run-time failures.
</Message>
</Rule>

<Rule Name="9.1" Mode="required" Report="warning" Id="31">
<Loc File="C:\Component\SF019B_PwrLimr_Impl\src\PwrLimr.c" Line="958" Column="8">
</Loc>
<Message>
All automatic variables shall have been assigned a value before being used.
</Message>
</Rule>

<Rule Name="9.1" Mode="required" Report="warning" Id="32">
<Loc File="C:\Component\SF019B_PwrLimr_Impl\src\PwrLimr.c" Line="960" Column="45">
</Loc>
<Message>
All automatic variables shall have been assigned a value before being used.
</Message>
</Rule>

<Rule Name="9.1" Mode="required" Report="warning" Id="33">
<Loc File="C:\Component\SF019B_PwrLimr_Impl\src\PwrLimr.c" Line="964" Column="45">
</Loc>
<Message>
All automatic variables shall have been assigned a value before being used.
</Message>
</Rule>

<Rule Name="21.1" Mode="required" Report="warning" Id="34">
<Loc File="C:\Component\SF019B_PwrLimr_Impl\src\PwrLimr.c" Line="968" Column="4">
</Loc>
<Message>
Minimisation of run-time failures.
</Message>
</Rule>

<Rule Name="11.5" Mode="required" Report="warning" Id="35">
<Loc File="C:\Component\SF019B_PwrLimr_Impl\src\PwrLimr.c" Line="976" Column="69">
</Loc>
<Message>
A cast shall not be performed that removes any const or volatile qualification
from the type addressed by a pointer.
</Message>
</Rule>

<Rule Name="11.5" Mode="required" Report="warning" Id="36">
<Loc File="C:\Component\SF019B_PwrLimr_Impl\src\PwrLimr.c" Line="977" Column="69">
</Loc>
<Message>
A cast shall not be performed that removes any const or volatile qualification
from the type addressed by a pointer.
</Message>
</Rule>

<Rule Name="12.3" Mode="required" Report="warning" Id="37">
<Loc File="C:\Component\SF019B_PwrLimr_Impl\src\PwrLimr.c" Line="978" Column="76">
</Loc>
<Message>
The sizeof operator should not be used on expressions that contain side effects.
</Message>
</Rule>

<Rule Name="11.5" Mode="required" Report="warning" Id="38">
<Loc File="C:\Component\SF019B_PwrLimr_Impl\src\PwrLimr.c" Line="978" Column="85">
</Loc>
<Message>
A cast shall not be performed that removes any const or volatile qualification
from the type addressed by a pointer.
</Message>
</Rule>

<Rule Name="12.3" Mode="required" Report="warning" Id="39">
<Loc File="C:\Component\SF019B_PwrLimr_Impl\src\PwrLimr.c" Line="978" Column="153">
</Loc>
<Message>
The sizeof operator should not be used on expressions that contain side effects.
</Message>
</Rule>

<Rule Name="11.5" Mode="required" Report="warning" Id="40">
<Loc File="C:\Component\SF019B_PwrLimr_Impl\src\PwrLimr.c" Line="978" Column="163">
</Loc>
<Message>
A cast shall not be performed that removes any const or volatile qualification
from the type addressed by a pointer.
</Message>
</Rule>

<Rule Name="21.1" Mode="required" Report="warning" Id="41">
<Loc File="C:\Component\SF019B_PwrLimr_Impl\src\PwrLimr.c" Line="984" Column="4">
</Loc>
<Message>
Minimisation of run-time failures.
</Message>
</Rule>

<Rule Name="21.1" Mode="required" Report="warning" Id="42">
<Loc File="C:\Component\SF019B_PwrLimr_Impl\src\PwrLimr.c" Line="990" Column="4">
</Loc>
<Message>
Minimisation of run-time failures.
</Message>
</Rule>

<Rule Name="21.1" Mode="required" Report="warning" Id="43">
<Loc File="C:\Component\SF019B_PwrLimr_Impl\src\PwrLimr.c" Line="992" Column="22">
</Loc>
<Message>
Minimisation of run-time failures.
</Message>
</Rule>

<Rule Name="11.5" Mode="required" Report="warning" Id="44">
<Loc File="C:\Component\SF019B_PwrLimr_Impl\src\PwrLimr.c" Line="992" Column="23">
</Loc>
<Message>
A cast shall not be performed that removes any const or volatile qualification
from the type addressed by a pointer.
</Message>
</Rule>

<Rule Name="21.1" Mode="required" Report="warning" Id="45">
<Loc File="C:\Component\SF019B_PwrLimr_Impl\src\PwrLimr.c" Line="994" Column="64">
</Loc>
<Message>
Minimisation of run-time failures.
</Message>
</Rule>

<Rule Name="11.5" Mode="required" Report="warning" Id="46">
<Loc File="C:\Component\SF019B_PwrLimr_Impl\src\PwrLimr.c" Line="994" Column="65">
</Loc>
<Message>
A cast shall not be performed that removes any const or volatile qualification
from the type addressed by a pointer.
</Message>
</Rule>

<Rule Name="21.1" Mode="required" Report="warning" Id="47">
<Loc File="C:\Component\SF019B_PwrLimr_Impl\src\PwrLimr.c" Line="997" Column="113">
</Loc>
<Message>
Minimisation of run-time failures.
</Message>
</Rule>

<Rule Name="11.5" Mode="required" Report="warning" Id="48">
<Loc File="C:\Component\SF019B_PwrLimr_Impl\src\PwrLimr.c" Line="997" Column="114">
</Loc>
<Message>
A cast shall not be performed that removes any const or volatile qualification
from the type addressed by a pointer.
</Message>
</Rule>

<Rule Name="21.1" Mode="required" Report="warning" Id="49">
<Loc File="C:\Component\SF019B_PwrLimr_Impl\src\PwrLimr.c" Line="998" Column="58">
</Loc>
<Message>
Minimisation of run-time failures.
</Message>
</Rule>

<Rule Name="11.5" Mode="required" Report="warning" Id="50">
<Loc File="C:\Component\SF019B_PwrLimr_Impl\src\PwrLimr.c" Line="998" Column="59">
</Loc>
<Message>
A cast shall not be performed that removes any const or volatile qualification
from the type addressed by a pointer.
</Message>
</Rule>

<Rule Name="21.1" Mode="required" Report="warning" Id="51">
<Loc File="C:\Component\SF019B_PwrLimr_Impl\src\PwrLimr.c" Line="998" Column="140">
</Loc>
<Message>
Minimisation of run-time failures.
</Message>
</Rule>

<Rule Name="11.5" Mode="required" Report="warning" Id="52">
<Loc File="C:\Component\SF019B_PwrLimr_Impl\src\PwrLimr.c" Line="998" Column="141">
</Loc>
<Message>
A cast shall not be performed that removes any const or volatile qualification
from the type addressed by a pointer.
</Message>
</Rule>

<Rule Name="21.1" Mode="required" Report="warning" Id="53">
<Loc File="C:\Component\SF019B_PwrLimr_Impl\src\PwrLimr.c" Line="999" Column="56">
</Loc>
<Message>
Minimisation of run-time failures.
</Message>
</Rule>

<Rule Name="11.5" Mode="required" Report="warning" Id="54">
<Loc File="C:\Component\SF019B_PwrLimr_Impl\src\PwrLimr.c" Line="999" Column="57">
</Loc>
<Message>
A cast shall not be performed that removes any const or volatile qualification
from the type addressed by a pointer.
</Message>
</Rule>

<Rule Name="21.1" Mode="required" Report="warning" Id="55">
<Loc File="C:\Component\SF019B_PwrLimr_Impl\src\PwrLimr.c" Line="999" Column="138">
</Loc>
<Message>
Minimisation of run-time failures.
</Message>
</Rule>

<Rule Name="11.5" Mode="required" Report="warning" Id="56">
<Loc File="C:\Component\SF019B_PwrLimr_Impl\src\PwrLimr.c" Line="999" Column="139">
</Loc>
<Message>
A cast shall not be performed that removes any const or volatile qualification
from the type addressed by a pointer.
</Message>
</Rule>

<Rule Name="21.1" Mode="required" Report="warning" Id="57">
<Loc File="C:\Component\SF019B_PwrLimr_Impl\src\PwrLimr.c" Line="1000" Column="127">
</Loc>
<Message>
Minimisation of run-time failures.
</Message>
</Rule>

<Rule Name="21.1" Mode="required" Report="warning" Id="58">
<Loc File="C:\Component\SF019B_PwrLimr_Impl\src\PwrLimr.c" Line="1001" Column="97">
</Loc>
<Message>
Minimisation of run-time failures.
</Message>
</Rule>

<Rule Name="11.5" Mode="required" Report="warning" Id="59">
<Loc File="C:\Component\SF019B_PwrLimr_Impl\src\PwrLimr.c" Line="1001" Column="98">
</Loc>
<Message>
A cast shall not be performed that removes any const or volatile qualification
from the type addressed by a pointer.
</Message>
</Rule>

<Rule Name="11.5" Mode="required" Report="warning" Id="60">
<Loc File="C:\Component\SF019B_PwrLimr_Impl\src\PwrLimr.c" Line="1008" Column="77">
</Loc>
<Message>
A cast shall not be performed that removes any const or volatile qualification
from the type addressed by a pointer.
</Message>
</Rule>

<Rule Name="11.5" Mode="required" Report="warning" Id="61">
<Loc File="C:\Component\SF019B_PwrLimr_Impl\src\PwrLimr.c" Line="1009" Column="78">
</Loc>
<Message>
A cast shall not be performed that removes any const or volatile qualification
from the type addressed by a pointer.
</Message>
</Rule>

<Rule Name="12.3" Mode="required" Report="warning" Id="62">
<Loc File="C:\Component\SF019B_PwrLimr_Impl\src\PwrLimr.c" Line="1010" Column="85">
</Loc>
<Message>
The sizeof operator should not be used on expressions that contain side effects.
</Message>
</Rule>

<Rule Name="11.5" Mode="required" Report="warning" Id="63">
<Loc File="C:\Component\SF019B_PwrLimr_Impl\src\PwrLimr.c" Line="1010" Column="94">
</Loc>
<Message>
A cast shall not be performed that removes any const or volatile qualification
from the type addressed by a pointer.
</Message>
</Rule>

<Rule Name="12.3" Mode="required" Report="warning" Id="64">
<Loc File="C:\Component\SF019B_PwrLimr_Impl\src\PwrLimr.c" Line="1010" Column="162">
</Loc>
<Message>
The sizeof operator should not be used on expressions that contain side effects.
</Message>
</Rule>

<Rule Name="11.5" Mode="required" Report="warning" Id="65">
<Loc File="C:\Component\SF019B_PwrLimr_Impl\src\PwrLimr.c" Line="1010" Column="172">
</Loc>
<Message>
A cast shall not be performed that removes any const or volatile qualification
from the type addressed by a pointer.
</Message>
</Rule>

<Rule Name="21.1" Mode="required" Report="warning" Id="66">
<Loc File="C:\Component\SF019B_PwrLimr_Impl\src\PwrLimr.c" Line="1040" Column="4">
</Loc>
<Message>
Minimisation of run-time failures.
</Message>
</Rule>

<Rule Name="21.1" Mode="required" Report="warning" Id="67">
<Loc File="C:\Component\SF019B_PwrLimr_Impl\src\PwrLimr.c" Line="1042" Column="4">
</Loc>
<Message>
Minimisation of run-time failures.
</Message>
</Rule>

<Rule Name="11.5" Mode="required" Report="warning" Id="68">
<Loc File="C:\Component\SF019B_PwrLimr_Impl\src\PwrLimr.c" Line="1045" Column="73">
</Loc>
<Message>
A cast shall not be performed that removes any const or volatile qualification
from the type addressed by a pointer.
</Message>
</Rule>

<Rule Name="11.5" Mode="required" Report="warning" Id="69">
<Loc File="C:\Component\SF019B_PwrLimr_Impl\src\PwrLimr.c" Line="1046" Column="74">
</Loc>
<Message>
A cast shall not be performed that removes any const or volatile qualification
from the type addressed by a pointer.
</Message>
</Rule>

<Rule Name="12.3" Mode="required" Report="warning" Id="70">
<Loc File="C:\Component\SF019B_PwrLimr_Impl\src\PwrLimr.c" Line="1047" Column="81">
</Loc>
<Message>
The sizeof operator should not be used on expressions that contain side effects.
</Message>
</Rule>

<Rule Name="11.5" Mode="required" Report="warning" Id="71">
<Loc File="C:\Component\SF019B_PwrLimr_Impl\src\PwrLimr.c" Line="1047" Column="90">
</Loc>
<Message>
A cast shall not be performed that removes any const or volatile qualification
from the type addressed by a pointer.
</Message>
</Rule>

<Rule Name="12.3" Mode="required" Report="warning" Id="72">
<Loc File="C:\Component\SF019B_PwrLimr_Impl\src\PwrLimr.c" Line="1047" Column="158">
</Loc>
<Message>
The sizeof operator should not be used on expressions that contain side effects.
</Message>
</Rule>

<Rule Name="11.5" Mode="required" Report="warning" Id="73">
<Loc File="C:\Component\SF019B_PwrLimr_Impl\src\PwrLimr.c" Line="1047" Column="168">
</Loc>
<Message>
A cast shall not be performed that removes any const or volatile qualification
from the type addressed by a pointer.
</Message>
</Rule>

</CodeStruct>

<CodeStruct Name="PwrLimrInit1" File="C:\Component\SF019B_PwrLimr_Impl\src\PwrLimr.c" Line="761" Column="5">

<Rule Name="21.1" Mode="required" Report="warning" Id="74">
<Loc File="C:\Component\SF019B_PwrLimr_Impl\src\PwrLimr.c" Line="767" Column="90">
</Loc>
<Message>
Minimisation of run-time failures.
</Message>
</Rule>

</CodeStruct>

<CodeStruct Name="PwrLimrPer2" File="C:\Component\SF019B_PwrLimr_Impl\src\PwrLimr.c" Line="1106" Column="5">

<Rule Name="21.1" Mode="required" Report="warning" Id="75">
<Loc File="C:\Component\SF019B_PwrLimr_Impl\src\PwrLimr.c" Line="1140" Column="4">
</Loc>
<Message>
Minimisation of run-time failures.
</Message>
</Rule>

<Rule Name="21.1" Mode="required" Report="warning" Id="76">
<Loc File="C:\Component\SF019B_PwrLimr_Impl\src\PwrLimr.c" Line="1140" Column="22">
</Loc>
<Message>
Minimisation of run-time failures.
</Message>
</Rule>

<Rule Name="21.1" Mode="required" Report="warning" Id="77">
<Loc File="C:\Component\SF019B_PwrLimr_Impl\src\PwrLimr.c" Line="1146" Column="62">
</Loc>
<Message>
Minimisation of run-time failures.
</Message>
</Rule>

<Rule Name="11.5" Mode="required" Report="warning" Id="78">
<Loc File="C:\Component\SF019B_PwrLimr_Impl\src\PwrLimr.c" Line="1146" Column="63">
</Loc>
<Message>
A cast shall not be performed that removes any const or volatile qualification
from the type addressed by a pointer.
</Message>
</Rule>

<Rule Name="9.1" Mode="required" Report="warning" Id="79">
<Loc File="C:\Component\SF019B_PwrLimr_Impl\src\PwrLimr.c" Line="1148" Column="25">
</Loc>
<Message>
All automatic variables shall have been assigned a value before being used.
</Message>
</Rule>

<Rule Name="21.1" Mode="required" Report="warning" Id="80">
<Loc File="C:\Component\SF019B_PwrLimr_Impl\src\PwrLimr.c" Line="1172" Column="4">
</Loc>
<Message>
Minimisation of run-time failures.
</Message>
</Rule>

<Rule Name="9.1" Mode="required" Report="warning" Id="81">
<Loc File="C:\Component\SF019B_PwrLimr_Impl\src\PwrLimr.c" Line="1179" Column="29">
</Loc>
<Message>
All automatic variables shall have been assigned a value before being used.
</Message>
</Rule>

<Rule Name="21.1" Mode="required" Report="warning" Id="82">
<Loc File="C:\Component\SF019B_PwrLimr_Impl\src\PwrLimr.c" Line="1184" Column="8">
</Loc>
<Message>
Minimisation of run-time failures.
</Message>
</Rule>

<Rule Name="21.1" Mode="required" Report="warning" Id="83">
<Loc File="C:\Component\SF019B_PwrLimr_Impl\src\PwrLimr.c" Line="1191" Column="66">
</Loc>
<Message>
Minimisation of run-time failures.
</Message>
</Rule>

<Rule Name="21.1" Mode="required" Report="warning" Id="84">
<Loc File="C:\Component\SF019B_PwrLimr_Impl\src\PwrLimr.c" Line="1204" Column="12">
</Loc>
<Message>
Minimisation of run-time failures.
</Message>
</Rule>

<Rule Name="21.1" Mode="required" Report="warning" Id="85">
<Loc File="C:\Component\SF019B_PwrLimr_Impl\src\PwrLimr.c" Line="1209" Column="7">
</Loc>
<Message>
Minimisation of run-time failures.
</Message>
</Rule>

</CodeStruct>

</MISRA-C-Report>
