<?xml version="1.0" encoding="UTF-8"?>

<MISRA-C-Report version="1.3">


<CodeStruct Name="" File="C:\Component\ES239A_HwAgCorrln_Impl\src\HwAgCorrln.c" Line="0" Column="0">

<Rule Name="19.1" Mode="advisory" Report="warning" Id="1">
<Loc File="C:\Component\ES239A_HwAgCorrln_Impl\src\HwAgCorrln.c" Line="672" Column="0">
</Loc>
<Message>
#include statements in a file shall only be preceded by other preprocessor directives or comments.
</Message>
</Rule>

<Rule Name="19.11" Mode="required" Report="warning" Id="2">
<Loc File="C:\Component\ES239A_HwAgCorrln_Impl\src\HwAgCorrln.c" Line="849" Column="0">
</Loc>
<Message>
`FLTINJENA' is not defined.
</Message>
</Rule>

<Rule Name="19.1" Mode="advisory" Report="warning" Id="3">
<Loc File="C:\Component\ES239A_HwAgCorrln_Impl\src\HwAgCorrln.c" Line="864" Column="0">
</Loc>
<Message>
#include statements in a file shall only be preceded by other preprocessor directives or comments.
</Message>
</Rule>

</CodeStruct>

<CodeStruct Name="HwAgCorrlnPer1" File="C:\Component\ES239A_HwAgCorrln_Impl\src\HwAgCorrln.c" Line="718" Column="5">

<Rule Name="9.1" Mode="required" Report="warning" Id="4">
<Loc File="C:\Component\ES239A_HwAgCorrln_Impl\src\HwAgCorrln.c" Line="751" Column="39">
</Loc>
<Message>
All automatic variables shall have been assigned a value before being used.
</Message>
</Rule>

<Rule Name="9.1" Mode="required" Report="warning" Id="5">
<Loc File="C:\Component\ES239A_HwAgCorrln_Impl\src\HwAgCorrln.c" Line="752" Column="39">
</Loc>
<Message>
All automatic variables shall have been assigned a value before being used.
</Message>
</Rule>

<Rule Name="21.1" Mode="required" Report="warning" Id="6">
<Loc File="C:\Component\ES239A_HwAgCorrln_Impl\src\HwAgCorrln.c" Line="753" Column="59">
</Loc>
<Message>
Minimisation of run-time failures.
</Message>
</Rule>

<Rule Name="21.1" Mode="required" Report="warning" Id="7">
<Loc File="C:\Component\ES239A_HwAgCorrln_Impl\src\HwAgCorrln.c" Line="755" Column="4">
</Loc>
<Message>
Minimisation of run-time failures.
</Message>
</Rule>

<Rule Name="9.1" Mode="required" Report="warning" Id="8">
<Loc File="C:\Component\ES239A_HwAgCorrln_Impl\src\HwAgCorrln.c" Line="758" Column="39">
</Loc>
<Message>
All automatic variables shall have been assigned a value before being used.
</Message>
</Rule>

<Rule Name="9.1" Mode="required" Report="warning" Id="9">
<Loc File="C:\Component\ES239A_HwAgCorrln_Impl\src\HwAgCorrln.c" Line="759" Column="39">
</Loc>
<Message>
All automatic variables shall have been assigned a value before being used.
</Message>
</Rule>

<Rule Name="21.1" Mode="required" Report="warning" Id="10">
<Loc File="C:\Component\ES239A_HwAgCorrln_Impl\src\HwAgCorrln.c" Line="762" Column="4">
</Loc>
<Message>
Minimisation of run-time failures.
</Message>
</Rule>

<Rule Name="9.1" Mode="required" Report="warning" Id="11">
<Loc File="C:\Component\ES239A_HwAgCorrln_Impl\src\HwAgCorrln.c" Line="772" Column="26">
</Loc>
<Message>
All automatic variables shall have been assigned a value before being used.
</Message>
</Rule>

<Rule Name="9.1" Mode="required" Report="warning" Id="12">
<Loc File="C:\Component\ES239A_HwAgCorrln_Impl\src\HwAgCorrln.c" Line="772" Column="46">
</Loc>
<Message>
All automatic variables shall have been assigned a value before being used.
</Message>
</Rule>

<Rule Name="9.1" Mode="required" Report="warning" Id="13">
<Loc File="C:\Component\ES239A_HwAgCorrln_Impl\src\HwAgCorrln.c" Line="802" Column="12">
</Loc>
<Message>
All automatic variables shall have been assigned a value before being used.
</Message>
</Rule>

</CodeStruct>

<CodeStruct Name="HwAgSigAvlChk" File="C:\Component\ES239A_HwAgCorrln_Impl\src\HwAgCorrln.c" Line="881" Column="15">

<Rule Name="21.1" Mode="required" Report="warning" Id="14">
<Loc File="C:\Component\ES239A_HwAgCorrln_Impl\src\HwAgCorrln.c" Line="888" Column="30">
</Loc>
<Message>
Minimisation of run-time failures.
</Message>
</Rule>

<Rule Name="21.1" Mode="required" Report="warning" Id="15">
<Loc File="C:\Component\ES239A_HwAgCorrln_Impl\src\HwAgCorrln.c" Line="891" Column="11">
</Loc>
<Message>
Minimisation of run-time failures.
</Message>
</Rule>

<Rule Name="21.1" Mode="required" Report="warning" Id="16">
<Loc File="C:\Component\ES239A_HwAgCorrln_Impl\src\HwAgCorrln.c" Line="902" Column="8">
</Loc>
<Message>
Minimisation of run-time failures.
</Message>
</Rule>

</CodeStruct>

</MISRA-C-Report>
