<?xml version="1.0" encoding="UTF-8"?>

<MISRA-C-Report version="1.3">


<CodeStruct Name="" File="C:\Component\SF107A_MotRplCoggCmd_Impl\src\CDD_MotRplCoggCmd_MotCtrl.c" Line="0" Column="0">

<Rule Name="19.1" Mode="advisory" Report="warning" Id="5">
<Loc File="C:\Component\SF107A_MotRplCoggCmd_Impl\src\CDD_MotRplCoggCmd_MotCtrl.c" Line="172" Column="0">
</Loc>
<Message>
#include statements in a file shall only be preceded by other preprocessor directives or comments.
</Message>
</Rule>

</CodeStruct>

<CodeStruct Name="" File="C:\Component\SF107A_MotRplCoggCmd_Impl\include\CDD_MotRplCoggCmd_MotCtrl_MemMap.h" Line="0" Column="0">

<Rule Name="19.15" Mode="required" Report="warning" Id="2">
<Loc File="C:\Component\SF107A_MotRplCoggCmd_Impl\include\CDD_MotRplCoggCmd_MotCtrl_MemMap.h" Line="1" Column="0">
</Loc>
<Message>
Precautions shall be taken in order to prevent the contents of a header file being included twice.
</Message>
</Rule>

<Rule Name="19.6" Mode="required" Report="warning" Id="3">
<Loc File="C:\Component\SF107A_MotRplCoggCmd_Impl\include\CDD_MotRplCoggCmd_MotCtrl_MemMap.h" Line="25" Column="0">
</Loc>
<Message>
#undef shall not be used.
</Message>
</Rule>

<Rule Name="19.6" Mode="required" Report="warning" Id="4">
<Loc File="C:\Component\SF107A_MotRplCoggCmd_Impl\include\CDD_MotRplCoggCmd_MotCtrl_MemMap.h" Line="31" Column="0">
</Loc>
<Message>
#undef shall not be used.
</Message>
</Rule>

</CodeStruct>

<CodeStruct Name="" File="C:\Component\SF107A_MotRplCoggCmd_Impl\src\CDD_MotRplCoggCmd.c" Line="0" Column="0">

<Rule Name="19.1" Mode="advisory" Report="warning" Id="1">
<Loc File="C:\Component\SF107A_MotRplCoggCmd_Impl\src\CDD_MotRplCoggCmd.c" Line="281" Column="0">
</Loc>
<Message>
#include statements in a file shall only be preceded by other preprocessor directives or comments.
</Message>
</Rule>

</CodeStruct>

<CodeStruct Name="MotRplCoggCmdInit1" File="C:\Component\SF107A_MotRplCoggCmd_Impl\src\CDD_MotRplCoggCmd.c" Line="198" Column="5">

<Rule Name="9.1" Mode="required" Report="warning" Id="6">
<Loc File="C:\Component\SF107A_MotRplCoggCmd_Impl\src\CDD_MotRplCoggCmd.c" Line="212" Column="6">
</Loc>
<Message>
All automatic variables shall have been assigned a value before being used.
</Message>
</Rule>

<Rule Name="21.1" Mode="required" Report="warning" Id="7">
<Loc File="C:\Component\SF107A_MotRplCoggCmd_Impl\src\CDD_MotRplCoggCmd.c" Line="217" Column="25">
</Loc>
<Message>
Minimisation of run-time failures.
</Message>
</Rule>

<Rule Name="21.1" Mode="required" Report="warning" Id="8">
<Loc File="C:\Component\SF107A_MotRplCoggCmd_Impl\src\CDD_MotRplCoggCmd.c" Line="217" Column="52">
</Loc>
<Message>
Minimisation of run-time failures.
</Message>
</Rule>

</CodeStruct>

<CodeStruct Name="GetMotCoggCmdPrm_Oper" File="C:\Component\SF107A_MotRplCoggCmd_Impl\src\CDD_MotRplCoggCmd.c" Line="154" Column="5">

<Rule Name="21.1" Mode="required" Report="warning" Id="9">
<Loc File="C:\Component\SF107A_MotRplCoggCmd_Impl\src\CDD_MotRplCoggCmd.c" Line="167" Column="33">
</Loc>
<Message>
Minimisation of run-time failures.
</Message>
</Rule>

<Rule Name="21.1" Mode="required" Report="warning" Id="10">
<Loc File="C:\Component\SF107A_MotRplCoggCmd_Impl\src\CDD_MotRplCoggCmd.c" Line="167" Column="42">
</Loc>
<Message>
Minimisation of run-time failures.
</Message>
</Rule>

<Rule Name="21.1" Mode="required" Report="warning" Id="11">
<Loc File="C:\Component\SF107A_MotRplCoggCmd_Impl\src\CDD_MotRplCoggCmd.c" Line="167" Column="69">
</Loc>
<Message>
Minimisation of run-time failures.
</Message>
</Rule>

<Rule Name="21.1" Mode="required" Report="warning" Id="12">
<Loc File="C:\Component\SF107A_MotRplCoggCmd_Impl\src\CDD_MotRplCoggCmd.c" Line="167" Column="89">
</Loc>
<Message>
Minimisation of run-time failures.
</Message>
</Rule>

</CodeStruct>

<CodeStruct Name="MotRplCoggCmdPer1" File="C:\Component\SF107A_MotRplCoggCmd_Impl\src\CDD_MotRplCoggCmd_MotCtrl.c" Line="70" Column="5">

<Rule Name="21.1" Mode="required" Report="warning" Id="13">
<Loc File="C:\Component\SF107A_MotRplCoggCmd_Impl\src\CDD_MotRplCoggCmd_MotCtrl.c" Line="137" Column="51">
</Loc>
<Message>
Minimisation of run-time failures.
</Message>
</Rule>

<Rule Name="21.1" Mode="required" Report="warning" Id="14">
<Loc File="C:\Component\SF107A_MotRplCoggCmd_Impl\src\CDD_MotRplCoggCmd_MotCtrl.c" Line="137" Column="78">
</Loc>
<Message>
Minimisation of run-time failures.
</Message>
</Rule>

<Rule Name="21.1" Mode="required" Report="warning" Id="15">
<Loc File="C:\Component\SF107A_MotRplCoggCmd_Impl\src\CDD_MotRplCoggCmd_MotCtrl.c" Line="138" Column="8">
</Loc>
<Message>
Minimisation of run-time failures.
</Message>
</Rule>

<Rule Name="21.1" Mode="required" Report="warning" Id="16">
<Loc File="C:\Component\SF107A_MotRplCoggCmd_Impl\src\CDD_MotRplCoggCmd_MotCtrl.c" Line="141" Column="8">
</Loc>
<Message>
Minimisation of run-time failures.
</Message>
</Rule>

<Rule Name="21.1" Mode="required" Report="warning" Id="17">
<Loc File="C:\Component\SF107A_MotRplCoggCmd_Impl\src\CDD_MotRplCoggCmd_MotCtrl.c" Line="145" Column="61">
</Loc>
<Message>
Minimisation of run-time failures.
</Message>
</Rule>

<Rule Name="21.1" Mode="required" Report="warning" Id="18">
<Loc File="C:\Component\SF107A_MotRplCoggCmd_Impl\src\CDD_MotRplCoggCmd_MotCtrl.c" Line="146" Column="8">
</Loc>
<Message>
Minimisation of run-time failures.
</Message>
</Rule>

<Rule Name="21.1" Mode="required" Report="warning" Id="19">
<Loc File="C:\Component\SF107A_MotRplCoggCmd_Impl\src\CDD_MotRplCoggCmd_MotCtrl.c" Line="164" Column="8">
</Loc>
<Message>
Minimisation of run-time failures.
</Message>
</Rule>

</CodeStruct>

<CodeStruct Name="SetMotCoggCmdPrm_Oper" File="C:\Component\SF107A_MotRplCoggCmd_Impl\src\CDD_MotRplCoggCmd.c" Line="258" Column="5">

<Rule Name="21.1" Mode="required" Report="warning" Id="20">
<Loc File="C:\Component\SF107A_MotRplCoggCmd_Impl\src\CDD_MotRplCoggCmd.c" Line="271" Column="19">
</Loc>
<Message>
Minimisation of run-time failures.
</Message>
</Rule>

<Rule Name="21.1" Mode="required" Report="warning" Id="21">
<Loc File="C:\Component\SF107A_MotRplCoggCmd_Impl\src\CDD_MotRplCoggCmd.c" Line="271" Column="46">
</Loc>
<Message>
Minimisation of run-time failures.
</Message>
</Rule>

<Rule Name="21.1" Mode="required" Report="warning" Id="22">
<Loc File="C:\Component\SF107A_MotRplCoggCmd_Impl\src\CDD_MotRplCoggCmd.c" Line="271" Column="66">
</Loc>
<Message>
Minimisation of run-time failures.
</Message>
</Rule>

<Rule Name="21.1" Mode="required" Report="warning" Id="23">
<Loc File="C:\Component\SF107A_MotRplCoggCmd_Impl\src\CDD_MotRplCoggCmd.c" Line="271" Column="102">
</Loc>
<Message>
Minimisation of run-time failures.
</Message>
</Rule>

</CodeStruct>

</MISRA-C-Report>
