<?xml version="1.0" encoding="UTF-8"?>

<MISRA-C-Report version="1.3">


<CodeStruct Name="" File="C:\Component\SF020A_HwAgTrakgServo_Impl\src\HwAgTrakgServo.c" Line="0" Column="0">

<Rule Name="19.1" Mode="advisory" Report="warning" Id="1">
<Loc File="C:\Component\SF020A_HwAgTrakgServo_Impl\src\HwAgTrakgServo.c" Line="281" Column="0">
</Loc>
<Message>
#include statements in a file shall only be preceded by other preprocessor directives or comments.
</Message>
</Rule>

<Rule Name="19.1" Mode="advisory" Report="warning" Id="2">
<Loc File="C:\Component\SF020A_HwAgTrakgServo_Impl\src\HwAgTrakgServo.c" Line="611" Column="0">
</Loc>
<Message>
#include statements in a file shall only be preceded by other preprocessor directives or comments.
</Message>
</Rule>

</CodeStruct>

<CodeStruct Name="HwAgTrakgServoInit1" File="C:\Component\SF020A_HwAgTrakgServo_Impl\src\HwAgTrakgServo.c" Line="293" Column="5">

<Rule Name="21.1" Mode="required" Report="warning" Id="3">
<Loc File="C:\Component\SF020A_HwAgTrakgServo_Impl\src\HwAgTrakgServo.c" Line="300" Column="115">
</Loc>
<Message>
Minimisation of run-time failures.
</Message>
</Rule>

</CodeStruct>

<CodeStruct Name="FilterDesiredAngle" File="C:\Component\SF020A_HwAgTrakgServo_Impl\src\HwAgTrakgServo.c" Line="625" Column="16">

<Rule Name="11.5" Mode="required" Report="warning" Id="4">
<Loc File="C:\Component\SF020A_HwAgTrakgServo_Impl\src\HwAgTrakgServo.c" Line="636" Column="83">
</Loc>
<Message>
A cast shall not be performed that removes any const or volatile qualification
from the type addressed by a pointer.
</Message>
</Rule>

<Rule Name="11.5" Mode="required" Report="warning" Id="5">
<Loc File="C:\Component\SF020A_HwAgTrakgServo_Impl\src\HwAgTrakgServo.c" Line="637" Column="147">
</Loc>
<Message>
A cast shall not be performed that removes any const or volatile qualification
from the type addressed by a pointer.
</Message>
</Rule>

<Rule Name="12.3" Mode="required" Report="warning" Id="6">
<Loc File="C:\Component\SF020A_HwAgTrakgServo_Impl\src\HwAgTrakgServo.c" Line="638" Column="154">
</Loc>
<Message>
The sizeof operator should not be used on expressions that contain side effects.
</Message>
</Rule>

<Rule Name="11.5" Mode="required" Report="warning" Id="7">
<Loc File="C:\Component\SF020A_HwAgTrakgServo_Impl\src\HwAgTrakgServo.c" Line="638" Column="163">
</Loc>
<Message>
A cast shall not be performed that removes any const or volatile qualification
from the type addressed by a pointer.
</Message>
</Rule>

<Rule Name="12.3" Mode="required" Report="warning" Id="8">
<Loc File="C:\Component\SF020A_HwAgTrakgServo_Impl\src\HwAgTrakgServo.c" Line="638" Column="244">
</Loc>
<Message>
The sizeof operator should not be used on expressions that contain side effects.
</Message>
</Rule>

<Rule Name="11.5" Mode="required" Report="warning" Id="9">
<Loc File="C:\Component\SF020A_HwAgTrakgServo_Impl\src\HwAgTrakgServo.c" Line="638" Column="254">
</Loc>
<Message>
A cast shall not be performed that removes any const or volatile qualification
from the type addressed by a pointer.
</Message>
</Rule>

<Rule Name="21.1" Mode="required" Report="warning" Id="10">
<Loc File="C:\Component\SF020A_HwAgTrakgServo_Impl\src\HwAgTrakgServo.c" Line="646" Column="99">
</Loc>
<Message>
Minimisation of run-time failures.
</Message>
</Rule>

<Rule Name="21.1" Mode="required" Report="warning" Id="11">
<Loc File="C:\Component\SF020A_HwAgTrakgServo_Impl\src\HwAgTrakgServo.c" Line="652" Column="99">
</Loc>
<Message>
Minimisation of run-time failures.
</Message>
</Rule>

<Rule Name="21.1" Mode="required" Report="warning" Id="12">
<Loc File="C:\Component\SF020A_HwAgTrakgServo_Impl\src\HwAgTrakgServo.c" Line="655" Column="16">
</Loc>
<Message>
Minimisation of run-time failures.
</Message>
</Rule>

<Rule Name="21.1" Mode="required" Report="warning" Id="13">
<Loc File="C:\Component\SF020A_HwAgTrakgServo_Impl\src\HwAgTrakgServo.c" Line="663" Column="58">
</Loc>
<Message>
Minimisation of run-time failures.
</Message>
</Rule>

<Rule Name="21.1" Mode="required" Report="warning" Id="14">
<Loc File="C:\Component\SF020A_HwAgTrakgServo_Impl\src\HwAgTrakgServo.c" Line="675" Column="8">
</Loc>
<Message>
Minimisation of run-time failures.
</Message>
</Rule>

</CodeStruct>

<CodeStruct Name="HwAgTrakgServoPer1" File="C:\Component\SF020A_HwAgTrakgServo_Impl\src\HwAgTrakgServo.c" Line="339" Column="5">

<Rule Name="5.1" Mode="required" Report="warning" Id="15">
<Loc File="C:\Component\SF020A_HwAgTrakgServo_Impl\src\HwAgTrakgServo.c" Line="387" Column="16">
</Loc>
<Message>
Identifiers "KdHwAg_MotNwtMtrPerHwDegPerSec_T_u0p16" (HwAgTrakgServo.c line 355 column 16) and "KdHwAg_MotNwtMtrPerHwDegPerSec_T_f32" (HwAgTrakgServo.c line 387 column 16) have the same first 33 characters.
</Message>
</Rule>

<Rule Name="9.1" Mode="required" Report="warning" Id="16">
<Loc File="C:\Component\SF020A_HwAgTrakgServo_Impl\src\HwAgTrakgServo.c" Line="407" Column="17">
</Loc>
<Message>
All automatic variables shall have been assigned a value before being used.
</Message>
</Rule>

<Rule Name="21.1" Mode="required" Report="warning" Id="17">
<Loc File="C:\Component\SF020A_HwAgTrakgServo_Impl\src\HwAgTrakgServo.c" Line="410" Column="104">
</Loc>
<Message>
Minimisation of run-time failures.
</Message>
</Rule>

<Rule Name="21.1" Mode="required" Report="warning" Id="18">
<Loc File="C:\Component\SF020A_HwAgTrakgServo_Impl\src\HwAgTrakgServo.c" Line="410" Column="129">
</Loc>
<Message>
Minimisation of run-time failures.
</Message>
</Rule>

<Rule Name="9.1" Mode="required" Report="warning" Id="19">
<Loc File="C:\Component\SF020A_HwAgTrakgServo_Impl\src\HwAgTrakgServo.c" Line="416" Column="81">
</Loc>
<Message>
All automatic variables shall have been assigned a value before being used.
</Message>
</Rule>

<Rule Name="21.1" Mode="required" Report="warning" Id="20">
<Loc File="C:\Component\SF020A_HwAgTrakgServo_Impl\src\HwAgTrakgServo.c" Line="416" Column="126">
</Loc>
<Message>
Minimisation of run-time failures.
</Message>
</Rule>

<Rule Name="11.5" Mode="required" Report="warning" Id="21">
<Loc File="C:\Component\SF020A_HwAgTrakgServo_Impl\src\HwAgTrakgServo.c" Line="418" Column="83">
</Loc>
<Message>
A cast shall not be performed that removes any const or volatile qualification
from the type addressed by a pointer.
</Message>
</Rule>

<Rule Name="11.5" Mode="required" Report="warning" Id="22">
<Loc File="C:\Component\SF020A_HwAgTrakgServo_Impl\src\HwAgTrakgServo.c" Line="419" Column="147">
</Loc>
<Message>
A cast shall not be performed that removes any const or volatile qualification
from the type addressed by a pointer.
</Message>
</Rule>

<Rule Name="12.3" Mode="required" Report="warning" Id="23">
<Loc File="C:\Component\SF020A_HwAgTrakgServo_Impl\src\HwAgTrakgServo.c" Line="420" Column="154">
</Loc>
<Message>
The sizeof operator should not be used on expressions that contain side effects.
</Message>
</Rule>

<Rule Name="11.5" Mode="required" Report="warning" Id="24">
<Loc File="C:\Component\SF020A_HwAgTrakgServo_Impl\src\HwAgTrakgServo.c" Line="420" Column="163">
</Loc>
<Message>
A cast shall not be performed that removes any const or volatile qualification
from the type addressed by a pointer.
</Message>
</Rule>

<Rule Name="12.3" Mode="required" Report="warning" Id="25">
<Loc File="C:\Component\SF020A_HwAgTrakgServo_Impl\src\HwAgTrakgServo.c" Line="420" Column="242">
</Loc>
<Message>
The sizeof operator should not be used on expressions that contain side effects.
</Message>
</Rule>

<Rule Name="11.5" Mode="required" Report="warning" Id="26">
<Loc File="C:\Component\SF020A_HwAgTrakgServo_Impl\src\HwAgTrakgServo.c" Line="420" Column="252">
</Loc>
<Message>
A cast shall not be performed that removes any const or volatile qualification
from the type addressed by a pointer.
</Message>
</Rule>

<Rule Name="21.1" Mode="required" Report="warning" Id="27">
<Loc File="C:\Component\SF020A_HwAgTrakgServo_Impl\src\HwAgTrakgServo.c" Line="424" Column="58">
</Loc>
<Message>
Minimisation of run-time failures.
</Message>
</Rule>

<Rule Name="21.1" Mode="required" Report="warning" Id="28">
<Loc File="C:\Component\SF020A_HwAgTrakgServo_Impl\src\HwAgTrakgServo.c" Line="428" Column="8">
</Loc>
<Message>
Minimisation of run-time failures.
</Message>
</Rule>

<Rule Name="11.5" Mode="required" Report="warning" Id="29">
<Loc File="C:\Component\SF020A_HwAgTrakgServo_Impl\src\HwAgTrakgServo.c" Line="430" Column="91">
</Loc>
<Message>
A cast shall not be performed that removes any const or volatile qualification
from the type addressed by a pointer.
</Message>
</Rule>

<Rule Name="11.5" Mode="required" Report="warning" Id="30">
<Loc File="C:\Component\SF020A_HwAgTrakgServo_Impl\src\HwAgTrakgServo.c" Line="431" Column="147">
</Loc>
<Message>
A cast shall not be performed that removes any const or volatile qualification
from the type addressed by a pointer.
</Message>
</Rule>

<Rule Name="12.3" Mode="required" Report="warning" Id="31">
<Loc File="C:\Component\SF020A_HwAgTrakgServo_Impl\src\HwAgTrakgServo.c" Line="432" Column="154">
</Loc>
<Message>
The sizeof operator should not be used on expressions that contain side effects.
</Message>
</Rule>

<Rule Name="11.5" Mode="required" Report="warning" Id="32">
<Loc File="C:\Component\SF020A_HwAgTrakgServo_Impl\src\HwAgTrakgServo.c" Line="432" Column="163">
</Loc>
<Message>
A cast shall not be performed that removes any const or volatile qualification
from the type addressed by a pointer.
</Message>
</Rule>

<Rule Name="12.3" Mode="required" Report="warning" Id="33">
<Loc File="C:\Component\SF020A_HwAgTrakgServo_Impl\src\HwAgTrakgServo.c" Line="432" Column="243">
</Loc>
<Message>
The sizeof operator should not be used on expressions that contain side effects.
</Message>
</Rule>

<Rule Name="11.5" Mode="required" Report="warning" Id="34">
<Loc File="C:\Component\SF020A_HwAgTrakgServo_Impl\src\HwAgTrakgServo.c" Line="432" Column="253">
</Loc>
<Message>
A cast shall not be performed that removes any const or volatile qualification
from the type addressed by a pointer.
</Message>
</Rule>

<Rule Name="9.1" Mode="required" Report="warning" Id="35">
<Loc File="C:\Component\SF020A_HwAgTrakgServo_Impl\src\HwAgTrakgServo.c" Line="453" Column="86">
</Loc>
<Message>
All automatic variables shall have been assigned a value before being used.
</Message>
</Rule>

<Rule Name="9.1" Mode="required" Report="warning" Id="36">
<Loc File="C:\Component\SF020A_HwAgTrakgServo_Impl\src\HwAgTrakgServo.c" Line="458" Column="121">
</Loc>
<Message>
All automatic variables shall have been assigned a value before being used.
</Message>
</Rule>

<Rule Name="9.1" Mode="required" Report="warning" Id="37">
<Loc File="C:\Component\SF020A_HwAgTrakgServo_Impl\src\HwAgTrakgServo.c" Line="459" Column="121">
</Loc>
<Message>
All automatic variables shall have been assigned a value before being used.
</Message>
</Rule>

<Rule Name="11.5" Mode="required" Report="warning" Id="38">
<Loc File="C:\Component\SF020A_HwAgTrakgServo_Impl\src\HwAgTrakgServo.c" Line="486" Column="148">
</Loc>
<Message>
A cast shall not be performed that removes any const or volatile qualification
from the type addressed by a pointer.
</Message>
</Rule>

<Rule Name="12.3" Mode="required" Report="warning" Id="39">
<Loc File="C:\Component\SF020A_HwAgTrakgServo_Impl\src\HwAgTrakgServo.c" Line="487" Column="155">
</Loc>
<Message>
The sizeof operator should not be used on expressions that contain side effects.
</Message>
</Rule>

<Rule Name="11.5" Mode="required" Report="warning" Id="40">
<Loc File="C:\Component\SF020A_HwAgTrakgServo_Impl\src\HwAgTrakgServo.c" Line="487" Column="164">
</Loc>
<Message>
A cast shall not be performed that removes any const or volatile qualification
from the type addressed by a pointer.
</Message>
</Rule>

<Rule Name="12.3" Mode="required" Report="warning" Id="41">
<Loc File="C:\Component\SF020A_HwAgTrakgServo_Impl\src\HwAgTrakgServo.c" Line="487" Column="245">
</Loc>
<Message>
The sizeof operator should not be used on expressions that contain side effects.
</Message>
</Rule>

<Rule Name="11.5" Mode="required" Report="warning" Id="42">
<Loc File="C:\Component\SF020A_HwAgTrakgServo_Impl\src\HwAgTrakgServo.c" Line="487" Column="255">
</Loc>
<Message>
A cast shall not be performed that removes any const or volatile qualification
from the type addressed by a pointer.
</Message>
</Rule>

<Rule Name="12.3" Mode="required" Report="warning" Id="43">
<Loc File="C:\Component\SF020A_HwAgTrakgServo_Impl\src\HwAgTrakgServo.c" Line="490" Column="155">
</Loc>
<Message>
The sizeof operator should not be used on expressions that contain side effects.
</Message>
</Rule>

<Rule Name="11.5" Mode="required" Report="warning" Id="44">
<Loc File="C:\Component\SF020A_HwAgTrakgServo_Impl\src\HwAgTrakgServo.c" Line="490" Column="164">
</Loc>
<Message>
A cast shall not be performed that removes any const or volatile qualification
from the type addressed by a pointer.
</Message>
</Rule>

<Rule Name="12.3" Mode="required" Report="warning" Id="45">
<Loc File="C:\Component\SF020A_HwAgTrakgServo_Impl\src\HwAgTrakgServo.c" Line="490" Column="245">
</Loc>
<Message>
The sizeof operator should not be used on expressions that contain side effects.
</Message>
</Rule>

<Rule Name="11.5" Mode="required" Report="warning" Id="46">
<Loc File="C:\Component\SF020A_HwAgTrakgServo_Impl\src\HwAgTrakgServo.c" Line="490" Column="255">
</Loc>
<Message>
A cast shall not be performed that removes any const or volatile qualification
from the type addressed by a pointer.
</Message>
</Rule>

<Rule Name="11.5" Mode="required" Report="warning" Id="47">
<Loc File="C:\Component\SF020A_HwAgTrakgServo_Impl\src\HwAgTrakgServo.c" Line="497" Column="83">
</Loc>
<Message>
A cast shall not be performed that removes any const or volatile qualification
from the type addressed by a pointer.
</Message>
</Rule>

<Rule Name="11.5" Mode="required" Report="warning" Id="48">
<Loc File="C:\Component\SF020A_HwAgTrakgServo_Impl\src\HwAgTrakgServo.c" Line="498" Column="147">
</Loc>
<Message>
A cast shall not be performed that removes any const or volatile qualification
from the type addressed by a pointer.
</Message>
</Rule>

<Rule Name="12.3" Mode="required" Report="warning" Id="49">
<Loc File="C:\Component\SF020A_HwAgTrakgServo_Impl\src\HwAgTrakgServo.c" Line="499" Column="154">
</Loc>
<Message>
The sizeof operator should not be used on expressions that contain side effects.
</Message>
</Rule>

<Rule Name="11.5" Mode="required" Report="warning" Id="50">
<Loc File="C:\Component\SF020A_HwAgTrakgServo_Impl\src\HwAgTrakgServo.c" Line="499" Column="163">
</Loc>
<Message>
A cast shall not be performed that removes any const or volatile qualification
from the type addressed by a pointer.
</Message>
</Rule>

<Rule Name="12.3" Mode="required" Report="warning" Id="51">
<Loc File="C:\Component\SF020A_HwAgTrakgServo_Impl\src\HwAgTrakgServo.c" Line="499" Column="244">
</Loc>
<Message>
The sizeof operator should not be used on expressions that contain side effects.
</Message>
</Rule>

<Rule Name="11.5" Mode="required" Report="warning" Id="52">
<Loc File="C:\Component\SF020A_HwAgTrakgServo_Impl\src\HwAgTrakgServo.c" Line="499" Column="254">
</Loc>
<Message>
A cast shall not be performed that removes any const or volatile qualification
from the type addressed by a pointer.
</Message>
</Rule>

<Rule Name="11.5" Mode="required" Report="warning" Id="53">
<Loc File="C:\Component\SF020A_HwAgTrakgServo_Impl\src\HwAgTrakgServo.c" Line="503" Column="91">
</Loc>
<Message>
A cast shall not be performed that removes any const or volatile qualification
from the type addressed by a pointer.
</Message>
</Rule>

<Rule Name="11.5" Mode="required" Report="warning" Id="54">
<Loc File="C:\Component\SF020A_HwAgTrakgServo_Impl\src\HwAgTrakgServo.c" Line="504" Column="131">
</Loc>
<Message>
A cast shall not be performed that removes any const or volatile qualification
from the type addressed by a pointer.
</Message>
</Rule>

<Rule Name="12.3" Mode="required" Report="warning" Id="55">
<Loc File="C:\Component\SF020A_HwAgTrakgServo_Impl\src\HwAgTrakgServo.c" Line="505" Column="138">
</Loc>
<Message>
The sizeof operator should not be used on expressions that contain side effects.
</Message>
</Rule>

<Rule Name="11.5" Mode="required" Report="warning" Id="56">
<Loc File="C:\Component\SF020A_HwAgTrakgServo_Impl\src\HwAgTrakgServo.c" Line="505" Column="147">
</Loc>
<Message>
A cast shall not be performed that removes any const or volatile qualification
from the type addressed by a pointer.
</Message>
</Rule>

<Rule Name="12.3" Mode="required" Report="warning" Id="57">
<Loc File="C:\Component\SF020A_HwAgTrakgServo_Impl\src\HwAgTrakgServo.c" Line="505" Column="228">
</Loc>
<Message>
The sizeof operator should not be used on expressions that contain side effects.
</Message>
</Rule>

<Rule Name="11.5" Mode="required" Report="warning" Id="58">
<Loc File="C:\Component\SF020A_HwAgTrakgServo_Impl\src\HwAgTrakgServo.c" Line="505" Column="238">
</Loc>
<Message>
A cast shall not be performed that removes any const or volatile qualification
from the type addressed by a pointer.
</Message>
</Rule>

<Rule Name="21.1" Mode="required" Report="warning" Id="59">
<Loc File="C:\Component\SF020A_HwAgTrakgServo_Impl\src\HwAgTrakgServo.c" Line="515" Column="118">
</Loc>
<Message>
Minimisation of run-time failures.
</Message>
</Rule>

<Rule Name="21.1" Mode="required" Report="warning" Id="60">
<Loc File="C:\Component\SF020A_HwAgTrakgServo_Impl\src\HwAgTrakgServo.c" Line="517" Column="74">
</Loc>
<Message>
Minimisation of run-time failures.
</Message>
</Rule>

<Rule Name="11.5" Mode="required" Report="warning" Id="61">
<Loc File="C:\Component\SF020A_HwAgTrakgServo_Impl\src\HwAgTrakgServo.c" Line="532" Column="83">
</Loc>
<Message>
A cast shall not be performed that removes any const or volatile qualification
from the type addressed by a pointer.
</Message>
</Rule>

<Rule Name="11.5" Mode="required" Report="warning" Id="62">
<Loc File="C:\Component\SF020A_HwAgTrakgServo_Impl\src\HwAgTrakgServo.c" Line="533" Column="155">
</Loc>
<Message>
A cast shall not be performed that removes any const or volatile qualification
from the type addressed by a pointer.
</Message>
</Rule>

<Rule Name="12.3" Mode="required" Report="warning" Id="63">
<Loc File="C:\Component\SF020A_HwAgTrakgServo_Impl\src\HwAgTrakgServo.c" Line="534" Column="162">
</Loc>
<Message>
The sizeof operator should not be used on expressions that contain side effects.
</Message>
</Rule>

<Rule Name="11.5" Mode="required" Report="warning" Id="64">
<Loc File="C:\Component\SF020A_HwAgTrakgServo_Impl\src\HwAgTrakgServo.c" Line="534" Column="171">
</Loc>
<Message>
A cast shall not be performed that removes any const or volatile qualification
from the type addressed by a pointer.
</Message>
</Rule>

<Rule Name="12.3" Mode="required" Report="warning" Id="65">
<Loc File="C:\Component\SF020A_HwAgTrakgServo_Impl\src\HwAgTrakgServo.c" Line="534" Column="252">
</Loc>
<Message>
The sizeof operator should not be used on expressions that contain side effects.
</Message>
</Rule>

<Rule Name="11.5" Mode="required" Report="warning" Id="66">
<Loc File="C:\Component\SF020A_HwAgTrakgServo_Impl\src\HwAgTrakgServo.c" Line="534" Column="262">
</Loc>
<Message>
A cast shall not be performed that removes any const or volatile qualification
from the type addressed by a pointer.
</Message>
</Rule>

<Rule Name="21.1" Mode="required" Report="warning" Id="67">
<Loc File="C:\Component\SF020A_HwAgTrakgServo_Impl\src\HwAgTrakgServo.c" Line="543" Column="42">
</Loc>
<Message>
Minimisation of run-time failures.
</Message>
</Rule>

<Rule Name="21.1" Mode="required" Report="warning" Id="68">
<Loc File="C:\Component\SF020A_HwAgTrakgServo_Impl\src\HwAgTrakgServo.c" Line="547" Column="8">
</Loc>
<Message>
Minimisation of run-time failures.
</Message>
</Rule>

<Rule Name="21.1" Mode="required" Report="warning" Id="69">
<Loc File="C:\Component\SF020A_HwAgTrakgServo_Impl\src\HwAgTrakgServo.c" Line="566" Column="8">
</Loc>
<Message>
Minimisation of run-time failures.
</Message>
</Rule>

<Rule Name="21.1" Mode="required" Report="warning" Id="70">
<Loc File="C:\Component\SF020A_HwAgTrakgServo_Impl\src\HwAgTrakgServo.c" Line="567" Column="8">
</Loc>
<Message>
Minimisation of run-time failures.
</Message>
</Rule>

<Rule Name="21.1" Mode="required" Report="warning" Id="71">
<Loc File="C:\Component\SF020A_HwAgTrakgServo_Impl\src\HwAgTrakgServo.c" Line="568" Column="8">
</Loc>
<Message>
Minimisation of run-time failures.
</Message>
</Rule>

<Rule Name="21.1" Mode="required" Report="warning" Id="72">
<Loc File="C:\Component\SF020A_HwAgTrakgServo_Impl\src\HwAgTrakgServo.c" Line="571" Column="8">
</Loc>
<Message>
Minimisation of run-time failures.
</Message>
</Rule>

<Rule Name="21.1" Mode="required" Report="warning" Id="73">
<Loc File="C:\Component\SF020A_HwAgTrakgServo_Impl\src\HwAgTrakgServo.c" Line="572" Column="8">
</Loc>
<Message>
Minimisation of run-time failures.
</Message>
</Rule>

<Rule Name="21.1" Mode="required" Report="warning" Id="74">
<Loc File="C:\Component\SF020A_HwAgTrakgServo_Impl\src\HwAgTrakgServo.c" Line="573" Column="8">
</Loc>
<Message>
Minimisation of run-time failures.
</Message>
</Rule>

<Rule Name="21.1" Mode="required" Report="warning" Id="75">
<Loc File="C:\Component\SF020A_HwAgTrakgServo_Impl\src\HwAgTrakgServo.c" Line="574" Column="8">
</Loc>
<Message>
Minimisation of run-time failures.
</Message>
</Rule>

<Rule Name="21.1" Mode="required" Report="warning" Id="76">
<Loc File="C:\Component\SF020A_HwAgTrakgServo_Impl\src\HwAgTrakgServo.c" Line="575" Column="8">
</Loc>
<Message>
Minimisation of run-time failures.
</Message>
</Rule>

<Rule Name="9.1" Mode="required" Report="warning" Id="77">
<Loc File="C:\Component\SF020A_HwAgTrakgServo_Impl\src\HwAgTrakgServo.c" Line="580" Column="72">
</Loc>
<Message>
All automatic variables shall have been assigned a value before being used.
</Message>
</Rule>

<Rule Name="11.5" Mode="required" Report="warning" Id="78">
<Loc File="C:\Component\SF020A_HwAgTrakgServo_Impl\src\HwAgTrakgServo.c" Line="584" Column="172">
</Loc>
<Message>
A cast shall not be performed that removes any const or volatile qualification
from the type addressed by a pointer.
</Message>
</Rule>

<Rule Name="12.3" Mode="required" Report="warning" Id="79">
<Loc File="C:\Component\SF020A_HwAgTrakgServo_Impl\src\HwAgTrakgServo.c" Line="585" Column="179">
</Loc>
<Message>
The sizeof operator should not be used on expressions that contain side effects.
</Message>
</Rule>

<Rule Name="11.5" Mode="required" Report="warning" Id="80">
<Loc File="C:\Component\SF020A_HwAgTrakgServo_Impl\src\HwAgTrakgServo.c" Line="585" Column="188">
</Loc>
<Message>
A cast shall not be performed that removes any const or volatile qualification
from the type addressed by a pointer.
</Message>
</Rule>

<Rule Name="12.3" Mode="required" Report="warning" Id="81">
<Loc File="C:\Component\SF020A_HwAgTrakgServo_Impl\src\HwAgTrakgServo.c" Line="585" Column="269">
</Loc>
<Message>
The sizeof operator should not be used on expressions that contain side effects.
</Message>
</Rule>

<Rule Name="11.5" Mode="required" Report="warning" Id="82">
<Loc File="C:\Component\SF020A_HwAgTrakgServo_Impl\src\HwAgTrakgServo.c" Line="585" Column="279">
</Loc>
<Message>
A cast shall not be performed that removes any const or volatile qualification
from the type addressed by a pointer.
</Message>
</Rule>

<Rule Name="12.3" Mode="required" Report="warning" Id="83">
<Loc File="C:\Component\SF020A_HwAgTrakgServo_Impl\src\HwAgTrakgServo.c" Line="588" Column="179">
</Loc>
<Message>
The sizeof operator should not be used on expressions that contain side effects.
</Message>
</Rule>

<Rule Name="11.5" Mode="required" Report="warning" Id="84">
<Loc File="C:\Component\SF020A_HwAgTrakgServo_Impl\src\HwAgTrakgServo.c" Line="588" Column="188">
</Loc>
<Message>
A cast shall not be performed that removes any const or volatile qualification
from the type addressed by a pointer.
</Message>
</Rule>

<Rule Name="12.3" Mode="required" Report="warning" Id="85">
<Loc File="C:\Component\SF020A_HwAgTrakgServo_Impl\src\HwAgTrakgServo.c" Line="588" Column="269">
</Loc>
<Message>
The sizeof operator should not be used on expressions that contain side effects.
</Message>
</Rule>

<Rule Name="11.5" Mode="required" Report="warning" Id="86">
<Loc File="C:\Component\SF020A_HwAgTrakgServo_Impl\src\HwAgTrakgServo.c" Line="588" Column="279">
</Loc>
<Message>
A cast shall not be performed that removes any const or volatile qualification
from the type addressed by a pointer.
</Message>
</Rule>

<Rule Name="11.5" Mode="required" Report="warning" Id="87">
<Loc File="C:\Component\SF020A_HwAgTrakgServo_Impl\src\HwAgTrakgServo.c" Line="591" Column="91">
</Loc>
<Message>
A cast shall not be performed that removes any const or volatile qualification
from the type addressed by a pointer.
</Message>
</Rule>

<Rule Name="11.5" Mode="required" Report="warning" Id="88">
<Loc File="C:\Component\SF020A_HwAgTrakgServo_Impl\src\HwAgTrakgServo.c" Line="592" Column="155">
</Loc>
<Message>
A cast shall not be performed that removes any const or volatile qualification
from the type addressed by a pointer.
</Message>
</Rule>

<Rule Name="12.3" Mode="required" Report="warning" Id="89">
<Loc File="C:\Component\SF020A_HwAgTrakgServo_Impl\src\HwAgTrakgServo.c" Line="593" Column="162">
</Loc>
<Message>
The sizeof operator should not be used on expressions that contain side effects.
</Message>
</Rule>

<Rule Name="11.5" Mode="required" Report="warning" Id="90">
<Loc File="C:\Component\SF020A_HwAgTrakgServo_Impl\src\HwAgTrakgServo.c" Line="593" Column="171">
</Loc>
<Message>
A cast shall not be performed that removes any const or volatile qualification
from the type addressed by a pointer.
</Message>
</Rule>

<Rule Name="12.3" Mode="required" Report="warning" Id="91">
<Loc File="C:\Component\SF020A_HwAgTrakgServo_Impl\src\HwAgTrakgServo.c" Line="593" Column="249">
</Loc>
<Message>
The sizeof operator should not be used on expressions that contain side effects.
</Message>
</Rule>

<Rule Name="11.5" Mode="required" Report="warning" Id="92">
<Loc File="C:\Component\SF020A_HwAgTrakgServo_Impl\src\HwAgTrakgServo.c" Line="593" Column="259">
</Loc>
<Message>
A cast shall not be performed that removes any const or volatile qualification
from the type addressed by a pointer.
</Message>
</Rule>

</CodeStruct>

</MISRA-C-Report>
