<?xml version="1.0" encoding="UTF-8"?>
<Navig version="1.0">
<Files>
<F id="1" n="C:\Program Files\MATLAB\R2013b\polyspace\verifier\cxx\cinclude\stdarg.h"/>
<F id="2" n="C:\Component\AR201A_ArCplrSuprt_Impl\include\ASR4.0.3\Platform_Types.h"/>
<F id="3" n="C:\Component\AR200A_ArSuprt_Impl\include\ASR4.0.3\Std_Types.h"/>
<F id="4" n="C:\Component\TL103A_CplrSuprt\include\2013.5.5\ansi\math.h"/>
<F id="5" n="C:\Component\AR100A_NxtrMath_Impl\include\NxtrMath.h"/>
<F id="6" n="C:\Component\AR100A_NxtrMath_Impl\tools\contract\NxtrMath_TestHarness.c"/>
<F id="7" n="C-STUBS\__polyspace__stdstubs.c"/>
<F id="8" n="C:\Program Files\MATLAB\R2013b\polyspace\verifier\cxx\cinclude\__polyspace__std_decls.h"/>
<F id="9" n="C:\Program Files\MATLAB\R2013b\polyspace\verifier\cxx\cinclude\assert.h"/>
<F id="10" n="C:\Program Files\MATLAB\R2013b\polyspace\verifier\cxx\cinclude\__polyspace__libc_defs.h"/>
<F id="11" n="C:\Component\AR201A_ArCplrSuprt_Impl\include\ASR4.0.3\Compiler.h"/>
<F id="12" n="C:\Component\AR201A_ArCplrSuprt_Impl\tools\contract\Compiler_Cfg.h"/>
<F id="13" n="C:\Component\AR100A_NxtrMath_Impl\tools\contract\NxtrMath_TestHarness.h"/>
</Files>
<Definitions>
<D id="1" f="6" l="214" c="104" n="Denom" t="4" d="1"/>
<D id="2" f="6" l="181" c="104" n="RngLo" t="4" d="1"/>
<D id="3" f="5" l="533" c="104" n="RngLo" t="4" d="1"/>
<D id="4" f="6" l="182" c="104" n="RngHi" t="4" d="1"/>
<D id="5" f="5" l="534" c="104" n="RngHi" t="4" d="1"/>
<D id="6" f="5" l="609" c="104" n="Denom" t="4" d="1"/>
<D id="7" f="5" l="548" c="104" n="Denom" t="4" d="1"/>
<D id="8" f="6" l="188" c="104" n="Denom" t="4" d="1"/>
<D id="9" f="7" l="6926" c="14" n="_polyspace_compare_function_type" t="7" d="1"/>
<D id="10" f="7" l="12230" c="16" n="__polyspace_absolute_address" t="1" d="1"/>
<D id="11" f="7" l="11370" c="23" n="random" t="4" d="1"/>
<D id="12" f="7" l="11386" c="21" n="HUGE_VAL" t="1" d="1"/>
<D id="13" f="7" l="11368" c="12" n="_polyspace_random_long_double" t="2" d="1"/>
<D id="14" f="7" l="11387" c="21" n="HUGE_VALF" t="1" d="1"/>
<D id="15" f="7" l="11388" c="21" n="HUGE_VALL" t="1" d="1"/>
<D id="16" f="6" l="7" c="8" n="Test_Blnd_f32" t="2" d="1"/>
<D id="17" f="6" l="7" c="30" n="Inp1" t="4" d="1"/>
<D id="18" f="6" l="60" c="6" n="Test_Min_u08" t="2" d="1"/>
<D id="19" f="6" l="14" c="6" n="Test_Abslt_u08_s08" t="2" d="1"/>
<D id="20" f="6" l="34" c="6" n="Test_Sign_s08_s08" t="2" d="1"/>
<D id="21" f="6" l="24" c="7" n="Test_Abslt_u32_s32" t="2" d="1"/>
<D id="22" f="6" l="44" c="6" n="Test_Sign_s08_s32" t="2" d="1"/>
<D id="23" f="6" l="54" c="6" n="Test_Min_s08" t="2" d="1"/>
<D id="24" f="6" l="72" c="7" n="Test_Min_u16" t="2" d="1"/>
<D id="25" f="6" l="90" c="8" n="Test_Min_f32" t="2" d="1"/>
<D id="26" f="6" l="19" c="7" n="Test_Abslt_u16_s16" t="2" d="1"/>
<D id="27" f="6" l="39" c="6" n="Test_Sign_s08_s16" t="2" d="1"/>
<D id="28" f="6" l="84" c="7" n="Test_Min_u32" t="2" d="1"/>
<D id="29" f="6" l="49" c="6" n="Test_Sign_s08_f32" t="2" d="1"/>
<D id="30" f="6" l="66" c="7" n="Test_Min_s16" t="2" d="1"/>
<D id="31" f="6" l="96" c="6" n="Test_Max_s08" t="2" d="1"/>
<D id="32" f="6" l="29" c="8" n="Test_Abslt_f32_f32" t="2" d="1"/>
<D id="33" f="6" l="78" c="7" n="Test_Min_s32" t="2" d="1"/>
<D id="34" f="6" l="8" c="97" n="Inp2" t="4" d="1"/>
<D id="35" f="6" l="9" c="97" n="Fac" t="4" d="1"/>
<D id="36" f="3" l="141" c="2" n="Std_VersionInfoType" t="7" d="1"/>
<D id="37" f="6" l="90" c="29" n="Inp1" t="4" d="1"/>
<D id="38" f="6" l="34" c="30" n="Inp" t="4" d="1"/>
<D id="39" f="6" l="14" c="31" n="Inp" t="4" d="1"/>
<D id="40" f="6" l="102" c="6" n="Test_Max_u08" t="2" d="1"/>
<D id="41" f="6" l="44" c="31" n="Inp" t="4" d="1"/>
<D id="42" f="6" l="120" c="7" n="Test_Max_s32" t="2" d="1"/>
<D id="43" f="1" l="45" c="14" n="__va_list" t="7" d="1"/>
<D id="44" f="6" l="24" c="33" n="Inp" t="4" d="1"/>
<D id="45" f="6" l="60" c="25" n="Inp1" t="4" d="1"/>
<D id="46" f="6" l="39" c="31" n="Inp" t="4" d="1"/>
<D id="47" f="1" l="50" c="18" n="__gnuc_va_list" t="7" d="1"/>
<D id="48" f="4" l="51" c="17" n="double_t" t="7" d="1"/>
<D id="49" f="6" l="114" c="7" n="Test_Max_u16" t="2" d="1"/>
<D id="50" f="6" l="203" c="8" n="Test_Exp_f32" t="2" d="1"/>
<D id="51" f="4" l="52" c="17" n="float_t" t="7" d="1"/>
<D id="52" f="4" l="731" c="6" n="expf" t="2" d="0"/>
<D id="53" f="6" l="19" c="33" n="Inp" t="4" d="1"/>
<D id="54" f="6" l="54" c="25" n="Inp1" t="4" d="1"/>
<D id="55" f="6" l="132" c="8" n="Test_Max_f32" t="2" d="1"/>
<D id="56" f="6" l="213" c="8" n="Test_Mod_f32" t="2" d="1"/>
<D id="57" f="4" l="741" c="6" n="sqrtf" t="2" d="0"/>
<D id="58" f="6" l="152" c="7" n="Test_Lim_s16" t="2" d="1"/>
<D id="59" f="6" l="49" c="32" n="Inp" t="4" d="1"/>
<D id="60" f="6" l="145" c="6" n="Test_Lim_u08" t="2" d="1"/>
<D id="61" f="4" l="742" c="6" n="fabsf" t="2" d="0"/>
<D id="62" f="4" l="724" c="6" n="atan2f" t="2" d="0"/>
<D id="63" f="6" l="126" c="7" n="Test_Max_u32" t="2" d="1"/>
<D id="64" f="6" l="180" c="8" n="Test_Lim_f32" t="2" d="1"/>
<D id="65" f="6" l="108" c="7" n="Test_Max_s16" t="2" d="1"/>
<D id="66" f="6" l="72" c="27" n="Inp1" t="4" d="1"/>
<D id="67" f="4" l="725" c="6" n="cosf" t="2" d="0"/>
<D id="68" f="6" l="173" c="7" n="Test_Lim_u32" t="2" d="1"/>
<D id="69" f="6" l="138" c="6" n="Test_Lim_s08" t="2" d="1"/>
<D id="70" f="6" l="29" c="35" n="Inp" t="4" d="1"/>
<D id="71" f="4" l="726" c="6" n="sinf" t="2" d="0"/>
<D id="72" f="6" l="96" c="25" n="Inp1" t="4" d="1"/>
<D id="73" f="6" l="208" c="8" n="Test_Sqrt_f32" t="2" d="1"/>
<D id="74" f="6" l="84" c="27" n="Inp1" t="4" d="1"/>
<D id="75" f="7" l="477" c="4" n="errno" t="1" d="1"/>
<D id="76" f="6" l="66" c="27" n="Inp1" t="4" d="1"/>
<D id="77" f="6" l="166" c="7" n="Test_Lim_s32" t="2" d="1"/>
<D id="78" f="1" l="49" c="18" n="va_list" t="7" d="1"/>
<D id="79" f="6" l="193" c="8" n="Test_Sin_f32" t="2" d="1"/>
<D id="80" f="6" l="61" c="86" n="Inp2" t="4" d="1"/>
<D id="81" f="6" l="78" c="27" n="Inp1" t="4" d="1"/>
<D id="82" f="4" l="748" c="6" n="fmodf" t="2" d="0"/>
<D id="83" f="6" l="159" c="7" n="Test_Lim_u16" t="2" d="1"/>
<D id="84" f="6" l="73" c="95" n="Inp2" t="4" d="1"/>
<D id="85" f="6" l="187" c="8" n="Test_Arctan2_f32" t="2" d="1"/>
<D id="86" f="6" l="55" c="86" n="Inp2" t="4" d="1"/>
<D id="87" f="6" l="91" c="96" n="Inp2" t="4" d="1"/>
<D id="88" f="6" l="198" c="8" n="Test_Cos_f32" t="2" d="1"/>
<D id="89" f="6" l="85" c="95" n="Inp2" t="4" d="1"/>
<D id="90" f="6" l="67" c="95" n="Inp2" t="4" d="1"/>
<D id="91" f="6" l="97" c="86" n="Inp2" t="4" d="1"/>
<D id="92" f="6" l="79" c="95" n="Inp2" t="4" d="1"/>
<D id="93" f="3" l="140" c="10" n="sw_patch_version" t="9" d="1"/>
<D id="94" f="7" l="101" c="21" n="size_t" t="7" d="1"/>
<D id="95" f="2" l="110" c="31" n="sint8" t="7" d="1"/>
<D id="96" f="6" l="203" c="29" n="Inp" t="4" d="1"/>
<D id="97" f="2" l="120" c="31" n="uint16_least" t="7" d="1"/>
<D id="98" f="2" l="111" c="31" n="uint8" t="7" d="1"/>
<D id="99" f="6" l="132" c="29" n="Inp1" t="4" d="1"/>
<D id="100" f="6" l="213" c="29" n="Numer" t="4" d="1"/>
<D id="101" f="2" l="121" c="31" n="sint32_least" t="7" d="1"/>
<D id="102" f="7" l="103" c="12" n="ptrdiff_t" t="7" d="1"/>
<D id="103" f="2" l="112" c="31" n="sint16" t="7" d="1"/>
<D id="104" f="2" l="131" c="31" n="float32" t="7" d="1"/>
<D id="105" f="2" l="122" c="31" n="uint32_least" t="7" d="1"/>
<D id="106" f="2" l="113" c="31" n="uint16" t="7" d="1"/>
<D id="107" f="6" l="180" c="29" n="Inp" t="4" d="1"/>
<D id="108" f="3" l="136" c="10" n="vendorID" t="9" d="1"/>
<D id="109" f="5" l="330" c="31" n="Inp1" t="4" d="1"/>
<D id="110" f="2" l="132" c="31" n="float64" t="7" d="1"/>
<D id="111" f="5" l="205" c="39" n="Inp" t="4" d="1"/>
<D id="112" f="2" l="114" c="31" n="sint32" t="7" d="1"/>
<D id="113" f="5" l="421" c="31" n="Inp1" t="4" d="1"/>
<D id="114" f="3" l="137" c="10" n="moduleID" t="9" d="1"/>
<D id="115" f="7" l="106" c="21" n="wchar_t" t="7" d="1"/>
<D id="116" f="7" l="511" c="13" n="_polyspace_random_int" t="5" d="1"/>
<D id="117" f="2" l="115" c="31" n="uint32" t="7" d="1"/>
<D id="118" f="5" l="304" c="31" n="Inp1" t="4" d="1"/>
<D id="119" f="5" l="462" c="29" n="Inp" t="4" d="1"/>
<D id="120" f="3" l="138" c="10" n="sw_major_version" t="9" d="1"/>
<D id="121" f="3" l="132" c="14" n="Std_ReturnType" t="7" d="1"/>
<D id="122" f="3" l="125" c="22" n="StatusType" t="7" d="1"/>
<D id="123" f="5" l="504" c="31" n="Inp" t="4" d="1"/>
<D id="124" f="3" l="139" c="10" n="sw_minor_version" t="9" d="1"/>
<D id="125" f="2" l="117" c="31" n="sint8_least" t="7" d="1"/>
<D id="126" f="5" l="265" c="29" n="Inp1" t="4" d="1"/>
<D id="127" f="6" l="102" c="25" n="Inp1" t="4" d="1"/>
<D id="128" f="6" l="193" c="29" n="Inp" t="4" d="1"/>
<D id="129" f="6" l="208" c="30" n="Inp" t="4" d="1"/>
<D id="130" f="2" l="108" c="31" n="boolean" t="7" d="1"/>
<D id="131" f="7" l="503" c="23" n="_polyspace_random_uchar" t="5" d="1"/>
<D id="132" f="5" l="356" c="29" n="Inp1" t="4" d="1"/>
<D id="133" f="2" l="118" c="31" n="uint8_least" t="7" d="1"/>
<D id="134" f="5" l="241" c="15" n="Sign_s08_s32" t="2" d="1"/>
<D id="135" f="5" l="330" c="16" n="Min_u32" t="2" d="1"/>
<D id="136" f="5" l="291" c="31" n="Inp1" t="4" d="1"/>
<D id="137" f="5" l="317" c="31" n="Inp1" t="4" d="1"/>
<D id="138" f="5" l="490" c="31" n="Inp" t="4" d="1"/>
<D id="139" f="2" l="119" c="31" n="sint16_least" t="7" d="1"/>
<D id="140" f="5" l="421" c="16" n="Max_u32" t="2" d="1"/>
<D id="141" f="5" l="382" c="31" n="Inp1" t="4" d="1"/>
<D id="142" f="5" l="408" c="31" n="Inp1" t="4" d="1"/>
<D id="143" f="5" l="448" c="29" n="Inp" t="4" d="1"/>
<D id="144" f="7" l="513" c="24" n="random" t="4" d="1"/>
<D id="145" f="5" l="532" c="33" n="Inp" t="4" d="1"/>
<D id="146" f="6" l="120" c="27" n="Inp1" t="4" d="1"/>
<D id="147" f="7" l="521" c="25" n="random" t="4" d="1"/>
<D id="148" f="5" l="304" c="16" n="Min_u16" t="2" d="1"/>
<D id="149" f="5" l="560" c="33" n="Inp" t="4" d="1"/>
<D id="150" f="5" l="343" c="33" n="Inp1" t="4" d="1"/>
<D id="151" f="5" l="152" c="34" n="Inp1" t="4" d="1"/>
<D id="152" f="5" l="278" c="29" n="Inp1" t="4" d="1"/>
<D id="153" f="5" l="253" c="15" n="Sign_s08_f32" t="2" d="1"/>
<D id="154" f="5" l="241" c="35" n="Inp" t="4" d="1"/>
<D id="155" f="5" l="518" c="31" n="Inp" t="4" d="1"/>
<D id="156" f="5" l="434" c="33" n="Inp1" t="4" d="1"/>
<D id="157" f="5" l="504" c="16" n="Lim_s32" t="2" d="1"/>
<D id="158" f="5" l="369" c="29" n="Inp1" t="4" d="1"/>
<D id="159" f="5" l="217" c="15" n="Sign_s08_s08" t="2" d="1"/>
<D id="160" f="5" l="462" c="15" n="Lim_u08" t="2" d="1"/>
<D id="161" f="6" l="198" c="29" n="Inp" t="4" d="1"/>
<D id="162" f="5" l="205" c="17" n="Abslt_f32_f32" t="2" d="1"/>
<D id="163" f="7" l="505" c="34" n="random" t="4" d="1"/>
<D id="164" f="5" l="152" c="17" n="Blnd_f32" t="2" d="1"/>
<D id="165" f="7" l="527" c="23" n="_polyspace_random_ulong" t="5" d="1"/>
<D id="166" f="5" l="217" c="34" n="Inp" t="4" d="1"/>
<D id="167" f="5" l="572" c="33" n="Inp" t="4" d="1"/>
<D id="168" f="6" l="114" c="27" n="Inp1" t="4" d="1"/>
<D id="169" f="5" l="395" c="31" n="Inp1" t="4" d="1"/>
<D id="170" f="5" l="476" c="31" n="Inp" t="4" d="1"/>
<D id="171" f="6" l="145" c="25" n="Inp" t="4" d="1"/>
<D id="172" f="5" l="532" c="17" n="Lim_f32" t="2" d="1"/>
<D id="173" f="5" l="265" c="15" n="Min_s08" t="2" d="1"/>
<D id="174" f="5" l="291" c="16" n="Min_s16" t="2" d="1"/>
<D id="175" f="5" l="560" c="17" n="Sin_f32" t="2" d="1"/>
<D id="176" f="5" l="317" c="16" n="Min_s32" t="2" d="1"/>
<D id="177" f="5" l="343" c="17" n="Min_f32" t="2" d="1"/>
<D id="178" f="5" l="490" c="16" n="Lim_u16" t="2" d="1"/>
<D id="179" f="5" l="608" c="33" n="Numer" t="4" d="1"/>
<D id="180" f="7" l="534" c="16" n="_polyspace_random_double" t="5" d="1"/>
<D id="181" f="5" l="166" c="15" n="Abslt_u08_s08" t="2" d="1"/>
<D id="182" f="5" l="192" c="16" n="Abslt_u32_s32" t="2" d="1"/>
<D id="183" f="6" l="152" c="27" n="Inp" t="4" d="1"/>
<D id="184" f="7" l="519" c="14" n="_polyspace_random_long" t="5" d="1"/>
<D id="185" f="5" l="229" c="15" n="Sign_s08_s16" t="2" d="1"/>
<D id="186" f="5" l="356" c="15" n="Max_s08" t="2" d="1"/>
<D id="187" f="5" l="382" c="16" n="Max_s16" t="2" d="1"/>
<D id="188" f="7" l="3581" c="4" n="__polyspace_nb_varargs" t="1" d="1"/>
<D id="189" f="5" l="408" c="16" n="Max_s32" t="2" d="1"/>
<D id="190" f="5" l="434" c="17" n="Max_f32" t="2" d="1"/>
<D id="191" f="5" l="253" c="36" n="Inp" t="4" d="1"/>
<D id="192" f="6" l="138" c="25" n="Inp" t="4" d="1"/>
<D id="193" f="5" l="584" c="33" n="Inp" t="4" d="1"/>
<D id="194" f="6" l="126" c="27" n="Inp1" t="4" d="1"/>
<D id="195" f="7" l="495" c="14" n="_polyspace_random_char" t="5" d="1"/>
<D id="196" f="5" l="518" c="16" n="Lim_u32" t="2" d="1"/>
<D id="197" f="6" l="108" c="27" n="Inp1" t="4" d="1"/>
<D id="198" f="5" l="448" c="15" n="Lim_s08" t="2" d="1"/>
<D id="199" f="6" l="140" c="94" n="RngHi" t="4" d="1"/>
<D id="200" f="5" l="572" c="17" n="Cos_f32" t="2" d="1"/>
<D id="201" f="6" l="187" c="33" n="Numer" t="4" d="1"/>
<D id="202" f="6" l="173" c="27" n="Inp" t="4" d="1"/>
<D id="203" f="5" l="166" c="35" n="Inp" t="4" d="1"/>
<D id="204" f="5" l="229" c="35" n="Inp" t="4" d="1"/>
<D id="205" f="6" l="121" c="95" n="Inp2" t="4" d="1"/>
<D id="206" f="5" l="278" c="15" n="Min_u08" t="2" d="1"/>
<D id="207" f="5" l="608" c="17" n="Mod_f32" t="2" d="1"/>
<D id="208" f="7" l="529" c="34" n="random" t="4" d="1"/>
<D id="209" f="6" l="103" c="86" n="Inp2" t="4" d="1"/>
<D id="210" f="7" l="3580" c="7" n="__polyspace_vararg" t="1" d="1"/>
<D id="211" f="5" l="369" c="15" n="Max_u08" t="2" d="1"/>
<D id="212" f="5" l="395" c="16" n="Max_u16" t="2" d="1"/>
<D id="213" f="5" l="476" c="16" n="Lim_s16" t="2" d="1"/>
<D id="214" f="5" l="192" c="37" n="Inp" t="4" d="1"/>
<D id="215" f="5" l="520" c="95" n="RngHi" t="4" d="1"/>
<D id="216" f="5" l="450" c="94" n="RngHi" t="4" d="1"/>
<D id="217" f="6" l="166" c="27" n="Inp" t="4" d="1"/>
<D id="218" f="7" l="536" c="27" n="random" t="4" d="1"/>
<D id="219" f="5" l="547" c="17" n="Arctan2_f32" t="2" d="1"/>
<D id="220" f="5" l="331" c="95" n="Inp2" t="4" d="1"/>
<D id="221" f="5" l="584" c="17" n="Exp_f32" t="2" d="1"/>
<D id="222" f="5" l="179" c="16" n="Abslt_u16_s16" t="2" d="1"/>
<D id="223" f="6" l="160" c="95" n="RngLo" t="4" d="1"/>
<D id="224" f="5" l="422" c="95" n="Inp2" t="4" d="1"/>
<D id="225" f="5" l="596" c="34" n="Inp" t="4" d="1"/>
<D id="226" f="6" l="115" c="95" n="Inp2" t="4" d="1"/>
<D id="227" f="6" l="161" c="95" n="RngHi" t="4" d="1"/>
<D id="228" f="5" l="305" c="95" n="Inp2" t="4" d="1"/>
<D id="229" f="7" l="497" c="25" n="random" t="4" d="1"/>
<D id="230" f="6" l="159" c="27" n="Inp" t="4" d="1"/>
<D id="231" f="5" l="370" c="86" n="Inp2" t="4" d="1"/>
<D id="232" f="6" l="133" c="96" n="Inp2" t="4" d="1"/>
<D id="233" f="6" l="153" c="95" n="RngLo" t="4" d="1"/>
<D id="234" f="5" l="505" c="95" n="RngLo" t="4" d="1"/>
<D id="235" f="5" l="547" c="37" n="Numer" t="4" d="1"/>
<D id="236" f="5" l="596" c="17" n="Sqrt_f32" t="2" d="1"/>
<D id="237" f="6" l="146" c="94" n="RngLo" t="4" d="1"/>
<D id="238" f="5" l="463" c="94" n="RngLo" t="4" d="1"/>
<D id="239" f="6" l="154" c="95" n="RngHi" t="4" d="1"/>
<D id="240" f="5" l="506" c="95" n="RngHi" t="4" d="1"/>
<D id="241" f="6" l="127" c="95" n="Inp2" t="4" d="1"/>
<D id="242" f="6" l="147" c="94" n="RngHi" t="4" d="1"/>
<D id="243" f="5" l="464" c="94" n="RngHi" t="4" d="1"/>
<D id="244" f="6" l="109" c="95" n="Inp2" t="4" d="1"/>
<D id="245" f="5" l="179" c="37" n="Inp" t="4" d="1"/>
<D id="246" f="5" l="292" c="95" n="Inp2" t="4" d="1"/>
<D id="247" f="6" l="174" c="95" n="RngLo" t="4" d="1"/>
<D id="248" f="5" l="318" c="95" n="Inp2" t="4" d="1"/>
<D id="249" f="5" l="344" c="96" n="Inp2" t="4" d="1"/>
<D id="250" f="5" l="491" c="95" n="RngLo" t="4" d="1"/>
<D id="251" f="6" l="139" c="94" n="RngLo" t="4" d="1"/>
<D id="252" f="5" l="153" c="97" n="Inp2" t="4" d="1"/>
<D id="253" f="5" l="383" c="95" n="Inp2" t="4" d="1"/>
<D id="254" f="5" l="409" c="95" n="Inp2" t="4" d="1"/>
<D id="255" f="5" l="435" c="96" n="Inp2" t="4" d="1"/>
<D id="256" f="6" l="175" c="95" n="RngHi" t="4" d="1"/>
<D id="257" f="5" l="492" c="95" n="RngHi" t="4" d="1"/>
<D id="258" f="5" l="154" c="97" n="Fac" t="4" d="1"/>
<D id="259" f="5" l="266" c="86" n="Inp2" t="4" d="1"/>
<D id="260" f="6" l="167" c="95" n="RngLo" t="4" d="1"/>
<D id="261" f="5" l="519" c="95" n="RngLo" t="4" d="1"/>
<D id="262" f="5" l="357" c="86" n="Inp2" t="4" d="1"/>
<D id="263" f="5" l="449" c="94" n="RngLo" t="4" d="1"/>
<D id="264" f="6" l="168" c="95" n="RngHi" t="4" d="1"/>
<D id="265" f="5" l="396" c="95" n="Inp2" t="4" d="1"/>
<D id="266" f="5" l="477" c="95" n="RngLo" t="4" d="1"/>
<D id="267" f="5" l="279" c="86" n="Inp2" t="4" d="1"/>
<D id="268" f="5" l="478" c="95" n="RngHi" t="4" d="1"/>
</Definitions>
<Uses>
<U id="1" f="7" l="11371" c="9" d="11" a="0"/>
<U id="2" f="6" l="7" c="0" d="104" a="0"/>
<U id="3" f="6" l="60" c="0" d="98" a="0"/>
<U id="4" f="6" l="14" c="0" d="98" a="0"/>
<U id="5" f="6" l="24" c="0" d="117" a="0"/>
<U id="6" f="6" l="34" c="0" d="95" a="0"/>
<U id="7" f="6" l="90" c="0" d="104" a="0"/>
<U id="8" f="6" l="44" c="0" d="95" a="0"/>
<U id="9" f="6" l="72" c="0" d="106" a="0"/>
<U id="10" f="6" l="54" c="0" d="95" a="0"/>
<U id="11" f="6" l="19" c="0" d="106" a="0"/>
<U id="12" f="6" l="84" c="0" d="117" a="0"/>
<U id="13" f="6" l="29" c="0" d="104" a="0"/>
<U id="14" f="6" l="66" c="0" d="103" a="0"/>
<U id="15" f="6" l="7" c="22" d="104" a="0"/>
<U id="16" f="6" l="39" c="0" d="95" a="0"/>
<U id="17" f="6" l="49" c="0" d="95" a="0"/>
<U id="18" f="6" l="96" c="0" d="95" a="0"/>
<U id="19" f="6" l="78" c="0" d="112" a="0"/>
<U id="20" f="1" l="50" c="8" d="43" a="0"/>
<U id="21" f="6" l="8" c="89" d="104" a="0"/>
<U id="22" f="6" l="9" c="89" d="104" a="0"/>
<U id="23" f="1" l="84" c="7" d="78" a="0"/>
<U id="24" f="1" l="49" c="8" d="43" a="0"/>
<U id="25" f="6" l="120" c="0" d="112" a="0"/>
<U id="26" f="6" l="102" c="0" d="98" a="0"/>
<U id="27" f="6" l="203" c="0" d="104" a="0"/>
<U id="28" f="6" l="21" c="29" d="53" a="0"/>
<U id="29" f="6" l="60" c="19" d="98" a="0"/>
<U id="30" f="6" l="132" c="0" d="104" a="0"/>
<U id="31" f="6" l="213" c="0" d="104" a="0"/>
<U id="32" f="6" l="31" c="29" d="70" a="0"/>
<U id="33" f="6" l="114" c="0" d="106" a="0"/>
<U id="34" f="6" l="11" c="30" d="34" a="0"/>
<U id="35" f="6" l="152" c="0" d="103" a="0"/>
<U id="36" f="6" l="180" c="0" d="104" a="0"/>
<U id="37" f="3" l="140" c="3" d="98" a="0"/>
<U id="38" f="6" l="54" c="19" d="95" a="0"/>
<U id="39" f="6" l="16" c="29" d="39" a="0"/>
<U id="40" f="6" l="126" c="0" d="117" a="0"/>
<U id="41" f="6" l="81" c="29" d="92" a="0"/>
<U id="42" f="6" l="72" c="20" d="106" a="0"/>
<U id="43" f="6" l="108" c="0" d="103" a="0"/>
<U id="44" f="6" l="26" c="29" d="44" a="0"/>
<U id="45" f="6" l="63" c="29" d="80" a="0"/>
<U id="46" f="6" l="145" c="0" d="98" a="0"/>
<U id="47" f="6" l="173" c="0" d="117" a="0"/>
<U id="48" f="6" l="208" c="0" d="104" a="0"/>
<U id="49" f="6" l="90" c="21" d="104" a="0"/>
<U id="50" f="6" l="11" c="24" d="17" a="0"/>
<U id="51" f="6" l="11" c="15" d="164" a="0"/>
<U id="52" f="6" l="93" c="29" d="87" a="0"/>
<U id="53" f="6" l="21" c="15" d="222" a="0"/>
<U id="54" f="1" l="84" c="39" d="78" a="0"/>
<U id="55" f="6" l="84" c="20" d="117" a="0"/>
<U id="56" f="6" l="193" c="0" d="104" a="0"/>
<U id="57" f="6" l="75" c="29" d="84" a="0"/>
<U id="58" f="6" l="138" c="0" d="95" a="0"/>
<U id="59" f="6" l="66" c="20" d="103" a="0"/>
<U id="60" f="6" l="31" c="15" d="162" a="0"/>
<U id="61" f="6" l="57" c="29" d="86" a="0"/>
<U id="62" f="6" l="166" c="0" d="112" a="0"/>
<U id="63" f="6" l="96" c="19" d="95" a="0"/>
<U id="64" f="6" l="41" c="15" d="185" a="0"/>
<U id="65" f="6" l="51" c="15" d="153" a="0"/>
<U id="66" f="3" l="136" c="3" d="106" a="0"/>
<U id="67" f="6" l="81" c="23" d="81" a="0"/>
<U id="68" f="6" l="63" c="23" d="45" a="0"/>
<U id="69" f="6" l="87" c="29" d="89" a="0"/>
<U id="70" f="6" l="34" c="24" d="95" a="0"/>
<U id="71" f="6" l="78" c="20" d="112" a="0"/>
<U id="72" f="6" l="69" c="29" d="90" a="0"/>
<U id="73" f="3" l="137" c="3" d="106" a="0"/>
<U id="74" f="6" l="14" c="25" d="95" a="0"/>
<U id="75" f="6" l="159" c="0" d="106" a="0"/>
<U id="76" f="6" l="11" c="36" d="35" a="0"/>
<U id="77" f="6" l="44" c="24" d="112" a="0"/>
<U id="78" f="6" l="187" c="0" d="104" a="0"/>
<U id="79" f="6" l="16" c="15" d="181" a="0"/>
<U id="80" f="6" l="81" c="15" d="176" a="0"/>
<U id="81" f="6" l="61" c="80" d="98" a="0"/>
<U id="82" f="3" l="138" c="3" d="98" a="0"/>
<U id="83" f="6" l="26" c="15" d="182" a="0"/>
<U id="84" f="6" l="63" c="15" d="206" a="0"/>
<U id="85" f="6" l="93" c="23" d="37" a="0"/>
<U id="86" f="6" l="36" c="15" d="159" a="0"/>
<U id="87" f="6" l="75" c="23" d="66" a="0"/>
<U id="88" f="6" l="99" c="29" d="91" a="0"/>
<U id="89" f="3" l="132" c="8" d="98" a="0"/>
<U id="90" f="3" l="139" c="3" d="98" a="0"/>
<U id="91" f="6" l="24" c="26" d="112" a="0"/>
<U id="92" f="6" l="57" c="23" d="54" a="0"/>
<U id="93" f="6" l="198" c="0" d="104" a="0"/>
<U id="94" f="6" l="46" c="15" d="134" a="0"/>
<U id="95" f="6" l="93" c="15" d="177" a="0"/>
<U id="96" f="6" l="75" c="15" d="148" a="0"/>
<U id="97" f="6" l="55" c="80" d="95" a="0"/>
<U id="98" f="6" l="41" c="28" d="46" a="0"/>
<U id="99" f="6" l="57" c="15" d="173" a="0"/>
<U id="100" f="6" l="39" c="24" d="103" a="0"/>
<U id="101" f="6" l="87" c="23" d="74" a="0"/>
<U id="102" f="6" l="51" c="28" d="59" a="0"/>
<U id="103" f="6" l="69" c="23" d="76" a="0"/>
<U id="104" f="6" l="49" c="24" d="104" a="0"/>
<U id="105" f="6" l="19" c="26" d="103" a="0"/>
<U id="106" f="6" l="87" c="15" d="135" a="0"/>
<U id="107" f="6" l="69" c="15" d="174" a="0"/>
<U id="108" f="6" l="99" c="23" d="72" a="0"/>
<U id="109" f="6" l="36" c="28" d="38" a="0"/>
<U id="110" f="6" l="29" c="27" d="104" a="0"/>
<U id="111" f="6" l="97" c="80" d="95" a="0"/>
<U id="112" f="6" l="46" c="28" d="41" a="0"/>
<U id="113" f="6" l="99" c="15" d="186" a="0"/>
<U id="114" f="6" l="91" c="88" d="104" a="0"/>
<U id="115" f="6" l="73" c="88" d="106" a="0"/>
<U id="116" f="6" l="85" c="88" d="117" a="0"/>
<U id="117" f="6" l="67" c="88" d="103" a="0"/>
<U id="118" f="6" l="79" c="88" d="112" a="0"/>
<U id="119" f="5" l="330" c="9" d="117" a="0"/>
<U id="120" f="6" l="102" c="19" d="98" a="0"/>
<U id="121" f="5" l="421" c="9" d="117" a="0"/>
<U id="122" f="5" l="241" c="9" d="95" a="0"/>
<U id="123" f="6" l="120" c="20" d="112" a="0"/>
<U id="124" f="6" l="111" c="29" d="244" a="0"/>
<U id="125" f="5" l="304" c="9" d="106" a="0"/>
<U id="126" f="5" l="205" c="9" d="104" a="0"/>
<U id="127" f="5" l="152" c="9" d="104" a="0"/>
<U id="128" f="5" l="504" c="9" d="112" a="0"/>
<U id="129" f="5" l="532" c="9" d="104" a="0"/>
<U id="130" f="5" l="560" c="9" d="104" a="0"/>
<U id="131" f="5" l="320" c="30" d="137" a="0"/>
<U id="132" f="5" l="343" c="9" d="104" a="0"/>
<U id="133" f="5" l="253" c="9" d="95" a="0"/>
<U id="134" f="6" l="123" c="29" d="205" a="0"/>
<U id="135" f="5" l="550" c="19" d="235" a="0"/>
<U id="136" f="6" l="114" c="20" d="106" a="0"/>
<U id="137" f="5" l="411" c="30" d="142" a="0"/>
<U id="138" f="6" l="105" c="29" d="209" a="0"/>
<U id="139" f="5" l="434" c="9" d="104" a="0"/>
<U id="140" f="7" l="530" c="11" d="208" a="0"/>
<U id="141" f="5" l="217" c="9" d="95" a="0"/>
<U id="142" f="6" l="203" c="21" d="104" a="0"/>
<U id="143" f="5" l="462" c="9" d="98" a="0"/>
<U id="144" f="6" l="200" c="23" d="161" a="0"/>
<U id="145" f="5" l="291" c="9" d="103" a="0"/>
<U id="146" f="5" l="317" c="9" d="112" a="0"/>
<U id="147" f="5" l="490" c="9" d="106" a="0"/>
<U id="148" f="5" l="320" c="22" d="248" a="0"/>
<U id="149" f="5" l="192" c="9" d="117" a="0"/>
<U id="150" f="6" l="132" c="21" d="104" a="0"/>
<U id="151" f="6" l="152" c="20" d="103" a="0"/>
<U id="152" f="6" l="213" c="21" d="104" a="0"/>
<U id="153" f="7" l="522" c="11" d="147" a="0"/>
<U id="154" f="5" l="382" c="9" d="103" a="0"/>
<U id="155" f="5" l="611" c="12" d="82" a="0"/>
<U id="156" f="5" l="408" c="9" d="112" a="0"/>
<U id="157" f="6" l="145" c="19" d="98" a="0"/>
<U id="158" f="5" l="411" c="22" d="254" a="0"/>
<U id="159" f="6" l="111" c="23" d="197" a="0"/>
<U id="160" f="5" l="572" c="9" d="104" a="0"/>
<U id="161" f="5" l="265" c="9" d="95" a="0"/>
<U id="162" f="5" l="522" c="30" d="215" a="0"/>
<U id="163" f="6" l="135" c="29" d="232" a="0"/>
<U id="164" f="6" l="200" c="15" d="200" a="0"/>
<U id="165" f="5" l="522" c="21" d="215" a="0"/>
<U id="166" f="7" l="514" c="11" d="144" a="0"/>
<U id="167" f="5" l="166" c="9" d="98" a="0"/>
<U id="168" f="6" l="126" c="20" d="117" a="0"/>
<U id="169" f="5" l="320" c="14" d="137" a="0"/>
<U id="170" f="6" l="117" c="29" d="226" a="0"/>
<U id="171" f="5" l="608" c="9" d="104" a="0"/>
<U id="172" f="5" l="333" c="30" d="109" a="0"/>
<U id="173" f="6" l="210" c="24" d="129" a="0"/>
<U id="174" f="5" l="229" c="9" d="95" a="0"/>
<U id="175" f="5" l="356" c="9" d="95" a="0"/>
<U id="176" f="5" l="518" c="9" d="117" a="0"/>
<U id="177" f="6" l="108" c="20" d="103" a="0"/>
<U id="178" f="6" l="180" c="21" d="104" a="0"/>
<U id="179" f="5" l="550" c="12" d="62" a="0"/>
<U id="180" f="6" l="210" c="15" d="236" a="0"/>
<U id="181" f="5" l="205" c="31" d="104" a="0"/>
<U id="182" f="5" l="411" c="14" d="142" a="0"/>
<U id="183" f="6" l="111" c="15" d="187" a="0"/>
<U id="184" f="6" l="173" c="20" d="117" a="0"/>
<U id="185" f="5" l="424" c="30" d="113" a="0"/>
<U id="186" f="5" l="522" c="40" d="155" a="0"/>
<U id="187" f="7" l="506" c="11" d="163" a="0"/>
<U id="188" f="6" l="138" c="19" d="95" a="0"/>
<U id="189" f="5" l="231" c="14" d="204" a="0"/>
<U id="190" f="6" l="216" c="30" d="1" a="0"/>
<U id="191" f="5" l="452" c="30" d="216" a="0"/>
<U id="192" f="5" l="207" c="12" d="61" a="0"/>
<U id="193" f="5" l="281" c="30" d="152" a="0"/>
<U id="194" f="5" l="452" c="21" d="216" a="0"/>
<U id="195" f="5" l="547" c="9" d="104" a="0"/>
<U id="196" f="5" l="307" c="30" d="118" a="0"/>
<U id="197" f="5" l="480" c="30" d="268" a="0"/>
<U id="198" f="6" l="123" c="23" d="146" a="0"/>
<U id="199" f="5" l="584" c="9" d="104" a="0"/>
<U id="200" f="5" l="156" c="29" d="258" a="0"/>
<U id="201" f="5" l="333" c="22" d="220" a="0"/>
<U id="202" f="5" l="480" c="21" d="268" a="0"/>
<U id="203" f="5" l="330" c="24" d="117" a="0"/>
<U id="204" f="5" l="448" c="9" d="95" a="0"/>
<U id="205" f="6" l="105" c="23" d="127" a="0"/>
<U id="206" f="5" l="372" c="30" d="158" a="0"/>
<U id="207" f="6" l="142" c="23" d="192" a="0"/>
<U id="208" f="5" l="395" c="9" d="106" a="0"/>
<U id="209" f="5" l="476" c="9" d="103" a="0"/>
<U id="210" f="5" l="231" c="24" d="95" a="0"/>
<U id="211" f="5" l="166" c="29" d="95" a="0"/>
<U id="212" f="5" l="192" c="30" d="112" a="0"/>
<U id="213" f="5" l="424" c="22" d="224" a="0"/>
<U id="214" f="5" l="452" c="40" d="143" a="0"/>
<U id="215" f="6" l="129" c="29" d="241" a="0"/>
<U id="216" f="6" l="170" c="23" d="217" a="0"/>
<U id="217" f="6" l="205" c="23" d="96" a="0"/>
<U id="218" f="5" l="421" c="24" d="117" a="0"/>
<U id="219" f="6" l="166" c="20" d="112" a="0"/>
<U id="220" f="5" l="480" c="40" d="170" a="0"/>
<U id="221" f="5" l="522" c="14" d="155" a="0"/>
<U id="222" f="5" l="562" c="12" d="71" a="0"/>
<U id="223" f="5" l="278" c="9" d="98" a="0"/>
<U id="224" f="5" l="182" c="40" d="106" a="0"/>
<U id="225" f="5" l="281" c="22" d="267" a="0"/>
<U id="226" f="5" l="307" c="22" d="228" a="0"/>
<U id="227" f="6" l="123" c="15" d="189" a="0"/>
<U id="228" f="5" l="179" c="9" d="106" a="0"/>
<U id="229" f="5" l="304" c="24" d="106" a="0"/>
<U id="230" f="6" l="103" c="80" d="98" a="0"/>
<U id="231" f="5" l="333" c="14" d="109" a="0"/>
<U id="232" f="5" l="243" c="14" d="154" a="0"/>
<U id="233" f="5" l="346" c="30" d="150" a="0"/>
<U id="234" f="5" l="508" c="30" d="240" a="0"/>
<U id="235" f="6" l="105" c="15" d="211" a="0"/>
<U id="236" f="5" l="369" c="9" d="98" a="0"/>
<U id="237" f="6" l="193" c="21" d="104" a="0"/>
<U id="238" f="6" l="208" c="22" d="104" a="0"/>
<U id="239" f="5" l="372" c="22" d="231" a="0"/>
<U id="240" f="5" l="508" c="21" d="240" a="0"/>
<U id="241" f="6" l="142" c="15" d="198" a="0"/>
<U id="242" f="5" l="536" c="30" d="5" a="0"/>
<U id="243" f="7" l="537" c="11" d="218" a="0"/>
<U id="244" f="5" l="547" c="29" d="104" a="0"/>
<U id="245" f="5" l="182" c="59" d="245" a="0"/>
<U id="246" f="5" l="255" c="40" d="95" a="0"/>
<U id="247" f="5" l="424" c="14" d="113" a="0"/>
<U id="248" f="5" l="536" c="21" d="5" a="0"/>
<U id="249" f="6" l="135" c="23" d="99" a="0"/>
<U id="250" f="6" l="170" c="15" d="157" a="0"/>
<U id="251" f="6" l="205" c="15" d="221" a="0"/>
<U id="252" f="6" l="216" c="23" d="100" a="0"/>
<U id="253" f="5" l="596" c="9" d="104" a="0"/>
<U id="254" f="5" l="437" c="30" d="156" a="0"/>
<U id="255" f="5" l="504" c="24" d="112" a="0"/>
<U id="256" f="5" l="452" c="14" d="143" a="0"/>
<U id="257" f="5" l="611" c="25" d="6" a="0"/>
<U id="258" f="6" l="117" c="23" d="168" a="0"/>
<U id="259" f="6" l="163" c="23" d="230" a="0"/>
<U id="260" f="5" l="281" c="14" d="152" a="0"/>
<U id="261" f="6" l="159" c="20" d="106" a="0"/>
<U id="262" f="5" l="243" c="24" d="95" a="0"/>
<U id="263" f="5" l="294" c="30" d="136" a="0"/>
<U id="264" f="5" l="307" c="14" d="118" a="0"/>
<U id="265" f="5" l="480" c="14" d="170" a="0"/>
<U id="266" f="5" l="508" c="40" d="123" a="0"/>
<U id="267" f="5" l="462" c="23" d="98" a="0"/>
<U id="268" f="5" l="182" c="14" d="245" a="0"/>
<U id="269" f="5" l="346" c="22" d="249" a="0"/>
<U id="270" f="5" l="536" c="40" d="145" a="0"/>
<U id="271" f="5" l="372" c="14" d="158" a="0"/>
<U id="272" f="5" l="574" c="12" d="67" a="0"/>
<U id="273" f="5" l="385" c="30" d="141" a="0"/>
<U id="274" f="5" l="466" c="30" d="243" a="0"/>
<U id="275" f="6" l="190" c="15" d="219" a="0"/>
<U id="276" f="5" l="466" c="21" d="243" a="0"/>
<U id="277" f="6" l="135" c="15" d="190" a="0"/>
<U id="278" f="6" l="216" c="15" d="207" a="0"/>
<U id="279" f="5" l="437" c="22" d="255" a="0"/>
<U id="280" f="5" l="494" c="30" d="257" a="0"/>
<U id="281" f="5" l="182" c="33" d="245" a="0"/>
<U id="282" f="5" l="255" c="14" d="191" a="0"/>
<U id="283" f="5" l="494" c="21" d="257" a="0"/>
<U id="284" f="6" l="117" c="15" d="212" a="0"/>
<U id="285" f="6" l="163" c="15" d="178" a="0"/>
<U id="286" f="5" l="532" c="25" d="104" a="0"/>
<U id="287" f="5" l="182" c="24" d="106" a="0"/>
<U id="288" f="5" l="268" c="30" d="126" a="0"/>
<U id="289" f="6" l="142" c="35" d="199" a="0"/>
<U id="290" f="5" l="156" c="14" d="151" a="0"/>
<U id="291" f="5" l="169" c="39" d="98" a="0"/>
<U id="292" f="5" l="195" c="40" d="117" a="0"/>
<U id="293" f="5" l="294" c="22" d="246" a="0"/>
<U id="294" f="6" l="156" c="23" d="183" a="0"/>
<U id="295" f="5" l="153" c="89" d="104" a="0"/>
<U id="296" f="5" l="265" c="23" d="95" a="0"/>
<U id="297" f="5" l="291" c="24" d="103" a="0"/>
<U id="298" f="5" l="370" c="80" d="98" a="0"/>
<U id="299" f="5" l="560" c="25" d="104" a="0"/>
<U id="300" f="6" l="170" c="35" d="264" a="0"/>
<U id="301" f="6" l="190" c="34" d="8" a="0"/>
<U id="302" f="5" l="317" c="24" d="112" a="0"/>
<U id="303" f="5" l="343" c="25" d="104" a="0"/>
<U id="304" f="5" l="490" c="24" d="106" a="0"/>
<U id="305" f="5" l="219" c="14" d="166" a="0"/>
<U id="306" f="5" l="320" c="37" d="248" a="0"/>
<U id="307" f="5" l="346" c="14" d="150" a="0"/>
<U id="308" f="5" l="466" c="40" d="119" a="0"/>
<U id="309" f="5" l="508" c="14" d="123" a="0"/>
<U id="310" f="6" l="184" c="23" d="107" a="0"/>
<U id="311" f="5" l="152" c="26" d="104" a="0"/>
<U id="312" f="5" l="359" c="30" d="132" a="0"/>
<U id="313" f="6" l="129" c="23" d="194" a="0"/>
<U id="314" f="5" l="385" c="22" d="253" a="0"/>
<U id="315" f="5" l="494" c="40" d="138" a="0"/>
<U id="316" f="5" l="536" c="14" d="145" a="0"/>
<U id="317" f="5" l="179" c="30" d="103" a="0"/>
<U id="318" f="5" l="356" c="23" d="95" a="0"/>
<U id="319" f="5" l="382" c="24" d="103" a="0"/>
<U id="320" f="5" l="550" c="26" d="7" a="0"/>
<U id="321" f="5" l="154" c="89" d="104" a="0"/>
<U id="322" f="5" l="408" c="24" d="112" a="0"/>
<U id="323" f="5" l="434" c="25" d="104" a="0"/>
<U id="324" f="5" l="195" c="59" d="214" a="0"/>
<U id="325" f="5" l="411" c="37" d="254" a="0"/>
<U id="326" f="5" l="437" c="14" d="156" a="0"/>
<U id="327" f="5" l="611" c="18" d="179" a="0"/>
<U id="328" f="5" l="231" c="37" d="95" a="0"/>
<U id="329" f="5" l="268" c="22" d="259" a="0"/>
<U id="330" f="5" l="586" c="12" d="52" a="0"/>
<U id="331" f="5" l="219" c="24" d="95" a="0"/>
<U id="332" f="5" l="294" c="14" d="136" a="0"/>
<U id="333" f="6" l="156" c="15" d="213" a="0"/>
<U id="334" f="6" l="198" c="21" d="104" a="0"/>
<U id="335" f="5" l="195" c="14" d="214" a="0"/>
<U id="336" f="6" l="149" c="23" d="171" a="0"/>
<U id="337" f="6" l="184" c="15" d="172" a="0"/>
<U id="338" f="6" l="195" c="23" d="128" a="0"/>
<U id="339" f="5" l="359" c="22" d="262" a="0"/>
<U id="340" f="6" l="129" c="15" d="140" a="0"/>
<U id="341" f="6" l="163" c="35" d="227" a="0"/>
<U id="342" f="7" l="498" c="11" d="229" a="0"/>
<U id="343" f="5" l="241" c="28" d="112" a="0"/>
<U id="344" f="5" l="518" c="24" d="117" a="0"/>
<U id="345" f="5" l="385" c="14" d="141" a="0"/>
<U id="346" f="5" l="466" c="14" d="119" a="0"/>
<U id="347" f="6" l="177" c="23" d="202" a="0"/>
<U id="348" f="5" l="448" c="23" d="95" a="0"/>
<U id="349" f="5" l="398" c="30" d="169" a="0"/>
<U id="350" f="5" l="572" c="25" d="104" a="0"/>
<U id="351" f="5" l="494" c="14" d="138" a="0"/>
<U id="352" f="5" l="522" c="64" d="155" a="0"/>
<U id="353" f="6" l="142" c="28" d="251" a="0"/>
<U id="354" f="5" l="169" c="32" d="203" a="0"/>
<U id="355" f="5" l="195" c="33" d="214" a="0"/>
<U id="356" f="5" l="268" c="14" d="126" a="0"/>
<U id="357" f="5" l="195" c="24" d="117" a="0"/>
<U id="358" f="6" l="170" c="28" d="260" a="0"/>
<U id="359" f="6" l="190" c="27" d="201" a="0"/>
<U id="360" f="5" l="169" c="14" d="203" a="0"/>
<U id="361" f="5" l="278" c="23" d="98" a="0"/>
<U id="362" f="5" l="608" c="25" d="104" a="0"/>
<U id="363" f="5" l="207" c="18" d="111" a="0"/>
<U id="364" f="5" l="562" c="17" d="149" a="0"/>
<U id="365" f="6" l="149" c="15" d="160" a="0"/>
<U id="366" f="6" l="195" c="15" d="175" a="0"/>
<U id="367" f="5" l="333" c="37" d="220" a="0"/>
<U id="368" f="5" l="359" c="14" d="132" a="0"/>
<U id="369" f="5" l="243" c="37" d="95" a="0"/>
<U id="370" f="5" l="598" c="12" d="57" a="0"/>
<U id="371" f="6" l="177" c="15" d="196" a="0"/>
<U id="372" f="5" l="398" c="22" d="265" a="0"/>
<U id="373" f="6" l="156" c="35" d="239" a="0"/>
<U id="374" f="5" l="266" c="80" d="95" a="0"/>
<U id="375" f="5" l="369" c="23" d="98" a="0"/>
<U id="376" f="5" l="395" c="24" d="106" a="0"/>
<U id="377" f="5" l="476" c="24" d="103" a="0"/>
<U id="378" f="5" l="452" c="64" d="143" a="0"/>
<U id="379" f="5" l="522" c="56" d="261" a="0"/>
<U id="380" f="5" l="424" c="37" d="224" a="0"/>
<U id="381" f="5" l="522" c="47" d="261" a="0"/>
<U id="382" f="6" l="184" c="35" d="4" a="0"/>
<U id="383" f="5" l="169" c="24" d="98" a="0"/>
<U id="384" f="5" l="480" c="64" d="170" a="0"/>
<U id="385" f="5" l="253" c="28" d="104" a="0"/>
<U id="386" f="5" l="357" c="80" d="95" a="0"/>
<U id="387" f="5" l="281" c="37" d="267" a="0"/>
<U id="388" f="5" l="584" c="25" d="104" a="0"/>
<U id="389" f="5" l="156" c="45" d="258" a="0"/>
<U id="390" f="5" l="255" c="27" d="95" a="0"/>
<U id="391" f="5" l="307" c="37" d="228" a="0"/>
<U id="392" f="6" l="163" c="28" d="223" a="0"/>
<U id="393" f="5" l="217" c="28" d="95" a="0"/>
<U id="394" f="5" l="372" c="37" d="231" a="0"/>
<U id="395" f="5" l="398" c="14" d="169" a="0"/>
<U id="396" f="6" l="187" c="25" d="104" a="0"/>
<U id="397" f="5" l="452" c="56" d="263" a="0"/>
<U id="398" f="5" l="452" c="47" d="263" a="0"/>
<U id="399" f="5" l="574" c="17" d="167" a="0"/>
<U id="400" f="6" l="149" c="35" d="242" a="0"/>
<U id="401" f="5" l="480" c="56" d="266" a="0"/>
<U id="402" f="5" l="480" c="47" d="266" a="0"/>
<U id="403" f="6" l="177" c="35" d="256" a="0"/>
<U id="404" f="5" l="508" c="64" d="123" a="0"/>
<U id="405" f="5" l="536" c="64" d="145" a="0"/>
<U id="406" f="5" l="219" c="37" d="95" a="0"/>
<U id="407" f="5" l="346" c="37" d="249" a="0"/>
<U id="408" f="6" l="156" c="28" d="233" a="0"/>
<U id="409" f="6" l="184" c="28" d="2" a="0"/>
<U id="410" f="5" l="279" c="80" d="98" a="0"/>
<U id="411" f="5" l="437" c="37" d="255" a="0"/>
<U id="412" f="5" l="229" c="28" d="103" a="0"/>
<U id="413" f="6" l="121" c="88" d="112" a="0"/>
<U id="414" f="5" l="182" c="48" d="103" a="0"/>
<U id="415" f="5" l="156" c="38" d="252" a="0"/>
<U id="416" f="5" l="508" c="56" d="234" a="0"/>
<U id="417" f="5" l="294" c="37" d="246" a="0"/>
<U id="418" f="5" l="508" c="47" d="234" a="0"/>
<U id="419" f="6" l="140" c="88" d="95" a="0"/>
<U id="420" f="5" l="466" c="64" d="119" a="0"/>
<U id="421" f="5" l="536" c="56" d="3" a="0"/>
<U id="422" f="5" l="586" c="17" d="193" a="0"/>
<U id="423" f="5" l="536" c="47" d="3" a="0"/>
<U id="424" f="6" l="214" c="96" d="104" a="0"/>
<U id="425" f="5" l="494" c="64" d="138" a="0"/>
<U id="426" f="5" l="520" c="88" d="117" a="0"/>
<U id="427" f="5" l="596" c="26" d="104" a="0"/>
<U id="428" f="5" l="385" c="37" d="253" a="0"/>
<U id="429" f="6" l="149" c="28" d="237" a="0"/>
<U id="430" f="6" l="177" c="28" d="247" a="0"/>
<U id="431" f="5" l="331" c="88" d="117" a="0"/>
<U id="432" f="5" l="268" c="37" d="259" a="0"/>
<U id="433" f="6" l="160" c="88" d="106" a="0"/>
<U id="434" f="5" l="169" c="46" d="95" a="0"/>
<U id="435" f="5" l="466" c="56" d="238" a="0"/>
<U id="436" f="5" l="422" c="88" d="117" a="0"/>
<U id="437" f="5" l="466" c="47" d="238" a="0"/>
<U id="438" f="6" l="133" c="88" d="104" a="0"/>
<U id="439" f="5" l="359" c="37" d="262" a="0"/>
<U id="440" f="5" l="494" c="56" d="250" a="0"/>
<U id="441" f="5" l="450" c="88" d="95" a="0"/>
<U id="442" f="6" l="181" c="96" d="104" a="0"/>
<U id="443" f="5" l="494" c="47" d="250" a="0"/>
<U id="444" f="5" l="533" c="96" d="104" a="0"/>
<U id="445" f="6" l="115" c="88" d="106" a="0"/>
<U id="446" f="6" l="161" c="88" d="106" a="0"/>
<U id="447" f="5" l="305" c="88" d="106" a="0"/>
<U id="448" f="5" l="169" c="56" d="203" a="0"/>
<U id="449" f="5" l="195" c="48" d="112" a="0"/>
<U id="450" f="6" l="182" c="96" d="104" a="0"/>
<U id="451" f="5" l="534" c="96" d="104" a="0"/>
<U id="452" f="6" l="153" c="88" d="103" a="0"/>
<U id="453" f="5" l="505" c="88" d="112" a="0"/>
<U id="454" f="5" l="398" c="37" d="265" a="0"/>
<U id="455" f="5" l="598" c="18" d="225" a="0"/>
<U id="456" f="6" l="154" c="88" d="103" a="0"/>
<U id="457" f="5" l="344" c="88" d="104" a="0"/>
<U id="458" f="5" l="506" c="88" d="112" a="0"/>
<U id="459" f="6" l="127" c="88" d="117" a="0"/>
<U id="460" f="5" l="435" c="88" d="104" a="0"/>
<U id="461" f="6" l="109" c="88" d="103" a="0"/>
<U id="462" f="6" l="146" c="88" d="98" a="0"/>
<U id="463" f="5" l="463" c="88" d="98" a="0"/>
<U id="464" f="5" l="292" c="88" d="103" a="0"/>
<U id="465" f="6" l="174" c="88" d="117" a="0"/>
<U id="466" f="5" l="318" c="88" d="112" a="0"/>
<U id="467" f="5" l="491" c="88" d="106" a="0"/>
<U id="468" f="5" l="609" c="96" d="104" a="0"/>
<U id="469" f="6" l="147" c="88" d="98" a="0"/>
<U id="470" f="5" l="383" c="88" d="103" a="0"/>
<U id="471" f="5" l="464" c="88" d="98" a="0"/>
<U id="472" f="5" l="409" c="88" d="112" a="0"/>
<U id="473" f="6" l="175" c="88" d="117" a="0"/>
<U id="474" f="5" l="492" c="88" d="106" a="0"/>
<U id="475" f="6" l="139" c="88" d="95" a="0"/>
<U id="476" f="5" l="548" c="96" d="104" a="0"/>
<U id="477" f="6" l="167" c="88" d="112" a="0"/>
<U id="478" f="5" l="519" c="88" d="117" a="0"/>
<U id="479" f="6" l="188" c="96" d="104" a="0"/>
<U id="480" f="6" l="168" c="88" d="112" a="0"/>
<U id="481" f="5" l="449" c="88" d="95" a="0"/>
<U id="482" f="5" l="396" c="88" d="106" a="0"/>
<U id="483" f="5" l="477" c="88" d="103" a="0"/>
<U id="484" f="5" l="478" c="88" d="103" a="0"/>
</Uses>
<Blocks>
<B id="1" t="routine" f="6" l="7" c="8">
<BEGIN l="10" c="0"/>
<END l="12" c="0"/>
</B>
<B id="2" t="routine" f="6" l="14" c="6">
<BEGIN l="15" c="0"/>
<END l="17" c="0"/>
</B>
<B id="3" t="routine" f="6" l="19" c="7">
<BEGIN l="20" c="0"/>
<END l="22" c="0"/>
</B>
<B id="4" t="routine" f="6" l="24" c="7">
<BEGIN l="25" c="0"/>
<END l="27" c="0"/>
</B>
<B id="5" t="routine" f="6" l="29" c="8">
<BEGIN l="30" c="0"/>
<END l="32" c="0"/>
</B>
<B id="6" t="routine" f="6" l="34" c="6">
<BEGIN l="35" c="0"/>
<END l="37" c="0"/>
</B>
<B id="7" t="routine" f="6" l="39" c="6">
<BEGIN l="40" c="0"/>
<END l="42" c="0"/>
</B>
<B id="8" t="routine" f="6" l="44" c="6">
<BEGIN l="45" c="0"/>
<END l="47" c="0"/>
</B>
<B id="9" t="routine" f="6" l="49" c="6">
<BEGIN l="50" c="0"/>
<END l="52" c="0"/>
</B>
<B id="10" t="routine" f="6" l="54" c="6">
<BEGIN l="56" c="0"/>
<END l="58" c="0"/>
</B>
<B id="11" t="routine" f="6" l="60" c="6">
<BEGIN l="62" c="0"/>
<END l="64" c="0"/>
</B>
<B id="12" t="routine" f="6" l="66" c="7">
<BEGIN l="68" c="0"/>
<END l="70" c="0"/>
</B>
<B id="13" t="routine" f="6" l="72" c="7">
<BEGIN l="74" c="0"/>
<END l="76" c="0"/>
</B>
<B id="14" t="routine" f="6" l="78" c="7">
<BEGIN l="80" c="0"/>
<END l="82" c="0"/>
</B>
<B id="15" t="routine" f="6" l="84" c="7">
<BEGIN l="86" c="0"/>
<END l="88" c="0"/>
</B>
<B id="16" t="routine" f="6" l="90" c="8">
<BEGIN l="92" c="0"/>
<END l="94" c="0"/>
</B>
<B id="17" t="routine" f="6" l="96" c="6">
<BEGIN l="98" c="0"/>
<END l="100" c="0"/>
</B>
<B id="18" t="routine" f="6" l="102" c="6">
<BEGIN l="104" c="0"/>
<END l="106" c="0"/>
</B>
<B id="19" t="routine" f="6" l="108" c="7">
<BEGIN l="110" c="0"/>
<END l="112" c="0"/>
</B>
<B id="20" t="routine" f="6" l="114" c="7">
<BEGIN l="116" c="0"/>
<END l="118" c="0"/>
</B>
<B id="21" t="routine" f="6" l="120" c="7">
<BEGIN l="122" c="0"/>
<END l="124" c="0"/>
</B>
<B id="22" t="routine" f="6" l="126" c="7">
<BEGIN l="128" c="0"/>
<END l="130" c="0"/>
</B>
<B id="23" t="routine" f="6" l="132" c="8">
<BEGIN l="134" c="0"/>
<END l="136" c="0"/>
</B>
<B id="24" t="routine" f="6" l="138" c="6">
<BEGIN l="141" c="0"/>
<END l="143" c="0"/>
</B>
<B id="25" t="routine" f="6" l="145" c="6">
<BEGIN l="148" c="0"/>
<END l="150" c="0"/>
</B>
<B id="26" t="routine" f="6" l="152" c="7">
<BEGIN l="155" c="0"/>
<END l="157" c="0"/>
</B>
<B id="27" t="routine" f="6" l="159" c="7">
<BEGIN l="162" c="0"/>
<END l="164" c="0"/>
</B>
<B id="28" t="routine" f="6" l="166" c="7">
<BEGIN l="169" c="0"/>
<END l="171" c="0"/>
</B>
<B id="29" t="routine" f="6" l="173" c="7">
<BEGIN l="176" c="0"/>
<END l="178" c="0"/>
</B>
<B id="30" t="routine" f="6" l="180" c="8">
<BEGIN l="183" c="0"/>
<END l="185" c="0"/>
</B>
<B id="31" t="routine" f="6" l="187" c="8">
<BEGIN l="189" c="0"/>
<END l="191" c="0"/>
</B>
<B id="32" t="routine" f="6" l="193" c="8">
<BEGIN l="194" c="0"/>
<END l="196" c="0"/>
</B>
<B id="33" t="routine" f="6" l="198" c="8">
<BEGIN l="199" c="0"/>
<END l="201" c="0"/>
</B>
<B id="34" t="routine" f="6" l="203" c="8">
<BEGIN l="204" c="0"/>
<END l="206" c="0"/>
</B>
<B id="35" t="routine" f="6" l="208" c="8">
<BEGIN l="209" c="0"/>
<END l="211" c="0"/>
</B>
<B id="36" t="routine" f="6" l="213" c="8">
<BEGIN l="215" c="0"/>
<END l="217" c="0"/>
</B>
<B id="37" t="ppcif" f="8" l="15" c="0">
<BEGIN l="15" c="27"/>
<END l="330" c="0"/>
</B>
<B id="38" t="ppcif" f="8" l="25" c="0">
<BEGIN l="25" c="19"/>
<END l="155" c="0"/>
</B>
<B id="39" t="ppcrmif" f="8" l="46" c="0">
<BEGIN l="46" c="93"/>
<END l="91" c="0"/>
</B>
<B id="40" t="ppcrmif" f="8" l="94" c="0">
<BEGIN l="94" c="91"/>
<END l="153" c="0"/>
</B>
<B id="41" t="ppcrmelse" f="8" l="155" c="0">
<BEGIN l="155" c="35"/>
<END l="328" c="0"/>
</B>
<B id="42" t="ppcif" f="9" l="11" c="0">
<BEGIN l="11" c="27"/>
<END l="36" c="0"/>
</B>
<B id="43" t="ppcrmif" f="9" l="14" c="0">
<BEGIN l="14" c="19"/>
<END l="29" c="0"/>
</B>
<B id="44" t="ppcelse" f="9" l="29" c="0">
<BEGIN l="29" c="5"/>
<END l="33" c="0"/>
</B>
<B id="45" t="ppcif" f="1" l="22" c="0">
<BEGIN l="22" c="17"/>
<END l="109" c="0"/>
</B>
<B id="46" t="ppcrmif" f="1" l="39" c="0">
<BEGIN l="39" c="66"/>
<END l="43" c="0"/>
</B>
<B id="47" t="ppcelse" f="1" l="43" c="0">
<BEGIN l="43" c="60"/>
<END l="47" c="0"/>
</B>
<B id="48" t="ppcrmif" f="1" l="52" c="0">
<BEGIN l="52" c="18"/>
<END l="58" c="0"/>
</B>
<B id="49" t="ppcrmif" f="1" l="62" c="0">
<BEGIN l="62" c="33"/>
<END l="80" c="0"/>
</B>
<B id="50" t="ppcelse" f="1" l="80" c="0">
<BEGIN l="80" c="31"/>
<END l="93" c="0"/>
</B>
<B id="51" t="ppcrmif" f="1" l="96" c="0">
<BEGIN l="96" c="14"/>
<END l="106" c="0"/>
</B>
<B id="52" t="ppcif" f="10" l="3" c="0">
<BEGIN l="3" c="29"/>
<END l="348" c="0"/>
</B>
<B id="53" t="ppcif" f="10" l="61" c="0">
<BEGIN l="63" c="27"/>
<END l="66" c="0"/>
</B>
<B id="54" t="ppcrmif" f="10" l="165" c="0">
<BEGIN l="165" c="17"/>
<END l="206" c="0"/>
</B>
<B id="55" t="ppcrmif" f="10" l="209" c="0">
<BEGIN l="209" c="37"/>
<END l="211" c="0"/>
</B>
<B id="56" t="ppcrmif" f="10" l="213" c="0">
<BEGIN l="213" c="44"/>
<END l="321" c="0"/>
</B>
<B id="57" t="ppcif" f="10" l="323" c="0">
<BEGIN l="323" c="18"/>
<END l="346" c="0"/>
</B>
<B id="58" t="ppcrmif" f="10" l="326" c="0">
<BEGIN l="326" c="18"/>
<END l="328" c="0"/>
</B>
<B id="59" t="ppcrmif" f="10" l="329" c="0">
<BEGIN l="329" c="63"/>
<END l="331" c="0"/>
</B>
<B id="60" t="ppcrmif" f="10" l="332" c="0">
<BEGIN l="332" c="64"/>
<END l="334" c="0"/>
</B>
<B id="61" t="ppcrmif" f="10" l="335" c="0">
<BEGIN l="335" c="16"/>
<END l="340" c="0"/>
</B>
<B id="62" t="ppcif" f="10" l="343" c="0">
<BEGIN l="343" c="57"/>
<END l="345" c="0"/>
</B>
<B id="63" t="type" f="3" l="135" c="0">
<BEGIN l="135" c="0"/>
<END l="141" c="0"/>
</B>
<B id="64" t="ppcif" f="3" l="56" c="0">
<BEGIN l="56" c="19"/>
<END l="154" c="0"/>
</B>
<B id="65" t="ppcif" f="3" l="122" c="0">
<BEGIN l="122" c="26"/>
<END l="126" c="0"/>
</B>
<B id="66" t="ppcif" f="2" l="45" c="0">
<BEGIN l="45" c="24"/>
<END l="146" c="0"/>
</B>
<B id="67" t="ppcif" f="2" l="84" c="0">
<BEGIN l="84" c="13"/>
<END l="86" c="0"/>
</B>
<B id="68" t="ppcif" f="2" l="88" c="0">
<BEGIN l="88" c="14"/>
<END l="90" c="0"/>
</B>
<B id="69" t="ppcrmif" f="2" l="124" c="0">
<BEGIN l="124" c="26"/>
<END l="130" c="0"/>
</B>
<B id="70" t="ppcelse" f="2" l="130" c="0">
<BEGIN l="130" c="6"/>
<END l="133" c="0"/>
</B>
<B id="71" t="ppcif" f="11" l="47" c="0">
<BEGIN l="47" c="18"/>
<END l="219" c="0"/>
</B>
<B id="72" t="ppcif" f="11" l="95" c="0">
<BEGIN l="95" c="17"/>
<END l="97" c="0"/>
</B>
<B id="73" t="ppcif" f="12" l="19" c="0">
<BEGIN l="19" c="22"/>
<END l="23" c="0"/>
</B>
<B id="74" t="ppcif" f="5" l="20" c="0">
<BEGIN l="20" c="18"/>
<END l="614" c="0"/>
</B>
<B id="75" t="routine" f="5" l="152" c="17">
<BEGIN l="155" c="0"/>
<END l="157" c="0"/>
</B>
<B id="76" t="routine" f="5" l="166" c="15">
<BEGIN l="167" c="0"/>
<END l="170" c="0"/>
</B>
<B id="77" t="routine" f="5" l="179" c="16">
<BEGIN l="180" c="0"/>
<END l="183" c="0"/>
</B>
<B id="78" t="else" f="5" l="195" c="40">
<BEGIN l="195" c="40"/>
<END l="195" c="63"/>
</B>
<B id="79" t="if" f="5" l="195" c="22">
<BEGIN l="195" c="24"/>
<END l="195" c="36"/>
<ELSE d="78"/>
</B>
<B id="80" t="routine" f="5" l="192" c="16">
<BEGIN l="193" c="0"/>
<END l="196" c="0"/>
<SUB d="79"/>
</B>
<B id="81" t="routine" f="5" l="205" c="17">
<BEGIN l="206" c="0"/>
<END l="208" c="0"/>
</B>
<B id="82" t="else" f="5" l="219" c="37">
<BEGIN l="219" c="37"/>
<END l="219" c="45"/>
</B>
<B id="83" t="if" f="5" l="219" c="22">
<BEGIN l="219" c="24"/>
<END l="219" c="32"/>
<ELSE d="82"/>
</B>
<B id="84" t="routine" f="5" l="217" c="15">
<BEGIN l="218" c="0"/>
<END l="220" c="0"/>
<SUB d="83"/>
</B>
<B id="85" t="else" f="5" l="231" c="37">
<BEGIN l="231" c="37"/>
<END l="231" c="45"/>
</B>
<B id="86" t="if" f="5" l="231" c="22">
<BEGIN l="231" c="24"/>
<END l="231" c="32"/>
<ELSE d="85"/>
</B>
<B id="87" t="routine" f="5" l="229" c="15">
<BEGIN l="230" c="0"/>
<END l="232" c="0"/>
<SUB d="86"/>
</B>
<B id="88" t="else" f="5" l="243" c="37">
<BEGIN l="243" c="37"/>
<END l="243" c="45"/>
</B>
<B id="89" t="if" f="5" l="243" c="22">
<BEGIN l="243" c="24"/>
<END l="243" c="32"/>
<ELSE d="88"/>
</B>
<B id="90" t="routine" f="5" l="241" c="15">
<BEGIN l="242" c="0"/>
<END l="244" c="0"/>
<SUB d="89"/>
</B>
<B id="91" t="else" f="5" l="255" c="40">
<BEGIN l="255" c="40"/>
<END l="255" c="48"/>
</B>
<B id="92" t="if" f="5" l="255" c="25">
<BEGIN l="255" c="27"/>
<END l="255" c="35"/>
<ELSE d="91"/>
</B>
<B id="93" t="routine" f="5" l="253" c="15">
<BEGIN l="254" c="0"/>
<END l="256" c="0"/>
<SUB d="92"/>
</B>
<B id="94" t="routine" f="5" l="265" c="15">
<BEGIN l="267" c="0"/>
<END l="269" c="0"/>
</B>
<B id="95" t="routine" f="5" l="278" c="15">
<BEGIN l="280" c="0"/>
<END l="282" c="0"/>
</B>
<B id="96" t="routine" f="5" l="291" c="16">
<BEGIN l="293" c="0"/>
<END l="295" c="0"/>
</B>
<B id="97" t="routine" f="5" l="304" c="16">
<BEGIN l="306" c="0"/>
<END l="308" c="0"/>
</B>
<B id="98" t="else" f="5" l="320" c="37">
<BEGIN l="320" c="37"/>
<END l="320" c="40"/>
</B>
<B id="99" t="if" f="5" l="320" c="28">
<BEGIN l="320" c="30"/>
<END l="320" c="33"/>
<ELSE d="98"/>
</B>
<B id="100" t="routine" f="5" l="317" c="16">
<BEGIN l="319" c="0"/>
<END l="321" c="0"/>
<SUB d="99"/>
</B>
<B id="101" t="else" f="5" l="333" c="37">
<BEGIN l="333" c="37"/>
<END l="333" c="40"/>
</B>
<B id="102" t="if" f="5" l="333" c="28">
<BEGIN l="333" c="30"/>
<END l="333" c="33"/>
<ELSE d="101"/>
</B>
<B id="103" t="routine" f="5" l="330" c="16">
<BEGIN l="332" c="0"/>
<END l="334" c="0"/>
<SUB d="102"/>
</B>
<B id="104" t="else" f="5" l="346" c="37">
<BEGIN l="346" c="37"/>
<END l="346" c="40"/>
</B>
<B id="105" t="if" f="5" l="346" c="28">
<BEGIN l="346" c="30"/>
<END l="346" c="33"/>
<ELSE d="104"/>
</B>
<B id="106" t="routine" f="5" l="343" c="17">
<BEGIN l="345" c="0"/>
<END l="347" c="0"/>
<SUB d="105"/>
</B>
<B id="107" t="routine" f="5" l="356" c="15">
<BEGIN l="358" c="0"/>
<END l="360" c="0"/>
</B>
<B id="108" t="routine" f="5" l="369" c="15">
<BEGIN l="371" c="0"/>
<END l="373" c="0"/>
</B>
<B id="109" t="routine" f="5" l="382" c="16">
<BEGIN l="384" c="0"/>
<END l="386" c="0"/>
</B>
<B id="110" t="routine" f="5" l="395" c="16">
<BEGIN l="397" c="0"/>
<END l="399" c="0"/>
</B>
<B id="111" t="else" f="5" l="411" c="37">
<BEGIN l="411" c="37"/>
<END l="411" c="40"/>
</B>
<B id="112" t="if" f="5" l="411" c="28">
<BEGIN l="411" c="30"/>
<END l="411" c="33"/>
<ELSE d="111"/>
</B>
<B id="113" t="routine" f="5" l="408" c="16">
<BEGIN l="410" c="0"/>
<END l="412" c="0"/>
<SUB d="112"/>
</B>
<B id="114" t="else" f="5" l="424" c="37">
<BEGIN l="424" c="37"/>
<END l="424" c="40"/>
</B>
<B id="115" t="if" f="5" l="424" c="28">
<BEGIN l="424" c="30"/>
<END l="424" c="33"/>
<ELSE d="114"/>
</B>
<B id="116" t="routine" f="5" l="421" c="16">
<BEGIN l="423" c="0"/>
<END l="425" c="0"/>
<SUB d="115"/>
</B>
<B id="117" t="else" f="5" l="437" c="37">
<BEGIN l="437" c="37"/>
<END l="437" c="40"/>
</B>
<B id="118" t="if" f="5" l="437" c="28">
<BEGIN l="437" c="30"/>
<END l="437" c="33"/>
<ELSE d="117"/>
</B>
<B id="119" t="routine" f="5" l="434" c="17">
<BEGIN l="436" c="0"/>
<END l="438" c="0"/>
<SUB d="118"/>
</B>
<B id="120" t="routine" f="5" l="448" c="15">
<BEGIN l="451" c="0"/>
<END l="453" c="0"/>
</B>
<B id="121" t="routine" f="5" l="462" c="15">
<BEGIN l="465" c="0"/>
<END l="467" c="0"/>
</B>
<B id="122" t="routine" f="5" l="476" c="16">
<BEGIN l="479" c="0"/>
<END l="481" c="0"/>
</B>
<B id="123" t="routine" f="5" l="490" c="16">
<BEGIN l="493" c="0"/>
<END l="495" c="0"/>
</B>
<B id="124" t="else" f="5" l="508" c="38">
<BEGIN l="508" c="38"/>
<END l="508" c="67"/>
</B>
<B id="125" t="if" f="5" l="508" c="28">
<BEGIN l="508" c="30"/>
<END l="508" c="34"/>
<ELSE d="124"/>
</B>
<B id="126" t="routine" f="5" l="504" c="16">
<BEGIN l="507" c="0"/>
<END l="509" c="0"/>
<SUB d="125"/>
</B>
<B id="127" t="else" f="5" l="522" c="38">
<BEGIN l="522" c="38"/>
<END l="522" c="67"/>
</B>
<B id="128" t="if" f="5" l="522" c="28">
<BEGIN l="522" c="30"/>
<END l="522" c="34"/>
<ELSE d="127"/>
</B>
<B id="129" t="routine" f="5" l="518" c="16">
<BEGIN l="521" c="0"/>
<END l="523" c="0"/>
<SUB d="128"/>
</B>
<B id="130" t="else" f="5" l="536" c="38">
<BEGIN l="536" c="38"/>
<END l="536" c="67"/>
</B>
<B id="131" t="if" f="5" l="536" c="28">
<BEGIN l="536" c="30"/>
<END l="536" c="34"/>
<ELSE d="130"/>
</B>
<B id="132" t="routine" f="5" l="532" c="17">
<BEGIN l="535" c="0"/>
<END l="537" c="0"/>
<SUB d="131"/>
</B>
<B id="133" t="routine" f="5" l="547" c="17">
<BEGIN l="549" c="0"/>
<END l="551" c="0"/>
</B>
<B id="134" t="routine" f="5" l="560" c="17">
<BEGIN l="561" c="0"/>
<END l="563" c="0"/>
</B>
<B id="135" t="routine" f="5" l="572" c="17">
<BEGIN l="573" c="0"/>
<END l="575" c="0"/>
</B>
<B id="136" t="routine" f="5" l="584" c="17">
<BEGIN l="585" c="0"/>
<END l="587" c="0"/>
</B>
<B id="137" t="routine" f="5" l="596" c="17">
<BEGIN l="597" c="0"/>
<END l="599" c="0"/>
</B>
<B id="138" t="routine" f="5" l="608" c="17">
<BEGIN l="610" c="0"/>
<END l="612" c="0"/>
</B>
<B id="139" t="ppcif" f="4" l="13" c="0">
<BEGIN l="13" c="16"/>
<END l="823" c="0"/>
</B>
<B id="140" t="ppcrmif" f="4" l="14" c="0">
<BEGIN l="14" c="14"/>
<END l="16" c="0"/>
</B>
<B id="141" t="ppcif" f="4" l="18" c="0">
<BEGIN l="18" c="23"/>
<END l="819" c="0"/>
</B>
<B id="142" t="ppcrmif" f="4" l="20" c="0">
<BEGIN l="20" c="18"/>
<END l="22" c="0"/>
</B>
<B id="143" t="ppcrmif" f="4" l="26" c="0">
<BEGIN l="26" c="67"/>
<END l="28" c="0"/>
</B>
<B id="144" t="ppcrmelif" f="4" l="28" c="0">
<BEGIN l="28" c="5"/>
<END l="30" c="0"/>
</B>
<B id="145" t="ppcrmelif" f="4" l="30" c="0">
<BEGIN l="30" c="5"/>
<END l="33" c="0"/>
</B>
<B id="146" t="ppcrmelif" f="4" l="33" c="0">
<BEGIN l="33" c="5"/>
<END l="38" c="0"/>
</B>
<B id="147" t="ppcrmelse" f="4" l="38" c="0">
<BEGIN l="38" c="5"/>
<END l="40" c="0"/>
</B>
<B id="148" t="ppcrmif" f="4" l="42" c="0">
<BEGIN l="42" c="23"/>
<END l="44" c="0"/>
</B>
<B id="149" t="ppcrmelif" f="4" l="44" c="0">
<BEGIN l="44" c="5"/>
<END l="47" c="0"/>
</B>
<B id="150" t="ppcrmelif" f="4" l="47" c="0">
<BEGIN l="47" c="5"/>
<END l="50" c="0"/>
</B>
<B id="151" t="ppcrmelse" f="4" l="50" c="0">
<BEGIN l="50" c="5"/>
<END l="53" c="0"/>
</B>
<B id="152" t="ppcif" f="4" l="65" c="0">
<BEGIN l="65" c="20"/>
<END l="68" c="0"/>
</B>
<B id="153" t="ppcrmelse" f="4" l="68" c="0">
<BEGIN l="68" c="5"/>
<END l="76" c="0"/>
</B>
<B id="154" t="ppcrmif" f="4" l="78" c="0">
<BEGIN l="78" c="106"/>
<END l="82" c="0"/>
</B>
<B id="155" t="ppcelse" f="4" l="82" c="0">
<BEGIN l="82" c="5"/>
<END l="86" c="0"/>
</B>
<B id="156" t="ppcif" f="4" l="115" c="0">
<BEGIN l="116" c="51"/>
<END l="119" c="0"/>
</B>
<B id="157" t="ppcif" f="4" l="121" c="0">
<BEGIN l="121" c="68"/>
<END l="123" c="0"/>
</B>
<B id="158" t="ppcrmelse" f="4" l="123" c="0">
<BEGIN l="123" c="5"/>
<END l="126" c="0"/>
</B>
<B id="159" t="ppcrmif" f="4" l="128" c="0">
<BEGIN l="128" c="53"/>
<END l="131" c="0"/>
</B>
<B id="160" t="ppcrmif" f="4" l="133" c="0">
<BEGIN l="133" c="51"/>
<END l="135" c="0"/>
</B>
<B id="161" t="ppcif" f="4" l="137" c="0">
<BEGIN l="137" c="24"/>
<END l="265" c="0"/>
</B>
<B id="162" t="ppcif" f="4" l="138" c="0">
<BEGIN l="138" c="56"/>
<END l="140" c="0"/>
</B>
<B id="163" t="ppcrmif" f="4" l="171" c="0">
<BEGIN l="171" c="24"/>
<END l="173" c="0"/>
</B>
<B id="164" t="ppcrmif" f="4" l="188" c="0">
<BEGIN l="188" c="24"/>
<END l="190" c="0"/>
</B>
<B id="165" t="ppcif" f="4" l="196" c="0">
<BEGIN l="196" c="56"/>
<END l="263" c="0"/>
</B>
<B id="166" t="ppcrmif" f="4" l="217" c="0">
<BEGIN l="217" c="24"/>
<END l="219" c="0"/>
</B>
<B id="167" t="ppcrmif" f="4" l="260" c="0">
<BEGIN l="260" c="24"/>
<END l="262" c="0"/>
</B>
<B id="168" t="ppcrmif" f="4" l="268" c="0">
<BEGIN l="268" c="24"/>
<END l="270" c="0"/>
</B>
<B id="169" t="ppcrmif" f="4" l="284" c="0">
<BEGIN l="284" c="24"/>
<END l="286" c="0"/>
</B>
<B id="170" t="ppcif" f="4" l="291" c="0">
<BEGIN l="291" c="20"/>
<END l="750" c="0"/>
</B>
<B id="171" t="ppcif" f="4" l="292" c="0">
<BEGIN l="292" c="24"/>
<END l="307" c="0"/>
</B>
<B id="172" t="ppcrmif" f="4" l="310" c="0">
<BEGIN l="310" c="43"/>
<END l="317" c="0"/>
</B>
<B id="173" t="ppcelif" f="4" l="317" c="0">
<BEGIN l="317" c="5"/>
<END l="324" c="0"/>
</B>
<B id="174" t="ppcrmelif" f="4" l="324" c="0">
<BEGIN l="324" c="5"/>
<END l="337" c="0"/>
</B>
<B id="175" t="ppcrmelse" f="4" l="337" c="0">
<BEGIN l="337" c="5"/>
<END l="345" c="0"/>
</B>
<B id="176" t="ppcrmif" f="4" l="348" c="0">
<BEGIN l="348" c="43"/>
<END l="355" c="0"/>
</B>
<B id="177" t="ppcelif" f="4" l="355" c="0">
<BEGIN l="355" c="5"/>
<END l="364" c="0"/>
</B>
<B id="178" t="ppcrmelse" f="4" l="364" c="0">
<BEGIN l="364" c="5"/>
<END l="372" c="0"/>
</B>
<B id="179" t="ppcrmif" f="4" l="375" c="0">
<BEGIN l="375" c="23"/>
<END l="377" c="0"/>
</B>
<B id="180" t="ppcrmelif" f="4" l="377" c="0">
<BEGIN l="377" c="6"/>
<END l="379" c="0"/>
</B>
<B id="181" t="ppcrmelif" f="4" l="379" c="0">
<BEGIN l="379" c="6"/>
<END l="381" c="0"/>
</B>
<B id="182" t="ppcif" f="4" l="383" c="0">
<BEGIN l="383" c="64"/>
<END l="402" c="0"/>
</B>
<B id="183" t="ppcif" f="4" l="386" c="0">
<BEGIN l="386" c="24"/>
<END l="397" c="0"/>
</B>
<B id="184" t="ppcrmelse" f="4" l="402" c="0">
<BEGIN l="402" c="5"/>
<END l="682" c="0"/>
</B>
<B id="185" t="ppcif" f="4" l="685" c="0">
<BEGIN l="685" c="24"/>
<END l="698" c="0"/>
</B>
<B id="186" t="ppcif" f="4" l="695" c="0">
<BEGIN l="695" c="56"/>
<END l="697" c="0"/>
</B>
<B id="187" t="ppcrmif" f="4" l="708" c="0">
<BEGIN l="708" c="143"/>
<END l="716" c="0"/>
</B>
<B id="188" t="ppcif" f="4" l="740" c="0">
<BEGIN l="740" c="63"/>
<END l="743" c="0"/>
</B>
<B id="189" t="ppcrmif" f="4" l="752" c="0">
<BEGIN l="752" c="95"/>
<END l="772" c="0"/>
</B>
<B id="190" t="ppcrmif" f="4" l="774" c="0">
<BEGIN l="774" c="42"/>
<END l="776" c="0"/>
</B>
<B id="191" t="ppcrmif" f="4" l="778" c="0">
<BEGIN l="778" c="51"/>
<END l="780" c="0"/>
</B>
<B id="192" t="ppcrmif" f="4" l="782" c="0">
<BEGIN l="782" c="18"/>
<END l="816" c="0"/>
</B>
<B id="193" t="ppcrmif" f="4" l="820" c="0">
<BEGIN l="820" c="14"/>
<END l="822" c="0"/>
</B>
<B id="194" t="ppcif" f="13" l="2" c="0">
<BEGIN l="2" c="30"/>
<END l="112" c="0"/>
</B>
</Blocks>
</Navig>
