<?xml version="1.0" encoding="UTF-8"?>

<project name="Polyspace" files="1" includes="15" ap_cg_cycle="0" ap_cg_direct_cycle="0" pshv="0" unpshv="0">
<file name="C:\component\ES102A_PolarityCfg_Impl\src\PolarityCfg.c" total_lines="352" lines_without_cmt="89" comf="39" fco="50">
<function name="GetPolarity" path="2" goto="0" vg="2" calling="1" calls="0" param="2" stmt="4" level="1" return="1" vocf="2.2" flin="12" fxln="5" ncalls="0">
</function>
<function name="PolarityCfgWr" path="1" goto="0" vg="1" calling="0" calls="1" param="1" stmt="3" level="1" return="1" vocf="1.9" flin="16" fxln="3" ncalls="1">
</function>
<function name="PolarityCfgRead" path="1" goto="0" vg="1" calling="0" calls="0" param="1" stmt="2" level="1" return="1" vocf="1.5" flin="13" fxln="2" ncalls="0">
</function>
<function name="PolarityCfgInit" path="1" goto="0" vg="1" calling="0" calls="27" param="0" stmt="26" level="1" return="0" vocf="7.3" flin="44" fxln="26" ncalls="52">
</function>
</file>
</project>
