<?xml version="1.0" encoding="UTF-8"?>

<MISRA-C-Report version="1.3">


<CodeStruct Name="" File="C:\Component\CM660A_HwTq1Meas_Impl\src\CDD_HwTq1Meas.c" Line="0" Column="0">

<Rule Name="19.1" Mode="advisory" Report="warning" Id="1">
<Loc File="C:\Component\CM660A_HwTq1Meas_Impl\src\CDD_HwTq1Meas.c" Line="715" Column="0">
</Loc>
<Message>
#include statements in a file shall only be preceded by other preprocessor directives or comments.
</Message>
</Rule>

<Rule Name="19.1" Mode="advisory" Report="warning" Id="2">
<Loc File="C:\Component\CM660A_HwTq1Meas_Impl\src\CDD_HwTq1Meas.c" Line="1363" Column="0">
</Loc>
<Message>
#include statements in a file shall only be preceded by other preprocessor directives or comments.
</Message>
</Rule>

<Rule Name="19.1" Mode="advisory" Report="warning" Id="3">
<Loc File="C:\Component\CM660A_HwTq1Meas_Impl\src\CDD_HwTq1Meas.c" Line="1372" Column="0">
</Loc>
<Message>
#include statements in a file shall only be preceded by other preprocessor directives or comments.
</Message>
</Rule>

<Rule Name="19.1" Mode="advisory" Report="warning" Id="4">
<Loc File="C:\Component\CM660A_HwTq1Meas_Impl\src\CDD_HwTq1Meas.c" Line="1475" Column="0">
</Loc>
<Message>
#include statements in a file shall only be preceded by other preprocessor directives or comments.
</Message>
</Rule>

</CodeStruct>

<CodeStruct Name="RackLimrEotSigRead" File="C:\Component\CM660A_HwTq1Meas_Impl\src\CDD_HwTq1Meas.c" Line="1382" Column="12">

<Rule Name="21.1" Mode="required" Report="warning" Id="5">
<Loc File="C:\Component\CM660A_HwTq1Meas_Impl\src\CDD_HwTq1Meas.c" Line="1405" Column="21">
</Loc>
<Message>
Minimisation of run-time failures.
</Message>
</Rule>

<Rule Name="21.1" Mode="required" Report="warning" Id="6">
<Loc File="C:\Component\CM660A_HwTq1Meas_Impl\src\CDD_HwTq1Meas.c" Line="1406" Column="25">
</Loc>
<Message>
Minimisation of run-time failures.
</Message>
</Rule>

<Rule Name="21.1" Mode="required" Report="warning" Id="7">
<Loc File="C:\Component\CM660A_HwTq1Meas_Impl\src\CDD_HwTq1Meas.c" Line="1407" Column="25">
</Loc>
<Message>
Minimisation of run-time failures.
</Message>
</Rule>

<Rule Name="21.1" Mode="required" Report="warning" Id="8">
<Loc File="C:\Component\CM660A_HwTq1Meas_Impl\src\CDD_HwTq1Meas.c" Line="1412" Column="24">
</Loc>
<Message>
Minimisation of run-time failures.
</Message>
</Rule>

<Rule Name="21.1" Mode="required" Report="warning" Id="9">
<Loc File="C:\Component\CM660A_HwTq1Meas_Impl\src\CDD_HwTq1Meas.c" Line="1412" Column="100">
</Loc>
<Message>
Minimisation of run-time failures.
</Message>
</Rule>

<Rule Name="21.1" Mode="required" Report="warning" Id="10">
<Loc File="C:\Component\CM660A_HwTq1Meas_Impl\src\CDD_HwTq1Meas.c" Line="1412" Column="169">
</Loc>
<Message>
Minimisation of run-time failures.
</Message>
</Rule>

<Rule Name="21.1" Mode="required" Report="warning" Id="11">
<Loc File="C:\Component\CM660A_HwTq1Meas_Impl\src\CDD_HwTq1Meas.c" Line="1415" Column="24">
</Loc>
<Message>
Minimisation of run-time failures.
</Message>
</Rule>

<Rule Name="21.1" Mode="required" Report="warning" Id="12">
<Loc File="C:\Component\CM660A_HwTq1Meas_Impl\src\CDD_HwTq1Meas.c" Line="1415" Column="188">
</Loc>
<Message>
Minimisation of run-time failures.
</Message>
</Rule>

<Rule Name="21.1" Mode="required" Report="warning" Id="13">
<Loc File="C:\Component\CM660A_HwTq1Meas_Impl\src\CDD_HwTq1Meas.c" Line="1418" Column="24">
</Loc>
<Message>
Minimisation of run-time failures.
</Message>
</Rule>

<Rule Name="21.1" Mode="required" Report="warning" Id="14">
<Loc File="C:\Component\CM660A_HwTq1Meas_Impl\src\CDD_HwTq1Meas.c" Line="1423" Column="87">
</Loc>
<Message>
Minimisation of run-time failures.
</Message>
</Rule>

<Rule Name="21.1" Mode="required" Report="warning" Id="15">
<Loc File="C:\Component\CM660A_HwTq1Meas_Impl\src\CDD_HwTq1Meas.c" Line="1424" Column="88">
</Loc>
<Message>
Minimisation of run-time failures.
</Message>
</Rule>

<Rule Name="21.1" Mode="required" Report="warning" Id="16">
<Loc File="C:\Component\CM660A_HwTq1Meas_Impl\src\CDD_HwTq1Meas.c" Line="1425" Column="80">
</Loc>
<Message>
Minimisation of run-time failures.
</Message>
</Rule>

<Rule Name="21.1" Mode="required" Report="warning" Id="17">
<Loc File="C:\Component\CM660A_HwTq1Meas_Impl\src\CDD_HwTq1Meas.c" Line="1435" Column="40">
</Loc>
<Message>
Minimisation of run-time failures.
</Message>
</Rule>

<Rule Name="21.1" Mode="required" Report="warning" Id="18">
<Loc File="C:\Component\CM660A_HwTq1Meas_Impl\src\CDD_HwTq1Meas.c" Line="1440" Column="40">
</Loc>
<Message>
Minimisation of run-time failures.
</Message>
</Rule>

<Rule Name="21.1" Mode="required" Report="warning" Id="19">
<Loc File="C:\Component\CM660A_HwTq1Meas_Impl\src\CDD_HwTq1Meas.c" Line="1441" Column="40">
</Loc>
<Message>
Minimisation of run-time failures.
</Message>
</Rule>

<Rule Name="21.1" Mode="required" Report="warning" Id="20">
<Loc File="C:\Component\CM660A_HwTq1Meas_Impl\src\CDD_HwTq1Meas.c" Line="1445" Column="40">
</Loc>
<Message>
Minimisation of run-time failures.
</Message>
</Rule>

<Rule Name="21.1" Mode="required" Report="warning" Id="21">
<Loc File="C:\Component\CM660A_HwTq1Meas_Impl\src\CDD_HwTq1Meas.c" Line="1446" Column="40">
</Loc>
<Message>
Minimisation of run-time failures.
</Message>
</Rule>

</CodeStruct>

<CodeStruct Name="HwTq1MeasTrigStrt_Oper" File="C:\Component\CM660A_HwTq1Meas_Impl\src\CDD_HwTq1Meas.c" Line="1326" Column="5">

<Rule Name="8.1" Mode="required" Report="warning" Id="22">
<Loc File="C:\Component\CM660A_HwTq1Meas_Impl\src\CDD_HwTq1Meas.c" Line="1339" Column="1">
</Loc>
<Message>
Function '__SYNCM' has no complete visible prototype at call.
</Message>
</Rule>

<Rule Name="16.10" Mode="required" Report="warning" Id="23">
<Loc File="C:\Component\CM660A_HwTq1Meas_Impl\src\CDD_HwTq1Meas.c" Line="1339" Column="8">
</Loc>
<Message>
If a function returns error information, then that error information should be tested.
</Message>
</Rule>

<Rule Name="9.1" Mode="required" Report="warning" Id="24">
<Loc File="C:\Component\CM660A_HwTq1Meas_Impl\src\CDD_HwTq1Meas.c" Line="1347" Column="82">
</Loc>
<Message>
All automatic variables shall have been assigned a value before being used.
</Message>
</Rule>

</CodeStruct>

<CodeStruct Name="HwTq1MeasHwTq1WrTrim_Oper" File="C:\Component\CM660A_HwTq1Meas_Impl\src\CDD_HwTq1Meas.c" Line="902" Column="5">

<Rule Name="21.1" Mode="required" Report="warning" Id="25">
<Loc File="C:\Component\CM660A_HwTq1Meas_Impl\src\CDD_HwTq1Meas.c" Line="911" Column="31">
</Loc>
<Message>
Minimisation of run-time failures.
</Message>
</Rule>

<Rule Name="21.1" Mode="required" Report="warning" Id="26">
<Loc File="C:\Component\CM660A_HwTq1Meas_Impl\src\CDD_HwTq1Meas.c" Line="911" Column="47">
</Loc>
<Message>
Minimisation of run-time failures.
</Message>
</Rule>

<Rule Name="21.1" Mode="required" Report="warning" Id="27">
<Loc File="C:\Component\CM660A_HwTq1Meas_Impl\src\CDD_HwTq1Meas.c" Line="912" Column="47">
</Loc>
<Message>
Minimisation of run-time failures.
</Message>
</Rule>

</CodeStruct>

<CodeStruct Name="HwTq1MeasPer1" File="C:\Component\CM660A_HwTq1Meas_Impl\src\CDD_HwTq1Meas.c" Line="1059" Column="5">

<Rule Name="21.1" Mode="required" Report="warning" Id="28">
<Loc File="C:\Component\CM660A_HwTq1Meas_Impl\src\CDD_HwTq1Meas.c" Line="1133" Column="56">
</Loc>
<Message>
Minimisation of run-time failures.
</Message>
</Rule>

<Rule Name="21.1" Mode="required" Report="warning" Id="29">
<Loc File="C:\Component\CM660A_HwTq1Meas_Impl\src\CDD_HwTq1Meas.c" Line="1133" Column="85">
</Loc>
<Message>
Minimisation of run-time failures.
</Message>
</Rule>

<Rule Name="21.1" Mode="required" Report="warning" Id="30">
<Loc File="C:\Component\CM660A_HwTq1Meas_Impl\src\CDD_HwTq1Meas.c" Line="1147" Column="48">
</Loc>
<Message>
Minimisation of run-time failures.
</Message>
</Rule>

<Rule Name="21.1" Mode="required" Report="warning" Id="31">
<Loc File="C:\Component\CM660A_HwTq1Meas_Impl\src\CDD_HwTq1Meas.c" Line="1147" Column="76">
</Loc>
<Message>
Minimisation of run-time failures.
</Message>
</Rule>

<Rule Name="21.1" Mode="required" Report="warning" Id="32">
<Loc File="C:\Component\CM660A_HwTq1Meas_Impl\src\CDD_HwTq1Meas.c" Line="1158" Column="40">
</Loc>
<Message>
Minimisation of run-time failures.
</Message>
</Rule>

<Rule Name="21.1" Mode="required" Report="warning" Id="33">
<Loc File="C:\Component\CM660A_HwTq1Meas_Impl\src\CDD_HwTq1Meas.c" Line="1158" Column="67">
</Loc>
<Message>
Minimisation of run-time failures.
</Message>
</Rule>

<Rule Name="9.1" Mode="required" Report="warning" Id="34">
<Loc File="C:\Component\CM660A_HwTq1Meas_Impl\src\CDD_HwTq1Meas.c" Line="1174" Column="75">
</Loc>
<Message>
All automatic variables shall have been assigned a value before being used.
</Message>
</Rule>

<Rule Name="21.1" Mode="required" Report="warning" Id="35">
<Loc File="C:\Component\CM660A_HwTq1Meas_Impl\src\CDD_HwTq1Meas.c" Line="1175" Column="16">
</Loc>
<Message>
Minimisation of run-time failures.
</Message>
</Rule>

<Rule Name="21.1" Mode="required" Report="warning" Id="36">
<Loc File="C:\Component\CM660A_HwTq1Meas_Impl\src\CDD_HwTq1Meas.c" Line="1175" Column="40">
</Loc>
<Message>
Minimisation of run-time failures.
</Message>
</Rule>

<Rule Name="21.1" Mode="required" Report="warning" Id="37">
<Loc File="C:\Component\CM660A_HwTq1Meas_Impl\src\CDD_HwTq1Meas.c" Line="1179" Column="39">
</Loc>
<Message>
Minimisation of run-time failures.
</Message>
</Rule>

<Rule Name="21.1" Mode="required" Report="warning" Id="38">
<Loc File="C:\Component\CM660A_HwTq1Meas_Impl\src\CDD_HwTq1Meas.c" Line="1179" Column="63">
</Loc>
<Message>
Minimisation of run-time failures.
</Message>
</Rule>

<Rule Name="21.1" Mode="required" Report="warning" Id="39">
<Loc File="C:\Component\CM660A_HwTq1Meas_Impl\src\CDD_HwTq1Meas.c" Line="1182" Column="103">
</Loc>
<Message>
Minimisation of run-time failures.
</Message>
</Rule>

<Rule Name="21.1" Mode="required" Report="warning" Id="40">
<Loc File="C:\Component\CM660A_HwTq1Meas_Impl\src\CDD_HwTq1Meas.c" Line="1191" Column="72">
</Loc>
<Message>
Minimisation of run-time failures.
</Message>
</Rule>

<Rule Name="9.1" Mode="required" Report="warning" Id="41">
<Loc File="C:\Component\CM660A_HwTq1Meas_Impl\src\CDD_HwTq1Meas.c" Line="1212" Column="13">
</Loc>
<Message>
All automatic variables shall have been assigned a value before being used.
</Message>
</Rule>

<Rule Name="9.1" Mode="required" Report="warning" Id="42">
<Loc File="C:\Component\CM660A_HwTq1Meas_Impl\src\CDD_HwTq1Meas.c" Line="1212" Column="58">
</Loc>
<Message>
All automatic variables shall have been assigned a value before being used.
</Message>
</Rule>

<Rule Name="21.1" Mode="required" Report="warning" Id="43">
<Loc File="C:\Component\CM660A_HwTq1Meas_Impl\src\CDD_HwTq1Meas.c" Line="1225" Column="12">
</Loc>
<Message>
Minimisation of run-time failures.
</Message>
</Rule>

<Rule Name="21.1" Mode="required" Report="warning" Id="44">
<Loc File="C:\Component\CM660A_HwTq1Meas_Impl\src\CDD_HwTq1Meas.c" Line="1245" Column="59">
</Loc>
<Message>
Minimisation of run-time failures.
</Message>
</Rule>

</CodeStruct>

<CodeStruct Name="HwTq1MeasPer2" File="C:\Component\CM660A_HwTq1Meas_Impl\src\CDD_HwTq1Meas.c" Line="1275" Column="5">

<Rule Name="21.1" Mode="required" Report="warning" Id="45">
<Loc File="C:\Component\CM660A_HwTq1Meas_Impl\src\CDD_HwTq1Meas.c" Line="1282" Column="35">
</Loc>
<Message>
Minimisation of run-time failures.
</Message>
</Rule>

<Rule Name="21.1" Mode="required" Report="warning" Id="46">
<Loc File="C:\Component\CM660A_HwTq1Meas_Impl\src\CDD_HwTq1Meas.c" Line="1282" Column="51">
</Loc>
<Message>
Minimisation of run-time failures.
</Message>
</Rule>

</CodeStruct>

<CodeStruct Name="HwTq1MeasHwTq1ClrTrim_Oper" File="C:\Component\CM660A_HwTq1Meas_Impl\src\CDD_HwTq1Meas.c" Line="792" Column="5">

<Rule Name="21.1" Mode="required" Report="warning" Id="47">
<Loc File="C:\Component\CM660A_HwTq1Meas_Impl\src\CDD_HwTq1Meas.c" Line="801" Column="31">
</Loc>
<Message>
Minimisation of run-time failures.
</Message>
</Rule>

<Rule Name="21.1" Mode="required" Report="warning" Id="48">
<Loc File="C:\Component\CM660A_HwTq1Meas_Impl\src\CDD_HwTq1Meas.c" Line="801" Column="47">
</Loc>
<Message>
Minimisation of run-time failures.
</Message>
</Rule>

<Rule Name="21.1" Mode="required" Report="warning" Id="49">
<Loc File="C:\Component\CM660A_HwTq1Meas_Impl\src\CDD_HwTq1Meas.c" Line="802" Column="47">
</Loc>
<Message>
Minimisation of run-time failures.
</Message>
</Rule>

</CodeStruct>

<CodeStruct Name="HwTq1MeasHwTq1TrimPrfmdSts_Oper" File="C:\Component\CM660A_HwTq1Meas_Impl\src\CDD_HwTq1Meas.c" Line="861" Column="5">

<Rule Name="21.1" Mode="required" Report="warning" Id="50">
<Loc File="C:\Component\CM660A_HwTq1Meas_Impl\src\CDD_HwTq1Meas.c" Line="868" Column="8">
</Loc>
<Message>
Minimisation of run-time failures.
</Message>
</Rule>

<Rule Name="21.1" Mode="required" Report="warning" Id="51">
<Loc File="C:\Component\CM660A_HwTq1Meas_Impl\src\CDD_HwTq1Meas.c" Line="868" Column="63">
</Loc>
<Message>
Minimisation of run-time failures.
</Message>
</Rule>

<Rule Name="21.1" Mode="required" Report="warning" Id="52">
<Loc File="C:\Component\CM660A_HwTq1Meas_Impl\src\CDD_HwTq1Meas.c" Line="868" Column="79">
</Loc>
<Message>
Minimisation of run-time failures.
</Message>
</Rule>

</CodeStruct>

<CodeStruct Name="HwTq1MeasHwTq1AutTrim_Oper" File="C:\Component\CM660A_HwTq1Meas_Impl\src\CDD_HwTq1Meas.c" Line="744" Column="5">

<Rule Name="21.1" Mode="required" Report="warning" Id="53">
<Loc File="C:\Component\CM660A_HwTq1Meas_Impl\src\CDD_HwTq1Meas.c" Line="753" Column="31">
</Loc>
<Message>
Minimisation of run-time failures.
</Message>
</Rule>

<Rule Name="21.1" Mode="required" Report="warning" Id="54">
<Loc File="C:\Component\CM660A_HwTq1Meas_Impl\src\CDD_HwTq1Meas.c" Line="753" Column="47">
</Loc>
<Message>
Minimisation of run-time failures.
</Message>
</Rule>

<Rule Name="21.1" Mode="required" Report="warning" Id="55">
<Loc File="C:\Component\CM660A_HwTq1Meas_Impl\src\CDD_HwTq1Meas.c" Line="753" Column="60">
</Loc>
<Message>
Minimisation of run-time failures.
</Message>
</Rule>

<Rule Name="21.1" Mode="required" Report="warning" Id="56">
<Loc File="C:\Component\CM660A_HwTq1Meas_Impl\src\CDD_HwTq1Meas.c" Line="754" Column="47">
</Loc>
<Message>
Minimisation of run-time failures.
</Message>
</Rule>

</CodeStruct>

<CodeStruct Name="HwTq1MeasInit1" File="C:\Component\CM660A_HwTq1Meas_Impl\src\CDD_HwTq1Meas.c" Line="947" Column="5">

<Rule Name="9.1" Mode="required" Report="warning" Id="57">
<Loc File="C:\Component\CM660A_HwTq1Meas_Impl\src\CDD_HwTq1Meas.c" Line="965" Column="76">
</Loc>
<Message>
All automatic variables shall have been assigned a value before being used.
</Message>
</Rule>

</CodeStruct>

<CodeStruct Name="HwTq1MeasHwTq1ReadTrim_Oper" File="C:\Component\CM660A_HwTq1Meas_Impl\src\CDD_HwTq1Meas.c" Line="830" Column="5">

<Rule Name="21.1" Mode="required" Report="warning" Id="58">
<Loc File="C:\Component\CM660A_HwTq1Meas_Impl\src\CDD_HwTq1Meas.c" Line="837" Column="8">
</Loc>
<Message>
Minimisation of run-time failures.
</Message>
</Rule>

<Rule Name="21.1" Mode="required" Report="warning" Id="59">
<Loc File="C:\Component\CM660A_HwTq1Meas_Impl\src\CDD_HwTq1Meas.c" Line="837" Column="55">
</Loc>
<Message>
Minimisation of run-time failures.
</Message>
</Rule>

<Rule Name="21.1" Mode="required" Report="warning" Id="60">
<Loc File="C:\Component\CM660A_HwTq1Meas_Impl\src\CDD_HwTq1Meas.c" Line="837" Column="71">
</Loc>
<Message>
Minimisation of run-time failures.
</Message>
</Rule>

</CodeStruct>

</MISRA-C-Report>
