<?xml version="1.0" encoding="UTF-8"?>
<MISRA-C-Report-Summary>
<File Mode="advisory" Error="0" Warning="1" Total="1">
<Name>
C:\Workspace\_EA4\_Components\GM_001A_ChkPt_Impl-kzdyfh\GM_001A_ChkPt_Impl\src\CDD_ChkPtAppl10.c</Name>
</File>
<File Mode="advisory" Error="0" Warning="1" Total="1">
<Name>
C:\Workspace\_EA4\_Components\GM_001A_ChkPt_Impl-kzdyfh\GM_001A_ChkPt_Impl\src\CDD_ChkPt_Bsw.c</Name>
</File>
<Rule Name="19.1" Count="2" Mode="advisory" Severity="warning">
<Message>
#include statements in a file shall only be preceded by other preprocessor directives or comments.</Message>
</Rule>
</MISRA-C-Report-Summary>
