<?xml version="1.0" encoding="UTF-8"?>
<MISRA-C-Report-Summary>
<File Mode="advisory" Error="0" Warning="1" Total="1">
<Name>
C:\Component\CM102A_FlsMem_Impl\src\CDD_FlsMem.c</Name>
</File>
<File Mode="required" Error="0" Warning="9" Total="9">
<Name>
C:\Component\CM102A_FlsMem_Impl\src\CDD_FlsMem.c</Name>
</File>
<File Mode="advisory" Error="0" Warning="15" Total="15">
<Name>
C:\Component\CM102A_FlsMem_Impl\src\CDD_FlsMemNonRte.c</Name>
</File>
<File Mode="required" Error="0" Warning="19" Total="19">
<Name>
C:\Component\CM102A_FlsMem_Impl\src\CDD_FlsMemNonRte.c</Name>
</File>
<Rule Name="21.1" Count="27" Mode="required" Severity="warning">
<Message>
Minimisation of run-time failures.</Message>
</Rule>
<Rule Name="11.3" Count="10" Mode="advisory" Severity="warning">
<Message>
A cast should not be performed between a pointer type and an integral type.</Message>
</Rule>
<Rule Name="19.1" Count="6" Mode="advisory" Severity="warning">
<Message>
#include statements in a file shall only be preceded by other preprocessor directives or comments.</Message>
</Rule>
<Rule Name="9.1" Count="1" Mode="required" Severity="warning">
<Message>
All automatic variables shall have been assigned a value before being used.</Message>
</Rule>
</MISRA-C-Report-Summary>
