<?xml version="1.0" encoding="UTF-8"?>

<MISRA-C-Report version="1.3">


<CodeStruct Name="DtsInin" File="C:\Component\CM102A_FlsMem_Impl\src\CDD_FlsMemNonRte.c" Line="132" Column="5">

<Rule Name="21.1" Mode="required" Report="warning" Id="12">
<Loc File="C:\Component\CM102A_FlsMem_Impl\src\CDD_FlsMemNonRte.c" Line="143" Column="54">
</Loc>
<Message>
Minimisation of run-time failures.
</Message>
</Rule>

<Rule Name="21.1" Mode="required" Report="warning" Id="13">
<Loc File="C:\Component\CM102A_FlsMem_Impl\src\CDD_FlsMemNonRte.c" Line="153" Column="34">
</Loc>
<Message>
Minimisation of run-time failures.
</Message>
</Rule>

<Rule Name="21.1" Mode="required" Report="warning" Id="14">
<Loc File="C:\Component\CM102A_FlsMem_Impl\src\CDD_FlsMemNonRte.c" Line="208" Column="26">
</Loc>
<Message>
Minimisation of run-time failures.
</Message>
</Rule>

<Rule Name="11.3" Mode="advisory" Report="warning" Id="15">
<Loc File="C:\Component\CM102A_FlsMem_Impl\src\CDD_FlsMemNonRte.c" Line="219" Column="59">
</Loc>
<Message>
A cast should not be performed between a pointer type and an integral type.
</Message>
</Rule>

<Rule Name="21.1" Mode="required" Report="warning" Id="16">
<Loc File="C:\Component\CM102A_FlsMem_Impl\src\CDD_FlsMemNonRte.c" Line="244" Column="26">
</Loc>
<Message>
Minimisation of run-time failures.
</Message>
</Rule>

<Rule Name="11.3" Mode="advisory" Report="warning" Id="17">
<Loc File="C:\Component\CM102A_FlsMem_Impl\src\CDD_FlsMemNonRte.c" Line="251" Column="59">
</Loc>
<Message>
A cast should not be performed between a pointer type and an integral type.
</Message>
</Rule>

</CodeStruct>

<CodeStruct Name="FlsMemInit2" File="C:\Component\CM102A_FlsMem_Impl\src\CDD_FlsMemNonRte.c" Line="92" Column="5">

<Rule Name="9.1" Mode="required" Report="warning" Id="7">
<Loc File="C:\Component\CM102A_FlsMem_Impl\src\CDD_FlsMemNonRte.c" Line="101" Column="11">
</Loc>
<Message>
All automatic variables shall have been assigned a value before being used.
</Message>
</Rule>

<Rule Name="21.1" Mode="required" Report="warning" Id="8">
<Loc File="C:\Component\CM102A_FlsMem_Impl\src\CDD_FlsMemNonRte.c" Line="103" Column="16">
</Loc>
<Message>
Minimisation of run-time failures.
</Message>
</Rule>

<Rule Name="21.1" Mode="required" Report="warning" Id="9">
<Loc File="C:\Component\CM102A_FlsMem_Impl\src\CDD_FlsMemNonRte.c" Line="103" Column="37">
</Loc>
<Message>
Minimisation of run-time failures.
</Message>
</Rule>

<Rule Name="21.1" Mode="required" Report="warning" Id="10">
<Loc File="C:\Component\CM102A_FlsMem_Impl\src\CDD_FlsMemNonRte.c" Line="118" Column="16">
</Loc>
<Message>
Minimisation of run-time failures.
</Message>
</Rule>

<Rule Name="21.1" Mode="required" Report="warning" Id="11">
<Loc File="C:\Component\CM102A_FlsMem_Impl\src\CDD_FlsMemNonRte.c" Line="118" Column="37">
</Loc>
<Message>
Minimisation of run-time failures.
</Message>
</Rule>

</CodeStruct>

<CodeStruct Name="" File="C:\Component\CM102A_FlsMem_Impl\src\CDD_FlsMemNonRte.c" Line="0" Column="0">

<Rule Name="19.1" Mode="advisory" Report="warning" Id="2">
<Loc File="C:\Component\CM102A_FlsMem_Impl\src\CDD_FlsMemNonRte.c" Line="49" Column="0">
</Loc>
<Message>
#include statements in a file shall only be preceded by other preprocessor directives or comments.
</Message>
</Rule>

<Rule Name="19.1" Mode="advisory" Report="warning" Id="3">
<Loc File="C:\Component\CM102A_FlsMem_Impl\src\CDD_FlsMemNonRte.c" Line="73" Column="0">
</Loc>
<Message>
#include statements in a file shall only be preceded by other preprocessor directives or comments.
</Message>
</Rule>

<Rule Name="19.1" Mode="advisory" Report="warning" Id="4">
<Loc File="C:\Component\CM102A_FlsMem_Impl\src\CDD_FlsMemNonRte.c" Line="78" Column="0">
</Loc>
<Message>
#include statements in a file shall only be preceded by other preprocessor directives or comments.
</Message>
</Rule>

<Rule Name="19.1" Mode="advisory" Report="warning" Id="5">
<Loc File="C:\Component\CM102A_FlsMem_Impl\src\CDD_FlsMemNonRte.c" Line="83" Column="0">
</Loc>
<Message>
#include statements in a file shall only be preceded by other preprocessor directives or comments.
</Message>
</Rule>

<Rule Name="19.1" Mode="advisory" Report="warning" Id="6">
<Loc File="C:\Component\CM102A_FlsMem_Impl\src\CDD_FlsMemNonRte.c" Line="365" Column="0">
</Loc>
<Message>
#include statements in a file shall only be preceded by other preprocessor directives or comments.
</Message>
</Rule>

</CodeStruct>

<CodeStruct Name="" File="C:\Component\CM102A_FlsMem_Impl\src\CDD_FlsMem.c" Line="0" Column="0">

<Rule Name="19.1" Mode="advisory" Report="warning" Id="1">
<Loc File="C:\Component\CM102A_FlsMem_Impl\src\CDD_FlsMem.c" Line="818" Column="0">
</Loc>
<Message>
#include statements in a file shall only be preceded by other preprocessor directives or comments.
</Message>
</Rule>

</CodeStruct>

<CodeStruct Name="CodFlsSngBitEcc" File="C:\Component\CM102A_FlsMem_Impl\src\CDD_FlsMemNonRte.c" Line="295" Column="5">

<Rule Name="21.1" Mode="required" Report="warning" Id="18">
<Loc File="C:\Component\CM102A_FlsMem_Impl\src\CDD_FlsMemNonRte.c" Line="306" Column="8">
</Loc>
<Message>
Minimisation of run-time failures.
</Message>
</Rule>

<Rule Name="21.1" Mode="required" Report="warning" Id="19">
<Loc File="C:\Component\CM102A_FlsMem_Impl\src\CDD_FlsMemNonRte.c" Line="306" Column="29">
</Loc>
<Message>
Minimisation of run-time failures.
</Message>
</Rule>

<Rule Name="21.1" Mode="required" Report="warning" Id="20">
<Loc File="C:\Component\CM102A_FlsMem_Impl\src\CDD_FlsMemNonRte.c" Line="324" Column="39">
</Loc>
<Message>
Minimisation of run-time failures.
</Message>
</Rule>

<Rule Name="11.3" Mode="advisory" Report="warning" Id="21">
<Loc File="C:\Component\CM102A_FlsMem_Impl\src\CDD_FlsMemNonRte.c" Line="324" Column="40">
</Loc>
<Message>
A cast should not be performed between a pointer type and an integral type.
</Message>
</Rule>

<Rule Name="21.1" Mode="required" Report="warning" Id="22">
<Loc File="C:\Component\CM102A_FlsMem_Impl\src\CDD_FlsMemNonRte.c" Line="325" Column="39">
</Loc>
<Message>
Minimisation of run-time failures.
</Message>
</Rule>

<Rule Name="11.3" Mode="advisory" Report="warning" Id="23">
<Loc File="C:\Component\CM102A_FlsMem_Impl\src\CDD_FlsMemNonRte.c" Line="325" Column="40">
</Loc>
<Message>
A cast should not be performed between a pointer type and an integral type.
</Message>
</Rule>

<Rule Name="21.1" Mode="required" Report="warning" Id="24">
<Loc File="C:\Component\CM102A_FlsMem_Impl\src\CDD_FlsMemNonRte.c" Line="326" Column="39">
</Loc>
<Message>
Minimisation of run-time failures.
</Message>
</Rule>

<Rule Name="11.3" Mode="advisory" Report="warning" Id="25">
<Loc File="C:\Component\CM102A_FlsMem_Impl\src\CDD_FlsMemNonRte.c" Line="326" Column="40">
</Loc>
<Message>
A cast should not be performed between a pointer type and an integral type.
</Message>
</Rule>

<Rule Name="21.1" Mode="required" Report="warning" Id="26">
<Loc File="C:\Component\CM102A_FlsMem_Impl\src\CDD_FlsMemNonRte.c" Line="327" Column="39">
</Loc>
<Message>
Minimisation of run-time failures.
</Message>
</Rule>

<Rule Name="11.3" Mode="advisory" Report="warning" Id="27">
<Loc File="C:\Component\CM102A_FlsMem_Impl\src\CDD_FlsMemNonRte.c" Line="327" Column="40">
</Loc>
<Message>
A cast should not be performed between a pointer type and an integral type.
</Message>
</Rule>

<Rule Name="21.1" Mode="required" Report="warning" Id="28">
<Loc File="C:\Component\CM102A_FlsMem_Impl\src\CDD_FlsMemNonRte.c" Line="348" Column="39">
</Loc>
<Message>
Minimisation of run-time failures.
</Message>
</Rule>

<Rule Name="11.3" Mode="advisory" Report="warning" Id="29">
<Loc File="C:\Component\CM102A_FlsMem_Impl\src\CDD_FlsMemNonRte.c" Line="348" Column="40">
</Loc>
<Message>
A cast should not be performed between a pointer type and an integral type.
</Message>
</Rule>

<Rule Name="21.1" Mode="required" Report="warning" Id="30">
<Loc File="C:\Component\CM102A_FlsMem_Impl\src\CDD_FlsMemNonRte.c" Line="349" Column="39">
</Loc>
<Message>
Minimisation of run-time failures.
</Message>
</Rule>

<Rule Name="11.3" Mode="advisory" Report="warning" Id="31">
<Loc File="C:\Component\CM102A_FlsMem_Impl\src\CDD_FlsMemNonRte.c" Line="349" Column="40">
</Loc>
<Message>
A cast should not be performed between a pointer type and an integral type.
</Message>
</Rule>

<Rule Name="21.1" Mode="required" Report="warning" Id="32">
<Loc File="C:\Component\CM102A_FlsMem_Impl\src\CDD_FlsMemNonRte.c" Line="350" Column="39">
</Loc>
<Message>
Minimisation of run-time failures.
</Message>
</Rule>

<Rule Name="11.3" Mode="advisory" Report="warning" Id="33">
<Loc File="C:\Component\CM102A_FlsMem_Impl\src\CDD_FlsMemNonRte.c" Line="350" Column="40">
</Loc>
<Message>
A cast should not be performed between a pointer type and an integral type.
</Message>
</Rule>

<Rule Name="21.1" Mode="required" Report="warning" Id="34">
<Loc File="C:\Component\CM102A_FlsMem_Impl\src\CDD_FlsMemNonRte.c" Line="351" Column="39">
</Loc>
<Message>
Minimisation of run-time failures.
</Message>
</Rule>

<Rule Name="11.3" Mode="advisory" Report="warning" Id="35">
<Loc File="C:\Component\CM102A_FlsMem_Impl\src\CDD_FlsMemNonRte.c" Line="351" Column="40">
</Loc>
<Message>
A cast should not be performed between a pointer type and an integral type.
</Message>
</Rule>

</CodeStruct>

<CodeStruct Name="FlsMemPer2" File="C:\Component\CM102A_FlsMem_Impl\src\CDD_FlsMem.c" Line="734" Column="5">

<Rule Name="21.1" Mode="required" Report="warning" Id="36">
<Loc File="C:\Component\CM102A_FlsMem_Impl\src\CDD_FlsMem.c" Line="745" Column="7">
</Loc>
<Message>
Minimisation of run-time failures.
</Message>
</Rule>

<Rule Name="21.1" Mode="required" Report="warning" Id="37">
<Loc File="C:\Component\CM102A_FlsMem_Impl\src\CDD_FlsMem.c" Line="745" Column="28">
</Loc>
<Message>
Minimisation of run-time failures.
</Message>
</Rule>

<Rule Name="21.1" Mode="required" Report="warning" Id="38">
<Loc File="C:\Component\CM102A_FlsMem_Impl\src\CDD_FlsMem.c" Line="747" Column="19">
</Loc>
<Message>
Minimisation of run-time failures.
</Message>
</Rule>

<Rule Name="21.1" Mode="required" Report="warning" Id="39">
<Loc File="C:\Component\CM102A_FlsMem_Impl\src\CDD_FlsMem.c" Line="761" Column="44">
</Loc>
<Message>
Minimisation of run-time failures.
</Message>
</Rule>

<Rule Name="21.1" Mode="required" Report="warning" Id="40">
<Loc File="C:\Component\CM102A_FlsMem_Impl\src\CDD_FlsMem.c" Line="761" Column="55">
</Loc>
<Message>
Minimisation of run-time failures.
</Message>
</Rule>

<Rule Name="21.1" Mode="required" Report="warning" Id="41">
<Loc File="C:\Component\CM102A_FlsMem_Impl\src\CDD_FlsMem.c" Line="780" Column="89">
</Loc>
<Message>
Minimisation of run-time failures.
</Message>
</Rule>

<Rule Name="21.1" Mode="required" Report="warning" Id="42">
<Loc File="C:\Component\CM102A_FlsMem_Impl\src\CDD_FlsMem.c" Line="791" Column="33">
</Loc>
<Message>
Minimisation of run-time failures.
</Message>
</Rule>

<Rule Name="21.1" Mode="required" Report="warning" Id="43">
<Loc File="C:\Component\CM102A_FlsMem_Impl\src\CDD_FlsMem.c" Line="799" Column="57">
</Loc>
<Message>
Minimisation of run-time failures.
</Message>
</Rule>

<Rule Name="21.1" Mode="required" Report="warning" Id="44">
<Loc File="C:\Component\CM102A_FlsMem_Impl\src\CDD_FlsMem.c" Line="801" Column="12">
</Loc>
<Message>
Minimisation of run-time failures.
</Message>
</Rule>

</CodeStruct>

</MISRA-C-Report>
