<?xml version="1.0" encoding="UTF-8"?>

<MISRA-C-Report version="1.3">


<CodeStruct Name="" File="C:\component\SF006A_TEstimn_Impl\src\TEstimn.c" Line="0" Column="0">

<Rule Name="19.1" Mode="advisory" Report="warning" Id="1">
<Loc File="C:\component\SF006A_TEstimn_Impl\src\TEstimn.c" Line="618" Column="0">
</Loc>
<Message>
#include statements in a file shall only be preceded by other preprocessor directives or comments.
</Message>
</Rule>

</CodeStruct>

<CodeStruct Name="TEstimnPer1" File="C:\component\SF006A_TEstimn_Impl\src\TEstimn.c" Line="319" Column="5">

<Rule Name="9.1" Mode="required" Report="warning" Id="2">
<Loc File="C:\component\SF006A_TEstimn_Impl\src\TEstimn.c" Line="389" Column="53">
</Loc>
<Message>
All automatic variables shall have been assigned a value before being used.
</Message>
</Rule>

<Rule Name="21.1" Mode="required" Report="warning" Id="3">
<Loc File="C:\component\SF006A_TEstimn_Impl\src\TEstimn.c" Line="390" Column="8">
</Loc>
<Message>
Minimisation of run-time failures.
</Message>
</Rule>

<Rule Name="21.1" Mode="required" Report="warning" Id="4">
<Loc File="C:\component\SF006A_TEstimn_Impl\src\TEstimn.c" Line="390" Column="26">
</Loc>
<Message>
Minimisation of run-time failures.
</Message>
</Rule>

<Rule Name="21.1" Mode="required" Report="warning" Id="5">
<Loc File="C:\component\SF006A_TEstimn_Impl\src\TEstimn.c" Line="397" Column="8">
</Loc>
<Message>
Minimisation of run-time failures.
</Message>
</Rule>

<Rule Name="21.1" Mode="required" Report="warning" Id="6">
<Loc File="C:\component\SF006A_TEstimn_Impl\src\TEstimn.c" Line="404" Column="8">
</Loc>
<Message>
Minimisation of run-time failures.
</Message>
</Rule>

<Rule Name="21.1" Mode="required" Report="warning" Id="7">
<Loc File="C:\component\SF006A_TEstimn_Impl\src\TEstimn.c" Line="411" Column="4">
</Loc>
<Message>
Minimisation of run-time failures.
</Message>
</Rule>

<Rule Name="9.1" Mode="required" Report="warning" Id="8">
<Loc File="C:\component\SF006A_TEstimn_Impl\src\TEstimn.c" Line="414" Column="51">
</Loc>
<Message>
All automatic variables shall have been assigned a value before being used.
</Message>
</Rule>

<Rule Name="21.1" Mode="required" Report="warning" Id="9">
<Loc File="C:\component\SF006A_TEstimn_Impl\src\TEstimn.c" Line="417" Column="8">
</Loc>
<Message>
Minimisation of run-time failures.
</Message>
</Rule>

<Rule Name="21.1" Mode="required" Report="warning" Id="10">
<Loc File="C:\component\SF006A_TEstimn_Impl\src\TEstimn.c" Line="423" Column="4">
</Loc>
<Message>
Minimisation of run-time failures.
</Message>
</Rule>

<Rule Name="9.1" Mode="required" Report="warning" Id="11">
<Loc File="C:\component\SF006A_TEstimn_Impl\src\TEstimn.c" Line="442" Column="42">
</Loc>
<Message>
All automatic variables shall have been assigned a value before being used.
</Message>
</Rule>

<Rule Name="21.1" Mode="required" Report="warning" Id="12">
<Loc File="C:\component\SF006A_TEstimn_Impl\src\TEstimn.c" Line="444" Column="35">
</Loc>
<Message>
Minimisation of run-time failures.
</Message>
</Rule>

<Rule Name="21.1" Mode="required" Report="warning" Id="13">
<Loc File="C:\component\SF006A_TEstimn_Impl\src\TEstimn.c" Line="460" Column="35">
</Loc>
<Message>
Minimisation of run-time failures.
</Message>
</Rule>

<Rule Name="21.1" Mode="required" Report="warning" Id="14">
<Loc File="C:\component\SF006A_TEstimn_Impl\src\TEstimn.c" Line="476" Column="35">
</Loc>
<Message>
Minimisation of run-time failures.
</Message>
</Rule>

<Rule Name="21.1" Mode="required" Report="warning" Id="15">
<Loc File="C:\component\SF006A_TEstimn_Impl\src\TEstimn.c" Line="488" Column="11">
</Loc>
<Message>
Minimisation of run-time failures.
</Message>
</Rule>

<Rule Name="9.1" Mode="required" Report="warning" Id="16">
<Loc File="C:\component\SF006A_TEstimn_Impl\src\TEstimn.c" Line="491" Column="16">
</Loc>
<Message>
All automatic variables shall have been assigned a value before being used.
</Message>
</Rule>

<Rule Name="9.1" Mode="required" Report="warning" Id="17">
<Loc File="C:\component\SF006A_TEstimn_Impl\src\TEstimn.c" Line="492" Column="16">
</Loc>
<Message>
All automatic variables shall have been assigned a value before being used.
</Message>
</Rule>

<Rule Name="9.1" Mode="required" Report="warning" Id="18">
<Loc File="C:\component\SF006A_TEstimn_Impl\src\TEstimn.c" Line="494" Column="56">
</Loc>
<Message>
All automatic variables shall have been assigned a value before being used.
</Message>
</Rule>

<Rule Name="9.1" Mode="required" Report="warning" Id="19">
<Loc File="C:\component\SF006A_TEstimn_Impl\src\TEstimn.c" Line="495" Column="80">
</Loc>
<Message>
All automatic variables shall have been assigned a value before being used.
</Message>
</Rule>

<Rule Name="21.1" Mode="required" Report="warning" Id="20">
<Loc File="C:\component\SF006A_TEstimn_Impl\src\TEstimn.c" Line="502" Column="16">
</Loc>
<Message>
Minimisation of run-time failures.
</Message>
</Rule>

<Rule Name="9.1" Mode="required" Report="warning" Id="21">
<Loc File="C:\component\SF006A_TEstimn_Impl\src\TEstimn.c" Line="510" Column="12">
</Loc>
<Message>
All automatic variables shall have been assigned a value before being used.
</Message>
</Rule>

<Rule Name="21.1" Mode="required" Report="warning" Id="22">
<Loc File="C:\component\SF006A_TEstimn_Impl\src\TEstimn.c" Line="510" Column="35">
</Loc>
<Message>
Minimisation of run-time failures.
</Message>
</Rule>

<Rule Name="9.1" Mode="required" Report="warning" Id="23">
<Loc File="C:\component\SF006A_TEstimn_Impl\src\TEstimn.c" Line="511" Column="12">
</Loc>
<Message>
All automatic variables shall have been assigned a value before being used.
</Message>
</Rule>

<Rule Name="21.1" Mode="required" Report="warning" Id="24">
<Loc File="C:\component\SF006A_TEstimn_Impl\src\TEstimn.c" Line="511" Column="38">
</Loc>
<Message>
Minimisation of run-time failures.
</Message>
</Rule>

<Rule Name="9.1" Mode="required" Report="warning" Id="25">
<Loc File="C:\component\SF006A_TEstimn_Impl\src\TEstimn.c" Line="516" Column="28">
</Loc>
<Message>
All automatic variables shall have been assigned a value before being used.
</Message>
</Rule>

<Rule Name="9.1" Mode="required" Report="warning" Id="26">
<Loc File="C:\component\SF006A_TEstimn_Impl\src\TEstimn.c" Line="518" Column="64">
</Loc>
<Message>
All automatic variables shall have been assigned a value before being used.
</Message>
</Rule>

<Rule Name="9.1" Mode="required" Report="warning" Id="27">
<Loc File="C:\component\SF006A_TEstimn_Impl\src\TEstimn.c" Line="519" Column="92">
</Loc>
<Message>
All automatic variables shall have been assigned a value before being used.
</Message>
</Rule>

<Rule Name="21.1" Mode="required" Report="warning" Id="28">
<Loc File="C:\component\SF006A_TEstimn_Impl\src\TEstimn.c" Line="526" Column="24">
</Loc>
<Message>
Minimisation of run-time failures.
</Message>
</Rule>

<Rule Name="21.1" Mode="required" Report="warning" Id="29">
<Loc File="C:\component\SF006A_TEstimn_Impl\src\TEstimn.c" Line="532" Column="8">
</Loc>
<Message>
Minimisation of run-time failures.
</Message>
</Rule>

<Rule Name="9.1" Mode="required" Report="warning" Id="30">
<Loc File="C:\component\SF006A_TEstimn_Impl\src\TEstimn.c" Line="532" Column="50">
</Loc>
<Message>
All automatic variables shall have been assigned a value before being used.
</Message>
</Rule>

<Rule Name="9.1" Mode="required" Report="warning" Id="31">
<Loc File="C:\component\SF006A_TEstimn_Impl\src\TEstimn.c" Line="535" Column="35">
</Loc>
<Message>
All automatic variables shall have been assigned a value before being used.
</Message>
</Rule>

<Rule Name="21.1" Mode="required" Report="warning" Id="32">
<Loc File="C:\component\SF006A_TEstimn_Impl\src\TEstimn.c" Line="536" Column="8">
</Loc>
<Message>
Minimisation of run-time failures.
</Message>
</Rule>

<Rule Name="9.1" Mode="required" Report="warning" Id="33">
<Loc File="C:\component\SF006A_TEstimn_Impl\src\TEstimn.c" Line="538" Column="32">
</Loc>
<Message>
All automatic variables shall have been assigned a value before being used.
</Message>
</Rule>

<Rule Name="21.1" Mode="required" Report="warning" Id="34">
<Loc File="C:\component\SF006A_TEstimn_Impl\src\TEstimn.c" Line="539" Column="8">
</Loc>
<Message>
Minimisation of run-time failures.
</Message>
</Rule>

<Rule Name="21.1" Mode="required" Report="warning" Id="35">
<Loc File="C:\component\SF006A_TEstimn_Impl\src\TEstimn.c" Line="542" Column="8">
</Loc>
<Message>
Minimisation of run-time failures.
</Message>
</Rule>

<Rule Name="21.1" Mode="required" Report="warning" Id="36">
<Loc File="C:\component\SF006A_TEstimn_Impl\src\TEstimn.c" Line="563" Column="41">
</Loc>
<Message>
Minimisation of run-time failures.
</Message>
</Rule>

<Rule Name="9.1" Mode="required" Report="warning" Id="37">
<Loc File="C:\component\SF006A_TEstimn_Impl\src\TEstimn.c" Line="570" Column="11">
</Loc>
<Message>
All automatic variables shall have been assigned a value before being used.
</Message>
</Rule>

<Rule Name="21.1" Mode="required" Report="warning" Id="38">
<Loc File="C:\component\SF006A_TEstimn_Impl\src\TEstimn.c" Line="584" Column="16">
</Loc>
<Message>
Minimisation of run-time failures.
</Message>
</Rule>

<Rule Name="21.1" Mode="required" Report="warning" Id="39">
<Loc File="C:\component\SF006A_TEstimn_Impl\src\TEstimn.c" Line="589" Column="47">
</Loc>
<Message>
Minimisation of run-time failures.
</Message>
</Rule>

</CodeStruct>

<CodeStruct Name="TEstimnInit1" File="C:\component\SF006A_TEstimn_Impl\src\TEstimn.c" Line="179" Column="5">

<Rule Name="21.1" Mode="required" Report="warning" Id="40">
<Loc File="C:\component\SF006A_TEstimn_Impl\src\TEstimn.c" Line="208" Column="90">
</Loc>
<Message>
Minimisation of run-time failures.
</Message>
</Rule>

<Rule Name="9.1" Mode="required" Report="warning" Id="41">
<Loc File="C:\component\SF006A_TEstimn_Impl\src\TEstimn.c" Line="216" Column="40">
</Loc>
<Message>
All automatic variables shall have been assigned a value before being used.
</Message>
</Rule>

<Rule Name="21.1" Mode="required" Report="warning" Id="42">
<Loc File="C:\component\SF006A_TEstimn_Impl\src\TEstimn.c" Line="220" Column="8">
</Loc>
<Message>
Minimisation of run-time failures.
</Message>
</Rule>

<Rule Name="21.1" Mode="required" Report="warning" Id="43">
<Loc File="C:\component\SF006A_TEstimn_Impl\src\TEstimn.c" Line="231" Column="8">
</Loc>
<Message>
Minimisation of run-time failures.
</Message>
</Rule>

<Rule Name="21.1" Mode="required" Report="warning" Id="44">
<Loc File="C:\component\SF006A_TEstimn_Impl\src\TEstimn.c" Line="242" Column="8">
</Loc>
<Message>
Minimisation of run-time failures.
</Message>
</Rule>

<Rule Name="9.1" Mode="required" Report="warning" Id="45">
<Loc File="C:\component\SF006A_TEstimn_Impl\src\TEstimn.c" Line="248" Column="12">
</Loc>
<Message>
All automatic variables shall have been assigned a value before being used.
</Message>
</Rule>

<Rule Name="9.1" Mode="required" Report="warning" Id="46">
<Loc File="C:\component\SF006A_TEstimn_Impl\src\TEstimn.c" Line="249" Column="12">
</Loc>
<Message>
All automatic variables shall have been assigned a value before being used.
</Message>
</Rule>

<Rule Name="9.1" Mode="required" Report="warning" Id="47">
<Loc File="C:\component\SF006A_TEstimn_Impl\src\TEstimn.c" Line="252" Column="43">
</Loc>
<Message>
All automatic variables shall have been assigned a value before being used.
</Message>
</Rule>

<Rule Name="9.1" Mode="required" Report="warning" Id="48">
<Loc File="C:\component\SF006A_TEstimn_Impl\src\TEstimn.c" Line="253" Column="43">
</Loc>
<Message>
All automatic variables shall have been assigned a value before being used.
</Message>
</Rule>

<Rule Name="9.1" Mode="required" Report="warning" Id="49">
<Loc File="C:\component\SF006A_TEstimn_Impl\src\TEstimn.c" Line="265" Column="41">
</Loc>
<Message>
All automatic variables shall have been assigned a value before being used.
</Message>
</Rule>

<Rule Name="9.1" Mode="required" Report="warning" Id="50">
<Loc File="C:\component\SF006A_TEstimn_Impl\src\TEstimn.c" Line="266" Column="45">
</Loc>
<Message>
All automatic variables shall have been assigned a value before being used.
</Message>
</Rule>

<Rule Name="21.1" Mode="required" Report="warning" Id="51">
<Loc File="C:\component\SF006A_TEstimn_Impl\src\TEstimn.c" Line="268" Column="8">
</Loc>
<Message>
Minimisation of run-time failures.
</Message>
</Rule>

</CodeStruct>

</MISRA-C-Report>
