<?xml version="1.0" encoding="UTF-8"?>
<MISRA-C-Report-Summary>
<File Mode="advisory" Error="0" Warning="2" Total="2">
<Name>
C:\Component\ES239A_HwAgCorrln_Impl\src\HwAgCorrln.c</Name>
</File>
<File Mode="required" Error="0" Warning="2" Total="2">
<Name>
C:\Component\ES239A_HwAgCorrln_Impl\src\HwAgCorrln.c</Name>
</File>
<Rule Name="19.1" Count="2" Mode="advisory" Severity="warning">
<Message>
#include statements in a file shall only be preceded by other preprocessor directives or comments.</Message>
</Rule>
<Rule Name="19.11" Count="1" Mode="required" Severity="warning">
<Message>
`FLTINJENA' is not defined.</Message>
</Rule>
<Rule Name="8.10" Count="1" Mode="required" Severity="warning">
<Message>
Function 'HwAgCorrlnPer1' should have internal linkage.</Message>
</Rule>
</MISRA-C-Report-Summary>
