<?xml version="1.0" encoding="UTF-8"?>

<MISRA-C-Report version="1.3">


<CodeStruct Name="ClrHwAgTrimVal_Oper" File="C:\component\SF053A_HwAgVehCentrTrim_Impl\src\HwAgVehCentrTrim.c" Line="703" Column="5">

<Rule Name="21.1" Mode="required" Report="warning" Id="2">
<Loc File="C:\component\SF053A_HwAgVehCentrTrim_Impl\src\HwAgVehCentrTrim.c" Line="710" Column="30">
</Loc>
<Message>
Minimisation of run-time failures.
</Message>
</Rule>

<Rule Name="21.1" Mode="required" Report="warning" Id="3">
<Loc File="C:\component\SF053A_HwAgVehCentrTrim_Impl\src\HwAgVehCentrTrim.c" Line="710" Column="49">
</Loc>
<Message>
Minimisation of run-time failures.
</Message>
</Rule>

<Rule Name="21.1" Mode="required" Report="warning" Id="4">
<Loc File="C:\component\SF053A_HwAgVehCentrTrim_Impl\src\HwAgVehCentrTrim.c" Line="711" Column="49">
</Loc>
<Message>
Minimisation of run-time failures.
</Message>
</Rule>

</CodeStruct>

<CodeStruct Name="" File="C:\component\SF053A_HwAgVehCentrTrim_Impl\src\HwAgVehCentrTrim.c" Line="0" Column="0">

<Rule Name="19.1" Mode="advisory" Report="warning" Id="1">
<Loc File="C:\component\SF053A_HwAgVehCentrTrim_Impl\src\HwAgVehCentrTrim.c" Line="1036" Column="0">
</Loc>
<Message>
#include statements in a file shall only be preceded by other preprocessor directives or comments.
</Message>
</Rule>

</CodeStruct>

<CodeStruct Name="UpdHwAgTrimVal_Oper" File="C:\component\SF053A_HwAgVehCentrTrim_Impl\src\HwAgVehCentrTrim.c" Line="958" Column="5">

<Rule Name="9.1" Mode="required" Report="warning" Id="9">
<Loc File="C:\component\SF053A_HwAgVehCentrTrim_Impl\src\HwAgVehCentrTrim.c" Line="984" Column="21">
</Loc>
<Message>
All automatic variables shall have been assigned a value before being used.
</Message>
</Rule>

<Rule Name="21.1" Mode="required" Report="warning" Id="10">
<Loc File="C:\component\SF053A_HwAgVehCentrTrim_Impl\src\HwAgVehCentrTrim.c" Line="986" Column="8">
</Loc>
<Message>
Minimisation of run-time failures.
</Message>
</Rule>

<Rule Name="9.1" Mode="required" Report="warning" Id="11">
<Loc File="C:\component\SF053A_HwAgVehCentrTrim_Impl\src\HwAgVehCentrTrim.c" Line="988" Column="12">
</Loc>
<Message>
All automatic variables shall have been assigned a value before being used.
</Message>
</Rule>

<Rule Name="21.1" Mode="required" Report="warning" Id="12">
<Loc File="C:\component\SF053A_HwAgVehCentrTrim_Impl\src\HwAgVehCentrTrim.c" Line="990" Column="8">
</Loc>
<Message>
Minimisation of run-time failures.
</Message>
</Rule>

<Rule Name="9.1" Mode="required" Report="warning" Id="13">
<Loc File="C:\component\SF053A_HwAgVehCentrTrim_Impl\src\HwAgVehCentrTrim.c" Line="992" Column="12">
</Loc>
<Message>
All automatic variables shall have been assigned a value before being used.
</Message>
</Rule>

<Rule Name="21.1" Mode="required" Report="warning" Id="14">
<Loc File="C:\component\SF053A_HwAgVehCentrTrim_Impl\src\HwAgVehCentrTrim.c" Line="994" Column="8">
</Loc>
<Message>
Minimisation of run-time failures.
</Message>
</Rule>

<Rule Name="9.1" Mode="required" Report="warning" Id="15">
<Loc File="C:\component\SF053A_HwAgVehCentrTrim_Impl\src\HwAgVehCentrTrim.c" Line="996" Column="12">
</Loc>
<Message>
All automatic variables shall have been assigned a value before being used.
</Message>
</Rule>

<Rule Name="21.1" Mode="required" Report="warning" Id="16">
<Loc File="C:\component\SF053A_HwAgVehCentrTrim_Impl\src\HwAgVehCentrTrim.c" Line="998" Column="8">
</Loc>
<Message>
Minimisation of run-time failures.
</Message>
</Rule>

<Rule Name="9.1" Mode="required" Report="warning" Id="17">
<Loc File="C:\component\SF053A_HwAgVehCentrTrim_Impl\src\HwAgVehCentrTrim.c" Line="1000" Column="28">
</Loc>
<Message>
All automatic variables shall have been assigned a value before being used.
</Message>
</Rule>

<Rule Name="9.1" Mode="required" Report="warning" Id="18">
<Loc File="C:\component\SF053A_HwAgVehCentrTrim_Impl\src\HwAgVehCentrTrim.c" Line="1000" Column="53">
</Loc>
<Message>
All automatic variables shall have been assigned a value before being used.
</Message>
</Rule>

<Rule Name="9.1" Mode="required" Report="warning" Id="19">
<Loc File="C:\component\SF053A_HwAgVehCentrTrim_Impl\src\HwAgVehCentrTrim.c" Line="1000" Column="88">
</Loc>
<Message>
All automatic variables shall have been assigned a value before being used.
</Message>
</Rule>

<Rule Name="21.1" Mode="required" Report="warning" Id="20">
<Loc File="C:\component\SF053A_HwAgVehCentrTrim_Impl\src\HwAgVehCentrTrim.c" Line="1002" Column="8">
</Loc>
<Message>
Minimisation of run-time failures.
</Message>
</Rule>

<Rule Name="21.1" Mode="required" Report="warning" Id="21">
<Loc File="C:\component\SF053A_HwAgVehCentrTrim_Impl\src\HwAgVehCentrTrim.c" Line="1007" Column="8">
</Loc>
<Message>
Minimisation of run-time failures.
</Message>
</Rule>

<Rule Name="21.1" Mode="required" Report="warning" Id="22">
<Loc File="C:\component\SF053A_HwAgVehCentrTrim_Impl\src\HwAgVehCentrTrim.c" Line="1008" Column="34">
</Loc>
<Message>
Minimisation of run-time failures.
</Message>
</Rule>

<Rule Name="21.1" Mode="required" Report="warning" Id="23">
<Loc File="C:\component\SF053A_HwAgVehCentrTrim_Impl\src\HwAgVehCentrTrim.c" Line="1008" Column="53">
</Loc>
<Message>
Minimisation of run-time failures.
</Message>
</Rule>

<Rule Name="21.1" Mode="required" Report="warning" Id="24">
<Loc File="C:\component\SF053A_HwAgVehCentrTrim_Impl\src\HwAgVehCentrTrim.c" Line="1009" Column="53">
</Loc>
<Message>
Minimisation of run-time failures.
</Message>
</Rule>

<Rule Name="21.1" Mode="required" Report="warning" Id="25">
<Loc File="C:\component\SF053A_HwAgVehCentrTrim_Impl\src\HwAgVehCentrTrim.c" Line="1020" Column="38">
</Loc>
<Message>
Minimisation of run-time failures.
</Message>
</Rule>

<Rule Name="21.1" Mode="required" Report="warning" Id="26">
<Loc File="C:\component\SF053A_HwAgVehCentrTrim_Impl\src\HwAgVehCentrTrim.c" Line="1020" Column="57">
</Loc>
<Message>
Minimisation of run-time failures.
</Message>
</Rule>

</CodeStruct>

<CodeStruct Name="GetHwAgTrimVal_Oper" File="C:\component\SF053A_HwAgVehCentrTrim_Impl\src\HwAgVehCentrTrim.c" Line="737" Column="5">

<Rule Name="21.1" Mode="required" Report="warning" Id="5">
<Loc File="C:\component\SF053A_HwAgVehCentrTrim_Impl\src\HwAgVehCentrTrim.c" Line="744" Column="4">
</Loc>
<Message>
Minimisation of run-time failures.
</Message>
</Rule>

<Rule Name="21.1" Mode="required" Report="warning" Id="6">
<Loc File="C:\component\SF053A_HwAgVehCentrTrim_Impl\src\HwAgVehCentrTrim.c" Line="744" Column="49">
</Loc>
<Message>
Minimisation of run-time failures.
</Message>
</Rule>

<Rule Name="21.1" Mode="required" Report="warning" Id="7">
<Loc File="C:\component\SF053A_HwAgVehCentrTrim_Impl\src\HwAgVehCentrTrim.c" Line="744" Column="68">
</Loc>
<Message>
Minimisation of run-time failures.
</Message>
</Rule>

<Rule Name="21.1" Mode="required" Report="warning" Id="8">
<Loc File="C:\component\SF053A_HwAgVehCentrTrim_Impl\src\HwAgVehCentrTrim.c" Line="745" Column="4">
</Loc>
<Message>
Minimisation of run-time failures.
</Message>
</Rule>

</CodeStruct>

<CodeStruct Name="HwAgVehCentrTrimInit1" File="C:\component\SF053A_HwAgVehCentrTrim_Impl\src\HwAgVehCentrTrim.c" Line="762" Column="5">

<Rule Name="21.1" Mode="required" Report="warning" Id="27">
<Loc File="C:\component\SF053A_HwAgVehCentrTrim_Impl\src\HwAgVehCentrTrim.c" Line="768" Column="33">
</Loc>
<Message>
Minimisation of run-time failures.
</Message>
</Rule>

<Rule Name="21.1" Mode="required" Report="warning" Id="28">
<Loc File="C:\component\SF053A_HwAgVehCentrTrim_Impl\src\HwAgVehCentrTrim.c" Line="768" Column="52">
</Loc>
<Message>
Minimisation of run-time failures.
</Message>
</Rule>

</CodeStruct>

<CodeStruct Name="HwAgVehCentrTrimPer1" File="C:\component\SF053A_HwAgVehCentrTrim_Impl\src\HwAgVehCentrTrim.c" Line="819" Column="5">

<Rule Name="21.1" Mode="required" Report="warning" Id="29">
<Loc File="C:\component\SF053A_HwAgVehCentrTrim_Impl\src\HwAgVehCentrTrim.c" Line="836" Column="57">
</Loc>
<Message>
Minimisation of run-time failures.
</Message>
</Rule>

<Rule Name="21.1" Mode="required" Report="warning" Id="30">
<Loc File="C:\component\SF053A_HwAgVehCentrTrim_Impl\src\HwAgVehCentrTrim.c" Line="836" Column="76">
</Loc>
<Message>
Minimisation of run-time failures.
</Message>
</Rule>

<Rule Name="9.1" Mode="required" Report="warning" Id="31">
<Loc File="C:\component\SF053A_HwAgVehCentrTrim_Impl\src\HwAgVehCentrTrim.c" Line="839" Column="44">
</Loc>
<Message>
All automatic variables shall have been assigned a value before being used.
</Message>
</Rule>

</CodeStruct>

<CodeStruct Name="SetHwAgTrimVal_Oper" File="C:\component\SF053A_HwAgVehCentrTrim_Impl\src\HwAgVehCentrTrim.c" Line="887" Column="5">

<Rule Name="21.1" Mode="required" Report="warning" Id="32">
<Loc File="C:\component\SF053A_HwAgVehCentrTrim_Impl\src\HwAgVehCentrTrim.c" Line="894" Column="30">
</Loc>
<Message>
Minimisation of run-time failures.
</Message>
</Rule>

<Rule Name="21.1" Mode="required" Report="warning" Id="33">
<Loc File="C:\component\SF053A_HwAgVehCentrTrim_Impl\src\HwAgVehCentrTrim.c" Line="894" Column="49">
</Loc>
<Message>
Minimisation of run-time failures.
</Message>
</Rule>

<Rule Name="21.1" Mode="required" Report="warning" Id="34">
<Loc File="C:\component\SF053A_HwAgVehCentrTrim_Impl\src\HwAgVehCentrTrim.c" Line="897" Column="49">
</Loc>
<Message>
Minimisation of run-time failures.
</Message>
</Rule>

</CodeStruct>

</MISRA-C-Report>
