<?xml version="1.0" encoding="UTF-8"?>
<Navig version="1.0">
<Files>
<F id="1" n="C:\Program Files\MATLAB\R2013b\polyspace\verifier\cxx\cinclude\stdarg.h"/>
<F id="2" n="C:\Workspace\_EA4\_Components\GM_001A_ChkPt_Impl-kzdyfh\AR201A_ArCplrSuprt_Impl\include\ASR4.0.3\Platform_Types.h"/>
<F id="3" n="C:\Workspace\_EA4\_Components\GM_001A_ChkPt_Impl-kzdyfh\AR200A_ArSuprt_Impl\include\ASR4.0.3\Std_Types.h"/>
<F id="4" n="C:\Workspace\_EA4\_Components\GM_001A_ChkPt_Impl-kzdyfh\GM_001A_ChkPt_Impl\tools\contract\CDD_ChkPtAppl6\Rte_CDD_ChkPtAppl6.h"/>
<F id="5" n="C:\Workspace\_EA4\_Components\GM_001A_ChkPt_Impl-kzdyfh\GM_001A_ChkPt_Impl\src\CDD_ChkPtAppl6.c"/>
<F id="6" n="C-STUBS\__polyspace__stdstubs.c"/>
<F id="7" n="C:\Component\GM_001A_ChkPt_Impl\doc\Polyspace_Results\CodeProver\CDD_ChkPtAppl6\C-ALL\C-STUBS\pst_stub_types.h"/>
<F id="8" n="C-STUBS\pst_stubs_0.c"/>
<F id="9" n="C-STUBS\__polyspace_main.c"/>
<F id="10" n="C:\Program Files\MATLAB\R2013b\polyspace\verifier\cxx\cinclude\__polyspace__std_decls.h"/>
<F id="11" n="C:\Program Files\MATLAB\R2013b\polyspace\verifier\cxx\cinclude\assert.h"/>
<F id="12" n="C:\Program Files\MATLAB\R2013b\polyspace\verifier\cxx\cinclude\__polyspace__libc_defs.h"/>
<F id="13" n="C:\Workspace\_EA4\_Components\GM_001A_ChkPt_Impl-kzdyfh\GM_001A_ChkPt_Impl\tools\contract\CDD_ChkPtAppl6\Rte_CDD_ChkPtAppl6_Type.h"/>
<F id="14" n="C:\Workspace\_EA4\_Components\GM_001A_ChkPt_Impl-kzdyfh\GM_001A_ChkPt_Impl\tools\contract\CDD_ChkPtAppl6\Rte_Type.h"/>
<F id="15" n="C:\Workspace\_EA4\_Components\GM_001A_ChkPt_Impl-kzdyfh\GM_001A_ChkPt_Impl\tools\contract\CDD_ChkPtAppl6\Rte.h"/>
<F id="16" n="C:\Workspace\_EA4\_Components\GM_001A_ChkPt_Impl-kzdyfh\AR201A_ArCplrSuprt_Impl\include\ASR4.0.3\Compiler.h"/>
<F id="17" n="C:\Workspace\_EA4\_Components\GM_001A_ChkPt_Impl-kzdyfh\AR201A_ArCplrSuprt_Impl\tools\contract\Compiler_Cfg.h"/>
<F id="18" n="C:\Workspace\_EA4\_Components\GM_001A_ChkPt_Impl-kzdyfh\GM_001A_ChkPt_Impl\tools\contract\CDD_ChkPtAppl6\Rte_DataHandleType.h"/>
<F id="19" n="C:\Workspace\_EA4\_Components\GM_001A_ChkPt_Impl-kzdyfh\AR200A_ArSuprt_Impl\tools\contract\MemMap.h"/>
<F id="20" n="C:\Workspace\_EA4\_Components\GM_001A_ChkPt_Impl-kzdyfh\GM_001A_ChkPt_Impl\tools\contract\CDD_ChkPtAppl6\CDD_ChkPtAppl6_MemMap.h"/>
</Files>
<Definitions>
<D id="1" f="6" l="6869" c="14" n="_polyspace_compare_function_type" t="7" d="1"/>
<D id="2" f="6" l="11311" c="12" n="_polyspace_random_long_double" t="2" d="1"/>
<D id="3" f="6" l="11330" c="21" n="HUGE_VALF" t="1" d="1"/>
<D id="4" f="6" l="11331" c="21" n="HUGE_VALL" t="1" d="1"/>
<D id="5" f="6" l="11313" c="23" n="random" t="4" d="1"/>
<D id="6" f="6" l="11329" c="21" n="HUGE_VAL" t="1" d="1"/>
<D id="7" f="6" l="12173" c="16" n="__polyspace_absolute_address" t="1" d="1"/>
<D id="8" f="7" l="3" c="20" n="__PST__SINT8" t="7" d="1"/>
<D id="9" f="7" l="5" c="19" n="__PST__SINT32" t="7" d="1"/>
<D id="10" f="7" l="1" c="13" n="__PST__CHAR" t="7" d="1"/>
<D id="11" f="7" l="4" c="21" n="__PST__SINT16" t="7" d="1"/>
<D id="12" f="7" l="2" c="13" n="__PST__VOID" t="7" d="1"/>
<D id="13" f="7" l="7" c="22" n="__PST__UINT8" t="7" d="1"/>
<D id="14" f="7" l="9" c="21" n="__PST__UINT32" t="7" d="1"/>
<D id="15" f="9" l="42" c="5" n="main" t="2" d="1"/>
<D id="16" f="7" l="8" c="23" n="__PST__UINT16" t="7" d="1"/>
<D id="17" f="7" l="6" c="25" n="__PST__SINT64" t="7" d="1"/>
<D id="18" f="4" l="51" c="8" n="_dummy" t="9" d="1"/>
<D id="19" f="4" l="48" c="7" n="Rte_CDS_CDD_ChkPtAppl6" t="6" d="1"/>
<D id="20" f="7" l="20" c="20" n="__PST__g__22" t="7" d="1"/>
<D id="21" f="7" l="21" c="21" n="__PST__g__23" t="7" d="1"/>
<D id="22" f="7" l="12" c="21" n="__PST__g__11" t="7" d="1"/>
<D id="23" f="7" l="14" c="20" n="__PST__g__15" t="7" d="1"/>
<D id="24" f="3" l="141" c="2" n="Std_VersionInfoType" t="7" d="1"/>
<D id="25" f="8" l="25" c="20" n="pst_random_int" t="3" d="1"/>
<D id="26" f="5" l="101" c="5" n="ChkPt_10msAppl6End" t="2" d="1"/>
<D id="27" f="9" l="25" c="20" n="pst_random_int" t="3" d="1"/>
<D id="28" f="7" l="22" c="22" n="__PST__g__24" t="7" d="1"/>
<D id="29" f="7" l="11" c="14" n="__PST__FLOAT32" t="7" d="1"/>
<D id="30" f="7" l="24" c="21" n="__PST__g__31" t="7" d="1"/>
<D id="31" f="7" l="23" c="31" n="__PST__g__25" t="7" d="1"/>
<D id="32" f="7" l="25" c="30" n="__PST__g__32" t="7" d="1"/>
<D id="33" f="6" l="420" c="4" n="errno" t="1" d="1"/>
<D id="34" f="8" l="53" c="30" n="real_random_for_return" t="4" d="1"/>
<D id="35" f="6" l="44" c="21" n="size_t" t="7" d="1"/>
<D id="36" f="7" l="26" c="30" n="__PST__g__33" t="7" d="1"/>
<D id="37" f="8" l="54" c="21" n="random_for_return" t="4" d="1"/>
<D id="38" f="8" l="73" c="30" n="real_random_for_return" t="4" d="1"/>
<D id="39" f="7" l="16" c="22" n="__PST__g__18" t="7" d="1"/>
<D id="40" f="6" l="46" c="12" n="ptrdiff_t" t="7" d="1"/>
<D id="41" f="7" l="13" c="15" n="__PST__FLOAT64" t="7" d="1"/>
<D id="42" f="7" l="15" c="23" n="__PST__g__16" t="7" d="1"/>
<D id="43" f="7" l="19" c="30" n="__PST__g__20" t="7" d="1"/>
<D id="44" f="8" l="74" c="21" n="random_for_return" t="4" d="1"/>
<D id="45" f="8" l="93" c="30" n="real_random_for_return" t="4" d="1"/>
<D id="46" f="7" l="27" c="22" n="__PST__g__34" t="7" d="1"/>
<D id="47" f="1" l="45" c="14" n="__va_list" t="7" d="1"/>
<D id="48" f="7" l="18" c="22" n="__PST__g__21" t="7" d="1"/>
<D id="49" f="7" l="17" c="32" n="__PST__g__19" t="7" d="1"/>
<D id="50" f="8" l="94" c="21" n="random_for_return" t="4" d="1"/>
<D id="51" f="7" l="10" c="27" n="__PST__UINT64" t="7" d="1"/>
<D id="52" f="7" l="28" c="22" n="__PST__g__35" t="7" d="1"/>
<D id="53" f="8" l="46" c="13" n="Rte_Call_CDD_ChkPtAppl6_ChkPt_10ms_Appl6_End_CheckpointReached" t="2" d="1"/>
<D id="54" f="6" l="49" c="21" n="wchar_t" t="7" d="1"/>
<D id="55" f="7" l="29" c="31" n="__PST__g__36" t="7" d="1"/>
<D id="56" f="8" l="66" c="13" n="Rte_Call_CDD_ChkPtAppl6_ChkPt_10ms_Appl6_Strt_CheckpointReached" t="2" d="1"/>
<D id="57" f="8" l="125" c="5" n="__PST__MAIN__ENTRY__POINT__" t="2" d="1"/>
<D id="58" f="1" l="50" c="18" n="__gnuc_va_list" t="7" d="1"/>
<D id="59" f="8" l="86" c="13" n="Rte_Call_CDD_ChkPtAppl6_ChkPt_2ms_App6_End_CheckpointReached" t="2" d="1"/>
<D id="60" f="5" l="173" c="5" n="ChkPt_2msAppl6End" t="2" d="1"/>
<D id="61" f="5" l="137" c="5" n="ChkPt_10msAppl6Strt" t="2" d="1"/>
<D id="62" f="4" l="62" c="45" n="Rte_Instance" t="7" d="1"/>
<D id="63" f="5" l="209" c="5" n="ChkPt_2msAppl6Strt" t="2" d="1"/>
<D id="64" f="8" l="23" c="28" n="pst_random_char" t="3" d="1"/>
<D id="65" f="9" l="23" c="28" n="pst_random_char" t="3" d="1"/>
<D id="66" f="1" l="49" c="18" n="va_list" t="7" d="1"/>
<D id="67" f="3" l="140" c="10" n="sw_patch_version" t="9" d="1"/>
<D id="68" f="2" l="110" c="31" n="sint8" t="7" d="1"/>
<D id="69" f="2" l="120" c="31" n="uint16_least" t="7" d="1"/>
<D id="70" f="2" l="111" c="31" n="uint8" t="7" d="1"/>
<D id="71" f="2" l="121" c="31" n="sint32_least" t="7" d="1"/>
<D id="72" f="2" l="112" c="31" n="sint16" t="7" d="1"/>
<D id="73" f="8" l="113" c="30" n="real_random_for_return" t="4" d="1"/>
<D id="74" f="2" l="131" c="31" n="float32" t="7" d="1"/>
<D id="75" f="2" l="122" c="31" n="uint32_least" t="7" d="1"/>
<D id="76" f="2" l="113" c="31" n="uint16" t="7" d="1"/>
<D id="77" f="3" l="136" c="10" n="vendorID" t="9" d="1"/>
<D id="78" f="2" l="132" c="31" n="float64" t="7" d="1"/>
<D id="79" f="8" l="114" c="21" n="random_for_return" t="4" d="1"/>
<D id="80" f="2" l="114" c="31" n="sint32" t="7" d="1"/>
<D id="81" f="3" l="137" c="10" n="moduleID" t="9" d="1"/>
<D id="82" f="2" l="115" c="31" n="uint32" t="7" d="1"/>
<D id="83" f="3" l="138" c="10" n="sw_major_version" t="9" d="1"/>
<D id="84" f="3" l="132" c="14" n="Std_ReturnType" t="7" d="1"/>
<D id="85" f="3" l="125" c="22" n="StatusType" t="7" d="1"/>
<D id="86" f="3" l="139" c="10" n="sw_minor_version" t="9" d="1"/>
<D id="87" f="8" l="106" c="13" n="Rte_Call_CDD_ChkPtAppl6_ChkPt_2ms_Appl6_Strt_CheckpointReached" t="2" d="1"/>
<D id="88" f="2" l="117" c="31" n="sint8_least" t="7" d="1"/>
<D id="89" f="2" l="108" c="31" n="boolean" t="7" d="1"/>
<D id="90" f="2" l="118" c="31" n="uint8_least" t="7" d="1"/>
<D id="91" f="2" l="119" c="31" n="sint16_least" t="7" d="1"/>
<D id="92" f="6" l="470" c="23" n="_polyspace_random_ulong" t="5" d="1"/>
<D id="93" f="6" l="440" c="25" n="random" t="4" d="1"/>
<D id="94" f="6" l="454" c="13" n="_polyspace_random_int" t="5" d="1"/>
<D id="95" f="6" l="462" c="14" n="_polyspace_random_long" t="5" d="1"/>
<D id="96" f="6" l="3524" c="4" n="__polyspace_nb_varargs" t="1" d="1"/>
<D id="97" f="6" l="446" c="23" n="_polyspace_random_uchar" t="5" d="1"/>
<D id="98" f="6" l="438" c="14" n="_polyspace_random_char" t="5" d="1"/>
<D id="99" f="6" l="472" c="34" n="random" t="4" d="1"/>
<D id="100" f="6" l="456" c="24" n="random" t="4" d="1"/>
<D id="101" f="6" l="464" c="25" n="random" t="4" d="1"/>
<D id="102" f="6" l="3523" c="7" n="__polyspace_vararg" t="1" d="1"/>
<D id="103" f="6" l="448" c="34" n="random" t="4" d="1"/>
<D id="104" f="6" l="477" c="16" n="_polyspace_random_double" t="5" d="1"/>
<D id="105" f="6" l="479" c="27" n="random" t="4" d="1"/>
</Definitions>
<Uses>
<U id="1" f="6" l="11314" c="9" d="5" a="0"/>
<U id="2" f="4" l="71" c="0" d="84" a="0"/>
<U id="3" f="4" l="72" c="0" d="84" a="0"/>
<U id="4" f="4" l="51" c="2" d="70" a="0"/>
<U id="5" f="4" l="73" c="0" d="84" a="0"/>
<U id="6" f="4" l="74" c="0" d="84" a="0"/>
<U id="7" f="8" l="46" c="0" d="13" a="0"/>
<U id="8" f="8" l="66" c="0" d="13" a="0"/>
<U id="9" f="8" l="86" c="0" d="13" a="0"/>
<U id="10" f="7" l="20" c="8" d="12" a="0"/>
<U id="11" f="1" l="50" c="8" d="47" a="0"/>
<U id="12" f="7" l="21" c="8" d="13" a="0"/>
<U id="13" f="7" l="12" c="8" d="12" a="0"/>
<U id="14" f="7" l="22" c="8" d="21" a="0"/>
<U id="15" f="7" l="14" c="8" d="12" a="0"/>
<U id="16" f="7" l="24" c="8" d="8" a="0"/>
<U id="17" f="7" l="15" c="8" d="41" a="0"/>
<U id="18" f="7" l="16" c="8" d="22" a="0"/>
<U id="19" f="1" l="84" c="7" d="66" a="0"/>
<U id="20" f="8" l="54" c="8" d="13" a="0"/>
<U id="21" f="7" l="27" c="8" d="9" a="0"/>
<U id="22" f="7" l="18" c="8" d="8" a="0"/>
<U id="23" f="7" l="28" c="8" d="14" a="0"/>
<U id="24" f="8" l="74" c="8" d="13" a="0"/>
<U id="25" f="1" l="49" c="8" d="47" a="0"/>
<U id="26" f="8" l="94" c="8" d="13" a="0"/>
<U id="27" f="9" l="70" c="19" d="12" a="0"/>
<U id="28" f="8" l="106" c="0" d="13" a="0"/>
<U id="29" f="9" l="62" c="19" d="12" a="0"/>
<U id="30" f="3" l="140" c="3" d="70" a="0"/>
<U id="31" f="9" l="54" c="19" d="12" a="0"/>
<U id="32" f="9" l="60" c="12" d="27" a="0"/>
<U id="33" f="4" l="62" c="21" d="19" a="0"/>
<U id="34" f="9" l="52" c="12" d="27" a="0"/>
<U id="35" f="7" l="20" c="33" d="9" a="0"/>
<U id="36" f="9" l="80" c="12" d="63" a="0"/>
<U id="37" f="9" l="70" c="31" d="60" a="0"/>
<U id="38" f="9" l="46" c="11" d="27" a="0"/>
<U id="39" f="9" l="72" c="12" d="60" a="0"/>
<U id="40" f="1" l="84" c="39" d="66" a="0"/>
<U id="41" f="9" l="62" c="31" d="61" a="0"/>
<U id="42" f="9" l="64" c="12" d="61" a="0"/>
<U id="43" f="9" l="54" c="31" d="26" a="0"/>
<U id="44" f="9" l="78" c="19" d="12" a="0"/>
<U id="45" f="3" l="136" c="3" d="76" a="0"/>
<U id="46" f="9" l="56" c="12" d="26" a="0"/>
<U id="47" f="4" l="71" c="15" d="53" a="0"/>
<U id="48" f="8" l="54" c="41" d="34" a="0"/>
<U id="49" f="3" l="137" c="3" d="76" a="0"/>
<U id="50" f="4" l="72" c="15" d="56" a="0"/>
<U id="51" f="9" l="76" c="12" d="27" a="0"/>
<U id="52" f="8" l="23" c="16" d="10" a="0"/>
<U id="53" f="9" l="23" c="16" d="10" a="0"/>
<U id="54" f="8" l="74" c="41" d="38" a="0"/>
<U id="55" f="8" l="130" c="8" d="15" a="0"/>
<U id="56" f="3" l="138" c="3" d="70" a="0"/>
<U id="57" f="4" l="73" c="15" d="59" a="0"/>
<U id="58" f="9" l="68" c="12" d="27" a="0"/>
<U id="59" f="7" l="23" c="17" d="9" a="0"/>
<U id="60" f="4" l="74" c="15" d="87" a="0"/>
<U id="61" f="8" l="94" c="41" d="45" a="0"/>
<U id="62" f="3" l="132" c="8" d="70" a="0"/>
<U id="63" f="3" l="139" c="3" d="70" a="0"/>
<U id="64" f="8" l="55" c="15" d="37" a="0"/>
<U id="65" f="9" l="78" c="31" d="63" a="0"/>
<U id="66" f="7" l="25" c="17" d="8" a="0"/>
<U id="67" f="8" l="114" c="8" d="13" a="0"/>
<U id="68" f="8" l="53" c="17" d="13" a="0"/>
<U id="69" f="8" l="75" c="15" d="44" a="0"/>
<U id="70" f="7" l="26" c="17" d="13" a="0"/>
<U id="71" f="7" l="17" c="17" d="41" a="0"/>
<U id="72" f="8" l="73" c="17" d="13" a="0"/>
<U id="73" f="8" l="95" c="15" d="50" a="0"/>
<U id="74" f="7" l="19" c="17" d="48" a="0"/>
<U id="75" f="8" l="93" c="17" d="13" a="0"/>
<U id="76" f="7" l="29" c="17" d="14" a="0"/>
<U id="77" f="8" l="128" c="8" d="12" a="0"/>
<U id="78" f="6" l="441" c="11" d="93" a="0"/>
<U id="79" f="6" l="480" c="11" d="105" a="0"/>
<U id="80" f="8" l="114" c="41" d="73" a="0"/>
<U id="81" f="8" l="128" c="20" d="15" a="0"/>
<U id="82" f="6" l="473" c="11" d="99" a="0"/>
<U id="83" f="6" l="465" c="11" d="101" a="0"/>
<U id="84" f="5" l="181" c="14" d="59" a="0"/>
<U id="85" f="8" l="115" c="15" d="79" a="0"/>
<U id="86" f="6" l="457" c="11" d="100" a="0"/>
<U id="87" f="5" l="145" c="14" d="56" a="0"/>
<U id="88" f="5" l="217" c="14" d="87" a="0"/>
<U id="89" f="5" l="109" c="14" d="53" a="0"/>
<U id="90" f="8" l="113" c="17" d="13" a="0"/>
<U id="91" f="6" l="449" c="11" d="103" a="0"/>
</Uses>
<Blocks>
<B id="1" t="routine" f="5" l="101" c="5">
<BEGIN l="102" c="0"/>
<END l="114" c="0"/>
</B>
<B id="2" t="routine" f="5" l="137" c="5">
<BEGIN l="138" c="0"/>
<END l="150" c="0"/>
</B>
<B id="3" t="routine" f="5" l="173" c="5">
<BEGIN l="174" c="0"/>
<END l="186" c="0"/>
</B>
<B id="4" t="routine" f="5" l="209" c="5">
<BEGIN l="210" c="0"/>
<END l="222" c="0"/>
</B>
<B id="5" t="ppcif" f="10" l="15" c="0">
<BEGIN l="15" c="27"/>
<END l="330" c="0"/>
</B>
<B id="6" t="ppcif" f="10" l="25" c="0">
<BEGIN l="25" c="19"/>
<END l="155" c="0"/>
</B>
<B id="7" t="ppcrmif" f="10" l="46" c="0">
<BEGIN l="46" c="93"/>
<END l="91" c="0"/>
</B>
<B id="8" t="ppcrmif" f="10" l="94" c="0">
<BEGIN l="94" c="91"/>
<END l="153" c="0"/>
</B>
<B id="9" t="ppcrmelse" f="10" l="155" c="0">
<BEGIN l="155" c="35"/>
<END l="328" c="0"/>
</B>
<B id="10" t="ppcif" f="11" l="11" c="0">
<BEGIN l="11" c="27"/>
<END l="36" c="0"/>
</B>
<B id="11" t="ppcrmif" f="11" l="14" c="0">
<BEGIN l="14" c="19"/>
<END l="29" c="0"/>
</B>
<B id="12" t="ppcelse" f="11" l="29" c="0">
<BEGIN l="29" c="5"/>
<END l="33" c="0"/>
</B>
<B id="13" t="ppcif" f="1" l="22" c="0">
<BEGIN l="22" c="17"/>
<END l="109" c="0"/>
</B>
<B id="14" t="ppcrmif" f="1" l="39" c="0">
<BEGIN l="39" c="66"/>
<END l="43" c="0"/>
</B>
<B id="15" t="ppcelse" f="1" l="43" c="0">
<BEGIN l="43" c="60"/>
<END l="47" c="0"/>
</B>
<B id="16" t="ppcrmif" f="1" l="52" c="0">
<BEGIN l="52" c="18"/>
<END l="58" c="0"/>
</B>
<B id="17" t="ppcrmif" f="1" l="62" c="0">
<BEGIN l="62" c="33"/>
<END l="80" c="0"/>
</B>
<B id="18" t="ppcelse" f="1" l="80" c="0">
<BEGIN l="80" c="31"/>
<END l="93" c="0"/>
</B>
<B id="19" t="ppcrmif" f="1" l="96" c="0">
<BEGIN l="96" c="14"/>
<END l="106" c="0"/>
</B>
<B id="20" t="ppcif" f="12" l="3" c="0">
<BEGIN l="3" c="29"/>
<END l="348" c="0"/>
</B>
<B id="21" t="ppcif" f="12" l="61" c="0">
<BEGIN l="63" c="27"/>
<END l="66" c="0"/>
</B>
<B id="22" t="ppcrmif" f="12" l="165" c="0">
<BEGIN l="165" c="17"/>
<END l="206" c="0"/>
</B>
<B id="23" t="ppcrmif" f="12" l="209" c="0">
<BEGIN l="209" c="37"/>
<END l="211" c="0"/>
</B>
<B id="24" t="ppcrmif" f="12" l="213" c="0">
<BEGIN l="213" c="44"/>
<END l="321" c="0"/>
</B>
<B id="25" t="ppcif" f="12" l="323" c="0">
<BEGIN l="323" c="18"/>
<END l="346" c="0"/>
</B>
<B id="26" t="ppcrmif" f="12" l="326" c="0">
<BEGIN l="326" c="18"/>
<END l="328" c="0"/>
</B>
<B id="27" t="ppcrmif" f="12" l="329" c="0">
<BEGIN l="329" c="63"/>
<END l="331" c="0"/>
</B>
<B id="28" t="ppcrmif" f="12" l="332" c="0">
<BEGIN l="332" c="64"/>
<END l="334" c="0"/>
</B>
<B id="29" t="ppcrmif" f="12" l="335" c="0">
<BEGIN l="335" c="16"/>
<END l="340" c="0"/>
</B>
<B id="30" t="ppcif" f="12" l="343" c="0">
<BEGIN l="343" c="57"/>
<END l="345" c="0"/>
</B>
<B id="31" t="type" f="4" l="48" c="7">
<BEGIN l="48" c="28"/>
<END l="52" c="0"/>
</B>
<B id="32" t="ppcif" f="4" l="24" c="0">
<BEGIN l="24" c="29"/>
<END l="218" c="0"/>
</B>
<B id="33" t="ppcrmif" f="4" l="27" c="0">
<BEGIN l="27" c="35"/>
<END l="29" c="0"/>
</B>
<B id="34" t="ppcrmif" f="4" l="33" c="0">
<BEGIN l="33" c="19"/>
<END l="36" c="0"/>
</B>
<B id="35" t="ppcrmif" f="4" l="202" c="0">
<BEGIN l="202" c="19"/>
<END l="204" c="0"/>
</B>
<B id="36" t="ppcif" f="4" l="207" c="0">
<BEGIN l="207" c="26"/>
<END l="215" c="0"/>
</B>
<B id="37" t="ppcif" f="4" l="208" c="0">
<BEGIN l="208" c="25"/>
<END l="212" c="0"/>
</B>
<B id="38" t="ppcrmif" f="4" l="209" c="0">
<BEGIN l="209" c="37"/>
<END l="211" c="0"/>
</B>
<B id="39" t="ppcrmelse" f="4" l="212" c="0">
<BEGIN l="212" c="7"/>
<END l="214" c="0"/>
</B>
<B id="40" t="ppcif" f="13" l="24" c="0">
<BEGIN l="24" c="34"/>
<END l="51" c="0"/>
</B>
<B id="41" t="ppcrmif" f="13" l="27" c="0">
<BEGIN l="27" c="19"/>
<END l="30" c="0"/>
</B>
<B id="42" t="ppcrmif" f="13" l="35" c="0">
<BEGIN l="35" c="19"/>
<END l="37" c="0"/>
</B>
<B id="43" t="ppcif" f="13" l="40" c="0">
<BEGIN l="40" c="26"/>
<END l="48" c="0"/>
</B>
<B id="44" t="ppcif" f="13" l="41" c="0">
<BEGIN l="41" c="25"/>
<END l="45" c="0"/>
</B>
<B id="45" t="ppcrmif" f="13" l="42" c="0">
<BEGIN l="42" c="37"/>
<END l="44" c="0"/>
</B>
<B id="46" t="ppcrmelse" f="13" l="45" c="0">
<BEGIN l="45" c="7"/>
<END l="47" c="0"/>
</B>
<B id="47" t="ppcif" f="14" l="24" c="0">
<BEGIN l="24" c="19"/>
<END l="41" c="0"/>
</B>
<B id="48" t="ppcif" f="14" l="30" c="0">
<BEGIN l="30" c="26"/>
<END l="38" c="0"/>
</B>
<B id="49" t="ppcif" f="14" l="31" c="0">
<BEGIN l="31" c="25"/>
<END l="35" c="0"/>
</B>
<B id="50" t="ppcrmif" f="14" l="32" c="0">
<BEGIN l="32" c="37"/>
<END l="34" c="0"/>
</B>
<B id="51" t="ppcrmelse" f="14" l="35" c="0">
<BEGIN l="35" c="7"/>
<END l="37" c="0"/>
</B>
<B id="52" t="ppcif" f="15" l="25" c="0">
<BEGIN l="25" c="14"/>
<END l="95" c="0"/>
</B>
<B id="53" t="ppcrmif" f="15" l="41" c="0">
<BEGIN l="41" c="33"/>
<END l="43" c="0"/>
</B>
<B id="54" t="ppcrmif" f="15" l="45" c="0">
<BEGIN l="45" c="46"/>
<END l="47" c="0"/>
</B>
<B id="55" t="ppcrmif" f="15" l="49" c="0">
<BEGIN l="49" c="28"/>
<END l="51" c="0"/>
</B>
<B id="56" t="ppcif" f="15" l="84" c="0">
<BEGIN l="84" c="26"/>
<END l="92" c="0"/>
</B>
<B id="57" t="ppcrmif" f="15" l="85" c="0">
<BEGIN l="85" c="25"/>
<END l="89" c="0"/>
</B>
<B id="58" t="ppcelse" f="15" l="89" c="0">
<BEGIN l="89" c="7"/>
<END l="91" c="0"/>
</B>
<B id="59" t="type" f="3" l="135" c="0">
<BEGIN l="135" c="0"/>
<END l="141" c="0"/>
</B>
<B id="60" t="ppcif" f="3" l="56" c="0">
<BEGIN l="56" c="19"/>
<END l="154" c="0"/>
</B>
<B id="61" t="ppcif" f="3" l="122" c="0">
<BEGIN l="122" c="26"/>
<END l="126" c="0"/>
</B>
<B id="62" t="ppcif" f="2" l="45" c="0">
<BEGIN l="45" c="24"/>
<END l="146" c="0"/>
</B>
<B id="63" t="ppcif" f="2" l="84" c="0">
<BEGIN l="84" c="13"/>
<END l="86" c="0"/>
</B>
<B id="64" t="ppcif" f="2" l="88" c="0">
<BEGIN l="88" c="14"/>
<END l="90" c="0"/>
</B>
<B id="65" t="ppcrmif" f="2" l="124" c="0">
<BEGIN l="124" c="26"/>
<END l="130" c="0"/>
</B>
<B id="66" t="ppcelse" f="2" l="130" c="0">
<BEGIN l="130" c="6"/>
<END l="133" c="0"/>
</B>
<B id="67" t="ppcif" f="16" l="47" c="0">
<BEGIN l="47" c="18"/>
<END l="219" c="0"/>
</B>
<B id="68" t="ppcif" f="16" l="95" c="0">
<BEGIN l="95" c="17"/>
<END l="97" c="0"/>
</B>
<B id="69" t="ppcif" f="17" l="19" c="0">
<BEGIN l="19" c="22"/>
<END l="23" c="0"/>
</B>
<B id="70" t="ppcif" f="18" l="24" c="0">
<BEGIN l="24" c="31"/>
<END l="39" c="0"/>
</B>
<B id="71" t="ppcif" f="18" l="28" c="0">
<BEGIN l="28" c="26"/>
<END l="36" c="0"/>
</B>
<B id="72" t="ppcif" f="18" l="29" c="0">
<BEGIN l="29" c="25"/>
<END l="33" c="0"/>
</B>
<B id="73" t="ppcrmif" f="18" l="30" c="0">
<BEGIN l="30" c="37"/>
<END l="32" c="0"/>
</B>
<B id="74" t="ppcrmelse" f="18" l="33" c="0">
<BEGIN l="33" c="7"/>
<END l="35" c="0"/>
</B>
<B id="75" t="ppcif" f="19" l="19" c="0">
<BEGIN l="19" c="16"/>
<END l="24" c="0"/>
</B>
<B id="76" t="ppcif" f="20" l="53" c="0">
<BEGIN l="53" c="36"/>
<END l="57" c="0"/>
</B>
<B id="77" t="ppcrmif" f="20" l="67" c="0">
<BEGIN l="67" c="49"/>
<END l="71" c="0"/>
</B>
<B id="78" t="ppcrmif" f="20" l="81" c="0">
<BEGIN l="81" c="54"/>
<END l="85" c="0"/>
</B>
<B id="79" t="ppcrmif" f="20" l="95" c="0">
<BEGIN l="95" c="52"/>
<END l="99" c="0"/>
</B>
<B id="80" t="ppcrmif" f="20" l="109" c="0">
<BEGIN l="109" c="57"/>
<END l="113" c="0"/>
</B>
<B id="81" t="ppcif" f="20" l="125" c="0">
<BEGIN l="125" c="35"/>
<END l="129" c="0"/>
</B>
<B id="82" t="ppcrmif" f="20" l="139" c="0">
<BEGIN l="139" c="48"/>
<END l="143" c="0"/>
</B>
<B id="83" t="ppcrmif" f="20" l="153" c="0">
<BEGIN l="153" c="53"/>
<END l="157" c="0"/>
</B>
<B id="84" t="ppcrmif" f="20" l="167" c="0">
<BEGIN l="167" c="51"/>
<END l="171" c="0"/>
</B>
<B id="85" t="ppcrmif" f="20" l="181" c="0">
<BEGIN l="181" c="56"/>
<END l="185" c="0"/>
</B>
<B id="86" t="ppcif" f="20" l="201" c="0">
<BEGIN l="201" c="25"/>
<END l="209" c="0"/>
</B>
<B id="87" t="ppcif" f="20" l="202" c="0">
<BEGIN l="202" c="24"/>
<END l="206" c="0"/>
</B>
<B id="88" t="ppcrmif" f="20" l="203" c="0">
<BEGIN l="203" c="36"/>
<END l="205" c="0"/>
</B>
<B id="89" t="ppcrmelse" f="20" l="206" c="0">
<BEGIN l="206" c="6"/>
<END l="208" c="0"/>
</B>
</Blocks>
</Navig>
