<?xml version="1.0" encoding="UTF-8"?>
<MISRA-C-Report-Summary>
<File Mode="advisory" Error="0" Warning="1" Total="1">
<Name>
C:\Component\CM320A_Adc1CfgAndUse_Impl\src\CDD_Adc1CfgAndUse.c</Name>
</File>
<File Mode="required" Error="0" Warning="4" Total="4">
<Name>
C:\Component\CM320A_Adc1CfgAndUse_Impl\src\CDD_Adc1CfgAndUse.c</Name>
</File>
<Rule Name="8.10" Count="4" Mode="required" Severity="warning">
<Message>
</Message>
</Rule>
<Rule Name="19.1" Count="1" Mode="advisory" Severity="warning">
<Message>
#include statements in a file shall only be preceded by other preprocessor directives or comments.</Message>
</Rule>
</MISRA-C-Report-Summary>
