<?xml version="1.0" encoding="UTF-8"?>
<MISRA-C-Report-Summary>
<File Mode="advisory" Error="0" Warning="5" Total="5">
<Name>
C:\Component\CM101A_ExcpnHndlg_Impl\src\CDD_ExcpnHndlg.c</Name>
</File>
<File Mode="required" Error="0" Warning="3" Total="3">
<Name>
C:\Component\CM101A_ExcpnHndlg_Impl\src\CDD_ExcpnHndlg.c</Name>
</File>
<File Mode="advisory" Error="0" Warning="1" Total="1">
<Name>
C:\Component\CM101A_ExcpnHndlg_Impl\src\CDD_ExcpnHndlgIrq.c</Name>
</File>
<File Mode="required" Error="0" Warning="20" Total="20">
<Name>
C:\Component\CM101A_ExcpnHndlg_Impl\src\CDD_ExcpnHndlgIrq.c</Name>
</File>
<File Mode="advisory" Error="0" Warning="1" Total="1">
<Name>
C:\Component\CM101A_ExcpnHndlg_Impl\src\CDD_ExcpnHndlgNonRte.c</Name>
</File>
<File Mode="required" Error="0" Warning="23" Total="23">
<Name>
C:\Component\CM101A_ExcpnHndlg_Impl\src\CDD_ExcpnHndlgNonRte.c</Name>
</File>
<Rule Name="8.10" Count="30" Mode="required" Severity="warning">
<Message>
</Message>
</Rule>
<Rule Name="2.1" Count="12" Mode="required" Severity="warning">
<Message>
Assembly language shall be encapsulated and isolated.</Message>
</Rule>
<Rule Name="19.1" Count="7" Mode="advisory" Severity="warning">
<Message>
#include statements in a file shall only be preceded by other preprocessor directives or comments.</Message>
</Rule>
<Rule Name="3.4" Count="4" Mode="required" Severity="warning">
<Message>
All uses of the #pragma directive shall be documented and explained.</Message>
</Rule>
</MISRA-C-Report-Summary>
