<?xml version="1.0" encoding="UTF-8"?>
<Navig version="1.0">
<Files>
<F id="1" n="C:\Program Files\MATLAB\R2013b\polyspace\verifier\cxx\cinclude\stdarg.h"/>
<F id="2" n="C:\Component\AR201A_ArCplrSuprt_Impl\include\ASR4.0.3\Platform_Types.h"/>
<F id="3" n="C:\Component\AR200A_ArSuprt_Impl\include\ASR4.0.3\Std_Types.h"/>
<F id="4" n="C:\Component\AR103A_NxtrFixdPt_Impl\include\NxtrFixdPt.h"/>
<F id="5" n="C:\Component\AR103A_NxtrFixdPt_Impl\tools\contract\NxtrFixdPt_TestHarness.c"/>
<F id="6" n="C-STUBS\__polyspace__stdstubs.c"/>
<F id="7" n="C:\Program Files\MATLAB\R2013b\polyspace\verifier\cxx\cinclude\__polyspace__std_decls.h"/>
<F id="8" n="C:\Program Files\MATLAB\R2013b\polyspace\verifier\cxx\cinclude\assert.h"/>
<F id="9" n="C:\Program Files\MATLAB\R2013b\polyspace\verifier\cxx\cinclude\__polyspace__libc_defs.h"/>
<F id="10" n="C:\Component\AR201A_ArCplrSuprt_Impl\include\ASR4.0.3\Compiler.h"/>
<F id="11" n="C:\Component\AR201A_ArCplrSuprt_Impl\tools\contract\Compiler_Cfg.h"/>
<F id="12" n="C:\Component\AR103A_NxtrFixdPt_Impl\tools\contract\NxtrFixdPt_TestHarness.h"/>
</Files>
<Definitions>
<D id="1" f="6" l="6829" c="14" n="_polyspace_compare_function_type" t="7" d="1"/>
<D id="2" f="6" l="11271" c="12" n="_polyspace_random_long_double" t="2" d="1"/>
<D id="3" f="6" l="11290" c="21" n="HUGE_VALF" t="1" d="1"/>
<D id="4" f="6" l="11291" c="21" n="HUGE_VALL" t="1" d="1"/>
<D id="5" f="6" l="12133" c="16" n="__polyspace_absolute_address" t="1" d="1"/>
<D id="6" f="6" l="11273" c="23" n="random" t="4" d="1"/>
<D id="7" f="6" l="11289" c="21" n="HUGE_VAL" t="1" d="1"/>
<D id="8" f="5" l="9" c="7" n="Test_FloatToFixdWithRound_s16_f32" t="2" d="1"/>
<D id="9" f="6" l="4" c="21" n="size_t" t="7" d="1"/>
<D id="10" f="6" l="6" c="12" n="ptrdiff_t" t="7" d="1"/>
<D id="11" f="6" l="9" c="21" n="wchar_t" t="7" d="1"/>
<D id="12" f="5" l="9" c="49" n="Inp1" t="4" d="1"/>
<D id="13" f="5" l="30" c="7" n="Test_FloatToFixd_s32_f32" t="2" d="1"/>
<D id="14" f="5" l="21" c="7" n="Test_FloatToFixdWithRound_u32_f32" t="2" d="1"/>
<D id="15" f="5" l="13" c="7" n="Test_FloatToFixdWithRound_s32_f32" t="2" d="1"/>
<D id="16" f="5" l="34" c="7" n="Test_FloatToFixd_u16_f32" t="2" d="1"/>
<D id="17" f="5" l="51" c="8" n="Test_FixdToFloat_f32_u16" t="2" d="1"/>
<D id="18" f="5" l="26" c="7" n="Test_FloatToFixd_s16_f32" t="2" d="1"/>
<D id="19" f="5" l="43" c="8" n="Test_FixdToFloat_f32_s16" t="2" d="1"/>
<D id="20" f="5" l="17" c="7" n="Test_FloatToFixdWithRound_u16_f32" t="2" d="1"/>
<D id="21" f="5" l="9" c="63" n="Mpl1" t="4" d="1"/>
<D id="22" f="5" l="38" c="7" n="Test_FloatToFixd_u32_f32" t="2" d="1"/>
<D id="23" f="5" l="55" c="8" n="Test_FixdToFloat_f32_u32" t="2" d="1"/>
<D id="24" f="5" l="47" c="8" n="Test_FixdToFloat_f32_s32" t="2" d="1"/>
<D id="25" f="5" l="21" c="49" n="Inp1" t="4" d="1"/>
<D id="26" f="5" l="30" c="40" n="Inp1" t="4" d="1"/>
<D id="27" f="3" l="141" c="2" n="Std_VersionInfoType" t="7" d="1"/>
<D id="28" f="5" l="13" c="49" n="Inp1" t="4" d="1"/>
<D id="29" f="5" l="51" c="40" n="Inp1" t="4" d="1"/>
<D id="30" f="5" l="43" c="40" n="Inp1" t="4" d="1"/>
<D id="31" f="5" l="34" c="40" n="Inp1" t="4" d="1"/>
<D id="32" f="5" l="17" c="49" n="Inp1" t="4" d="1"/>
<D id="33" f="5" l="26" c="40" n="Inp1" t="4" d="1"/>
<D id="34" f="5" l="55" c="40" n="Inp1" t="4" d="1"/>
<D id="35" f="1" l="45" c="14" n="__va_list" t="7" d="1"/>
<D id="36" f="5" l="47" c="40" n="Inp1" t="4" d="1"/>
<D id="37" f="5" l="38" c="40" n="Inp1" t="4" d="1"/>
<D id="38" f="5" l="21" c="63" n="Mpl1" t="4" d="1"/>
<D id="39" f="5" l="30" c="54" n="Mpl1" t="4" d="1"/>
<D id="40" f="6" l="380" c="4" n="errno" t="1" d="1"/>
<D id="41" f="5" l="13" c="63" n="Mpl1" t="4" d="1"/>
<D id="42" f="1" l="50" c="18" n="__gnuc_va_list" t="7" d="1"/>
<D id="43" f="5" l="51" c="54" n="Mpl1" t="4" d="1"/>
<D id="44" f="5" l="43" c="54" n="Mpl1" t="4" d="1"/>
<D id="45" f="5" l="34" c="54" n="Mpl1" t="4" d="1"/>
<D id="46" f="5" l="17" c="63" n="Mpl1" t="4" d="1"/>
<D id="47" f="5" l="26" c="54" n="Mpl1" t="4" d="1"/>
<D id="48" f="5" l="55" c="54" n="Mpl1" t="4" d="1"/>
<D id="49" f="5" l="47" c="54" n="Mpl1" t="4" d="1"/>
<D id="50" f="5" l="38" c="54" n="Mpl1" t="4" d="1"/>
<D id="51" f="1" l="49" c="18" n="va_list" t="7" d="1"/>
<D id="52" f="3" l="140" c="10" n="sw_patch_version" t="9" d="1"/>
<D id="53" f="2" l="110" c="31" n="sint8" t="7" d="1"/>
<D id="54" f="2" l="120" c="31" n="uint8_least" t="7" d="1"/>
<D id="55" f="2" l="111" c="31" n="uint8" t="7" d="1"/>
<D id="56" f="2" l="121" c="31" n="sint16_least" t="7" d="1"/>
<D id="57" f="2" l="112" c="31" n="sint16" t="7" d="1"/>
<D id="58" f="2" l="116" c="29" n="sint64" t="7" d="1"/>
<D id="59" f="2" l="122" c="31" n="uint16_least" t="7" d="1"/>
<D id="60" f="2" l="113" c="31" n="uint16" t="7" d="1"/>
<D id="61" f="3" l="136" c="10" n="vendorID" t="9" d="1"/>
<D id="62" f="2" l="117" c="29" n="uint64" t="7" d="1"/>
<D id="63" f="2" l="123" c="31" n="sint32_least" t="7" d="1"/>
<D id="64" f="2" l="114" c="31" n="sint32" t="7" d="1"/>
<D id="65" f="3" l="137" c="10" n="moduleID" t="9" d="1"/>
<D id="66" f="2" l="133" c="31" n="float32" t="7" d="1"/>
<D id="67" f="2" l="124" c="31" n="uint32_least" t="7" d="1"/>
<D id="68" f="2" l="115" c="31" n="uint32" t="7" d="1"/>
<D id="69" f="3" l="138" c="10" n="sw_major_version" t="9" d="1"/>
<D id="70" f="2" l="134" c="31" n="float64" t="7" d="1"/>
<D id="71" f="3" l="132" c="14" n="Std_ReturnType" t="7" d="1"/>
<D id="72" f="6" l="430" c="23" n="_polyspace_random_ulong" t="5" d="1"/>
<D id="73" f="3" l="125" c="22" n="StatusType" t="7" d="1"/>
<D id="74" f="3" l="139" c="10" n="sw_minor_version" t="9" d="1"/>
<D id="75" f="6" l="400" c="25" n="random" t="4" d="1"/>
<D id="76" f="6" l="414" c="13" n="_polyspace_random_int" t="5" d="1"/>
<D id="77" f="2" l="108" c="31" n="boolean" t="7" d="1"/>
<D id="78" f="6" l="422" c="14" n="_polyspace_random_long" t="5" d="1"/>
<D id="79" f="2" l="119" c="31" n="sint8_least" t="7" d="1"/>
<D id="80" f="4" l="204" c="16" n="FloatToFixdWithRound_s32_f32" t="2" d="1"/>
<D id="81" f="6" l="406" c="23" n="_polyspace_random_uchar" t="5" d="1"/>
<D id="82" f="4" l="232" c="16" n="FloatToFixdWithRound_u32_f32" t="2" d="1"/>
<D id="83" f="4" l="303" c="44" n="Inp" t="4" d="1"/>
<D id="84" f="4" l="204" c="53" n="Inp" t="4" d="1"/>
<D id="85" f="4" l="331" c="44" n="Inp" t="4" d="1"/>
<D id="86" f="4" l="303" c="17" n="FixdToFloat_f32_s16" t="2" d="1"/>
<D id="87" f="4" l="232" c="53" n="Inp" t="4" d="1"/>
<D id="88" f="6" l="432" c="34" n="random" t="4" d="1"/>
<D id="89" f="4" l="331" c="17" n="FixdToFloat_f32_u16" t="2" d="1"/>
<D id="90" f="4" l="261" c="16" n="FloatToFixd_s32_f32" t="2" d="1"/>
<D id="91" f="6" l="416" c="24" n="random" t="4" d="1"/>
<D id="92" f="4" l="190" c="16" n="FloatToFixdWithRound_s16_f32" t="2" d="1"/>
<D id="93" f="4" l="261" c="44" n="Inp" t="4" d="1"/>
<D id="94" f="6" l="424" c="25" n="random" t="4" d="1"/>
<D id="95" f="4" l="190" c="53" n="Inp" t="4" d="1"/>
<D id="96" f="4" l="218" c="16" n="FloatToFixdWithRound_u16_f32" t="2" d="1"/>
<D id="97" f="6" l="408" c="34" n="random" t="4" d="1"/>
<D id="98" f="4" l="317" c="44" n="Inp" t="4" d="1"/>
<D id="99" f="4" l="218" c="53" n="Inp" t="4" d="1"/>
<D id="100" f="4" l="345" c="44" n="Inp" t="4" d="1"/>
<D id="101" f="4" l="317" c="17" n="FixdToFloat_f32_s32" t="2" d="1"/>
<D id="102" f="4" l="247" c="16" n="FloatToFixd_s16_f32" t="2" d="1"/>
<D id="103" f="4" l="345" c="17" n="FixdToFloat_f32_u32" t="2" d="1"/>
<D id="104" f="4" l="275" c="16" n="FloatToFixd_u16_f32" t="2" d="1"/>
<D id="105" f="4" l="303" c="57" n="Mplr" t="4" d="1"/>
<D id="106" f="6" l="437" c="16" n="_polyspace_random_double" t="5" d="1"/>
<D id="107" f="4" l="204" c="66" n="Mplr" t="4" d="1"/>
<D id="108" f="4" l="247" c="44" n="Inp" t="4" d="1"/>
<D id="109" f="4" l="331" c="57" n="Mplr" t="4" d="1"/>
<D id="110" f="4" l="232" c="66" n="Mplr" t="4" d="1"/>
<D id="111" f="4" l="275" c="44" n="Inp" t="4" d="1"/>
<D id="112" f="6" l="3484" c="4" n="__polyspace_nb_varargs" t="1" d="1"/>
<D id="113" f="6" l="398" c="14" n="_polyspace_random_char" t="5" d="1"/>
<D id="114" f="4" l="261" c="57" n="Mplr" t="4" d="1"/>
<D id="115" f="4" l="190" c="66" n="Mplr" t="4" d="1"/>
<D id="116" f="4" l="289" c="16" n="FloatToFixd_u32_f32" t="2" d="1"/>
<D id="117" f="6" l="3483" c="7" n="__polyspace_vararg" t="1" d="1"/>
<D id="118" f="4" l="317" c="57" n="Mplr" t="4" d="1"/>
<D id="119" f="4" l="218" c="66" n="Mplr" t="4" d="1"/>
<D id="120" f="6" l="439" c="27" n="random" t="4" d="1"/>
<D id="121" f="4" l="345" c="57" n="Mplr" t="4" d="1"/>
<D id="122" f="4" l="289" c="44" n="Inp" t="4" d="1"/>
<D id="123" f="4" l="247" c="57" n="Mplr" t="4" d="1"/>
<D id="124" f="4" l="275" c="57" n="Mplr" t="4" d="1"/>
<D id="125" f="4" l="289" c="57" n="Mplr" t="4" d="1"/>
</Definitions>
<Uses>
<U id="1" f="4" l="192" c="111" d="115" a="0"/>
<U id="2" f="4" l="192" c="105" d="95" a="0"/>
<U id="3" f="6" l="11274" c="9" d="6" a="0"/>
<U id="4" f="5" l="9" c="0" d="57" a="0"/>
<U id="5" f="5" l="30" c="0" d="64" a="0"/>
<U id="6" f="5" l="21" c="0" d="68" a="0"/>
<U id="7" f="5" l="13" c="0" d="64" a="0"/>
<U id="8" f="5" l="51" c="0" d="66" a="0"/>
<U id="9" f="5" l="43" c="0" d="66" a="0"/>
<U id="10" f="5" l="34" c="0" d="60" a="0"/>
<U id="11" f="5" l="26" c="0" d="57" a="0"/>
<U id="12" f="5" l="17" c="0" d="60" a="0"/>
<U id="13" f="5" l="55" c="0" d="66" a="0"/>
<U id="14" f="5" l="47" c="0" d="66" a="0"/>
<U id="15" f="5" l="38" c="0" d="68" a="0"/>
<U id="16" f="5" l="9" c="41" d="66" a="0"/>
<U id="17" f="1" l="50" c="8" d="35" a="0"/>
<U id="18" f="1" l="84" c="7" d="51" a="0"/>
<U id="19" f="5" l="9" c="55" d="66" a="0"/>
<U id="20" f="1" l="49" c="8" d="35" a="0"/>
<U id="21" f="3" l="140" c="3" d="55" a="0"/>
<U id="22" f="5" l="21" c="41" d="66" a="0"/>
<U id="23" f="5" l="30" c="32" d="66" a="0"/>
<U id="24" f="5" l="23" c="31" d="82" a="0"/>
<U id="25" f="5" l="13" c="41" d="66" a="0"/>
<U id="26" f="5" l="11" c="24" d="92" a="0"/>
<U id="27" f="5" l="15" c="31" d="80" a="0"/>
<U id="28" f="5" l="11" c="61" d="21" a="0"/>
<U id="29" f="1" l="84" c="39" d="51" a="0"/>
<U id="30" f="5" l="28" c="39" d="33" a="0"/>
<U id="31" f="5" l="34" c="32" d="66" a="0"/>
<U id="32" f="5" l="51" c="33" d="60" a="0"/>
<U id="33" f="5" l="40" c="16" d="116" a="0"/>
<U id="34" f="5" l="23" c="61" d="25" a="0"/>
<U id="35" f="3" l="136" c="3" d="60" a="0"/>
<U id="36" f="5" l="17" c="41" d="66" a="0"/>
<U id="37" f="5" l="26" c="32" d="66" a="0"/>
<U id="38" f="5" l="43" c="33" d="57" a="0"/>
<U id="39" f="5" l="19" c="31" d="96" a="0"/>
<U id="40" f="5" l="40" c="44" d="50" a="0"/>
<U id="41" f="5" l="11" c="54" d="12" a="0"/>
<U id="42" f="5" l="32" c="16" d="90" a="0"/>
<U id="43" f="5" l="15" c="61" d="28" a="0"/>
<U id="44" f="3" l="137" c="3" d="60" a="0"/>
<U id="45" f="5" l="32" c="44" d="39" a="0"/>
<U id="46" f="3" l="138" c="3" d="55" a="0"/>
<U id="47" f="5" l="38" c="32" d="66" a="0"/>
<U id="48" f="5" l="45" c="15" d="86" a="0"/>
<U id="49" f="5" l="55" c="33" d="68" a="0"/>
<U id="50" f="5" l="21" c="55" d="66" a="0"/>
<U id="51" f="5" l="30" c="46" d="66" a="0"/>
<U id="52" f="3" l="132" c="8" d="55" a="0"/>
<U id="53" f="3" l="139" c="3" d="55" a="0"/>
<U id="54" f="5" l="45" c="43" d="44" a="0"/>
<U id="55" f="5" l="47" c="33" d="64" a="0"/>
<U id="56" f="5" l="40" c="37" d="37" a="0"/>
<U id="57" f="5" l="13" c="55" d="66" a="0"/>
<U id="58" f="5" l="36" c="16" d="104" a="0"/>
<U id="59" f="5" l="19" c="61" d="32" a="0"/>
<U id="60" f="5" l="53" c="17" d="89" a="0"/>
<U id="61" f="5" l="32" c="37" d="26" a="0"/>
<U id="62" f="5" l="51" c="46" d="66" a="0"/>
<U id="63" f="5" l="36" c="44" d="45" a="0"/>
<U id="64" f="5" l="53" c="45" d="43" a="0"/>
<U id="65" f="5" l="43" c="46" d="66" a="0"/>
<U id="66" f="5" l="34" c="46" d="66" a="0"/>
<U id="67" f="5" l="57" c="16" d="103" a="0"/>
<U id="68" f="5" l="45" c="36" d="30" a="0"/>
<U id="69" f="5" l="57" c="44" d="48" a="0"/>
<U id="70" f="5" l="17" c="55" d="66" a="0"/>
<U id="71" f="5" l="26" c="46" d="66" a="0"/>
<U id="72" f="5" l="49" c="16" d="101" a="0"/>
<U id="73" f="5" l="28" c="18" d="102" a="0"/>
<U id="74" f="5" l="36" c="37" d="31" a="0"/>
<U id="75" f="5" l="49" c="44" d="49" a="0"/>
<U id="76" f="5" l="55" c="46" d="66" a="0"/>
<U id="77" f="5" l="53" c="38" d="29" a="0"/>
<U id="78" f="5" l="28" c="46" d="47" a="0"/>
<U id="79" f="5" l="47" c="46" d="66" a="0"/>
<U id="80" f="5" l="38" c="46" d="66" a="0"/>
<U id="81" f="5" l="23" c="68" d="38" a="0"/>
<U id="82" f="5" l="57" c="37" d="34" a="0"/>
<U id="83" f="5" l="15" c="68" d="41" a="0"/>
<U id="84" f="5" l="49" c="37" d="36" a="0"/>
<U id="85" f="5" l="19" c="68" d="46" a="0"/>
<U id="86" f="4" l="220" c="10" d="60" a="0"/>
<U id="87" f="4" l="303" c="9" d="66" a="0"/>
<U id="88" f="4" l="204" c="9" d="64" a="0"/>
<U id="89" f="4" l="331" c="9" d="66" a="0"/>
<U id="90" f="4" l="232" c="9" d="68" a="0"/>
<U id="91" f="6" l="401" c="11" d="75" a="0"/>
<U id="92" f="4" l="261" c="9" d="64" a="0"/>
<U id="93" f="4" l="190" c="9" d="57" a="0"/>
<U id="94" f="4" l="305" c="10" d="66" a="0"/>
<U id="95" f="4" l="333" c="10" d="66" a="0"/>
<U id="96" f="6" l="440" c="11" d="120" a="0"/>
<U id="97" f="4" l="234" c="10" d="68" a="0"/>
<U id="98" f="4" l="317" c="9" d="66" a="0"/>
<U id="99" f="4" l="305" c="29" d="83" a="0"/>
<U id="100" f="4" l="305" c="20" d="66" a="0"/>
<U id="101" f="4" l="218" c="9" d="60" a="0"/>
<U id="102" f="4" l="345" c="9" d="66" a="0"/>
<U id="103" f="4" l="333" c="29" d="85" a="0"/>
<U id="104" f="4" l="333" c="20" d="66" a="0"/>
<U id="105" f="4" l="303" c="49" d="66" a="0"/>
<U id="106" f="4" l="234" c="29" d="87" a="0"/>
<U id="107" f="4" l="263" c="10" d="64" a="0"/>
<U id="108" f="4" l="331" c="49" d="66" a="0"/>
<U id="109" f="4" l="291" c="10" d="68" a="0"/>
<U id="110" f="6" l="433" c="11" d="88" a="0"/>
<U id="111" f="4" l="247" c="9" d="57" a="0"/>
<U id="112" f="4" l="275" c="9" d="60" a="0"/>
<U id="113" f="4" l="291" c="29" d="122" a="0"/>
<U id="114" f="6" l="425" c="11" d="94" a="0"/>
<U id="115" f="4" l="261" c="49" d="66" a="0"/>
<U id="116" f="4" l="319" c="10" d="66" a="0"/>
<U id="117" f="4" l="220" c="43" d="119" a="0"/>
<U id="118" f="4" l="206" c="13" d="84" a="0"/>
<U id="119" f="4" l="347" c="10" d="66" a="0"/>
<U id="120" f="6" l="417" c="11" d="91" a="0"/>
<U id="121" f="4" l="319" c="29" d="98" a="0"/>
<U id="122" f="4" l="319" c="20" d="66" a="0"/>
<U id="123" f="4" l="347" c="29" d="100" a="0"/>
<U id="124" f="6" l="409" c="11" d="97" a="0"/>
<U id="125" f="4" l="249" c="10" d="57" a="0"/>
<U id="126" f="4" l="347" c="20" d="66" a="0"/>
<U id="127" f="4" l="317" c="49" d="66" a="0"/>
<U id="128" f="4" l="220" c="26" d="66" a="0"/>
<U id="129" f="4" l="277" c="10" d="60" a="0"/>
<U id="130" f="4" l="345" c="49" d="66" a="0"/>
<U id="131" f="4" l="192" c="13" d="95" a="0"/>
<U id="132" f="4" l="289" c="9" d="68" a="0"/>
<U id="133" f="4" l="247" c="49" d="66" a="0"/>
<U id="134" f="4" l="206" c="70" d="64" a="0"/>
<U id="135" f="4" l="220" c="18" d="68" a="0"/>
<U id="136" f="4" l="275" c="49" d="66" a="0"/>
<U id="137" f="4" l="206" c="89" d="84" a="0"/>
<U id="138" f="4" l="220" c="37" d="99" a="0"/>
<U id="139" f="4" l="204" c="45" d="66" a="0"/>
<U id="140" f="4" l="206" c="53" d="107" a="0"/>
<U id="141" f="4" l="305" c="35" d="105" a="0"/>
<U id="142" f="4" l="232" c="45" d="66" a="0"/>
<U id="143" f="4" l="333" c="35" d="109" a="0"/>
<U id="144" f="4" l="263" c="34" d="114" a="0"/>
<U id="145" f="4" l="192" c="61" d="115" a="0"/>
<U id="146" f="4" l="234" c="35" d="110" a="0"/>
<U id="147" f="4" l="303" c="37" d="57" a="0"/>
<U id="148" f="4" l="331" c="37" d="60" a="0"/>
<U id="149" f="4" l="261" c="36" d="66" a="0"/>
<U id="150" f="4" l="206" c="36" d="66" a="0"/>
<U id="151" f="4" l="190" c="45" d="66" a="0"/>
<U id="152" f="4" l="291" c="35" d="125" a="0"/>
<U id="153" f="4" l="192" c="44" d="66" a="0"/>
<U id="154" f="4" l="234" c="18" d="66" a="0"/>
<U id="155" f="4" l="289" c="49" d="66" a="0"/>
<U id="156" f="4" l="249" c="42" d="123" a="0"/>
<U id="157" f="4" l="277" c="42" d="124" a="0"/>
<U id="158" f="4" l="206" c="28" d="64" a="0"/>
<U id="159" f="4" l="263" c="18" d="66" a="0"/>
<U id="160" f="4" l="218" c="45" d="66" a="0"/>
<U id="161" f="4" l="192" c="36" d="64" a="0"/>
<U id="162" f="4" l="291" c="18" d="66" a="0"/>
<U id="163" f="4" l="319" c="35" d="118" a="0"/>
<U id="164" f="4" l="206" c="47" d="84" a="0"/>
<U id="165" f="4" l="347" c="35" d="121" a="0"/>
<U id="166" f="4" l="263" c="28" d="93" a="0"/>
<U id="167" f="4" l="192" c="55" d="95" a="0"/>
<U id="168" f="4" l="204" c="58" d="66" a="0"/>
<U id="169" f="4" l="317" c="37" d="64" a="0"/>
<U id="170" f="4" l="247" c="36" d="66" a="0"/>
<U id="171" f="4" l="232" c="58" d="66" a="0"/>
<U id="172" f="4" l="345" c="37" d="68" a="0"/>
<U id="173" f="4" l="192" c="28" d="57" a="0"/>
<U id="174" f="4" l="275" c="36" d="66" a="0"/>
<U id="175" f="4" l="249" c="26" d="66" a="0"/>
<U id="176" f="4" l="277" c="26" d="66" a="0"/>
<U id="177" f="4" l="249" c="36" d="108" a="0"/>
<U id="178" f="4" l="190" c="58" d="66" a="0"/>
<U id="179" f="4" l="249" c="18" d="64" a="0"/>
<U id="180" f="4" l="277" c="36" d="111" a="0"/>
<U id="181" f="4" l="206" c="95" d="107" a="0"/>
<U id="182" f="4" l="277" c="18" d="68" a="0"/>
<U id="183" f="4" l="192" c="94" d="66" a="0"/>
<U id="184" f="4" l="218" c="58" d="66" a="0"/>
<U id="185" f="4" l="206" c="78" d="66" a="0"/>
<U id="186" f="4" l="289" c="36" d="66" a="0"/>
<U id="187" f="4" l="192" c="86" d="64" a="0"/>
<U id="188" f="4" l="192" c="78" d="57" a="0"/>
</Uses>
<Blocks>
<B id="1" t="routine" f="5" l="9" c="7">
<BEGIN l="10" c="8"/>
<END l="12" c="8"/>
</B>
<B id="2" t="routine" f="5" l="13" c="7">
<BEGIN l="14" c="16"/>
<END l="16" c="16"/>
</B>
<B id="3" t="routine" f="5" l="17" c="7">
<BEGIN l="18" c="16"/>
<END l="20" c="16"/>
</B>
<B id="4" t="routine" f="5" l="21" c="7">
<BEGIN l="22" c="16"/>
<END l="24" c="16"/>
</B>
<B id="5" t="routine" f="5" l="26" c="7">
<BEGIN l="27" c="16"/>
<END l="29" c="16"/>
</B>
<B id="6" t="routine" f="5" l="30" c="7">
<BEGIN l="31" c="16"/>
<END l="33" c="16"/>
</B>
<B id="7" t="routine" f="5" l="34" c="7">
<BEGIN l="35" c="16"/>
<END l="37" c="16"/>
</B>
<B id="8" t="routine" f="5" l="38" c="7">
<BEGIN l="39" c="16"/>
<END l="41" c="16"/>
</B>
<B id="9" t="routine" f="5" l="43" c="8">
<BEGIN l="44" c="16"/>
<END l="46" c="16"/>
</B>
<B id="10" t="routine" f="5" l="47" c="8">
<BEGIN l="48" c="16"/>
<END l="50" c="16"/>
</B>
<B id="11" t="routine" f="5" l="51" c="8">
<BEGIN l="52" c="16"/>
<END l="54" c="16"/>
</B>
<B id="12" t="routine" f="5" l="55" c="8">
<BEGIN l="56" c="16"/>
<END l="58" c="16"/>
</B>
<B id="13" t="ppcif" f="7" l="15" c="0">
<BEGIN l="15" c="27"/>
<END l="330" c="0"/>
</B>
<B id="14" t="ppcif" f="7" l="25" c="0">
<BEGIN l="25" c="19"/>
<END l="155" c="0"/>
</B>
<B id="15" t="ppcrmif" f="7" l="46" c="0">
<BEGIN l="46" c="93"/>
<END l="91" c="0"/>
</B>
<B id="16" t="ppcrmif" f="7" l="94" c="0">
<BEGIN l="94" c="91"/>
<END l="153" c="0"/>
</B>
<B id="17" t="ppcrmelse" f="7" l="155" c="0">
<BEGIN l="155" c="35"/>
<END l="328" c="0"/>
</B>
<B id="18" t="ppcif" f="8" l="11" c="0">
<BEGIN l="11" c="27"/>
<END l="36" c="0"/>
</B>
<B id="19" t="ppcrmif" f="8" l="14" c="0">
<BEGIN l="14" c="19"/>
<END l="29" c="0"/>
</B>
<B id="20" t="ppcelse" f="8" l="29" c="0">
<BEGIN l="29" c="5"/>
<END l="33" c="0"/>
</B>
<B id="21" t="ppcif" f="1" l="22" c="0">
<BEGIN l="22" c="17"/>
<END l="109" c="0"/>
</B>
<B id="22" t="ppcrmif" f="1" l="39" c="0">
<BEGIN l="39" c="66"/>
<END l="43" c="0"/>
</B>
<B id="23" t="ppcelse" f="1" l="43" c="0">
<BEGIN l="43" c="60"/>
<END l="47" c="0"/>
</B>
<B id="24" t="ppcrmif" f="1" l="52" c="0">
<BEGIN l="52" c="18"/>
<END l="58" c="0"/>
</B>
<B id="25" t="ppcrmif" f="1" l="62" c="0">
<BEGIN l="62" c="33"/>
<END l="80" c="0"/>
</B>
<B id="26" t="ppcelse" f="1" l="80" c="0">
<BEGIN l="80" c="31"/>
<END l="93" c="0"/>
</B>
<B id="27" t="ppcrmif" f="1" l="96" c="0">
<BEGIN l="96" c="14"/>
<END l="106" c="0"/>
</B>
<B id="28" t="ppcif" f="9" l="3" c="0">
<BEGIN l="3" c="29"/>
<END l="348" c="0"/>
</B>
<B id="29" t="ppcif" f="9" l="61" c="0">
<BEGIN l="63" c="27"/>
<END l="66" c="0"/>
</B>
<B id="30" t="ppcrmif" f="9" l="165" c="0">
<BEGIN l="165" c="17"/>
<END l="206" c="0"/>
</B>
<B id="31" t="ppcrmif" f="9" l="209" c="0">
<BEGIN l="209" c="37"/>
<END l="211" c="0"/>
</B>
<B id="32" t="ppcrmif" f="9" l="213" c="0">
<BEGIN l="213" c="44"/>
<END l="321" c="0"/>
</B>
<B id="33" t="ppcif" f="9" l="323" c="0">
<BEGIN l="323" c="18"/>
<END l="346" c="0"/>
</B>
<B id="34" t="ppcrmif" f="9" l="326" c="0">
<BEGIN l="326" c="18"/>
<END l="328" c="0"/>
</B>
<B id="35" t="ppcrmif" f="9" l="329" c="0">
<BEGIN l="329" c="63"/>
<END l="331" c="0"/>
</B>
<B id="36" t="ppcrmif" f="9" l="332" c="0">
<BEGIN l="332" c="64"/>
<END l="334" c="0"/>
</B>
<B id="37" t="ppcrmif" f="9" l="335" c="0">
<BEGIN l="335" c="16"/>
<END l="340" c="0"/>
</B>
<B id="38" t="ppcif" f="9" l="343" c="0">
<BEGIN l="343" c="57"/>
<END l="345" c="0"/>
</B>
<B id="39" t="type" f="3" l="135" c="0">
<BEGIN l="135" c="0"/>
<END l="141" c="0"/>
</B>
<B id="40" t="ppcif" f="3" l="56" c="0">
<BEGIN l="56" c="19"/>
<END l="154" c="0"/>
</B>
<B id="41" t="ppcif" f="3" l="122" c="0">
<BEGIN l="122" c="26"/>
<END l="126" c="0"/>
</B>
<B id="42" t="ppcif" f="2" l="45" c="0">
<BEGIN l="45" c="24"/>
<END l="148" c="0"/>
</B>
<B id="43" t="ppcif" f="2" l="84" c="0">
<BEGIN l="84" c="13"/>
<END l="86" c="0"/>
</B>
<B id="44" t="ppcif" f="2" l="88" c="0">
<BEGIN l="88" c="14"/>
<END l="90" c="0"/>
</B>
<B id="45" t="ppcrmif" f="2" l="126" c="0">
<BEGIN l="126" c="26"/>
<END l="132" c="0"/>
</B>
<B id="46" t="ppcelse" f="2" l="132" c="0">
<BEGIN l="132" c="6"/>
<END l="135" c="0"/>
</B>
<B id="47" t="ppcif" f="10" l="47" c="0">
<BEGIN l="47" c="18"/>
<END l="219" c="0"/>
</B>
<B id="48" t="ppcif" f="10" l="95" c="0">
<BEGIN l="95" c="17"/>
<END l="97" c="0"/>
</B>
<B id="49" t="ppcif" f="11" l="19" c="0">
<BEGIN l="19" c="22"/>
<END l="23" c="0"/>
</B>
<B id="50" t="ppcif" f="4" l="20" c="0">
<BEGIN l="20" c="20"/>
<END l="351" c="0"/>
</B>
<B id="51" t="routine" f="4" l="190" c="16">
<BEGIN l="191" c="0"/>
<END l="193" c="0"/>
</B>
<B id="52" t="else" f="4" l="206" c="70">
<BEGIN l="206" c="70"/>
<END l="206" c="107"/>
</B>
<B id="53" t="if" f="4" l="206" c="25">
<BEGIN l="206" c="28"/>
<END l="206" c="65"/>
<ELSE d="52"/>
</B>
<B id="54" t="routine" f="4" l="204" c="16">
<BEGIN l="205" c="0"/>
<END l="207" c="0"/>
<SUB d="53"/>
</B>
<B id="55" t="routine" f="4" l="218" c="16">
<BEGIN l="219" c="0"/>
<END l="221" c="0"/>
</B>
<B id="56" t="routine" f="4" l="232" c="16">
<BEGIN l="233" c="0"/>
<END l="235" c="0"/>
</B>
<B id="57" t="routine" f="4" l="247" c="16">
<BEGIN l="248" c="0"/>
<END l="250" c="0"/>
</B>
<B id="58" t="routine" f="4" l="261" c="16">
<BEGIN l="262" c="0"/>
<END l="264" c="0"/>
</B>
<B id="59" t="routine" f="4" l="275" c="16">
<BEGIN l="276" c="0"/>
<END l="278" c="0"/>
</B>
<B id="60" t="routine" f="4" l="289" c="16">
<BEGIN l="290" c="0"/>
<END l="292" c="0"/>
</B>
<B id="61" t="routine" f="4" l="303" c="17">
<BEGIN l="304" c="0"/>
<END l="306" c="0"/>
</B>
<B id="62" t="routine" f="4" l="317" c="17">
<BEGIN l="318" c="0"/>
<END l="320" c="0"/>
</B>
<B id="63" t="routine" f="4" l="331" c="17">
<BEGIN l="332" c="0"/>
<END l="334" c="0"/>
</B>
<B id="64" t="routine" f="4" l="345" c="17">
<BEGIN l="346" c="0"/>
<END l="348" c="0"/>
</B>
<B id="65" t="ppcif" f="12" l="2" c="0">
<BEGIN l="2" c="32"/>
<END l="37" c="0"/>
</B>
</Blocks>
</Navig>
