<?xml version="1.0" encoding="UTF-8"?>

<MISRA-C-Report version="1.3">


<CodeStruct Name="" File="C:\component\SF034A_AssiPahFwl_Impl\src\AssiPahFwl.c" Line="0" Column="0">

<Rule Name="5.1" Mode="required" Report="warning" Id="1">
<Loc File="C:\component\SF034A_AssiPahFwl_Impl\src\AssiPahFwl.c" Line="164" Column="142">
</Loc>
<Message>
Identifiers "BasAssiOverBnd_MotNwtMtr_T_logl" (AssiPahFwl.c line 159 column 115) and "BasAssiOverBnd_MotNwtMtr_T_logl" (AssiPahFwl.c line 164 column 142) have the same first 31 characters.
</Message>
</Rule>

<Rule Name="5.1" Mode="required" Report="warning" Id="2">
<Loc File="C:\component\SF034A_AssiPahFwl_Impl\src\AssiPahFwl.c" Line="167" Column="70">
</Loc>
<Message>
Identifiers "BasAssiOverBnd_MotNwtMtr_T_logl" (AssiPahFwl.c line 164 column 142) and "BasAssiOverBnd_MotNwtMtr_T_logl" (AssiPahFwl.c line 167 column 70) have the same first 31 characters.
Identifiers "BasAssiOverBnd_MotNwtMtr_T_logl" (AssiPahFwl.c line 159 column 115) and "BasAssiOverBnd_MotNwtMtr_T_logl" (AssiPahFwl.c line 167 column 70) have the same first 31 characters.
</Message>
</Rule>

<Rule Name="19.1" Mode="advisory" Report="warning" Id="3">
<Loc File="C:\component\SF034A_AssiPahFwl_Impl\src\AssiPahFwl.c" Line="775" Column="0">
</Loc>
<Message>
#include statements in a file shall only be preceded by other preprocessor directives or comments.
</Message>
</Rule>

<Rule Name="19.1" Mode="advisory" Report="warning" Id="4">
<Loc File="C:\component\SF034A_AssiPahFwl_Impl\src\AssiPahFwl.c" Line="992" Column="0">
</Loc>
<Message>
#include statements in a file shall only be preceded by other preprocessor directives or comments.
</Message>
</Rule>

<Rule Name="5.1" Mode="required" Report="warning" Id="5">
<Loc File="C:\component\SF034A_AssiPahFwl_Impl\src\AssiPahFwl.c" Line="1115" Column="115">
</Loc>
<Message>
Identifiers "BasAssiOverBnd_MotNwtMtr_T_logl" (AssiPahFwl.c line 1115 column 115) and "BasAssiOverBnd_MotNwtMtr_T_logl" (AssiPahFwl.c line 159 column 115) have the same first 31 characters.
Identifiers "BasAssiOverBnd_MotNwtMtr_T_logl" (AssiPahFwl.c line 1115 column 115) and "BasAssiOverBnd_MotNwtMtr_T_logl" (AssiPahFwl.c line 167 column 70) have the same first 31 characters.
Identifiers "BasAssiOverBnd_MotNwtMtr_T_logl" (AssiPahFwl.c line 1115 column 115) and "BasAssiOverBnd_MotNwtMtr_T_logl" (AssiPahFwl.c line 164 column 142) have the same first 31 characters.
</Message>
</Rule>

<Rule Name="5.1" Mode="required" Report="warning" Id="6">
<Loc File="C:\component\SF034A_AssiPahFwl_Impl\src\AssiPahFwl.c" Line="1200" Column="167">
</Loc>
<Message>
Identifiers "BasAssiOverBnd_MotNwtMtr_T_logl" (AssiPahFwl.c line 1200 column 167) and "BasAssiOverBnd_MotNwtMtr_T_logl" (AssiPahFwl.c line 159 column 115) have the same first 31 characters.
Identifiers "BasAssiOverBnd_MotNwtMtr_T_logl" (AssiPahFwl.c line 1200 column 167) and "BasAssiOverBnd_MotNwtMtr_T_logl" (AssiPahFwl.c line 167 column 70) have the same first 31 characters.
Identifiers "BasAssiOverBnd_MotNwtMtr_T_logl" (AssiPahFwl.c line 1115 column 115) and "BasAssiOverBnd_MotNwtMtr_T_logl" (AssiPahFwl.c line 1200 column 167) have the same first 31 characters.
Identifiers "BasAssiOverBnd_MotNwtMtr_T_logl" (AssiPahFwl.c line 1200 column 167) and "BasAssiOverBnd_MotNwtMtr_T_logl" (AssiPahFwl.c line 164 column 142) have the same first 31 characters.
</Message>
</Rule>

<Rule Name="5.1" Mode="required" Report="warning" Id="7">
<Loc File="C:\component\SF034A_AssiPahFwl_Impl\src\AssiPahFwl.c" Line="1258" Column="70">
</Loc>
<Message>
Identifiers "BasAssiOverBnd_MotNwtMtr_T_logl" (AssiPahFwl.c line 1258 column 70) and "BasAssiOverBnd_MotNwtMtr_T_logl" (AssiPahFwl.c line 159 column 115) have the same first 31 characters.
Identifiers "BasAssiOverBnd_MotNwtMtr_T_logl" (AssiPahFwl.c line 1200 column 167) and "BasAssiOverBnd_MotNwtMtr_T_logl" (AssiPahFwl.c line 1258 column 70) have the same first 31 characters.
Identifiers "BasAssiOverBnd_MotNwtMtr_T_logl" (AssiPahFwl.c line 1115 column 115) and "BasAssiOverBnd_MotNwtMtr_T_logl" (AssiPahFwl.c line 1258 column 70) have the same first 31 characters.
Identifiers "BasAssiOverBnd_MotNwtMtr_T_logl" (AssiPahFwl.c line 1258 column 70) and "BasAssiOverBnd_MotNwtMtr_T_logl" (AssiPahFwl.c line 167 column 70) have the same first 31 characters.
Identifiers "BasAssiOverBnd_MotNwtMtr_T_logl" (AssiPahFwl.c line 1258 column 70) and "BasAssiOverBnd_MotNwtMtr_T_logl" (AssiPahFwl.c line 164 column 142) have the same first 31 characters.
</Message>
</Rule>

</CodeStruct>

<CodeStruct Name="AssiPahFwlPer1" File="C:\component\SF034A_AssiPahFwl_Impl\src\AssiPahFwl.c" Line="863" Column="5">

<Rule Name="5.1" Mode="required" Report="warning" Id="8">
<Loc File="C:\component\SF034A_AssiPahFwl_Impl\src\AssiPahFwl.c" Line="889" Column="16">
</Loc>
<Message>
Identifiers "BasAssiOverBnd_MotNwtMtr_T_logl" (AssiPahFwl.c line 167 column 70) and "BasAssiOverBnd_MotNwtMtr_T_logl" (AssiPahFwl.c line 889 column 16) have the same first 31 characters.
Identifiers "BasAssiOverBnd_MotNwtMtr_T_logl" (AssiPahFwl.c line 164 column 142) and "BasAssiOverBnd_MotNwtMtr_T_logl" (AssiPahFwl.c line 889 column 16) have the same first 31 characters.
Identifiers "BasAssiOverBnd_MotNwtMtr_T_logl" (AssiPahFwl.c line 159 column 115) and "BasAssiOverBnd_MotNwtMtr_T_logl" (AssiPahFwl.c line 889 column 16) have the same first 31 characters.
</Message>
</Rule>

<Rule Name="9.1" Mode="required" Report="warning" Id="9">
<Loc File="C:\component\SF034A_AssiPahFwl_Impl\src\AssiPahFwl.c" Line="909" Column="41">
</Loc>
<Message>
All automatic variables shall have been assigned a value before being used.
</Message>
</Rule>

<Rule Name="9.1" Mode="required" Report="warning" Id="10">
<Loc File="C:\component\SF034A_AssiPahFwl_Impl\src\AssiPahFwl.c" Line="910" Column="58">
</Loc>
<Message>
All automatic variables shall have been assigned a value before being used.
</Message>
</Rule>

<Rule Name="21.1" Mode="required" Report="warning" Id="11">
<Loc File="C:\component\SF034A_AssiPahFwl_Impl\src\AssiPahFwl.c" Line="911" Column="8">
</Loc>
<Message>
Minimisation of run-time failures.
</Message>
</Rule>

<Rule Name="21.1" Mode="required" Report="warning" Id="12">
<Loc File="C:\component\SF034A_AssiPahFwl_Impl\src\AssiPahFwl.c" Line="911" Column="29">
</Loc>
<Message>
Minimisation of run-time failures.
</Message>
</Rule>

<Rule Name="9.1" Mode="required" Report="warning" Id="13">
<Loc File="C:\component\SF034A_AssiPahFwl_Impl\src\AssiPahFwl.c" Line="913" Column="18">
</Loc>
<Message>
All automatic variables shall have been assigned a value before being used.
</Message>
</Rule>

<Rule Name="9.1" Mode="required" Report="warning" Id="14">
<Loc File="C:\component\SF034A_AssiPahFwl_Impl\src\AssiPahFwl.c" Line="913" Column="57">
</Loc>
<Message>
All automatic variables shall have been assigned a value before being used.
</Message>
</Rule>

<Rule Name="9.1" Mode="required" Report="warning" Id="15">
<Loc File="C:\component\SF034A_AssiPahFwl_Impl\src\AssiPahFwl.c" Line="916" Column="70">
</Loc>
<Message>
All automatic variables shall have been assigned a value before being used.
</Message>
</Rule>

<Rule Name="21.1" Mode="required" Report="warning" Id="16">
<Loc File="C:\component\SF034A_AssiPahFwl_Impl\src\AssiPahFwl.c" Line="926" Column="16">
</Loc>
<Message>
Minimisation of run-time failures.
</Message>
</Rule>

<Rule Name="21.1" Mode="required" Report="warning" Id="17">
<Loc File="C:\component\SF034A_AssiPahFwl_Impl\src\AssiPahFwl.c" Line="929" Column="16">
</Loc>
<Message>
Minimisation of run-time failures.
</Message>
</Rule>

<Rule Name="9.1" Mode="required" Report="warning" Id="18">
<Loc File="C:\component\SF034A_AssiPahFwl_Impl\src\AssiPahFwl.c" Line="933" Column="56">
</Loc>
<Message>
All automatic variables shall have been assigned a value before being used.
</Message>
</Rule>

<Rule Name="9.1" Mode="required" Report="warning" Id="19">
<Loc File="C:\component\SF034A_AssiPahFwl_Impl\src\AssiPahFwl.c" Line="937" Column="89">
</Loc>
<Message>
All automatic variables shall have been assigned a value before being used.
</Message>
</Rule>

<Rule Name="12.3" Mode="required" Report="warning" Id="20">
<Loc File="C:\component\SF034A_AssiPahFwl_Impl\src\AssiPahFwl.c" Line="946" Column="76">
</Loc>
<Message>
The sizeof operator should not be used on expressions that contain side effects.
</Message>
</Rule>

<Rule Name="11.5" Mode="required" Report="warning" Id="21">
<Loc File="C:\component\SF034A_AssiPahFwl_Impl\src\AssiPahFwl.c" Line="946" Column="85">
</Loc>
<Message>
A cast shall not be performed that removes any const or volatile qualification
from the type addressed by a pointer.
</Message>
</Rule>

<Rule Name="12.3" Mode="required" Report="warning" Id="22">
<Loc File="C:\component\SF034A_AssiPahFwl_Impl\src\AssiPahFwl.c" Line="946" Column="157">
</Loc>
<Message>
The sizeof operator should not be used on expressions that contain side effects.
</Message>
</Rule>

<Rule Name="11.5" Mode="required" Report="warning" Id="23">
<Loc File="C:\component\SF034A_AssiPahFwl_Impl\src\AssiPahFwl.c" Line="946" Column="167">
</Loc>
<Message>
A cast shall not be performed that removes any const or volatile qualification
from the type addressed by a pointer.
</Message>
</Rule>

<Rule Name="9.1" Mode="required" Report="warning" Id="24">
<Loc File="C:\component\SF034A_AssiPahFwl_Impl\src\AssiPahFwl.c" Line="954" Column="39">
</Loc>
<Message>
All automatic variables shall have been assigned a value before being used.
</Message>
</Rule>

<Rule Name="9.1" Mode="required" Report="warning" Id="25">
<Loc File="C:\component\SF034A_AssiPahFwl_Impl\src\AssiPahFwl.c" Line="957" Column="106">
</Loc>
<Message>
All automatic variables shall have been assigned a value before being used.
</Message>
</Rule>

<Rule Name="5.1" Mode="required" Report="warning" Id="26">
<Loc File="C:\component\SF034A_AssiPahFwl_Impl\src\AssiPahFwl.c" Line="1115" Column="115">
</Loc>
<Message>
Identifiers "BasAssiOverBnd_MotNwtMtr_T_logl" (AssiPahFwl.c line 1115 column 115) and "BasAssiOverBnd_MotNwtMtr_T_logl" (AssiPahFwl.c line 889 column 16) have the same first 31 characters.
</Message>
</Rule>

<Rule Name="5.1" Mode="required" Report="warning" Id="27">
<Loc File="C:\component\SF034A_AssiPahFwl_Impl\src\AssiPahFwl.c" Line="1200" Column="167">
</Loc>
<Message>
Identifiers "BasAssiOverBnd_MotNwtMtr_T_logl" (AssiPahFwl.c line 1200 column 167) and "BasAssiOverBnd_MotNwtMtr_T_logl" (AssiPahFwl.c line 889 column 16) have the same first 31 characters.
</Message>
</Rule>

<Rule Name="5.1" Mode="required" Report="warning" Id="28">
<Loc File="C:\component\SF034A_AssiPahFwl_Impl\src\AssiPahFwl.c" Line="1258" Column="70">
</Loc>
<Message>
Identifiers "BasAssiOverBnd_MotNwtMtr_T_logl" (AssiPahFwl.c line 1258 column 70) and "BasAssiOverBnd_MotNwtMtr_T_logl" (AssiPahFwl.c line 889 column 16) have the same first 31 characters.
</Message>
</Rule>

</CodeStruct>

<CodeStruct Name="Base_Assi_Boundary" File="C:\component\SF034A_AssiPahFwl_Impl\src\AssiPahFwl.c" Line="1060" Column="15">

<Rule Name="12.3" Mode="required" Report="warning" Id="29">
<Loc File="C:\component\SF034A_AssiPahFwl_Impl\src\AssiPahFwl.c" Line="1074" Column="154">
</Loc>
<Message>
The sizeof operator should not be used on expressions that contain side effects.
</Message>
</Rule>

<Rule Name="11.5" Mode="required" Report="warning" Id="30">
<Loc File="C:\component\SF034A_AssiPahFwl_Impl\src\AssiPahFwl.c" Line="1074" Column="163">
</Loc>
<Message>
A cast shall not be performed that removes any const or volatile qualification
from the type addressed by a pointer.
</Message>
</Rule>

<Rule Name="12.3" Mode="required" Report="warning" Id="31">
<Loc File="C:\component\SF034A_AssiPahFwl_Impl\src\AssiPahFwl.c" Line="1074" Column="233">
</Loc>
<Message>
The sizeof operator should not be used on expressions that contain side effects.
</Message>
</Rule>

<Rule Name="11.5" Mode="required" Report="warning" Id="32">
<Loc File="C:\component\SF034A_AssiPahFwl_Impl\src\AssiPahFwl.c" Line="1074" Column="243">
</Loc>
<Message>
A cast shall not be performed that removes any const or volatile qualification
from the type addressed by a pointer.
</Message>
</Rule>

<Rule Name="12.3" Mode="required" Report="warning" Id="33">
<Loc File="C:\component\SF034A_AssiPahFwl_Impl\src\AssiPahFwl.c" Line="1077" Column="154">
</Loc>
<Message>
The sizeof operator should not be used on expressions that contain side effects.
</Message>
</Rule>

<Rule Name="11.5" Mode="required" Report="warning" Id="34">
<Loc File="C:\component\SF034A_AssiPahFwl_Impl\src\AssiPahFwl.c" Line="1077" Column="163">
</Loc>
<Message>
A cast shall not be performed that removes any const or volatile qualification
from the type addressed by a pointer.
</Message>
</Rule>

<Rule Name="12.3" Mode="required" Report="warning" Id="35">
<Loc File="C:\component\SF034A_AssiPahFwl_Impl\src\AssiPahFwl.c" Line="1077" Column="242">
</Loc>
<Message>
The sizeof operator should not be used on expressions that contain side effects.
</Message>
</Rule>

<Rule Name="11.5" Mode="required" Report="warning" Id="36">
<Loc File="C:\component\SF034A_AssiPahFwl_Impl\src\AssiPahFwl.c" Line="1077" Column="252">
</Loc>
<Message>
A cast shall not be performed that removes any const or volatile qualification
from the type addressed by a pointer.
</Message>
</Rule>

<Rule Name="12.3" Mode="required" Report="warning" Id="37">
<Loc File="C:\component\SF034A_AssiPahFwl_Impl\src\AssiPahFwl.c" Line="1085" Column="154">
</Loc>
<Message>
The sizeof operator should not be used on expressions that contain side effects.
</Message>
</Rule>

<Rule Name="11.5" Mode="required" Report="warning" Id="38">
<Loc File="C:\component\SF034A_AssiPahFwl_Impl\src\AssiPahFwl.c" Line="1085" Column="163">
</Loc>
<Message>
A cast shall not be performed that removes any const or volatile qualification
from the type addressed by a pointer.
</Message>
</Rule>

<Rule Name="12.3" Mode="required" Report="warning" Id="39">
<Loc File="C:\component\SF034A_AssiPahFwl_Impl\src\AssiPahFwl.c" Line="1085" Column="233">
</Loc>
<Message>
The sizeof operator should not be used on expressions that contain side effects.
</Message>
</Rule>

<Rule Name="11.5" Mode="required" Report="warning" Id="40">
<Loc File="C:\component\SF034A_AssiPahFwl_Impl\src\AssiPahFwl.c" Line="1085" Column="243">
</Loc>
<Message>
A cast shall not be performed that removes any const or volatile qualification
from the type addressed by a pointer.
</Message>
</Rule>

<Rule Name="12.3" Mode="required" Report="warning" Id="41">
<Loc File="C:\component\SF034A_AssiPahFwl_Impl\src\AssiPahFwl.c" Line="1088" Column="154">
</Loc>
<Message>
The sizeof operator should not be used on expressions that contain side effects.
</Message>
</Rule>

<Rule Name="11.5" Mode="required" Report="warning" Id="42">
<Loc File="C:\component\SF034A_AssiPahFwl_Impl\src\AssiPahFwl.c" Line="1088" Column="163">
</Loc>
<Message>
A cast shall not be performed that removes any const or volatile qualification
from the type addressed by a pointer.
</Message>
</Rule>

<Rule Name="12.3" Mode="required" Report="warning" Id="43">
<Loc File="C:\component\SF034A_AssiPahFwl_Impl\src\AssiPahFwl.c" Line="1088" Column="242">
</Loc>
<Message>
The sizeof operator should not be used on expressions that contain side effects.
</Message>
</Rule>

<Rule Name="11.5" Mode="required" Report="warning" Id="44">
<Loc File="C:\component\SF034A_AssiPahFwl_Impl\src\AssiPahFwl.c" Line="1088" Column="252">
</Loc>
<Message>
A cast shall not be performed that removes any const or volatile qualification
from the type addressed by a pointer.
</Message>
</Rule>

<Rule Name="21.1" Mode="required" Report="warning" Id="45">
<Loc File="C:\component\SF034A_AssiPahFwl_Impl\src\AssiPahFwl.c" Line="1093" Column="8">
</Loc>
<Message>
Minimisation of run-time failures.
</Message>
</Rule>

<Rule Name="21.1" Mode="required" Report="warning" Id="46">
<Loc File="C:\component\SF034A_AssiPahFwl_Impl\src\AssiPahFwl.c" Line="1094" Column="8">
</Loc>
<Message>
Minimisation of run-time failures.
</Message>
</Rule>

<Rule Name="21.1" Mode="required" Report="warning" Id="47">
<Loc File="C:\component\SF034A_AssiPahFwl_Impl\src\AssiPahFwl.c" Line="1097" Column="8">
</Loc>
<Message>
Minimisation of run-time failures.
</Message>
</Rule>

</CodeStruct>

<CodeStruct Name="Assist_Recovery_Cond" File="C:\component\SF034A_AssiPahFwl_Impl\src\AssiPahFwl.c" Line="1195" Column="16">

<Rule Name="21.1" Mode="required" Report="warning" Id="51">
<Loc File="C:\component\SF034A_AssiPahFwl_Impl\src\AssiPahFwl.c" Line="1209" Column="73">
</Loc>
<Message>
Minimisation of run-time failures.
</Message>
</Rule>

<Rule Name="12.4" Mode="required" Report="warning" Id="52">
<Loc File="C:\component\SF034A_AssiPahFwl_Impl\src\AssiPahFwl.c" Line="1212" Column="101">
</Loc>
<Message>
The right hand operand of a logical &amp;&amp; or || operator shall not contain side effects.
</Message>
</Rule>

<Rule Name="21.1" Mode="required" Report="warning" Id="53">
<Loc File="C:\component\SF034A_AssiPahFwl_Impl\src\AssiPahFwl.c" Line="1213" Column="166">
</Loc>
<Message>
Minimisation of run-time failures.
</Message>
</Rule>

<Rule Name="21.1" Mode="required" Report="warning" Id="54">
<Loc File="C:\component\SF034A_AssiPahFwl_Impl\src\AssiPahFwl.c" Line="1228" Column="16">
</Loc>
<Message>
Minimisation of run-time failures.
</Message>
</Rule>

<Rule Name="21.1" Mode="required" Report="warning" Id="55">
<Loc File="C:\component\SF034A_AssiPahFwl_Impl\src\AssiPahFwl.c" Line="1241" Column="16">
</Loc>
<Message>
Minimisation of run-time failures.
</Message>
</Rule>

<Rule Name="21.1" Mode="required" Report="warning" Id="56">
<Loc File="C:\component\SF034A_AssiPahFwl_Impl\src\AssiPahFwl.c" Line="1245" Column="8">
</Loc>
<Message>
Minimisation of run-time failures.
</Message>
</Rule>

</CodeStruct>

<CodeStruct Name="Det_Boundary_Lim" File="C:\component\SF034A_AssiPahFwl_Impl\src\AssiPahFwl.c" Line="1110" Column="15">

<Rule Name="21.1" Mode="required" Report="warning" Id="48">
<Loc File="C:\component\SF034A_AssiPahFwl_Impl\src\AssiPahFwl.c" Line="1135" Column="8">
</Loc>
<Message>
Minimisation of run-time failures.
</Message>
</Rule>

<Rule Name="9.1" Mode="required" Report="warning" Id="49">
<Loc File="C:\component\SF034A_AssiPahFwl_Impl\src\AssiPahFwl.c" Line="1139" Column="19">
</Loc>
<Message>
All automatic variables shall have been assigned a value before being used.
</Message>
</Rule>

<Rule Name="21.1" Mode="required" Report="warning" Id="50">
<Loc File="C:\component\SF034A_AssiPahFwl_Impl\src\AssiPahFwl.c" Line="1162" Column="8">
</Loc>
<Message>
Minimisation of run-time failures.
</Message>
</Rule>

</CodeStruct>

<CodeStruct Name="Dynamic_Assi_Boundary" File="C:\component\SF034A_AssiPahFwl_Impl\src\AssiPahFwl.c" Line="1006" Column="15">

<Rule Name="12.3" Mode="required" Report="warning" Id="57">
<Loc File="C:\component\SF034A_AssiPahFwl_Impl\src\AssiPahFwl.c" Line="1025" Column="154">
</Loc>
<Message>
The sizeof operator should not be used on expressions that contain side effects.
</Message>
</Rule>

<Rule Name="11.5" Mode="required" Report="warning" Id="58">
<Loc File="C:\component\SF034A_AssiPahFwl_Impl\src\AssiPahFwl.c" Line="1025" Column="163">
</Loc>
<Message>
A cast shall not be performed that removes any const or volatile qualification
from the type addressed by a pointer.
</Message>
</Rule>

<Rule Name="12.3" Mode="required" Report="warning" Id="59">
<Loc File="C:\component\SF034A_AssiPahFwl_Impl\src\AssiPahFwl.c" Line="1025" Column="233">
</Loc>
<Message>
The sizeof operator should not be used on expressions that contain side effects.
</Message>
</Rule>

<Rule Name="11.5" Mode="required" Report="warning" Id="60">
<Loc File="C:\component\SF034A_AssiPahFwl_Impl\src\AssiPahFwl.c" Line="1025" Column="243">
</Loc>
<Message>
A cast shall not be performed that removes any const or volatile qualification
from the type addressed by a pointer.
</Message>
</Rule>

<Rule Name="12.3" Mode="required" Report="warning" Id="61">
<Loc File="C:\component\SF034A_AssiPahFwl_Impl\src\AssiPahFwl.c" Line="1028" Column="154">
</Loc>
<Message>
The sizeof operator should not be used on expressions that contain side effects.
</Message>
</Rule>

<Rule Name="11.5" Mode="required" Report="warning" Id="62">
<Loc File="C:\component\SF034A_AssiPahFwl_Impl\src\AssiPahFwl.c" Line="1028" Column="163">
</Loc>
<Message>
A cast shall not be performed that removes any const or volatile qualification
from the type addressed by a pointer.
</Message>
</Rule>

<Rule Name="12.3" Mode="required" Report="warning" Id="63">
<Loc File="C:\component\SF034A_AssiPahFwl_Impl\src\AssiPahFwl.c" Line="1028" Column="242">
</Loc>
<Message>
The sizeof operator should not be used on expressions that contain side effects.
</Message>
</Rule>

<Rule Name="11.5" Mode="required" Report="warning" Id="64">
<Loc File="C:\component\SF034A_AssiPahFwl_Impl\src\AssiPahFwl.c" Line="1028" Column="252">
</Loc>
<Message>
A cast shall not be performed that removes any const or volatile qualification
from the type addressed by a pointer.
</Message>
</Rule>

<Rule Name="12.3" Mode="required" Report="warning" Id="65">
<Loc File="C:\component\SF034A_AssiPahFwl_Impl\src\AssiPahFwl.c" Line="1034" Column="154">
</Loc>
<Message>
The sizeof operator should not be used on expressions that contain side effects.
</Message>
</Rule>

<Rule Name="11.5" Mode="required" Report="warning" Id="66">
<Loc File="C:\component\SF034A_AssiPahFwl_Impl\src\AssiPahFwl.c" Line="1034" Column="163">
</Loc>
<Message>
A cast shall not be performed that removes any const or volatile qualification
from the type addressed by a pointer.
</Message>
</Rule>

<Rule Name="12.3" Mode="required" Report="warning" Id="67">
<Loc File="C:\component\SF034A_AssiPahFwl_Impl\src\AssiPahFwl.c" Line="1034" Column="233">
</Loc>
<Message>
The sizeof operator should not be used on expressions that contain side effects.
</Message>
</Rule>

<Rule Name="11.5" Mode="required" Report="warning" Id="68">
<Loc File="C:\component\SF034A_AssiPahFwl_Impl\src\AssiPahFwl.c" Line="1034" Column="243">
</Loc>
<Message>
A cast shall not be performed that removes any const or volatile qualification
from the type addressed by a pointer.
</Message>
</Rule>

<Rule Name="12.3" Mode="required" Report="warning" Id="69">
<Loc File="C:\component\SF034A_AssiPahFwl_Impl\src\AssiPahFwl.c" Line="1037" Column="154">
</Loc>
<Message>
The sizeof operator should not be used on expressions that contain side effects.
</Message>
</Rule>

<Rule Name="11.5" Mode="required" Report="warning" Id="70">
<Loc File="C:\component\SF034A_AssiPahFwl_Impl\src\AssiPahFwl.c" Line="1037" Column="163">
</Loc>
<Message>
A cast shall not be performed that removes any const or volatile qualification
from the type addressed by a pointer.
</Message>
</Rule>

<Rule Name="12.3" Mode="required" Report="warning" Id="71">
<Loc File="C:\component\SF034A_AssiPahFwl_Impl\src\AssiPahFwl.c" Line="1037" Column="242">
</Loc>
<Message>
The sizeof operator should not be used on expressions that contain side effects.
</Message>
</Rule>

<Rule Name="11.5" Mode="required" Report="warning" Id="72">
<Loc File="C:\component\SF034A_AssiPahFwl_Impl\src\AssiPahFwl.c" Line="1037" Column="252">
</Loc>
<Message>
A cast shall not be performed that removes any const or volatile qualification
from the type addressed by a pointer.
</Message>
</Rule>

<Rule Name="21.1" Mode="required" Report="warning" Id="73">
<Loc File="C:\component\SF034A_AssiPahFwl_Impl\src\AssiPahFwl.c" Line="1044" Column="8">
</Loc>
<Message>
Minimisation of run-time failures.
</Message>
</Rule>

<Rule Name="21.1" Mode="required" Report="warning" Id="74">
<Loc File="C:\component\SF034A_AssiPahFwl_Impl\src\AssiPahFwl.c" Line="1045" Column="8">
</Loc>
<Message>
Minimisation of run-time failures.
</Message>
</Rule>

<Rule Name="21.1" Mode="required" Report="warning" Id="75">
<Loc File="C:\component\SF034A_AssiPahFwl_Impl\src\AssiPahFwl.c" Line="1048" Column="8">
</Loc>
<Message>
Minimisation of run-time failures.
</Message>
</Rule>

</CodeStruct>

<CodeStruct Name="AssiPahFwlInit1" File="C:\component\SF034A_AssiPahFwl_Impl\src\AssiPahFwl.c" Line="797" Column="5">

<Rule Name="21.1" Mode="required" Report="warning" Id="76">
<Loc File="C:\component\SF034A_AssiPahFwl_Impl\src\AssiPahFwl.c" Line="809" Column="107">
</Loc>
<Message>
Minimisation of run-time failures.
</Message>
</Rule>

</CodeStruct>

</MISRA-C-Report>
