<?xml version="1.0" encoding="UTF-8"?>

<MISRA-C-Report version="1.3">


<CodeStruct Name="" File="C:\component\ES008A_PwrSply_Impl\src\PwrSply.c" Line="0" Column="0">

<Rule Name="19.1" Mode="advisory" Report="warning" Id="1">
<Loc File="C:\component\ES008A_PwrSply_Impl\src\PwrSply.c" Line="948" Column="0">
</Loc>
<Message>
#include statements in a file shall only be preceded by other preprocessor directives or comments.
</Message>
</Rule>

</CodeStruct>

<CodeStruct Name="PwrSplyPer1" File="C:\component\ES008A_PwrSply_Impl\src\PwrSply.c" Line="727" Column="5">

<Rule Name="9.1" Mode="required" Report="warning" Id="2">
<Loc File="C:\component\ES008A_PwrSply_Impl\src\PwrSply.c" Line="758" Column="14">
</Loc>
<Message>
All automatic variables shall have been assigned a value before being used.
</Message>
</Rule>

<Rule Name="21.1" Mode="required" Report="warning" Id="3">
<Loc File="C:\component\ES008A_PwrSply_Impl\src\PwrSply.c" Line="759" Column="13">
</Loc>
<Message>
Minimisation of run-time failures.
</Message>
</Rule>

<Rule Name="21.1" Mode="required" Report="warning" Id="4">
<Loc File="C:\component\ES008A_PwrSply_Impl\src\PwrSply.c" Line="759" Column="31">
</Loc>
<Message>
Minimisation of run-time failures.
</Message>
</Rule>

<Rule Name="21.1" Mode="required" Report="warning" Id="5">
<Loc File="C:\component\ES008A_PwrSply_Impl\src\PwrSply.c" Line="761" Column="20">
</Loc>
<Message>
Minimisation of run-time failures.
</Message>
</Rule>

<Rule Name="21.1" Mode="required" Report="warning" Id="6">
<Loc File="C:\component\ES008A_PwrSply_Impl\src\PwrSply.c" Line="761" Column="38">
</Loc>
<Message>
Minimisation of run-time failures.
</Message>
</Rule>

<Rule Name="9.1" Mode="required" Report="warning" Id="7">
<Loc File="C:\component\ES008A_PwrSply_Impl\src\PwrSply.c" Line="784" Column="29">
</Loc>
<Message>
All automatic variables shall have been assigned a value before being used.
</Message>
</Rule>

<Rule Name="9.1" Mode="required" Report="warning" Id="8">
<Loc File="C:\component\ES008A_PwrSply_Impl\src\PwrSply.c" Line="798" Column="29">
</Loc>
<Message>
All automatic variables shall have been assigned a value before being used.
</Message>
</Rule>

<Rule Name="21.1" Mode="required" Report="warning" Id="9">
<Loc File="C:\component\ES008A_PwrSply_Impl\src\PwrSply.c" Line="822" Column="20">
</Loc>
<Message>
Minimisation of run-time failures.
</Message>
</Rule>

<Rule Name="21.1" Mode="required" Report="warning" Id="10">
<Loc File="C:\component\ES008A_PwrSply_Impl\src\PwrSply.c" Line="822" Column="38">
</Loc>
<Message>
Minimisation of run-time failures.
</Message>
</Rule>

<Rule Name="9.1" Mode="required" Report="warning" Id="11">
<Loc File="C:\component\ES008A_PwrSply_Impl\src\PwrSply.c" Line="852" Column="29">
</Loc>
<Message>
All automatic variables shall have been assigned a value before being used.
</Message>
</Rule>

<Rule Name="9.1" Mode="required" Report="warning" Id="12">
<Loc File="C:\component\ES008A_PwrSply_Impl\src\PwrSply.c" Line="883" Column="60">
</Loc>
<Message>
All automatic variables shall have been assigned a value before being used.
</Message>
</Rule>

<Rule Name="9.1" Mode="required" Report="warning" Id="13">
<Loc File="C:\component\ES008A_PwrSply_Impl\src\PwrSply.c" Line="915" Column="60">
</Loc>
<Message>
All automatic variables shall have been assigned a value before being used.
</Message>
</Rule>

</CodeStruct>

<CodeStruct Name="PwrSplyInit1" File="C:\component\ES008A_PwrSply_Impl\src\PwrSply.c" Line="684" Column="5">

<Rule Name="21.1" Mode="required" Report="warning" Id="14">
<Loc File="C:\component\ES008A_PwrSply_Impl\src\PwrSply.c" Line="691" Column="8">
</Loc>
<Message>
Minimisation of run-time failures.
</Message>
</Rule>

<Rule Name="21.1" Mode="required" Report="warning" Id="15">
<Loc File="C:\component\ES008A_PwrSply_Impl\src\PwrSply.c" Line="691" Column="26">
</Loc>
<Message>
Minimisation of run-time failures.
</Message>
</Rule>

<Rule Name="21.1" Mode="required" Report="warning" Id="16">
<Loc File="C:\component\ES008A_PwrSply_Impl\src\PwrSply.c" Line="692" Column="8">
</Loc>
<Message>
Minimisation of run-time failures.
</Message>
</Rule>

<Rule Name="21.1" Mode="required" Report="warning" Id="17">
<Loc File="C:\component\ES008A_PwrSply_Impl\src\PwrSply.c" Line="693" Column="8">
</Loc>
<Message>
Minimisation of run-time failures.
</Message>
</Rule>

</CodeStruct>

</MISRA-C-Report>
