<?xml version="1.0" encoding="UTF-8"?>
<MISRA-C-Report-Summary>
<File Mode="advisory" Error="0" Warning="2" Total="2">
<Name>
C:\Component\SF033A_VehSigCdng_Impl\src\VehSigCdng.c</Name>
</File>
<File Mode="required" Error="0" Warning="31" Total="31">
<Name>
C:\Component\SF033A_VehSigCdng_Impl\src\VehSigCdng.c</Name>
</File>
<Rule Name="9.1" Count="11" Mode="required" Severity="warning">
<Message>
All automatic variables shall have been assigned a value before being used.</Message>
</Rule>
<Rule Name="21.1" Count="10" Mode="required" Severity="warning">
<Message>
Minimisation of run-time failures.</Message>
</Rule>
<Rule Name="5.1" Count="6" Mode="required" Severity="warning">
<Message>
</Message>
</Rule>
<Rule Name="19.11" Count="4" Mode="required" Severity="warning">
<Message>
`FLTINJENA' is not defined.</Message>
</Rule>
<Rule Name="19.1" Count="2" Mode="advisory" Severity="warning">
<Message>
#include statements in a file shall only be preceded by other preprocessor directives or comments.</Message>
</Rule>
</MISRA-C-Report-Summary>
