<?xml version="1.0" encoding="UTF-8"?>
<Navig version="1.0">
<Files>
<F id="1" n="C:\Program Files\MATLAB\R2013b\polyspace\verifier\cxx\cinclude\stdarg.h"/>
<F id="2" n="C:\Component\AR201A_ArCplrSuprt_Impl\include\ASR4.0.3\Platform_Types.h"/>
<F id="3" n="C:\Component\AR200A_ArSuprt_Impl\include\ASR4.0.3\Std_Types.h"/>
<F id="4" n="C:\Component\ES004A_PwrUpSeq_Impl\tools\contract\Rte_Type.h"/>
<F id="5" n="C:\Component\ES004A_PwrUpSeq_Impl\tools\contract\Rte_PwrUpSeq.h"/>
<F id="6" n="C:\Component\ES004A_PwrUpSeq_Impl\src\PwrUpSeq.c"/>
<F id="7" n="C-STUBS\__polyspace__stdstubs.c"/>
<F id="8" n="C:\Program Files\MATLAB\R2013b\polyspace\verifier\cxx\cinclude\__polyspace__std_decls.h"/>
<F id="9" n="C:\Program Files\MATLAB\R2013b\polyspace\verifier\cxx\cinclude\assert.h"/>
<F id="10" n="C:\Program Files\MATLAB\R2013b\polyspace\verifier\cxx\cinclude\__polyspace__libc_defs.h"/>
<F id="11" n="C:\Component\ES004A_PwrUpSeq_Impl\tools\contract\Rte_PwrUpSeq_Type.h"/>
<F id="12" n="C:\Component\ES004A_PwrUpSeq_Impl\tools\contract\Rte.h"/>
<F id="13" n="C:\Component\AR201A_ArCplrSuprt_Impl\include\ASR4.0.3\Compiler.h"/>
<F id="14" n="C:\Component\AR201A_ArCplrSuprt_Impl\tools\contract\Compiler_Cfg.h"/>
<F id="15" n="C:\Component\AR201A_ArCplrSuprt_Impl\tools\contract\Renesas_Compiler.h"/>
<F id="16" n="C:\Component\ES004A_PwrUpSeq_Impl\tools\contract\Rte_DataHandleType.h"/>
<F id="17" n="C:\Component\AR200A_ArSuprt_Impl\tools\contract\MemMap.h"/>
<F id="18" n="C:\Component\ES004A_PwrUpSeq_Impl\tools\contract\PwrUpSeq_MemMap.h"/>
<F id="19" n="C:\Component\ES999A_ElecGlbPrm_Impl\include\ElecGlbPrm.h"/>
<F id="20" n="C:\Component\ES004A_PwrUpSeq_Impl\tools\contract\ElecGlbPrm_Cfg.h"/>
</Files>
<Definitions>
<D id="1" f="7" l="6986" c="14" n="_polyspace_compare_function_type" t="7" d="1"/>
<D id="2" f="7" l="11430" c="23" n="random" t="4" d="1"/>
<D id="3" f="7" l="11446" c="21" n="HUGE_VAL" t="1" d="1"/>
<D id="4" f="7" l="11428" c="12" n="_polyspace_random_long_double" t="2" d="1"/>
<D id="5" f="7" l="11447" c="21" n="HUGE_VALF" t="1" d="1"/>
<D id="6" f="7" l="11448" c="21" n="HUGE_VALL" t="1" d="1"/>
<D id="7" f="7" l="12290" c="16" n="__polyspace_absolute_address" t="1" d="1"/>
<D id="8" f="4" l="70" c="2" n="MotPrmNomEolRec2" t="7" d="1"/>
<D id="9" f="4" l="63" c="2" n="HwAgOffsRec1" t="7" d="1"/>
<D id="10" f="4" l="77" c="2" n="MotPrmNomEolRec3" t="7" d="1"/>
<D id="11" f="5" l="48" c="7" n="Rte_CDS_PwrUpSeq" t="6" d="1"/>
<D id="12" f="5" l="51" c="9" n="Pim_PwrTurnOffCtrlPrev" t="9" d="1"/>
<D id="13" f="4" l="61" c="10" n="OffsTrim" t="9" d="1"/>
<D id="14" f="4" l="62" c="10" n="OffsTrimPrfmdSts" t="9" d="1"/>
<D id="15" f="3" l="141" c="2" n="Std_VersionInfoType" t="7" d="1"/>
<D id="16" f="4" l="75" c="10" n="MotBackEmfConNom" t="9" d="1"/>
<D id="17" f="5" l="63" c="39" n="Rte_Instance" t="7" d="1"/>
<D id="18" f="6" l="211" c="5" n="PwrUpSeqPer1" t="2" d="1"/>
<D id="19" f="4" l="76" c="10" n="MotRNom" t="9" d="1"/>
<D id="20" f="4" l="50" c="15" n="Ary1D_u16_257" t="7" d="1"/>
<D id="21" f="4" l="68" c="10" n="MotKeNom" t="9" d="1"/>
<D id="22" f="4" l="69" c="10" n="MotRNom" t="9" d="1"/>
<D id="23" f="1" l="45" c="14" n="__va_list" t="7" d="1"/>
<D id="24" f="4" l="35" c="14" n="SysSt1" t="7" d="1"/>
<D id="25" f="6" l="142" c="5" n="PwrTurnOffCtrl_Oper" t="2" d="1"/>
<D id="26" f="4" l="80" c="15" n="s11p4" t="7" d="1"/>
<D id="27" f="4" l="53" c="15" n="Ary1D_u32_8" t="7" d="1"/>
<D id="28" f="5" l="90" c="15" n="Rte_Read_PwrUpSeq_MotDrvr0IninTestCmpl_Logl" t="2" d="0"/>
<D id="29" f="4" l="56" c="14" n="Ary1D_u8_22" t="7" d="1"/>
<D id="30" f="5" l="91" c="15" n="Rte_Read_PwrUpSeq_MotDrvr1IninTestCmpl_Logl" t="2" d="0"/>
<D id="31" f="1" l="50" c="18" n="__gnuc_va_list" t="7" d="1"/>
<D id="32" f="4" l="44" c="16" n="Ary1D_f32_8" t="7" d="1"/>
<D id="33" f="4" l="92" c="15" n="s4p11" t="7" d="1"/>
<D id="34" f="4" l="83" c="15" n="s15p16" t="7" d="1"/>
<D id="35" f="5" l="92" c="15" n="Rte_Read_PwrUpSeq_PwrDiscnctATestCmpl_Logl" t="2" d="0"/>
<D id="36" f="4" l="47" c="15" n="Ary1D_s16_22" t="7" d="1"/>
<D id="37" f="5" l="93" c="15" n="Rte_Read_PwrUpSeq_PwrDiscnctBTestCmpl_Logl" t="2" d="0"/>
<D id="38" f="5" l="94" c="15" n="Rte_Read_PwrUpSeq_SysSt_Val" t="2" d="0"/>
<D id="39" f="6" l="165" c="5" n="PwrUpSeqInit1" t="2" d="1"/>
<D id="40" f="4" l="95" c="15" n="s8p7" t="7" d="1"/>
<D id="41" f="4" l="86" c="15" n="s18p13" t="7" d="1"/>
<D id="42" f="5" l="95" c="15" n="Rte_Read_PwrUpSeq_TmplMonIninTestCmpl_Logl" t="2" d="0"/>
<D id="43" f="7" l="537" c="4" n="errno" t="1" d="1"/>
<D id="44" f="5" l="96" c="15" n="Rte_Write_PwrUpSeq_StrtUpSt_Val" t="2" d="0"/>
<D id="45" f="5" l="97" c="15" n="Rte_Write_PwrUpSeq_SysStWrmIninCmpl_Logl" t="2" d="0"/>
<D id="46" f="5" l="88" c="15" n="Rte_Read_PwrUpSeq_CodFlsCrcChkCmpl_Logl" t="2" d="0"/>
<D id="47" f="4" l="98" c="15" n="u0p16" t="7" d="1"/>
<D id="48" f="5" l="58" c="44" n="Rte_Inst_PwrUpSeq" t="1" d="0"/>
<D id="49" f="4" l="89" c="15" n="s2p13" t="7" d="1"/>
<D id="50" f="5" l="98" c="15" n="Rte_Call_PwrUpSeq_IoHwAb_SetGpioPwrTurnOffCtrl_Oper" t="2" d="0"/>
<D id="51" f="5" l="89" c="15" n="Rte_Read_PwrUpSeq_CurrMeasWrmIninTestCmpl_Logl" t="2" d="0"/>
<D id="52" f="1" l="49" c="18" n="va_list" t="7" d="1"/>
<D id="53" f="3" l="140" c="10" n="sw_patch_version" t="9" d="1"/>
<D id="54" f="2" l="110" c="31" n="uint32" t="7" d="1"/>
<D id="55" f="2" l="112" c="31" n="sint8_least" t="7" d="1"/>
<D id="56" f="2" l="103" c="31" n="boolean" t="7" d="1"/>
<D id="57" f="4" l="200" c="14" n="Ary1D_u4p12_12" t="7" d="1"/>
<D id="58" f="2" l="113" c="31" n="uint8_least" t="7" d="1"/>
<D id="59" f="4" l="230" c="13" n="Ary1D_u8p8_8" t="7" d="1"/>
<D id="60" f="4" l="221" c="13" n="Ary1D_u8p8_2" t="7" d="1"/>
<D id="61" f="3" l="136" c="10" n="vendorID" t="9" d="1"/>
<D id="62" f="2" l="114" c="31" n="sint16_least" t="7" d="1"/>
<D id="63" f="4" l="110" c="15" n="u16p0" t="7" d="1"/>
<D id="64" f="2" l="105" c="31" n="sint8" t="7" d="1"/>
<D id="65" f="4" l="101" c="15" n="u10p6" t="7" d="1"/>
<D id="66" f="3" l="137" c="10" n="moduleID" t="9" d="1"/>
<D id="67" f="7" l="161" c="21" n="size_t" t="7" d="1"/>
<D id="68" f="4" l="140" c="14" n="Ary1D_s2p13_1024" t="7" d="1"/>
<D id="69" f="2" l="115" c="31" n="uint16_least" t="7" d="1"/>
<D id="70" f="4" l="212" c="14" n="Ary1D_u5p11_5" t="7" d="1"/>
<D id="71" f="2" l="106" c="31" n="uint8" t="7" d="1"/>
<D id="72" f="4" l="203" c="14" n="Ary1D_u4p12_14" t="7" d="1"/>
<D id="73" f="4" l="260" c="22" n="Ary2D_u2p14_12_5" t="7" d="1"/>
<D id="74" f="3" l="138" c="10" n="sw_major_version" t="9" d="1"/>
<D id="75" f="3" l="132" c="14" n="Std_ReturnType" t="7" d="1"/>
<D id="76" f="4" l="242" c="13" n="Ary1D_u9p7_6" t="7" d="1"/>
<D id="77" f="2" l="116" c="31" n="sint32_least" t="7" d="1"/>
<D id="78" f="4" l="233" c="13" n="Ary1D_u9p7_12" t="7" d="1"/>
<D id="79" f="2" l="107" c="31" n="sint16" t="7" d="1"/>
<D id="80" f="3" l="125" c="22" n="StatusType" t="7" d="1"/>
<D id="81" f="4" l="224" c="13" n="Ary1D_u8p8_20" t="7" d="1"/>
<D id="82" f="3" l="139" c="10" n="sw_minor_version" t="9" d="1"/>
<D id="83" f="4" l="215" c="13" n="Ary1D_u7p9_4" t="7" d="1"/>
<D id="84" f="4" l="131" c="15" n="u8p8" t="7" d="1"/>
<D id="85" f="7" l="163" c="12" n="ptrdiff_t" t="7" d="1"/>
<D id="86" f="4" l="122" c="15" n="u4p12" t="7" d="1"/>
<D id="87" f="2" l="117" c="31" n="uint32_least" t="7" d="1"/>
<D id="88" f="4" l="113" c="15" n="u1p15" t="7" d="1"/>
<D id="89" f="4" l="251" c="23" n="Ary2D_s4p11_12_20" t="7" d="1"/>
<D id="90" f="2" l="108" c="31" n="uint16" t="7" d="1"/>
<D id="91" f="4" l="104" c="15" n="u11p5" t="7" d="1"/>
<D id="92" f="4" l="170" c="14" n="Ary1D_u12p4_16" t="7" d="1"/>
<D id="93" f="4" l="161" c="14" n="Ary1D_u11p5_11" t="7" d="1"/>
<D id="94" f="4" l="152" c="14" n="Ary1D_u0p16_8" t="7" d="1"/>
<D id="95" f="2" l="127" c="31" n="sint64" t="7" d="1"/>
<D id="96" f="4" l="143" c="14" n="Ary1D_s2p13_1025" t="7" d="1"/>
<D id="97" f="4" l="281" c="22" n="Ary2D_u8p8_12_20" t="7" d="1"/>
<D id="98" f="2" l="109" c="31" n="sint32" t="7" d="1"/>
<D id="99" f="4" l="206" c="14" n="Ary1D_u5p11_13" t="7" d="1"/>
<D id="100" f="4" l="263" c="22" n="Ary2D_u2p14_7_6" t="7" d="1"/>
<D id="101" f="6" l="142" c="33" n="PinSt_Arg" t="4" d="1"/>
<D id="102" f="2" l="128" c="31" n="uint64" t="7" d="1"/>
<D id="103" f="4" l="245" c="13" n="Ary1D_u9p7_7" t="7" d="1"/>
<D id="104" f="4" l="236" c="13" n="Ary1D_u9p7_16" t="7" d="1"/>
<D id="105" f="6" l="220" c="17" n="PwrDiscnctATestCmpl_Cnt_T_lgc" t="4" d="1"/>
<D id="106" f="4" l="227" c="13" n="Ary1D_u8p8_4" t="7" d="1"/>
<D id="107" f="4" l="284" c="21" n="Ary2D_u8p8_9_4" t="7" d="1"/>
<D id="108" f="4" l="218" c="13" n="Ary1D_u8p8_14" t="7" d="1"/>
<D id="109" f="4" l="275" c="21" n="Ary2D_u7p9_8_4" t="7" d="1"/>
<D id="110" f="7" l="166" c="21" n="wchar_t" t="7" d="1"/>
<D id="111" f="7" l="571" c="13" n="_polyspace_random_int" t="5" d="1"/>
<D id="112" f="2" l="138" c="31" n="float32" t="7" d="1"/>
<D id="113" f="4" l="134" c="15" n="u9p7" t="7" d="1"/>
<D id="114" f="4" l="272" c="23" n="Ary2D_u5p11_9_16" t="7" d="1"/>
<D id="115" f="4" l="125" c="15" n="u5p11" t="7" d="1"/>
<D id="116" f="4" l="191" c="14" n="Ary1D_u2p14_6" t="7" d="1"/>
<D id="117" f="6" l="230" c="17" n="SysStWrmIninCmpl_Cnt_T_lgc" t="4" d="1"/>
<D id="118" f="4" l="116" c="15" n="u2p14" t="7" d="1"/>
<D id="119" f="4" l="182" c="14" n="Ary1D_u2p14_16" t="7" d="1"/>
<D id="120" f="4" l="254" c="23" n="Ary2D_u12p4_12_13" t="7" d="1"/>
<D id="121" f="6" l="221" c="17" n="TmplMonIninTestCmpl_Cnt_T_lgc" t="4" d="1"/>
<D id="122" f="4" l="107" c="15" n="u12p4" t="7" d="1"/>
<D id="123" f="4" l="173" c="14" n="Ary1D_u16p0_2" t="7" d="1"/>
<D id="124" f="4" l="164" c="14" n="Ary1D_u11p5_4" t="7" d="1"/>
<D id="125" f="2" l="139" c="31" n="float64" t="7" d="1"/>
<D id="126" f="4" l="155" c="14" n="Ary1D_u10p6_4" t="7" d="1"/>
<D id="127" f="4" l="146" c="14" n="Ary1D_s4p11_20" t="7" d="1"/>
<D id="128" f="4" l="137" c="14" n="Ary1D_s11p4_14" t="7" d="1"/>
<D id="129" f="6" l="222" c="17" n="PwrDiscnctBTestCmpl_Cnt_T_lgc" t="4" d="1"/>
<D id="130" f="4" l="209" c="14" n="Ary1D_u5p11_16" t="7" d="1"/>
<D id="131" f="7" l="3641" c="4" n="__polyspace_nb_varargs" t="1" d="1"/>
<D id="132" f="4" l="248" c="13" n="Ary1D_u9p7_9" t="7" d="1"/>
<D id="133" f="4" l="239" c="13" n="Ary1D_u9p7_4" t="7" d="1"/>
<D id="134" f="6" l="223" c="17" n="MotDrvr0IninTestCmpl_Cnt_T_lgc" t="4" d="1"/>
<D id="135" f="7" l="563" c="23" n="_polyspace_random_uchar" t="5" d="1"/>
<D id="136" f="4" l="149" c="13" n="Ary1D_s8p7_14" t="7" d="1"/>
<D id="137" f="4" l="287" c="21" n="Ary2D_u8p8_9_8" t="7" d="1"/>
<D id="138" f="4" l="278" c="21" n="Ary2D_u7p9_9_4" t="7" d="1"/>
<D id="139" f="4" l="128" c="15" n="u7p9" t="7" d="1"/>
<D id="140" f="4" l="194" c="14" n="Ary1D_u3p13_10" t="7" d="1"/>
<D id="141" f="4" l="266" c="23" n="Ary2D_u5p11_12_13" t="7" d="1"/>
<D id="142" f="4" l="119" c="15" n="u3p13" t="7" d="1"/>
<D id="143" f="4" l="185" c="14" n="Ary1D_u2p14_2" t="7" d="1"/>
<D id="144" f="4" l="257" c="23" n="Ary2D_u12p4_9_16" t="7" d="1"/>
<D id="145" f="6" l="224" c="17" n="MotDrvr1IninTestCmpl_Cnt_T_lgc" t="4" d="1"/>
<D id="146" f="4" l="176" c="14" n="Ary1D_u1p15_11" t="7" d="1"/>
<D id="147" f="4" l="167" c="14" n="Ary1D_u12p4_13" t="7" d="1"/>
<D id="148" f="6" l="226" c="16" n="SysSt_Cnt_T_enum" t="4" d="1"/>
<D id="149" f="7" l="555" c="14" n="_polyspace_random_char" t="5" d="1"/>
<D id="150" f="4" l="158" c="14" n="Ary1D_u11p5_10" t="7" d="1"/>
<D id="151" f="6" l="225" c="17" n="CurrMeasWrmIninTestCmpl_Cnt_T_lgc" t="4" d="1"/>
<D id="152" f="4" l="269" c="22" n="Ary2D_u5p11_12_5" t="7" d="1"/>
<D id="153" f="7" l="573" c="24" n="random" t="4" d="1"/>
<D id="154" f="6" l="229" c="15" n="StrtUpSt_Cnt_T_u08" t="4" d="1"/>
<D id="155" f="7" l="581" c="25" n="random" t="4" d="1"/>
<D id="156" f="7" l="3640" c="7" n="__polyspace_vararg" t="1" d="1"/>
<D id="157" f="4" l="197" c="14" n="Ary1D_u4p12_11" t="7" d="1"/>
<D id="158" f="4" l="188" c="14" n="Ary1D_u2p14_5" t="7" d="1"/>
<D id="159" f="4" l="179" c="14" n="Ary1D_u1p15_2" t="7" d="1"/>
<D id="160" f="7" l="565" c="34" n="random" t="4" d="1"/>
<D id="161" f="6" l="219" c="17" n="CodFlsCrcChkCmpl_Cnt_T_lgc" t="4" d="1"/>
<D id="162" f="7" l="587" c="23" n="_polyspace_random_ulong" t="5" d="1"/>
<D id="163" f="7" l="557" c="25" n="random" t="4" d="1"/>
<D id="164" f="7" l="594" c="16" n="_polyspace_random_double" t="5" d="1"/>
<D id="165" f="7" l="579" c="14" n="_polyspace_random_long" t="5" d="1"/>
<D id="166" f="7" l="589" c="34" n="random" t="4" d="1"/>
<D id="167" f="7" l="596" c="27" n="random" t="4" d="1"/>
</Definitions>
<Uses>
<U id="1" f="7" l="11431" c="9" d="2" a="0"/>
<U id="2" f="5" l="90" c="0" d="75" a="0"/>
<U id="3" f="5" l="51" c="2" d="71" a="0"/>
<U id="4" f="5" l="91" c="0" d="75" a="0"/>
<U id="5" f="4" l="61" c="2" d="112" a="0"/>
<U id="6" f="5" l="92" c="0" d="75" a="0"/>
<U id="7" f="4" l="62" c="2" d="56" a="0"/>
<U id="8" f="5" l="93" c="0" d="75" a="0"/>
<U id="9" f="5" l="94" c="0" d="75" a="0"/>
<U id="10" f="5" l="95" c="0" d="75" a="0"/>
<U id="11" f="5" l="96" c="0" d="75" a="0"/>
<U id="12" f="4" l="75" c="2" d="112" a="0"/>
<U id="13" f="5" l="97" c="0" d="75" a="0"/>
<U id="14" f="4" l="76" c="2" d="112" a="0"/>
<U id="15" f="5" l="88" c="0" d="75" a="0"/>
<U id="16" f="1" l="50" c="8" d="23" a="0"/>
<U id="17" f="5" l="98" c="0" d="75" a="0"/>
<U id="18" f="5" l="89" c="0" d="75" a="0"/>
<U id="19" f="4" l="68" c="2" d="112" a="0"/>
<U id="20" f="4" l="50" c="8" d="90" a="0"/>
<U id="21" f="4" l="69" c="2" d="112" a="0"/>
<U id="22" f="4" l="80" c="8" d="79" a="0"/>
<U id="23" f="4" l="53" c="8" d="54" a="0"/>
<U id="24" f="4" l="44" c="8" d="112" a="0"/>
<U id="25" f="4" l="35" c="8" d="71" a="0"/>
<U id="26" f="1" l="84" c="7" d="52" a="0"/>
<U id="27" f="4" l="92" c="8" d="79" a="0"/>
<U id="28" f="4" l="83" c="8" d="98" a="0"/>
<U id="29" f="4" l="56" c="8" d="71" a="0"/>
<U id="30" f="4" l="47" c="8" d="79" a="0"/>
<U id="31" f="1" l="49" c="8" d="23" a="0"/>
<U id="32" f="4" l="95" c="8" d="79" a="0"/>
<U id="33" f="4" l="86" c="8" d="98" a="0"/>
<U id="34" f="4" l="98" c="8" d="90" a="0"/>
<U id="35" f="4" l="89" c="8" d="79" a="0"/>
<U id="36" f="3" l="140" c="3" d="71" a="0"/>
<U id="37" f="5" l="63" c="21" d="11" a="0"/>
<U id="38" f="1" l="84" c="39" d="52" a="0"/>
<U id="39" f="5" l="90" c="59" d="56" a="0"/>
<U id="40" f="4" l="200" c="8" d="86" a="0"/>
<U id="41" f="5" l="58" c="20" d="11" a="0"/>
<U id="42" f="4" l="110" c="8" d="90" a="0"/>
<U id="43" f="5" l="91" c="59" d="56" a="0"/>
<U id="44" f="4" l="101" c="8" d="90" a="0"/>
<U id="45" f="3" l="136" c="3" d="90" a="0"/>
<U id="46" f="3" l="137" c="3" d="90" a="0"/>
<U id="47" f="6" l="220" c="8" d="56" a="0"/>
<U id="48" f="4" l="230" c="8" d="84" a="0"/>
<U id="49" f="3" l="138" c="3" d="71" a="0"/>
<U id="50" f="4" l="140" c="8" d="49" a="0"/>
<U id="51" f="4" l="221" c="8" d="84" a="0"/>
<U id="52" f="4" l="131" c="8" d="90" a="0"/>
<U id="53" f="4" l="212" c="8" d="115" a="0"/>
<U id="54" f="6" l="230" c="8" d="56" a="0"/>
<U id="55" f="4" l="122" c="8" d="90" a="0"/>
<U id="56" f="4" l="203" c="8" d="86" a="0"/>
<U id="57" f="6" l="221" c="8" d="56" a="0"/>
<U id="58" f="4" l="113" c="8" d="90" a="0"/>
<U id="59" f="4" l="104" c="8" d="90" a="0"/>
<U id="60" f="3" l="132" c="8" d="71" a="0"/>
<U id="61" f="3" l="139" c="3" d="71" a="0"/>
<U id="62" f="6" l="222" c="8" d="56" a="0"/>
<U id="63" f="4" l="260" c="8" d="158" a="0"/>
<U id="64" f="4" l="170" c="8" d="122" a="0"/>
<U id="65" f="4" l="251" c="8" d="127" a="0"/>
<U id="66" f="6" l="223" c="8" d="56" a="0"/>
<U id="67" f="4" l="161" c="8" d="91" a="0"/>
<U id="68" f="4" l="242" c="8" d="113" a="0"/>
<U id="69" f="4" l="152" c="8" d="47" a="0"/>
<U id="70" f="4" l="233" c="8" d="113" a="0"/>
<U id="71" f="4" l="143" c="8" d="49" a="0"/>
<U id="72" f="4" l="224" c="8" d="84" a="0"/>
<U id="73" f="4" l="134" c="8" d="90" a="0"/>
<U id="74" f="4" l="215" c="8" d="139" a="0"/>
<U id="75" f="5" l="94" c="43" d="24" a="0"/>
<U id="76" f="4" l="125" c="8" d="90" a="0"/>
<U id="77" f="4" l="206" c="8" d="115" a="0"/>
<U id="78" f="6" l="224" c="8" d="56" a="0"/>
<U id="79" f="4" l="116" c="8" d="90" a="0"/>
<U id="80" f="4" l="107" c="8" d="90" a="0"/>
<U id="81" f="6" l="225" c="8" d="56" a="0"/>
<U id="82" f="4" l="281" c="8" d="81" a="0"/>
<U id="83" f="4" l="191" c="8" d="118" a="0"/>
<U id="84" f="4" l="272" c="8" d="130" a="0"/>
<U id="85" f="4" l="182" c="8" d="118" a="0"/>
<U id="86" f="4" l="263" c="8" d="116" a="0"/>
<U id="87" f="4" l="173" c="8" d="63" a="0"/>
<U id="88" f="4" l="254" c="8" d="147" a="0"/>
<U id="89" f="6" l="226" c="8" d="24" a="0"/>
<U id="90" f="4" l="164" c="8" d="91" a="0"/>
<U id="91" f="4" l="245" c="8" d="113" a="0"/>
<U id="92" f="4" l="155" c="8" d="65" a="0"/>
<U id="93" f="4" l="236" c="8" d="113" a="0"/>
<U id="94" f="4" l="146" c="8" d="33" a="0"/>
<U id="95" f="4" l="227" c="8" d="84" a="0"/>
<U id="96" f="4" l="137" c="8" d="26" a="0"/>
<U id="97" f="4" l="218" c="8" d="84" a="0"/>
<U id="98" f="4" l="128" c="8" d="90" a="0"/>
<U id="99" f="4" l="209" c="8" d="115" a="0"/>
<U id="100" f="4" l="119" c="8" d="90" a="0"/>
<U id="101" f="5" l="89" c="62" d="56" a="0"/>
<U id="102" f="6" l="219" c="8" d="56" a="0"/>
<U id="103" f="4" l="284" c="8" d="106" a="0"/>
<U id="104" f="4" l="194" c="8" d="142" a="0"/>
<U id="105" f="4" l="275" c="8" d="83" a="0"/>
<U id="106" f="4" l="185" c="8" d="118" a="0"/>
<U id="107" f="4" l="266" c="8" d="99" a="0"/>
<U id="108" f="4" l="176" c="8" d="88" a="0"/>
<U id="109" f="4" l="257" c="8" d="92" a="0"/>
<U id="110" f="6" l="229" c="8" d="71" a="0"/>
<U id="111" f="4" l="167" c="8" d="122" a="0"/>
<U id="112" f="4" l="248" c="8" d="113" a="0"/>
<U id="113" f="4" l="158" c="8" d="91" a="0"/>
<U id="114" f="4" l="239" c="8" d="113" a="0"/>
<U id="115" f="4" l="149" c="8" d="40" a="0"/>
<U id="116" f="5" l="88" c="55" d="56" a="0"/>
<U id="117" f="5" l="92" c="58" d="56" a="0"/>
<U id="118" f="5" l="96" c="47" d="71" a="0"/>
<U id="119" f="5" l="93" c="58" d="56" a="0"/>
<U id="120" f="4" l="287" c="8" d="59" a="0"/>
<U id="121" f="4" l="197" c="8" d="86" a="0"/>
<U id="122" f="4" l="278" c="8" d="83" a="0"/>
<U id="123" f="5" l="97" c="56" d="56" a="0"/>
<U id="124" f="4" l="188" c="8" d="118" a="0"/>
<U id="125" f="4" l="269" c="8" d="70" a="0"/>
<U id="126" f="4" l="179" c="8" d="88" a="0"/>
<U id="127" f="5" l="95" c="58" d="56" a="0"/>
<U id="128" f="5" l="98" c="67" d="56" a="0"/>
<U id="129" f="6" l="313" c="10" d="48" a="0"/>
<U id="130" f="6" l="300" c="40" d="154" a="1"/>
<U id="131" f="6" l="313" c="29" d="12" a="0"/>
<U id="132" f="6" l="301" c="40" d="117" a="1"/>
<U id="133" f="6" l="270" c="40" d="154" a="1"/>
<U id="134" f="6" l="314" c="13" d="48" a="0"/>
<U id="135" f="6" l="320" c="15" d="45" a="0"/>
<U id="136" f="7" l="590" c="11" d="166" a="0"/>
<U id="137" f="6" l="271" c="40" d="117" a="1"/>
<U id="138" f="6" l="240" c="15" d="51" a="0"/>
<U id="139" f="6" l="314" c="32" d="12" a="0"/>
<U id="140" f="7" l="582" c="11" d="155" a="0"/>
<U id="141" f="6" l="241" c="15" d="38" a="0"/>
<U id="142" f="6" l="282" c="40" d="154" a="1"/>
<U id="143" f="6" l="264" c="40" d="154" a="1"/>
<U id="144" f="7" l="574" c="11" d="153" a="0"/>
<U id="145" f="6" l="283" c="40" d="117" a="1"/>
<U id="146" f="6" l="142" c="25" d="56" a="0"/>
<U id="147" f="6" l="265" c="40" d="117" a="1"/>
<U id="148" f="6" l="291" c="41" d="161" a="0"/>
<U id="149" f="7" l="566" c="11" d="160" a="0"/>
<U id="150" f="6" l="234" c="15" d="46" a="0"/>
<U id="151" f="6" l="235" c="60" d="105" a="1"/>
<U id="152" f="6" l="273" c="41" d="129" a="0"/>
<U id="153" f="6" l="308" c="32" d="154" a="1"/>
<U id="154" f="6" l="235" c="15" d="35" a="0"/>
<U id="155" f="6" l="236" c="60" d="121" a="1"/>
<U id="156" f="7" l="558" c="11" d="163" a="0"/>
<U id="157" f="6" l="252" c="16" d="148" a="0"/>
<U id="158" f="6" l="309" c="32" d="117" a="1"/>
<U id="159" f="6" l="276" c="40" d="154" a="1"/>
<U id="160" f="6" l="256" c="32" d="154" a="1"/>
<U id="161" f="6" l="236" c="15" d="42" a="0"/>
<U id="162" f="6" l="237" c="60" d="129" a="1"/>
<U id="163" f="6" l="241" c="45" d="148" a="1"/>
<U id="164" f="6" l="295" c="40" d="117" a="1"/>
<U id="165" f="6" l="240" c="64" d="151" a="1"/>
<U id="166" f="6" l="277" c="40" d="117" a="1"/>
<U id="167" f="6" l="257" c="32" d="117" a="1"/>
<U id="168" f="6" l="316" c="16" d="25" a="0"/>
<U id="169" f="6" l="285" c="41" d="151" a="0"/>
<U id="170" f="6" l="237" c="15" d="37" a="0"/>
<U id="171" f="6" l="267" c="41" d="121" a="0"/>
<U id="172" f="7" l="597" c="11" d="167" a="0"/>
<U id="173" f="6" l="149" c="14" d="50" a="0"/>
<U id="174" f="6" l="261" c="36" d="105" a="0"/>
<U id="175" f="6" l="238" c="15" d="28" a="0"/>
<U id="176" f="6" l="319" c="15" d="44" a="0"/>
<U id="177" f="6" l="288" c="40" d="154" a="1"/>
<U id="178" f="6" l="238" c="61" d="134" a="1"/>
<U id="179" f="6" l="320" c="57" d="117" a="0"/>
<U id="180" f="6" l="239" c="15" d="30" a="0"/>
<U id="181" f="6" l="289" c="40" d="117" a="1"/>
<U id="182" f="6" l="239" c="61" d="145" a="1"/>
<U id="183" f="6" l="279" c="42" d="134" a="0"/>
<U id="184" f="6" l="234" c="57" d="161" a="1"/>
<U id="185" f="6" l="294" c="36" d="154" a="1"/>
<U id="186" f="6" l="319" c="48" d="154" a="0"/>
<U id="187" f="6" l="149" c="66" d="101" a="0"/>
<U id="188" f="6" l="279" c="84" d="145" a="0"/>
</Uses>
<Blocks>
<B id="1" t="routine" f="6" l="142" c="5">
<BEGIN l="143" c="0"/>
<END l="153" c="0"/>
</B>
<B id="2" t="routine" f="6" l="165" c="5">
<BEGIN l="166" c="0"/>
<END l="176" c="0"/>
</B>
<B id="3" t="if" f="6" l="314" c="8">
<BEGIN l="315" c="8"/>
<END l="317" c="8"/>
</B>
<B id="4" t="case" f="6" l="307" c="16">
<BEGIN l="308" c="32"/>
<END l="310" c="21"/>
</B>
<B id="5" t="case" f="6" l="306" c="16">
<BEGIN l="306" c="26"/>
<END l="306" c="26"/>
</B>
<B id="6" t="case" f="6" l="305" c="16">
<BEGIN l="305" c="26"/>
<END l="305" c="26"/>
</B>
<B id="7" t="else" f="6" l="297" c="32">
<BEGIN l="298" c="32"/>
<END l="302" c="32"/>
</B>
<B id="8" t="if" f="6" l="291" c="37">
<BEGIN l="292" c="32"/>
<END l="296" c="32"/>
<ELSE d="7"/>
</B>
<B id="9" t="else" f="6" l="291" c="32">
<BEGIN l="291" c="37"/>
<END l="302" c="32"/>
<SUB d="8"/>
</B>
<B id="10" t="if" f="6" l="285" c="37">
<BEGIN l="286" c="32"/>
<END l="290" c="32"/>
<ELSE d="9"/>
</B>
<B id="11" t="else" f="6" l="285" c="32">
<BEGIN l="285" c="37"/>
<END l="302" c="32"/>
<SUB d="10"/>
</B>
<B id="12" t="if" f="6" l="279" c="37">
<BEGIN l="280" c="32"/>
<END l="284" c="32"/>
<ELSE d="11"/>
</B>
<B id="13" t="else" f="6" l="279" c="32">
<BEGIN l="279" c="37"/>
<END l="302" c="32"/>
<SUB d="12"/>
</B>
<B id="14" t="if" f="6" l="273" c="37">
<BEGIN l="274" c="32"/>
<END l="278" c="32"/>
<ELSE d="13"/>
</B>
<B id="15" t="else" f="6" l="273" c="32">
<BEGIN l="273" c="37"/>
<END l="302" c="32"/>
<SUB d="14"/>
</B>
<B id="16" t="if" f="6" l="267" c="37">
<BEGIN l="268" c="32"/>
<END l="272" c="32"/>
<ELSE d="15"/>
</B>
<B id="17" t="else" f="6" l="267" c="32">
<BEGIN l="267" c="37"/>
<END l="302" c="32"/>
<SUB d="16"/>
</B>
<B id="18" t="if" f="6" l="261" c="32">
<BEGIN l="262" c="32"/>
<END l="266" c="32"/>
<ELSE d="17"/>
</B>
<B id="19" t="case" f="6" l="260" c="16">
<BEGIN l="261" c="32"/>
<END l="303" c="21"/>
<SUB d="18"/>
</B>
<B id="20" t="case" f="6" l="255" c="16">
<BEGIN l="256" c="32"/>
<END l="258" c="21"/>
</B>
<B id="21" t="switch" f="6" l="252" c="8">
<BEGIN l="253" c="8"/>
<END l="311" c="8"/>
<CASE d="4"/>
<CASE d="5"/>
<CASE d="6"/>
<CASE d="19"/>
<CASE d="20"/>
</B>
<B id="22" t="routine" f="6" l="211" c="5">
<BEGIN l="212" c="0"/>
<END l="325" c="0"/>
<SUB d="3"/>
<SUB d="21"/>
</B>
<B id="23" t="ppcif" f="8" l="15" c="0">
<BEGIN l="15" c="27"/>
<END l="330" c="0"/>
</B>
<B id="24" t="ppcif" f="8" l="25" c="0">
<BEGIN l="25" c="19"/>
<END l="155" c="0"/>
</B>
<B id="25" t="ppcrmif" f="8" l="46" c="0">
<BEGIN l="46" c="93"/>
<END l="91" c="0"/>
</B>
<B id="26" t="ppcrmif" f="8" l="94" c="0">
<BEGIN l="94" c="91"/>
<END l="153" c="0"/>
</B>
<B id="27" t="ppcrmelse" f="8" l="155" c="0">
<BEGIN l="155" c="35"/>
<END l="328" c="0"/>
</B>
<B id="28" t="ppcif" f="9" l="11" c="0">
<BEGIN l="11" c="27"/>
<END l="36" c="0"/>
</B>
<B id="29" t="ppcrmif" f="9" l="14" c="0">
<BEGIN l="14" c="19"/>
<END l="29" c="0"/>
</B>
<B id="30" t="ppcelse" f="9" l="29" c="0">
<BEGIN l="29" c="5"/>
<END l="33" c="0"/>
</B>
<B id="31" t="ppcif" f="1" l="22" c="0">
<BEGIN l="22" c="17"/>
<END l="109" c="0"/>
</B>
<B id="32" t="ppcrmif" f="1" l="39" c="0">
<BEGIN l="39" c="66"/>
<END l="43" c="0"/>
</B>
<B id="33" t="ppcelse" f="1" l="43" c="0">
<BEGIN l="43" c="60"/>
<END l="47" c="0"/>
</B>
<B id="34" t="ppcrmif" f="1" l="52" c="0">
<BEGIN l="52" c="18"/>
<END l="58" c="0"/>
</B>
<B id="35" t="ppcrmif" f="1" l="62" c="0">
<BEGIN l="62" c="33"/>
<END l="80" c="0"/>
</B>
<B id="36" t="ppcelse" f="1" l="80" c="0">
<BEGIN l="80" c="31"/>
<END l="93" c="0"/>
</B>
<B id="37" t="ppcrmif" f="1" l="96" c="0">
<BEGIN l="96" c="14"/>
<END l="106" c="0"/>
</B>
<B id="38" t="ppcif" f="10" l="3" c="0">
<BEGIN l="3" c="29"/>
<END l="348" c="0"/>
</B>
<B id="39" t="ppcif" f="10" l="61" c="0">
<BEGIN l="63" c="27"/>
<END l="66" c="0"/>
</B>
<B id="40" t="ppcrmif" f="10" l="165" c="0">
<BEGIN l="165" c="17"/>
<END l="206" c="0"/>
</B>
<B id="41" t="ppcrmif" f="10" l="209" c="0">
<BEGIN l="209" c="37"/>
<END l="211" c="0"/>
</B>
<B id="42" t="ppcrmif" f="10" l="213" c="0">
<BEGIN l="213" c="44"/>
<END l="321" c="0"/>
</B>
<B id="43" t="ppcif" f="10" l="323" c="0">
<BEGIN l="323" c="18"/>
<END l="346" c="0"/>
</B>
<B id="44" t="ppcrmif" f="10" l="326" c="0">
<BEGIN l="326" c="18"/>
<END l="328" c="0"/>
</B>
<B id="45" t="ppcrmif" f="10" l="329" c="0">
<BEGIN l="329" c="63"/>
<END l="331" c="0"/>
</B>
<B id="46" t="ppcrmif" f="10" l="332" c="0">
<BEGIN l="332" c="64"/>
<END l="334" c="0"/>
</B>
<B id="47" t="ppcrmif" f="10" l="335" c="0">
<BEGIN l="335" c="16"/>
<END l="340" c="0"/>
</B>
<B id="48" t="ppcif" f="10" l="343" c="0">
<BEGIN l="343" c="57"/>
<END l="345" c="0"/>
</B>
<B id="49" t="type" f="5" l="48" c="7">
<BEGIN l="48" c="22"/>
<END l="53" c="0"/>
</B>
<B id="50" t="ppcif" f="5" l="24" c="0">
<BEGIN l="24" c="23"/>
<END l="265" c="0"/>
</B>
<B id="51" t="ppcrmif" f="5" l="27" c="0">
<BEGIN l="27" c="35"/>
<END l="29" c="0"/>
</B>
<B id="52" t="ppcrmif" f="5" l="33" c="0">
<BEGIN l="33" c="19"/>
<END l="36" c="0"/>
</B>
<B id="53" t="ppcrmif" f="5" l="249" c="0">
<BEGIN l="249" c="19"/>
<END l="251" c="0"/>
</B>
<B id="54" t="ppcif" f="5" l="254" c="0">
<BEGIN l="254" c="26"/>
<END l="262" c="0"/>
</B>
<B id="55" t="ppcif" f="5" l="255" c="0">
<BEGIN l="255" c="25"/>
<END l="259" c="0"/>
</B>
<B id="56" t="ppcrmif" f="5" l="256" c="0">
<BEGIN l="256" c="37"/>
<END l="258" c="0"/>
</B>
<B id="57" t="ppcrmelse" f="5" l="259" c="0">
<BEGIN l="259" c="7"/>
<END l="261" c="0"/>
</B>
<B id="58" t="ppcif" f="11" l="24" c="0">
<BEGIN l="24" c="28"/>
<END l="71" c="0"/>
</B>
<B id="59" t="ppcrmif" f="11" l="27" c="0">
<BEGIN l="27" c="19"/>
<END l="30" c="0"/>
</B>
<B id="60" t="ppcif" f="11" l="38" c="0">
<BEGIN l="38" c="17"/>
<END l="40" c="0"/>
</B>
<B id="61" t="ppcif" f="11" l="42" c="0">
<BEGIN l="42" c="18"/>
<END l="44" c="0"/>
</B>
<B id="62" t="ppcif" f="11" l="46" c="0">
<BEGIN l="46" c="18"/>
<END l="48" c="0"/>
</B>
<B id="63" t="ppcif" f="11" l="50" c="0">
<BEGIN l="50" c="22"/>
<END l="52" c="0"/>
</B>
<B id="64" t="ppcrmif" f="11" l="55" c="0">
<BEGIN l="55" c="19"/>
<END l="57" c="0"/>
</B>
<B id="65" t="ppcif" f="11" l="60" c="0">
<BEGIN l="60" c="26"/>
<END l="68" c="0"/>
</B>
<B id="66" t="ppcif" f="11" l="61" c="0">
<BEGIN l="61" c="25"/>
<END l="65" c="0"/>
</B>
<B id="67" t="ppcrmif" f="11" l="62" c="0">
<BEGIN l="62" c="37"/>
<END l="64" c="0"/>
</B>
<B id="68" t="ppcrmelse" f="11" l="65" c="0">
<BEGIN l="65" c="7"/>
<END l="67" c="0"/>
</B>
<B id="69" t="type" f="4" l="60" c="0">
<BEGIN l="60" c="0"/>
<END l="63" c="0"/>
</B>
<B id="70" t="type" f="4" l="67" c="0">
<BEGIN l="67" c="0"/>
<END l="70" c="0"/>
</B>
<B id="71" t="type" f="4" l="74" c="0">
<BEGIN l="74" c="0"/>
<END l="77" c="0"/>
</B>
<B id="72" t="ppcif" f="4" l="24" c="0">
<BEGIN l="24" c="19"/>
<END l="308" c="0"/>
</B>
<B id="73" t="ppcif" f="4" l="38" c="0">
<BEGIN l="38" c="38"/>
<END l="289" c="0"/>
</B>
<B id="74" t="ppcif" f="4" l="297" c="0">
<BEGIN l="297" c="26"/>
<END l="305" c="0"/>
</B>
<B id="75" t="ppcif" f="4" l="298" c="0">
<BEGIN l="298" c="25"/>
<END l="302" c="0"/>
</B>
<B id="76" t="ppcrmif" f="4" l="299" c="0">
<BEGIN l="299" c="37"/>
<END l="301" c="0"/>
</B>
<B id="77" t="ppcrmelse" f="4" l="302" c="0">
<BEGIN l="302" c="7"/>
<END l="304" c="0"/>
</B>
<B id="78" t="ppcif" f="12" l="25" c="0">
<BEGIN l="25" c="14"/>
<END l="95" c="0"/>
</B>
<B id="79" t="ppcrmif" f="12" l="41" c="0">
<BEGIN l="41" c="33"/>
<END l="43" c="0"/>
</B>
<B id="80" t="ppcrmif" f="12" l="45" c="0">
<BEGIN l="45" c="46"/>
<END l="47" c="0"/>
</B>
<B id="81" t="ppcrmif" f="12" l="49" c="0">
<BEGIN l="49" c="28"/>
<END l="51" c="0"/>
</B>
<B id="82" t="ppcif" f="12" l="84" c="0">
<BEGIN l="84" c="26"/>
<END l="92" c="0"/>
</B>
<B id="83" t="ppcrmif" f="12" l="85" c="0">
<BEGIN l="85" c="25"/>
<END l="89" c="0"/>
</B>
<B id="84" t="ppcelse" f="12" l="89" c="0">
<BEGIN l="89" c="7"/>
<END l="91" c="0"/>
</B>
<B id="85" t="type" f="3" l="135" c="0">
<BEGIN l="135" c="0"/>
<END l="141" c="0"/>
</B>
<B id="86" t="ppcif" f="3" l="56" c="0">
<BEGIN l="56" c="19"/>
<END l="154" c="0"/>
</B>
<B id="87" t="ppcif" f="3" l="122" c="0">
<BEGIN l="122" c="26"/>
<END l="126" c="0"/>
</B>
<B id="88" t="ppcif" f="2" l="43" c="0">
<BEGIN l="43" c="24"/>
<END l="150" c="0"/>
</B>
<B id="89" t="ppcif" f="2" l="81" c="0">
<BEGIN l="81" c="13"/>
<END l="83" c="0"/>
</B>
<B id="90" t="ppcif" f="2" l="85" c="0">
<BEGIN l="85" c="14"/>
<END l="87" c="0"/>
</B>
<B id="91" t="ppcrmif" f="2" l="119" c="0">
<BEGIN l="119" c="46"/>
<END l="125" c="0"/>
</B>
<B id="92" t="ppcelse" f="2" l="125" c="0">
<BEGIN l="125" c="6"/>
<END l="129" c="0"/>
</B>
<B id="93" t="ppcrmif" f="2" l="131" c="0">
<BEGIN l="131" c="46"/>
<END l="137" c="0"/>
</B>
<B id="94" t="ppcelse" f="2" l="137" c="0">
<BEGIN l="137" c="6"/>
<END l="140" c="0"/>
</B>
<B id="95" t="ppcif" f="13" l="43" c="0">
<BEGIN l="43" c="18"/>
<END l="202" c="0"/>
</B>
<B id="96" t="ppcif" f="13" l="88" c="0">
<BEGIN l="88" c="17"/>
<END l="90" c="0"/>
</B>
<B id="97" t="ppcif" f="14" l="19" c="0">
<BEGIN l="19" c="22"/>
<END l="23" c="0"/>
</B>
<B id="98" t="ppcif" f="15" l="19" c="0">
<BEGIN l="19" c="26"/>
<END l="23" c="0"/>
</B>
<B id="99" t="ppcif" f="16" l="24" c="0">
<BEGIN l="24" c="31"/>
<END l="39" c="0"/>
</B>
<B id="100" t="ppcif" f="16" l="28" c="0">
<BEGIN l="28" c="26"/>
<END l="36" c="0"/>
</B>
<B id="101" t="ppcif" f="16" l="29" c="0">
<BEGIN l="29" c="25"/>
<END l="33" c="0"/>
</B>
<B id="102" t="ppcrmif" f="16" l="30" c="0">
<BEGIN l="30" c="37"/>
<END l="32" c="0"/>
</B>
<B id="103" t="ppcrmelse" f="16" l="33" c="0">
<BEGIN l="33" c="7"/>
<END l="35" c="0"/>
</B>
<B id="104" t="ppcif" f="17" l="19" c="0">
<BEGIN l="19" c="16"/>
<END l="24" c="0"/>
</B>
<B id="105" t="ppcif" f="18" l="53" c="0">
<BEGIN l="53" c="30"/>
<END l="57" c="0"/>
</B>
<B id="106" t="ppcrmif" f="18" l="67" c="0">
<BEGIN l="67" c="43"/>
<END l="71" c="0"/>
</B>
<B id="107" t="ppcrmif" f="18" l="81" c="0">
<BEGIN l="81" c="48"/>
<END l="85" c="0"/>
</B>
<B id="108" t="ppcrmif" f="18" l="95" c="0">
<BEGIN l="95" c="46"/>
<END l="99" c="0"/>
</B>
<B id="109" t="ppcrmif" f="18" l="109" c="0">
<BEGIN l="109" c="51"/>
<END l="113" c="0"/>
</B>
<B id="110" t="ppcif" f="18" l="125" c="0">
<BEGIN l="125" c="29"/>
<END l="129" c="0"/>
</B>
<B id="111" t="ppcrmif" f="18" l="139" c="0">
<BEGIN l="139" c="42"/>
<END l="143" c="0"/>
</B>
<B id="112" t="ppcrmif" f="18" l="153" c="0">
<BEGIN l="153" c="47"/>
<END l="157" c="0"/>
</B>
<B id="113" t="ppcrmif" f="18" l="167" c="0">
<BEGIN l="167" c="45"/>
<END l="171" c="0"/>
</B>
<B id="114" t="ppcrmif" f="18" l="181" c="0">
<BEGIN l="181" c="50"/>
<END l="185" c="0"/>
</B>
<B id="115" t="ppcif" f="18" l="201" c="0">
<BEGIN l="201" c="25"/>
<END l="209" c="0"/>
</B>
<B id="116" t="ppcif" f="18" l="202" c="0">
<BEGIN l="202" c="24"/>
<END l="206" c="0"/>
</B>
<B id="117" t="ppcrmif" f="18" l="203" c="0">
<BEGIN l="203" c="36"/>
<END l="205" c="0"/>
</B>
<B id="118" t="ppcrmelse" f="18" l="206" c="0">
<BEGIN l="206" c="6"/>
<END l="208" c="0"/>
</B>
<B id="119" t="ppcif" f="19" l="25" c="0">
<BEGIN l="25" c="20"/>
<END l="201" c="0"/>
</B>
<B id="120" t="ppcif" f="20" l="20" c="0">
<BEGIN l="20" c="24"/>
<END l="57" c="0"/>
</B>
</Blocks>
</Navig>
