<?xml version="1.0" encoding="UTF-8"?>
<MISRA-C-Report-Summary>
<File Mode="required" Error="0" Warning="1" Total="1">
<Name>
C:\Component\DF001A_FltInj_Impl\include\FltInj.h</Name>
</File>
<File Mode="advisory" Error="0" Warning="4" Total="4">
<Name>
C:\Component\DF001A_FltInj_Impl\src\FltInj.c</Name>
</File>
<File Mode="required" Error="0" Warning="6" Total="6">
<Name>
C:\Component\DF001A_FltInj_Impl\src\FltInj.c</Name>
</File>
<Rule Name="19.1" Count="4" Mode="advisory" Severity="warning">
<Message>
#include statements in a file shall only be preceded by other preprocessor directives or comments.</Message>
</Rule>
<Rule Name="21.1" Count="4" Mode="required" Severity="warning">
<Message>
Minimisation of run-time failures.</Message>
</Rule>
<Rule Name="9.1" Count="2" Mode="required" Severity="warning">
<Message>
All automatic variables shall have been assigned a value before being used.</Message>
</Rule>
<Rule Name="5.1" Count="1" Mode="required" Severity="warning">
<Message>
Identifiers "FLTINJ_VEHSIGCDNG_SERLCOMVEHSPDVLD" (FltInj.h line 178 column 8) an ...</Message>
</Rule>
</MISRA-C-Report-Summary>
