<?xml version="1.0" encoding="UTF-8"?>

<MISRA-C-Report version="1.3">


<CodeStruct Name="RngChk" File="C:\Component\ES259A_BattVltgCorrln_Impl\src\BattVltgCorrln.c" Line="1497" Column="13">

<Rule Name="21.1" Mode="required" Report="warning" Id="5">
<Loc File="C:\Component\ES259A_BattVltgCorrln_Impl\src\BattVltgCorrln.c" Line="1510" Column="4">
</Loc>
<Message>
Minimisation of run-time failures.
</Message>
</Rule>

<Rule Name="21.1" Mode="required" Report="warning" Id="6">
<Loc File="C:\Component\ES259A_BattVltgCorrln_Impl\src\BattVltgCorrln.c" Line="1510" Column="29">
</Loc>
<Message>
Minimisation of run-time failures.
</Message>
</Rule>

<Rule Name="21.1" Mode="required" Report="warning" Id="7">
<Loc File="C:\Component\ES259A_BattVltgCorrln_Impl\src\BattVltgCorrln.c" Line="1520" Column="4">
</Loc>
<Message>
Minimisation of run-time failures.
</Message>
</Rule>

<Rule Name="21.1" Mode="required" Report="warning" Id="8">
<Loc File="C:\Component\ES259A_BattVltgCorrln_Impl\src\BattVltgCorrln.c" Line="1530" Column="4">
</Loc>
<Message>
Minimisation of run-time failures.
</Message>
</Rule>

</CodeStruct>

<CodeStruct Name="" File="C:\Component\ES259A_BattVltgCorrln_Impl\src\BattVltgCorrln.c" Line="0" Column="0">

<Rule Name="19.1" Mode="advisory" Report="warning" Id="1">
<Loc File="C:\Component\ES259A_BattVltgCorrln_Impl\src\BattVltgCorrln.c" Line="760" Column="0">
</Loc>
<Message>
#include statements in a file shall only be preceded by other preprocessor directives or comments.
</Message>
</Rule>

<Rule Name="19.1" Mode="advisory" Report="warning" Id="2">
<Loc File="C:\Component\ES259A_BattVltgCorrln_Impl\src\BattVltgCorrln.c" Line="1008" Column="0">
</Loc>
<Message>
#include statements in a file shall only be preceded by other preprocessor directives or comments.
</Message>
</Rule>

<Rule Name="5.1" Mode="required" Report="warning" Id="3">
<Loc File="C:\Component\ES259A_BattVltgCorrln_Impl\src\BattVltgCorrln.c" Line="1056" Column="123">
</Loc>
<Message>
Identifiers "BattVltgSwd1AdcFaild_Cnt_T_logl" (BattVltgCorrln.c line 1056 column 123) and "BattVltgSwd1AdcFaild_Cnt_T_logl" (BattVltgCorrln.c line 119 column 123) have the same first 31 characters.
</Message>
</Rule>

<Rule Name="5.1" Mode="required" Report="warning" Id="4">
<Loc File="C:\Component\ES259A_BattVltgCorrln_Impl\src\BattVltgCorrln.c" Line="1057" Column="123">
</Loc>
<Message>
Identifiers "BattVltgSwd2AdcFaild_Cnt_T_logl" (BattVltgCorrln.c line 1057 column 123) and "BattVltgSwd2AdcFaild_Cnt_T_logl" (BattVltgCorrln.c line 120 column 123) have the same first 31 characters.
</Message>
</Rule>

</CodeStruct>

<CodeStruct Name="InstCorrln" File="C:\Component\ES259A_BattVltgCorrln_Impl\src\BattVltgCorrln.c" Line="1052" Column="16">

<Rule Name="21.1" Mode="required" Report="warning" Id="9">
<Loc File="C:\Component\ES259A_BattVltgCorrln_Impl\src\BattVltgCorrln.c" Line="1204" Column="4">
</Loc>
<Message>
Minimisation of run-time failures.
</Message>
</Rule>

<Rule Name="21.1" Mode="required" Report="warning" Id="10">
<Loc File="C:\Component\ES259A_BattVltgCorrln_Impl\src\BattVltgCorrln.c" Line="1205" Column="4">
</Loc>
<Message>
Minimisation of run-time failures.
</Message>
</Rule>

<Rule Name="21.1" Mode="required" Report="warning" Id="11">
<Loc File="C:\Component\ES259A_BattVltgCorrln_Impl\src\BattVltgCorrln.c" Line="1206" Column="4">
</Loc>
<Message>
Minimisation of run-time failures.
</Message>
</Rule>

</CodeStruct>

<CodeStruct Name="BattVltgCorrlnPer1" File="C:\Component\ES259A_BattVltgCorrln_Impl\src\BattVltgCorrln.c" Line="811" Column="5">

<Rule Name="5.1" Mode="required" Report="warning" Id="12">
<Loc File="C:\Component\ES259A_BattVltgCorrln_Impl\src\BattVltgCorrln.c" Line="827" Column="16">
</Loc>
<Message>
Identifiers "BattVltgSwd1AdcFaild_Cnt_T_logl" (BattVltgCorrln.c line 119 column 123) and "BattVltgSwd1AdcFaild_Cnt_T_logl" (BattVltgCorrln.c line 827 column 16) have the same first 31 characters.
</Message>
</Rule>

<Rule Name="5.1" Mode="required" Report="warning" Id="13">
<Loc File="C:\Component\ES259A_BattVltgCorrln_Impl\src\BattVltgCorrln.c" Line="828" Column="16">
</Loc>
<Message>
Identifiers "BattVltgSwd2AdcFaild_Cnt_T_logl" (BattVltgCorrln.c line 120 column 123) and "BattVltgSwd2AdcFaild_Cnt_T_logl" (BattVltgCorrln.c line 828 column 16) have the same first 31 characters.
</Message>
</Rule>

<Rule Name="9.1" Mode="required" Report="warning" Id="14">
<Loc File="C:\Component\ES259A_BattVltgCorrln_Impl\src\BattVltgCorrln.c" Line="866" Column="7">
</Loc>
<Message>
All automatic variables shall have been assigned a value before being used.
</Message>
</Rule>

<Rule Name="9.1" Mode="required" Report="warning" Id="15">
<Loc File="C:\Component\ES259A_BattVltgCorrln_Impl\src\BattVltgCorrln.c" Line="870" Column="11">
</Loc>
<Message>
All automatic variables shall have been assigned a value before being used.
</Message>
</Rule>

<Rule Name="12.4" Mode="required" Report="warning" Id="16">
<Loc File="C:\Component\ES259A_BattVltgCorrln_Impl\src\BattVltgCorrln.c" Line="883" Column="37">
</Loc>
<Message>
The right hand operand of a logical &amp;&amp; or || operator shall not contain side effects.
</Message>
</Rule>

<Rule Name="9.1" Mode="required" Report="warning" Id="17">
<Loc File="C:\Component\ES259A_BattVltgCorrln_Impl\src\BattVltgCorrln.c" Line="950" Column="8">
</Loc>
<Message>
All automatic variables shall have been assigned a value before being used.
</Message>
</Rule>

<Rule Name="9.1" Mode="required" Report="warning" Id="18">
<Loc File="C:\Component\ES259A_BattVltgCorrln_Impl\src\BattVltgCorrln.c" Line="952" Column="16">
</Loc>
<Message>
All automatic variables shall have been assigned a value before being used.
</Message>
</Rule>

<Rule Name="9.1" Mode="required" Report="warning" Id="19">
<Loc File="C:\Component\ES259A_BattVltgCorrln_Impl\src\BattVltgCorrln.c" Line="955" Column="44">
</Loc>
<Message>
All automatic variables shall have been assigned a value before being used.
</Message>
</Rule>

<Rule Name="9.1" Mode="required" Report="warning" Id="20">
<Loc File="C:\Component\ES259A_BattVltgCorrln_Impl\src\BattVltgCorrln.c" Line="955" Column="65">
</Loc>
<Message>
All automatic variables shall have been assigned a value before being used.
</Message>
</Rule>

<Rule Name="9.1" Mode="required" Report="warning" Id="21">
<Loc File="C:\Component\ES259A_BattVltgCorrln_Impl\src\BattVltgCorrln.c" Line="955" Column="90">
</Loc>
<Message>
All automatic variables shall have been assigned a value before being used.
</Message>
</Rule>

<Rule Name="9.1" Mode="required" Report="warning" Id="22">
<Loc File="C:\Component\ES259A_BattVltgCorrln_Impl\src\BattVltgCorrln.c" Line="956" Column="52">
</Loc>
<Message>
All automatic variables shall have been assigned a value before being used.
</Message>
</Rule>

<Rule Name="9.1" Mode="required" Report="warning" Id="23">
<Loc File="C:\Component\ES259A_BattVltgCorrln_Impl\src\BattVltgCorrln.c" Line="956" Column="81">
</Loc>
<Message>
All automatic variables shall have been assigned a value before being used.
</Message>
</Rule>

<Rule Name="9.1" Mode="required" Report="warning" Id="24">
<Loc File="C:\Component\ES259A_BattVltgCorrln_Impl\src\BattVltgCorrln.c" Line="956" Column="114">
</Loc>
<Message>
All automatic variables shall have been assigned a value before being used.
</Message>
</Rule>

<Rule Name="9.1" Mode="required" Report="warning" Id="25">
<Loc File="C:\Component\ES259A_BattVltgCorrln_Impl\src\BattVltgCorrln.c" Line="963" Column="22">
</Loc>
<Message>
All automatic variables shall have been assigned a value before being used.
</Message>
</Rule>

<Rule Name="9.1" Mode="required" Report="warning" Id="26">
<Loc File="C:\Component\ES259A_BattVltgCorrln_Impl\src\BattVltgCorrln.c" Line="964" Column="18">
</Loc>
<Message>
All automatic variables shall have been assigned a value before being used.
</Message>
</Rule>

<Rule Name="9.1" Mode="required" Report="warning" Id="27">
<Loc File="C:\Component\ES259A_BattVltgCorrln_Impl\src\BattVltgCorrln.c" Line="972" Column="53">
</Loc>
<Message>
All automatic variables shall have been assigned a value before being used.
</Message>
</Rule>

<Rule Name="9.1" Mode="required" Report="warning" Id="28">
<Loc File="C:\Component\ES259A_BattVltgCorrln_Impl\src\BattVltgCorrln.c" Line="973" Column="53">
</Loc>
<Message>
All automatic variables shall have been assigned a value before being used.
</Message>
</Rule>

<Rule Name="9.1" Mode="required" Report="warning" Id="29">
<Loc File="C:\Component\ES259A_BattVltgCorrln_Impl\src\BattVltgCorrln.c" Line="974" Column="53">
</Loc>
<Message>
All automatic variables shall have been assigned a value before being used.
</Message>
</Rule>

<Rule Name="5.1" Mode="required" Report="warning" Id="30">
<Loc File="C:\Component\ES259A_BattVltgCorrln_Impl\src\BattVltgCorrln.c" Line="1056" Column="123">
</Loc>
<Message>
Identifiers "BattVltgSwd1AdcFaild_Cnt_T_logl" (BattVltgCorrln.c line 1056 column 123) and "BattVltgSwd1AdcFaild_Cnt_T_logl" (BattVltgCorrln.c line 827 column 16) have the same first 31 characters.
</Message>
</Rule>

<Rule Name="5.1" Mode="required" Report="warning" Id="31">
<Loc File="C:\Component\ES259A_BattVltgCorrln_Impl\src\BattVltgCorrln.c" Line="1057" Column="123">
</Loc>
<Message>
Identifiers "BattVltgSwd2AdcFaild_Cnt_T_logl" (BattVltgCorrln.c line 1057 column 123) and "BattVltgSwd2AdcFaild_Cnt_T_logl" (BattVltgCorrln.c line 828 column 16) have the same first 31 characters.
</Message>
</Rule>

</CodeStruct>

<CodeStruct Name="DetNtcQlfrSts" File="C:\Component\ES259A_BattVltgCorrln_Impl\src\BattVltgCorrln.c" Line="1396" Column="13">

<Rule Name="21.1" Mode="required" Report="warning" Id="32">
<Loc File="C:\Component\ES259A_BattVltgCorrln_Impl\src\BattVltgCorrln.c" Line="1419" Column="4">
</Loc>
<Message>
Minimisation of run-time failures.
</Message>
</Rule>

<Rule Name="9.1" Mode="required" Report="warning" Id="33">
<Loc File="C:\Component\ES259A_BattVltgCorrln_Impl\src\BattVltgCorrln.c" Line="1419" Column="69">
</Loc>
<Message>
All automatic variables shall have been assigned a value before being used.
</Message>
</Rule>

<Rule Name="21.1" Mode="required" Report="warning" Id="34">
<Loc File="C:\Component\ES259A_BattVltgCorrln_Impl\src\BattVltgCorrln.c" Line="1434" Column="4">
</Loc>
<Message>
Minimisation of run-time failures.
</Message>
</Rule>

<Rule Name="21.1" Mode="required" Report="warning" Id="35">
<Loc File="C:\Component\ES259A_BattVltgCorrln_Impl\src\BattVltgCorrln.c" Line="1458" Column="4">
</Loc>
<Message>
Minimisation of run-time failures.
</Message>
</Rule>

<Rule Name="21.1" Mode="required" Report="warning" Id="36">
<Loc File="C:\Component\ES259A_BattVltgCorrln_Impl\src\BattVltgCorrln.c" Line="1483" Column="4">
</Loc>
<Message>
Minimisation of run-time failures.
</Message>
</Rule>

</CodeStruct>

</MISRA-C-Report>
