<?xml version="1.0" encoding="UTF-8"?>
<Navig version="1.0">
<Files>
<F id="1" n="C:\Program Files\MATLAB\R2013b\polyspace\verifier\cxx\cinclude\stdarg.h"/>
<F id="2" n="C-STUBS\__polyspace__stdstubs.c"/>
<F id="3" n="C:\Component\Mcu\doc\Polyspace_Results\CodeProver\C-ALL\C-STUBS\pst_stub_types.h"/>
<F id="4" n="C-STUBS\pst_stubs_0.c"/>
<F id="5" n="C-STUBS\__polyspace_main.c"/>
<F id="6" n="C:\Mcu\src\NxtrMcuIrqPatch.c"/>
<F id="7" n="C:\Program Files\MATLAB\R2013b\polyspace\verifier\cxx\cinclude\__polyspace__std_decls.h"/>
<F id="8" n="C:\Program Files\MATLAB\R2013b\polyspace\verifier\cxx\cinclude\assert.h"/>
<F id="9" n="C:\Program Files\MATLAB\R2013b\polyspace\verifier\cxx\cinclude\__polyspace__libc_defs.h"/>
<F id="10" n="C:\Component\TL103A_CplrSuprt\tools\contract\PolyspaceEnvironment.h"/>
</Files>
<Definitions>
<D id="1" f="2" l="6829" c="14" n="_polyspace_compare_function_type" t="7" d="1"/>
<D id="2" f="2" l="11271" c="12" n="_polyspace_random_long_double" t="2" d="1"/>
<D id="3" f="2" l="11290" c="21" n="HUGE_VALF" t="1" d="1"/>
<D id="4" f="2" l="11291" c="21" n="HUGE_VALL" t="1" d="1"/>
<D id="5" f="2" l="12133" c="16" n="__polyspace_absolute_address" t="1" d="1"/>
<D id="6" f="2" l="11273" c="23" n="random" t="4" d="1"/>
<D id="7" f="2" l="11289" c="21" n="HUGE_VAL" t="1" d="1"/>
<D id="8" f="3" l="3" c="20" n="__PST__SINT8" t="7" d="1"/>
<D id="9" f="3" l="5" c="19" n="__PST__SINT32" t="7" d="1"/>
<D id="10" f="3" l="1" c="13" n="__PST__CHAR" t="7" d="1"/>
<D id="11" f="2" l="4" c="21" n="size_t" t="7" d="1"/>
<D id="12" f="3" l="4" c="21" n="__PST__SINT16" t="7" d="1"/>
<D id="13" f="3" l="2" c="13" n="__PST__VOID" t="7" d="1"/>
<D id="14" f="2" l="6" c="12" n="ptrdiff_t" t="7" d="1"/>
<D id="15" f="2" l="9" c="21" n="wchar_t" t="7" d="1"/>
<D id="16" f="3" l="7" c="22" n="__PST__UINT8" t="7" d="1"/>
<D id="17" f="3" l="9" c="21" n="__PST__UINT32" t="7" d="1"/>
<D id="18" f="5" l="42" c="5" n="main" t="2" d="1"/>
<D id="19" f="3" l="8" c="23" n="__PST__UINT16" t="7" d="1"/>
<D id="20" f="3" l="6" c="25" n="__PST__SINT64" t="7" d="1"/>
<D id="21" f="4" l="45" c="5" n="__PST__MAIN__ENTRY__POINT__" t="2" d="1"/>
<D id="22" f="3" l="21" c="21" n="__PST__g__28" t="7" d="1"/>
<D id="23" f="3" l="12" c="21" n="__PST__g__11" t="7" d="1"/>
<D id="24" f="3" l="20" c="31" n="__PST__g__22" t="7" d="1"/>
<D id="25" f="3" l="22" c="30" n="__PST__g__29" t="7" d="1"/>
<D id="26" f="3" l="23" c="21" n="__PST__g__30" t="7" d="1"/>
<D id="27" f="4" l="25" c="20" n="pst_random_int" t="3" d="1"/>
<D id="28" f="5" l="25" c="20" n="pst_random_int" t="3" d="1"/>
<D id="29" f="3" l="24" c="30" n="__PST__g__31" t="7" d="1"/>
<D id="30" f="3" l="11" c="14" n="__PST__FLOAT32" t="7" d="1"/>
<D id="31" f="3" l="15" c="22" n="__PST__g__17" t="7" d="1"/>
<D id="32" f="3" l="19" c="20" n="__PST__g__21" t="7" d="1"/>
<D id="33" f="3" l="14" c="23" n="__PST__g__15" t="7" d="1"/>
<D id="34" f="3" l="25" c="22" n="__PST__g__32" t="7" d="1"/>
<D id="35" f="3" l="18" c="30" n="__PST__g__19" t="7" d="1"/>
<D id="36" f="3" l="13" c="15" n="__PST__FLOAT64" t="7" d="1"/>
<D id="37" f="3" l="26" c="22" n="__PST__g__33" t="7" d="1"/>
<D id="38" f="3" l="17" c="22" n="__PST__g__20" t="7" d="1"/>
<D id="39" f="3" l="16" c="32" n="__PST__g__18" t="7" d="1"/>
<D id="40" f="3" l="27" c="31" n="__PST__g__34" t="7" d="1"/>
<D id="41" f="3" l="10" c="27" n="__PST__UINT64" t="7" d="1"/>
<D id="42" f="1" l="45" c="14" n="__va_list" t="7" d="1"/>
<D id="43" f="2" l="380" c="4" n="errno" t="1" d="1"/>
<D id="44" f="1" l="50" c="18" n="__gnuc_va_list" t="7" d="1"/>
<D id="45" f="4" l="23" c="28" n="pst_random_char" t="3" d="1"/>
<D id="46" f="5" l="23" c="28" n="pst_random_char" t="3" d="1"/>
<D id="47" f="1" l="49" c="18" n="va_list" t="7" d="1"/>
<D id="48" f="2" l="430" c="23" n="_polyspace_random_ulong" t="5" d="1"/>
<D id="49" f="2" l="400" c="25" n="random" t="4" d="1"/>
<D id="50" f="2" l="414" c="13" n="_polyspace_random_int" t="5" d="1"/>
<D id="51" f="2" l="422" c="14" n="_polyspace_random_long" t="5" d="1"/>
<D id="52" f="2" l="406" c="23" n="_polyspace_random_uchar" t="5" d="1"/>
<D id="53" f="2" l="432" c="34" n="random" t="4" d="1"/>
<D id="54" f="2" l="416" c="24" n="random" t="4" d="1"/>
<D id="55" f="2" l="424" c="25" n="random" t="4" d="1"/>
<D id="56" f="2" l="408" c="34" n="random" t="4" d="1"/>
<D id="57" f="2" l="437" c="16" n="_polyspace_random_double" t="5" d="1"/>
<D id="58" f="2" l="3484" c="4" n="__polyspace_nb_varargs" t="1" d="1"/>
<D id="59" f="2" l="398" c="14" n="_polyspace_random_char" t="5" d="1"/>
<D id="60" f="2" l="3483" c="7" n="__polyspace_vararg" t="1" d="1"/>
<D id="61" f="2" l="439" c="27" n="random" t="4" d="1"/>
</Definitions>
<Uses>
<U id="1" f="2" l="11274" c="9" d="6" a="0"/>
<U id="2" f="3" l="21" c="8" d="8" a="0"/>
<U id="3" f="3" l="12" c="8" d="13" a="0"/>
<U id="4" f="1" l="50" c="8" d="42" a="0"/>
<U id="5" f="4" l="50" c="8" d="18" a="0"/>
<U id="6" f="3" l="23" c="8" d="16" a="0"/>
<U id="7" f="3" l="14" c="8" d="36" a="0"/>
<U id="8" f="3" l="15" c="8" d="23" a="0"/>
<U id="9" f="3" l="25" c="8" d="9" a="0"/>
<U id="10" f="3" l="26" c="8" d="17" a="0"/>
<U id="11" f="3" l="17" c="8" d="8" a="0"/>
<U id="12" f="1" l="84" c="7" d="47" a="0"/>
<U id="13" f="3" l="19" c="8" d="13" a="0"/>
<U id="14" f="4" l="48" c="8" d="13" a="0"/>
<U id="15" f="1" l="49" c="8" d="42" a="0"/>
<U id="16" f="5" l="46" c="11" d="28" a="0"/>
<U id="17" f="1" l="84" c="39" d="47" a="0"/>
<U id="18" f="4" l="48" c="20" d="18" a="0"/>
<U id="19" f="3" l="20" c="17" d="9" a="0"/>
<U id="20" f="4" l="23" c="16" d="10" a="0"/>
<U id="21" f="5" l="23" c="16" d="10" a="0"/>
<U id="22" f="3" l="22" c="17" d="8" a="0"/>
<U id="23" f="3" l="24" c="17" d="16" a="0"/>
<U id="24" f="3" l="19" c="33" d="9" a="0"/>
<U id="25" f="3" l="16" c="17" d="36" a="0"/>
<U id="26" f="3" l="27" c="17" d="17" a="0"/>
<U id="27" f="3" l="18" c="17" d="38" a="0"/>
<U id="28" f="2" l="401" c="11" d="49" a="0"/>
<U id="29" f="2" l="440" c="11" d="61" a="0"/>
<U id="30" f="2" l="433" c="11" d="53" a="0"/>
<U id="31" f="2" l="425" c="11" d="55" a="0"/>
<U id="32" f="2" l="417" c="11" d="54" a="0"/>
<U id="33" f="2" l="409" c="11" d="56" a="0"/>
</Uses>
<Blocks>
<B id="1" t="ppcif" f="7" l="15" c="0">
<BEGIN l="15" c="27"/>
<END l="330" c="0"/>
</B>
<B id="2" t="ppcif" f="7" l="25" c="0">
<BEGIN l="25" c="19"/>
<END l="155" c="0"/>
</B>
<B id="3" t="ppcrmif" f="7" l="46" c="0">
<BEGIN l="46" c="93"/>
<END l="91" c="0"/>
</B>
<B id="4" t="ppcrmif" f="7" l="94" c="0">
<BEGIN l="94" c="91"/>
<END l="153" c="0"/>
</B>
<B id="5" t="ppcrmelse" f="7" l="155" c="0">
<BEGIN l="155" c="35"/>
<END l="328" c="0"/>
</B>
<B id="6" t="ppcif" f="8" l="11" c="0">
<BEGIN l="11" c="27"/>
<END l="36" c="0"/>
</B>
<B id="7" t="ppcrmif" f="8" l="14" c="0">
<BEGIN l="14" c="19"/>
<END l="29" c="0"/>
</B>
<B id="8" t="ppcelse" f="8" l="29" c="0">
<BEGIN l="29" c="5"/>
<END l="33" c="0"/>
</B>
<B id="9" t="ppcif" f="1" l="22" c="0">
<BEGIN l="22" c="17"/>
<END l="109" c="0"/>
</B>
<B id="10" t="ppcrmif" f="1" l="39" c="0">
<BEGIN l="39" c="66"/>
<END l="43" c="0"/>
</B>
<B id="11" t="ppcelse" f="1" l="43" c="0">
<BEGIN l="43" c="60"/>
<END l="47" c="0"/>
</B>
<B id="12" t="ppcrmif" f="1" l="52" c="0">
<BEGIN l="52" c="18"/>
<END l="58" c="0"/>
</B>
<B id="13" t="ppcrmif" f="1" l="62" c="0">
<BEGIN l="62" c="33"/>
<END l="80" c="0"/>
</B>
<B id="14" t="ppcelse" f="1" l="80" c="0">
<BEGIN l="80" c="31"/>
<END l="93" c="0"/>
</B>
<B id="15" t="ppcrmif" f="1" l="96" c="0">
<BEGIN l="96" c="14"/>
<END l="106" c="0"/>
</B>
<B id="16" t="ppcif" f="9" l="3" c="0">
<BEGIN l="3" c="29"/>
<END l="348" c="0"/>
</B>
<B id="17" t="ppcif" f="9" l="61" c="0">
<BEGIN l="63" c="27"/>
<END l="66" c="0"/>
</B>
<B id="18" t="ppcrmif" f="9" l="165" c="0">
<BEGIN l="165" c="17"/>
<END l="206" c="0"/>
</B>
<B id="19" t="ppcrmif" f="9" l="209" c="0">
<BEGIN l="209" c="37"/>
<END l="211" c="0"/>
</B>
<B id="20" t="ppcrmif" f="9" l="213" c="0">
<BEGIN l="213" c="44"/>
<END l="321" c="0"/>
</B>
<B id="21" t="ppcif" f="9" l="323" c="0">
<BEGIN l="323" c="18"/>
<END l="346" c="0"/>
</B>
<B id="22" t="ppcrmif" f="9" l="326" c="0">
<BEGIN l="326" c="18"/>
<END l="328" c="0"/>
</B>
<B id="23" t="ppcrmif" f="9" l="329" c="0">
<BEGIN l="329" c="63"/>
<END l="331" c="0"/>
</B>
<B id="24" t="ppcrmif" f="9" l="332" c="0">
<BEGIN l="332" c="64"/>
<END l="334" c="0"/>
</B>
<B id="25" t="ppcrmif" f="9" l="335" c="0">
<BEGIN l="335" c="16"/>
<END l="340" c="0"/>
</B>
<B id="26" t="ppcif" f="9" l="343" c="0">
<BEGIN l="343" c="57"/>
<END l="345" c="0"/>
</B>
</Blocks>
</Navig>
