<?xml version="1.0" encoding="UTF-8"?>

<MISRA-C-Report version="1.3">


<CodeStruct Name="" File="C:\Component\CM200A_DmaCfgAndUse_Impl\src\CDD_DmaCfgAndUse.c" Line="0" Column="0">

<Rule Name="19.1" Mode="advisory" Report="warning" Id="1">
<Loc File="C:\Component\CM200A_DmaCfgAndUse_Impl\src\CDD_DmaCfgAndUse.c" Line="290" Column="0">
</Loc>
<Message>
#include statements in a file shall only be preceded by other preprocessor directives or comments.
</Message>
</Rule>

<Rule Name="19.1" Mode="advisory" Report="warning" Id="2">
<Loc File="C:\Component\CM200A_DmaCfgAndUse_Impl\src\CDD_DmaCfgAndUse.c" Line="297" Column="0">
</Loc>
<Message>
#include statements in a file shall only be preceded by other preprocessor directives or comments.
</Message>
</Rule>

<Rule Name="19.1" Mode="advisory" Report="warning" Id="3">
<Loc File="C:\Component\CM200A_DmaCfgAndUse_Impl\src\CDD_DmaCfgAndUse.c" Line="677" Column="0">
</Loc>
<Message>
#include statements in a file shall only be preceded by other preprocessor directives or comments.
</Message>
</Rule>

</CodeStruct>

<CodeStruct Name="DmaWaitForMotCtrlTo2MilliSecTrf_Oper" File="C:\Component\CM200A_DmaCfgAndUse_Impl\src\CDD_DmaCfgAndUse.c" Line="246" Column="15">

<Rule Name="21.1" Mode="required" Report="warning" Id="4">
<Loc File="C:\Component\CM200A_DmaCfgAndUse_Impl\src\CDD_DmaCfgAndUse.c" Line="258" Column="78">
</Loc>
<Message>
Minimisation of run-time failures.
</Message>
</Rule>

<Rule Name="21.1" Mode="required" Report="warning" Id="5">
<Loc File="C:\Component\CM200A_DmaCfgAndUse_Impl\src\CDD_DmaCfgAndUse.c" Line="258" Column="106">
</Loc>
<Message>
Minimisation of run-time failures.
</Message>
</Rule>

<Rule Name="21.1" Mode="required" Report="warning" Id="6">
<Loc File="C:\Component\CM200A_DmaCfgAndUse_Impl\src\CDD_DmaCfgAndUse.c" Line="275" Column="8">
</Loc>
<Message>
Minimisation of run-time failures.
</Message>
</Rule>

<Rule Name="21.1" Mode="required" Report="warning" Id="7">
<Loc File="C:\Component\CM200A_DmaCfgAndUse_Impl\src\CDD_DmaCfgAndUse.c" Line="276" Column="35">
</Loc>
<Message>
Minimisation of run-time failures.
</Message>
</Rule>

</CodeStruct>

<CodeStruct Name="DmaCfgAndUsePer1" File="C:\Component\CM200A_DmaCfgAndUse_Impl\src\CDD_DmaCfgAndUse.c" Line="161" Column="5">

<Rule Name="21.1" Mode="required" Report="warning" Id="8">
<Loc File="C:\Component\CM200A_DmaCfgAndUse_Impl\src\CDD_DmaCfgAndUse.c" Line="172" Column="97">
</Loc>
<Message>
Minimisation of run-time failures.
</Message>
</Rule>

</CodeStruct>

<CodeStruct Name="DmaRegInin" File="C:\Component\CM200A_DmaCfgAndUse_Impl\src\CDD_DmaCfgAndUse.c" Line="305" Column="5">

<Rule Name="11.3" Mode="advisory" Report="warning" Id="16">
<Loc File="C:\Component\CM200A_DmaCfgAndUse_Impl\src\CDD_DmaCfgAndUse.c" Line="320" Column="32">
</Loc>
<Message>
A cast should not be performed between a pointer type and an integral type.
</Message>
</Rule>

<Rule Name="11.3" Mode="advisory" Report="warning" Id="17">
<Loc File="C:\Component\CM200A_DmaCfgAndUse_Impl\src\CDD_DmaCfgAndUse.c" Line="321" Column="32">
</Loc>
<Message>
A cast should not be performed between a pointer type and an integral type.
</Message>
</Rule>

<Rule Name="11.3" Mode="advisory" Report="warning" Id="18">
<Loc File="C:\Component\CM200A_DmaCfgAndUse_Impl\src\CDD_DmaCfgAndUse.c" Line="337" Column="33">
</Loc>
<Message>
A cast should not be performed between a pointer type and an integral type.
</Message>
</Rule>

<Rule Name="11.3" Mode="advisory" Report="warning" Id="19">
<Loc File="C:\Component\CM200A_DmaCfgAndUse_Impl\src\CDD_DmaCfgAndUse.c" Line="338" Column="33">
</Loc>
<Message>
A cast should not be performed between a pointer type and an integral type.
</Message>
</Rule>

<Rule Name="11.3" Mode="advisory" Report="warning" Id="20">
<Loc File="C:\Component\CM200A_DmaCfgAndUse_Impl\src\CDD_DmaCfgAndUse.c" Line="349" Column="32">
</Loc>
<Message>
A cast should not be performed between a pointer type and an integral type.
</Message>
</Rule>

<Rule Name="11.3" Mode="advisory" Report="warning" Id="21">
<Loc File="C:\Component\CM200A_DmaCfgAndUse_Impl\src\CDD_DmaCfgAndUse.c" Line="350" Column="32">
</Loc>
<Message>
A cast should not be performed between a pointer type and an integral type.
</Message>
</Rule>

<Rule Name="11.3" Mode="advisory" Report="warning" Id="22">
<Loc File="C:\Component\CM200A_DmaCfgAndUse_Impl\src\CDD_DmaCfgAndUse.c" Line="366" Column="33">
</Loc>
<Message>
A cast should not be performed between a pointer type and an integral type.
</Message>
</Rule>

<Rule Name="11.3" Mode="advisory" Report="warning" Id="23">
<Loc File="C:\Component\CM200A_DmaCfgAndUse_Impl\src\CDD_DmaCfgAndUse.c" Line="367" Column="33">
</Loc>
<Message>
A cast should not be performed between a pointer type and an integral type.
</Message>
</Rule>

<Rule Name="11.3" Mode="advisory" Report="warning" Id="24">
<Loc File="C:\Component\CM200A_DmaCfgAndUse_Impl\src\CDD_DmaCfgAndUse.c" Line="378" Column="32">
</Loc>
<Message>
A cast should not be performed between a pointer type and an integral type.
</Message>
</Rule>

<Rule Name="11.3" Mode="advisory" Report="warning" Id="25">
<Loc File="C:\Component\CM200A_DmaCfgAndUse_Impl\src\CDD_DmaCfgAndUse.c" Line="379" Column="32">
</Loc>
<Message>
A cast should not be performed between a pointer type and an integral type.
</Message>
</Rule>

<Rule Name="11.3" Mode="advisory" Report="warning" Id="26">
<Loc File="C:\Component\CM200A_DmaCfgAndUse_Impl\src\CDD_DmaCfgAndUse.c" Line="395" Column="33">
</Loc>
<Message>
A cast should not be performed between a pointer type and an integral type.
</Message>
</Rule>

<Rule Name="11.3" Mode="advisory" Report="warning" Id="27">
<Loc File="C:\Component\CM200A_DmaCfgAndUse_Impl\src\CDD_DmaCfgAndUse.c" Line="396" Column="33">
</Loc>
<Message>
A cast should not be performed between a pointer type and an integral type.
</Message>
</Rule>

<Rule Name="11.3" Mode="advisory" Report="warning" Id="28">
<Loc File="C:\Component\CM200A_DmaCfgAndUse_Impl\src\CDD_DmaCfgAndUse.c" Line="408" Column="33">
</Loc>
<Message>
A cast should not be performed between a pointer type and an integral type.
</Message>
</Rule>

<Rule Name="11.3" Mode="advisory" Report="warning" Id="29">
<Loc File="C:\Component\CM200A_DmaCfgAndUse_Impl\src\CDD_DmaCfgAndUse.c" Line="409" Column="33">
</Loc>
<Message>
A cast should not be performed between a pointer type and an integral type.
</Message>
</Rule>

<Rule Name="11.3" Mode="advisory" Report="warning" Id="30">
<Loc File="C:\Component\CM200A_DmaCfgAndUse_Impl\src\CDD_DmaCfgAndUse.c" Line="425" Column="33">
</Loc>
<Message>
A cast should not be performed between a pointer type and an integral type.
</Message>
</Rule>

<Rule Name="11.3" Mode="advisory" Report="warning" Id="31">
<Loc File="C:\Component\CM200A_DmaCfgAndUse_Impl\src\CDD_DmaCfgAndUse.c" Line="426" Column="33">
</Loc>
<Message>
A cast should not be performed between a pointer type and an integral type.
</Message>
</Rule>

<Rule Name="11.3" Mode="advisory" Report="warning" Id="32">
<Loc File="C:\Component\CM200A_DmaCfgAndUse_Impl\src\CDD_DmaCfgAndUse.c" Line="437" Column="32">
</Loc>
<Message>
A cast should not be performed between a pointer type and an integral type.
</Message>
</Rule>

<Rule Name="11.3" Mode="advisory" Report="warning" Id="33">
<Loc File="C:\Component\CM200A_DmaCfgAndUse_Impl\src\CDD_DmaCfgAndUse.c" Line="438" Column="32">
</Loc>
<Message>
A cast should not be performed between a pointer type and an integral type.
</Message>
</Rule>

<Rule Name="11.3" Mode="advisory" Report="warning" Id="34">
<Loc File="C:\Component\CM200A_DmaCfgAndUse_Impl\src\CDD_DmaCfgAndUse.c" Line="454" Column="33">
</Loc>
<Message>
A cast should not be performed between a pointer type and an integral type.
</Message>
</Rule>

<Rule Name="11.3" Mode="advisory" Report="warning" Id="35">
<Loc File="C:\Component\CM200A_DmaCfgAndUse_Impl\src\CDD_DmaCfgAndUse.c" Line="455" Column="33">
</Loc>
<Message>
A cast should not be performed between a pointer type and an integral type.
</Message>
</Rule>

<Rule Name="11.3" Mode="advisory" Report="warning" Id="36">
<Loc File="C:\Component\CM200A_DmaCfgAndUse_Impl\src\CDD_DmaCfgAndUse.c" Line="474" Column="32">
</Loc>
<Message>
A cast should not be performed between a pointer type and an integral type.
</Message>
</Rule>

<Rule Name="11.3" Mode="advisory" Report="warning" Id="37">
<Loc File="C:\Component\CM200A_DmaCfgAndUse_Impl\src\CDD_DmaCfgAndUse.c" Line="475" Column="32">
</Loc>
<Message>
A cast should not be performed between a pointer type and an integral type.
</Message>
</Rule>

<Rule Name="11.3" Mode="advisory" Report="warning" Id="38">
<Loc File="C:\Component\CM200A_DmaCfgAndUse_Impl\src\CDD_DmaCfgAndUse.c" Line="491" Column="33">
</Loc>
<Message>
A cast should not be performed between a pointer type and an integral type.
</Message>
</Rule>

<Rule Name="11.3" Mode="advisory" Report="warning" Id="39">
<Loc File="C:\Component\CM200A_DmaCfgAndUse_Impl\src\CDD_DmaCfgAndUse.c" Line="492" Column="33">
</Loc>
<Message>
A cast should not be performed between a pointer type and an integral type.
</Message>
</Rule>

<Rule Name="11.3" Mode="advisory" Report="warning" Id="40">
<Loc File="C:\Component\CM200A_DmaCfgAndUse_Impl\src\CDD_DmaCfgAndUse.c" Line="504" Column="33">
</Loc>
<Message>
A cast should not be performed between a pointer type and an integral type.
</Message>
</Rule>

<Rule Name="11.3" Mode="advisory" Report="warning" Id="41">
<Loc File="C:\Component\CM200A_DmaCfgAndUse_Impl\src\CDD_DmaCfgAndUse.c" Line="505" Column="33">
</Loc>
<Message>
A cast should not be performed between a pointer type and an integral type.
</Message>
</Rule>

<Rule Name="11.3" Mode="advisory" Report="warning" Id="42">
<Loc File="C:\Component\CM200A_DmaCfgAndUse_Impl\src\CDD_DmaCfgAndUse.c" Line="521" Column="34">
</Loc>
<Message>
A cast should not be performed between a pointer type and an integral type.
</Message>
</Rule>

<Rule Name="11.3" Mode="advisory" Report="warning" Id="43">
<Loc File="C:\Component\CM200A_DmaCfgAndUse_Impl\src\CDD_DmaCfgAndUse.c" Line="522" Column="34">
</Loc>
<Message>
A cast should not be performed between a pointer type and an integral type.
</Message>
</Rule>

<Rule Name="11.3" Mode="advisory" Report="warning" Id="44">
<Loc File="C:\Component\CM200A_DmaCfgAndUse_Impl\src\CDD_DmaCfgAndUse.c" Line="533" Column="33">
</Loc>
<Message>
A cast should not be performed between a pointer type and an integral type.
</Message>
</Rule>

<Rule Name="11.3" Mode="advisory" Report="warning" Id="45">
<Loc File="C:\Component\CM200A_DmaCfgAndUse_Impl\src\CDD_DmaCfgAndUse.c" Line="534" Column="33">
</Loc>
<Message>
A cast should not be performed between a pointer type and an integral type.
</Message>
</Rule>

<Rule Name="11.3" Mode="advisory" Report="warning" Id="46">
<Loc File="C:\Component\CM200A_DmaCfgAndUse_Impl\src\CDD_DmaCfgAndUse.c" Line="550" Column="34">
</Loc>
<Message>
A cast should not be performed between a pointer type and an integral type.
</Message>
</Rule>

<Rule Name="11.3" Mode="advisory" Report="warning" Id="47">
<Loc File="C:\Component\CM200A_DmaCfgAndUse_Impl\src\CDD_DmaCfgAndUse.c" Line="551" Column="34">
</Loc>
<Message>
A cast should not be performed between a pointer type and an integral type.
</Message>
</Rule>

<Rule Name="11.3" Mode="advisory" Report="warning" Id="48">
<Loc File="C:\Component\CM200A_DmaCfgAndUse_Impl\src\CDD_DmaCfgAndUse.c" Line="562" Column="33">
</Loc>
<Message>
A cast should not be performed between a pointer type and an integral type.
</Message>
</Rule>

<Rule Name="11.3" Mode="advisory" Report="warning" Id="49">
<Loc File="C:\Component\CM200A_DmaCfgAndUse_Impl\src\CDD_DmaCfgAndUse.c" Line="563" Column="33">
</Loc>
<Message>
A cast should not be performed between a pointer type and an integral type.
</Message>
</Rule>

<Rule Name="11.3" Mode="advisory" Report="warning" Id="50">
<Loc File="C:\Component\CM200A_DmaCfgAndUse_Impl\src\CDD_DmaCfgAndUse.c" Line="579" Column="34">
</Loc>
<Message>
A cast should not be performed between a pointer type and an integral type.
</Message>
</Rule>

<Rule Name="11.3" Mode="advisory" Report="warning" Id="51">
<Loc File="C:\Component\CM200A_DmaCfgAndUse_Impl\src\CDD_DmaCfgAndUse.c" Line="580" Column="34">
</Loc>
<Message>
A cast should not be performed between a pointer type and an integral type.
</Message>
</Rule>

<Rule Name="11.3" Mode="advisory" Report="warning" Id="52">
<Loc File="C:\Component\CM200A_DmaCfgAndUse_Impl\src\CDD_DmaCfgAndUse.c" Line="591" Column="33">
</Loc>
<Message>
A cast should not be performed between a pointer type and an integral type.
</Message>
</Rule>

<Rule Name="11.3" Mode="advisory" Report="warning" Id="53">
<Loc File="C:\Component\CM200A_DmaCfgAndUse_Impl\src\CDD_DmaCfgAndUse.c" Line="592" Column="33">
</Loc>
<Message>
A cast should not be performed between a pointer type and an integral type.
</Message>
</Rule>

<Rule Name="11.3" Mode="advisory" Report="warning" Id="54">
<Loc File="C:\Component\CM200A_DmaCfgAndUse_Impl\src\CDD_DmaCfgAndUse.c" Line="608" Column="34">
</Loc>
<Message>
A cast should not be performed between a pointer type and an integral type.
</Message>
</Rule>

<Rule Name="11.3" Mode="advisory" Report="warning" Id="55">
<Loc File="C:\Component\CM200A_DmaCfgAndUse_Impl\src\CDD_DmaCfgAndUse.c" Line="609" Column="34">
</Loc>
<Message>
A cast should not be performed between a pointer type and an integral type.
</Message>
</Rule>

<Rule Name="11.3" Mode="advisory" Report="warning" Id="56">
<Loc File="C:\Component\CM200A_DmaCfgAndUse_Impl\src\CDD_DmaCfgAndUse.c" Line="620" Column="33">
</Loc>
<Message>
A cast should not be performed between a pointer type and an integral type.
</Message>
</Rule>

<Rule Name="11.3" Mode="advisory" Report="warning" Id="57">
<Loc File="C:\Component\CM200A_DmaCfgAndUse_Impl\src\CDD_DmaCfgAndUse.c" Line="621" Column="33">
</Loc>
<Message>
A cast should not be performed between a pointer type and an integral type.
</Message>
</Rule>

<Rule Name="11.3" Mode="advisory" Report="warning" Id="58">
<Loc File="C:\Component\CM200A_DmaCfgAndUse_Impl\src\CDD_DmaCfgAndUse.c" Line="637" Column="34">
</Loc>
<Message>
A cast should not be performed between a pointer type and an integral type.
</Message>
</Rule>

<Rule Name="11.3" Mode="advisory" Report="warning" Id="59">
<Loc File="C:\Component\CM200A_DmaCfgAndUse_Impl\src\CDD_DmaCfgAndUse.c" Line="638" Column="34">
</Loc>
<Message>
A cast should not be performed between a pointer type and an integral type.
</Message>
</Rule>

<Rule Name="11.3" Mode="advisory" Report="warning" Id="60">
<Loc File="C:\Component\CM200A_DmaCfgAndUse_Impl\src\CDD_DmaCfgAndUse.c" Line="649" Column="33">
</Loc>
<Message>
A cast should not be performed between a pointer type and an integral type.
</Message>
</Rule>

<Rule Name="11.3" Mode="advisory" Report="warning" Id="61">
<Loc File="C:\Component\CM200A_DmaCfgAndUse_Impl\src\CDD_DmaCfgAndUse.c" Line="650" Column="33">
</Loc>
<Message>
A cast should not be performed between a pointer type and an integral type.
</Message>
</Rule>

<Rule Name="11.3" Mode="advisory" Report="warning" Id="62">
<Loc File="C:\Component\CM200A_DmaCfgAndUse_Impl\src\CDD_DmaCfgAndUse.c" Line="666" Column="34">
</Loc>
<Message>
A cast should not be performed between a pointer type and an integral type.
</Message>
</Rule>

<Rule Name="11.3" Mode="advisory" Report="warning" Id="63">
<Loc File="C:\Component\CM200A_DmaCfgAndUse_Impl\src\CDD_DmaCfgAndUse.c" Line="667" Column="34">
</Loc>
<Message>
A cast should not be performed between a pointer type and an integral type.
</Message>
</Rule>

</CodeStruct>

<CodeStruct Name="DmaCfgAndUseInit1" File="C:\Component\CM200A_DmaCfgAndUse_Impl\src\CDD_DmaCfgAndUse.c" Line="117" Column="5">

<Rule Name="21.1" Mode="required" Report="warning" Id="9">
<Loc File="C:\Component\CM200A_DmaCfgAndUse_Impl\src\CDD_DmaCfgAndUse.c" Line="125" Column="8">
</Loc>
<Message>
Minimisation of run-time failures.
</Message>
</Rule>

<Rule Name="21.1" Mode="required" Report="warning" Id="10">
<Loc File="C:\Component\CM200A_DmaCfgAndUse_Impl\src\CDD_DmaCfgAndUse.c" Line="125" Column="36">
</Loc>
<Message>
Minimisation of run-time failures.
</Message>
</Rule>

<Rule Name="21.1" Mode="required" Report="warning" Id="11">
<Loc File="C:\Component\CM200A_DmaCfgAndUse_Impl\src\CDD_DmaCfgAndUse.c" Line="126" Column="8">
</Loc>
<Message>
Minimisation of run-time failures.
</Message>
</Rule>

<Rule Name="21.1" Mode="required" Report="warning" Id="12">
<Loc File="C:\Component\CM200A_DmaCfgAndUse_Impl\src\CDD_DmaCfgAndUse.c" Line="127" Column="8">
</Loc>
<Message>
Minimisation of run-time failures.
</Message>
</Rule>

<Rule Name="21.1" Mode="required" Report="warning" Id="13">
<Loc File="C:\Component\CM200A_DmaCfgAndUse_Impl\src\CDD_DmaCfgAndUse.c" Line="128" Column="8">
</Loc>
<Message>
Minimisation of run-time failures.
</Message>
</Rule>

<Rule Name="21.1" Mode="required" Report="warning" Id="14">
<Loc File="C:\Component\CM200A_DmaCfgAndUse_Impl\src\CDD_DmaCfgAndUse.c" Line="129" Column="8">
</Loc>
<Message>
Minimisation of run-time failures.
</Message>
</Rule>

<Rule Name="21.1" Mode="required" Report="warning" Id="15">
<Loc File="C:\Component\CM200A_DmaCfgAndUse_Impl\src\CDD_DmaCfgAndUse.c" Line="130" Column="8">
</Loc>
<Message>
Minimisation of run-time failures.
</Message>
</Rule>

</CodeStruct>

</MISRA-C-Report>
