<?xml version="1.0" encoding="UTF-8"?>
<MISRA-C-Report-Summary>
<File Mode="advisory" Error="0" Warning="2" Total="2">
<Name>
C:\Component\CM700A_HwTq3Meas_Impl\src\CDD_HwTq3Meas.c</Name>
</File>
<File Mode="required" Error="0" Warning="41" Total="41">
<Name>
C:\Component\CM700A_HwTq3Meas_Impl\src\CDD_HwTq3Meas.c</Name>
</File>
<Rule Name="21.1" Count="34" Mode="required" Severity="warning">
<Message>
Minimisation of run-time failures.</Message>
</Rule>
<Rule Name="9.1" Count="5" Mode="required" Severity="warning">
<Message>
All automatic variables shall have been assigned a value before being used.</Message>
</Rule>
<Rule Name="19.1" Count="2" Mode="advisory" Severity="warning">
<Message>
#include statements in a file shall only be preceded by other preprocessor directives or comments.</Message>
</Rule>
<Rule Name="16.10" Count="1" Mode="required" Severity="warning">
<Message>
If a function returns error information, then that error information should be tested.</Message>
</Rule>
<Rule Name="8.1" Count="1" Mode="required" Severity="warning">
<Message>
Function '__SYNCM' has no complete visible prototype at call.</Message>
</Rule>
</MISRA-C-Report-Summary>
