<?xml version="1.0" encoding="UTF-8"?>

<MISRA-C-Report version="1.3">


<CodeStruct Name="" File="C:\Component\CM700A_HwTq3Meas_Impl\src\CDD_HwTq3Meas.c" Line="0" Column="0">

<Rule Name="19.1" Mode="advisory" Report="warning" Id="1">
<Loc File="C:\Component\CM700A_HwTq3Meas_Impl\src\CDD_HwTq3Meas.c" Line="704" Column="0">
</Loc>
<Message>
#include statements in a file shall only be preceded by other preprocessor directives or comments.
</Message>
</Rule>

<Rule Name="19.1" Mode="advisory" Report="warning" Id="2">
<Loc File="C:\Component\CM700A_HwTq3Meas_Impl\src\CDD_HwTq3Meas.c" Line="1347" Column="0">
</Loc>
<Message>
#include statements in a file shall only be preceded by other preprocessor directives or comments.
</Message>
</Rule>

</CodeStruct>

<CodeStruct Name="SlowSerlDataRead" File="C:\Component\CM700A_HwTq3Meas_Impl\src\CDD_HwTq3Meas.c" Line="1375" Column="13">

<Rule Name="21.1" Mode="required" Report="warning" Id="6">
<Loc File="C:\Component\CM700A_HwTq3Meas_Impl\src\CDD_HwTq3Meas.c" Line="1381" Column="12">
</Loc>
<Message>
Minimisation of run-time failures.
</Message>
</Rule>

<Rule Name="21.1" Mode="required" Report="warning" Id="7">
<Loc File="C:\Component\CM700A_HwTq3Meas_Impl\src\CDD_HwTq3Meas.c" Line="1381" Column="36">
</Loc>
<Message>
Minimisation of run-time failures.
</Message>
</Rule>

<Rule Name="21.1" Mode="required" Report="warning" Id="8">
<Loc File="C:\Component\CM700A_HwTq3Meas_Impl\src\CDD_HwTq3Meas.c" Line="1387" Column="32">
</Loc>
<Message>
Minimisation of run-time failures.
</Message>
</Rule>

<Rule Name="21.1" Mode="required" Report="warning" Id="9">
<Loc File="C:\Component\CM700A_HwTq3Meas_Impl\src\CDD_HwTq3Meas.c" Line="1389" Column="81">
</Loc>
<Message>
Minimisation of run-time failures.
</Message>
</Rule>

<Rule Name="21.1" Mode="required" Report="warning" Id="10">
<Loc File="C:\Component\CM700A_HwTq3Meas_Impl\src\CDD_HwTq3Meas.c" Line="1390" Column="85">
</Loc>
<Message>
Minimisation of run-time failures.
</Message>
</Rule>

</CodeStruct>

<CodeStruct Name="HwTq3MeasHwTq3WrTrim_Oper" File="C:\Component\CM700A_HwTq3Meas_Impl\src\CDD_HwTq3Meas.c" Line="889" Column="5">

<Rule Name="21.1" Mode="required" Report="warning" Id="3">
<Loc File="C:\Component\CM700A_HwTq3Meas_Impl\src\CDD_HwTq3Meas.c" Line="898" Column="31">
</Loc>
<Message>
Minimisation of run-time failures.
</Message>
</Rule>

<Rule Name="21.1" Mode="required" Report="warning" Id="4">
<Loc File="C:\Component\CM700A_HwTq3Meas_Impl\src\CDD_HwTq3Meas.c" Line="898" Column="47">
</Loc>
<Message>
Minimisation of run-time failures.
</Message>
</Rule>

<Rule Name="21.1" Mode="required" Report="warning" Id="5">
<Loc File="C:\Component\CM700A_HwTq3Meas_Impl\src\CDD_HwTq3Meas.c" Line="899" Column="47">
</Loc>
<Message>
Minimisation of run-time failures.
</Message>
</Rule>

</CodeStruct>

<CodeStruct Name="HwTq3MeasHwTq3ClrTrim_Oper" File="C:\Component\CM700A_HwTq3Meas_Impl\src\CDD_HwTq3Meas.c" Line="780" Column="5">

<Rule Name="21.1" Mode="required" Report="warning" Id="11">
<Loc File="C:\Component\CM700A_HwTq3Meas_Impl\src\CDD_HwTq3Meas.c" Line="789" Column="31">
</Loc>
<Message>
Minimisation of run-time failures.
</Message>
</Rule>

<Rule Name="21.1" Mode="required" Report="warning" Id="12">
<Loc File="C:\Component\CM700A_HwTq3Meas_Impl\src\CDD_HwTq3Meas.c" Line="789" Column="47">
</Loc>
<Message>
Minimisation of run-time failures.
</Message>
</Rule>

<Rule Name="21.1" Mode="required" Report="warning" Id="13">
<Loc File="C:\Component\CM700A_HwTq3Meas_Impl\src\CDD_HwTq3Meas.c" Line="790" Column="47">
</Loc>
<Message>
Minimisation of run-time failures.
</Message>
</Rule>

</CodeStruct>

<CodeStruct Name="HwTq3MeasTrigStrt_Oper" File="C:\Component\CM700A_HwTq3Meas_Impl\src\CDD_HwTq3Meas.c" Line="1314" Column="5">

<Rule Name="8.1" Mode="required" Report="warning" Id="14">
<Loc File="C:\Component\CM700A_HwTq3Meas_Impl\src\CDD_HwTq3Meas.c" Line="1325" Column="2">
</Loc>
<Message>
Function '__SYNCM' has no complete visible prototype at call.
</Message>
</Rule>

<Rule Name="16.10" Mode="required" Report="warning" Id="15">
<Loc File="C:\Component\CM700A_HwTq3Meas_Impl\src\CDD_HwTq3Meas.c" Line="1325" Column="9">
</Loc>
<Message>
If a function returns error information, then that error information should be tested.
</Message>
</Rule>

<Rule Name="9.1" Mode="required" Report="warning" Id="16">
<Loc File="C:\Component\CM700A_HwTq3Meas_Impl\src\CDD_HwTq3Meas.c" Line="1333" Column="74">
</Loc>
<Message>
All automatic variables shall have been assigned a value before being used.
</Message>
</Rule>

</CodeStruct>

<CodeStruct Name="HwTq3MeasHwTq3TrimPrfmdSts_Oper" File="C:\Component\CM700A_HwTq3Meas_Impl\src\CDD_HwTq3Meas.c" Line="848" Column="5">

<Rule Name="21.1" Mode="required" Report="warning" Id="17">
<Loc File="C:\Component\CM700A_HwTq3Meas_Impl\src\CDD_HwTq3Meas.c" Line="855" Column="8">
</Loc>
<Message>
Minimisation of run-time failures.
</Message>
</Rule>

<Rule Name="21.1" Mode="required" Report="warning" Id="18">
<Loc File="C:\Component\CM700A_HwTq3Meas_Impl\src\CDD_HwTq3Meas.c" Line="855" Column="63">
</Loc>
<Message>
Minimisation of run-time failures.
</Message>
</Rule>

<Rule Name="21.1" Mode="required" Report="warning" Id="19">
<Loc File="C:\Component\CM700A_HwTq3Meas_Impl\src\CDD_HwTq3Meas.c" Line="855" Column="79">
</Loc>
<Message>
Minimisation of run-time failures.
</Message>
</Rule>

</CodeStruct>

<CodeStruct Name="HwTq3MeasPer1" File="C:\Component\CM700A_HwTq3Meas_Impl\src\CDD_HwTq3Meas.c" Line="1045" Column="5">

<Rule Name="21.1" Mode="required" Report="warning" Id="24">
<Loc File="C:\Component\CM700A_HwTq3Meas_Impl\src\CDD_HwTq3Meas.c" Line="1127" Column="56">
</Loc>
<Message>
Minimisation of run-time failures.
</Message>
</Rule>

<Rule Name="21.1" Mode="required" Report="warning" Id="25">
<Loc File="C:\Component\CM700A_HwTq3Meas_Impl\src\CDD_HwTq3Meas.c" Line="1127" Column="85">
</Loc>
<Message>
Minimisation of run-time failures.
</Message>
</Rule>

<Rule Name="21.1" Mode="required" Report="warning" Id="26">
<Loc File="C:\Component\CM700A_HwTq3Meas_Impl\src\CDD_HwTq3Meas.c" Line="1139" Column="48">
</Loc>
<Message>
Minimisation of run-time failures.
</Message>
</Rule>

<Rule Name="21.1" Mode="required" Report="warning" Id="27">
<Loc File="C:\Component\CM700A_HwTq3Meas_Impl\src\CDD_HwTq3Meas.c" Line="1139" Column="76">
</Loc>
<Message>
Minimisation of run-time failures.
</Message>
</Rule>

<Rule Name="21.1" Mode="required" Report="warning" Id="28">
<Loc File="C:\Component\CM700A_HwTq3Meas_Impl\src\CDD_HwTq3Meas.c" Line="1149" Column="40">
</Loc>
<Message>
Minimisation of run-time failures.
</Message>
</Rule>

<Rule Name="21.1" Mode="required" Report="warning" Id="29">
<Loc File="C:\Component\CM700A_HwTq3Meas_Impl\src\CDD_HwTq3Meas.c" Line="1149" Column="67">
</Loc>
<Message>
Minimisation of run-time failures.
</Message>
</Rule>

<Rule Name="9.1" Mode="required" Report="warning" Id="30">
<Loc File="C:\Component\CM700A_HwTq3Meas_Impl\src\CDD_HwTq3Meas.c" Line="1172" Column="75">
</Loc>
<Message>
All automatic variables shall have been assigned a value before being used.
</Message>
</Rule>

<Rule Name="21.1" Mode="required" Report="warning" Id="31">
<Loc File="C:\Component\CM700A_HwTq3Meas_Impl\src\CDD_HwTq3Meas.c" Line="1173" Column="16">
</Loc>
<Message>
Minimisation of run-time failures.
</Message>
</Rule>

<Rule Name="21.1" Mode="required" Report="warning" Id="32">
<Loc File="C:\Component\CM700A_HwTq3Meas_Impl\src\CDD_HwTq3Meas.c" Line="1177" Column="39">
</Loc>
<Message>
Minimisation of run-time failures.
</Message>
</Rule>

<Rule Name="21.1" Mode="required" Report="warning" Id="33">
<Loc File="C:\Component\CM700A_HwTq3Meas_Impl\src\CDD_HwTq3Meas.c" Line="1180" Column="103">
</Loc>
<Message>
Minimisation of run-time failures.
</Message>
</Rule>

<Rule Name="21.1" Mode="required" Report="warning" Id="34">
<Loc File="C:\Component\CM700A_HwTq3Meas_Impl\src\CDD_HwTq3Meas.c" Line="1189" Column="72">
</Loc>
<Message>
Minimisation of run-time failures.
</Message>
</Rule>

<Rule Name="9.1" Mode="required" Report="warning" Id="35">
<Loc File="C:\Component\CM700A_HwTq3Meas_Impl\src\CDD_HwTq3Meas.c" Line="1210" Column="13">
</Loc>
<Message>
All automatic variables shall have been assigned a value before being used.
</Message>
</Rule>

<Rule Name="9.1" Mode="required" Report="warning" Id="36">
<Loc File="C:\Component\CM700A_HwTq3Meas_Impl\src\CDD_HwTq3Meas.c" Line="1210" Column="58">
</Loc>
<Message>
All automatic variables shall have been assigned a value before being used.
</Message>
</Rule>

<Rule Name="21.1" Mode="required" Report="warning" Id="37">
<Loc File="C:\Component\CM700A_HwTq3Meas_Impl\src\CDD_HwTq3Meas.c" Line="1231" Column="59">
</Loc>
<Message>
Minimisation of run-time failures.
</Message>
</Rule>

</CodeStruct>

<CodeStruct Name="HwTq3MeasHwTq3AutTrim_Oper" File="C:\Component\CM700A_HwTq3Meas_Impl\src\CDD_HwTq3Meas.c" Line="733" Column="5">

<Rule Name="21.1" Mode="required" Report="warning" Id="20">
<Loc File="C:\Component\CM700A_HwTq3Meas_Impl\src\CDD_HwTq3Meas.c" Line="741" Column="31">
</Loc>
<Message>
Minimisation of run-time failures.
</Message>
</Rule>

<Rule Name="21.1" Mode="required" Report="warning" Id="21">
<Loc File="C:\Component\CM700A_HwTq3Meas_Impl\src\CDD_HwTq3Meas.c" Line="741" Column="47">
</Loc>
<Message>
Minimisation of run-time failures.
</Message>
</Rule>

<Rule Name="21.1" Mode="required" Report="warning" Id="22">
<Loc File="C:\Component\CM700A_HwTq3Meas_Impl\src\CDD_HwTq3Meas.c" Line="741" Column="60">
</Loc>
<Message>
Minimisation of run-time failures.
</Message>
</Rule>

<Rule Name="21.1" Mode="required" Report="warning" Id="23">
<Loc File="C:\Component\CM700A_HwTq3Meas_Impl\src\CDD_HwTq3Meas.c" Line="742" Column="47">
</Loc>
<Message>
Minimisation of run-time failures.
</Message>
</Rule>

</CodeStruct>

<CodeStruct Name="HwTq3MeasPer2" File="C:\Component\CM700A_HwTq3Meas_Impl\src\CDD_HwTq3Meas.c" Line="1263" Column="5">

<Rule Name="21.1" Mode="required" Report="warning" Id="38">
<Loc File="C:\Component\CM700A_HwTq3Meas_Impl\src\CDD_HwTq3Meas.c" Line="1272" Column="35">
</Loc>
<Message>
Minimisation of run-time failures.
</Message>
</Rule>

<Rule Name="21.1" Mode="required" Report="warning" Id="39">
<Loc File="C:\Component\CM700A_HwTq3Meas_Impl\src\CDD_HwTq3Meas.c" Line="1272" Column="51">
</Loc>
<Message>
Minimisation of run-time failures.
</Message>
</Rule>

</CodeStruct>

<CodeStruct Name="HwTq3MeasHwTq3ReadTrim_Oper" File="C:\Component\CM700A_HwTq3Meas_Impl\src\CDD_HwTq3Meas.c" Line="817" Column="5">

<Rule Name="21.1" Mode="required" Report="warning" Id="40">
<Loc File="C:\Component\CM700A_HwTq3Meas_Impl\src\CDD_HwTq3Meas.c" Line="824" Column="8">
</Loc>
<Message>
Minimisation of run-time failures.
</Message>
</Rule>

<Rule Name="21.1" Mode="required" Report="warning" Id="41">
<Loc File="C:\Component\CM700A_HwTq3Meas_Impl\src\CDD_HwTq3Meas.c" Line="824" Column="55">
</Loc>
<Message>
Minimisation of run-time failures.
</Message>
</Rule>

<Rule Name="21.1" Mode="required" Report="warning" Id="42">
<Loc File="C:\Component\CM700A_HwTq3Meas_Impl\src\CDD_HwTq3Meas.c" Line="824" Column="71">
</Loc>
<Message>
Minimisation of run-time failures.
</Message>
</Rule>

</CodeStruct>

<CodeStruct Name="HwTq3MeasInit1" File="C:\Component\CM700A_HwTq3Meas_Impl\src\CDD_HwTq3Meas.c" Line="934" Column="5">

<Rule Name="9.1" Mode="required" Report="warning" Id="43">
<Loc File="C:\Component\CM700A_HwTq3Meas_Impl\src\CDD_HwTq3Meas.c" Line="952" Column="76">
</Loc>
<Message>
All automatic variables shall have been assigned a value before being used.
</Message>
</Rule>

</CodeStruct>

</MISRA-C-Report>
