<?xml version="1.0" encoding="UTF-8"?>
<MISRA-C-Report-Summary>
<File Mode="advisory" Error="0" Warning="2" Total="2">
<Name>
C:\Users\nz4qtt\Desktop\ES105A_StHlthSigNormn_Impl\src\StHlthSigNormn.c</Name>
</File>
<File Mode="required" Error="0" Warning="118" Total="118">
<Name>
C:\Users\nz4qtt\Desktop\ES105A_StHlthSigNormn_Impl\src\StHlthSigNormn.c</Name>
</File>
<Rule Name="21.1" Count="94" Mode="required" Severity="warning">
<Message>
Minimisation of run-time failures.</Message>
</Rule>
<Rule Name="12.4" Count="16" Mode="required" Severity="warning">
<Message>
The right hand operand of a logical &amp;&amp; or || operator shall not contain side effects.</Message>
</Rule>
<Rule Name="9.1" Count="8" Mode="required" Severity="warning">
<Message>
All automatic variables shall have been assigned a value before being used.</Message>
</Rule>
<Rule Name="19.1" Count="2" Mode="advisory" Severity="warning">
<Message>
#include statements in a file shall only be preceded by other preprocessor directives or comments.</Message>
</Rule>
</MISRA-C-Report-Summary>
