<?xml version="1.0" encoding="UTF-8"?>

<MISRA-C-Report version="1.3">


<CodeStruct Name="" File="C:\Users\nz4qtt\Desktop\ES105A_StHlthSigNormn_Impl\src\StHlthSigNormn.c" Line="0" Column="0">

<Rule Name="19.1" Mode="advisory" Report="warning" Id="1">
<Loc File="C:\Users\nz4qtt\Desktop\ES105A_StHlthSigNormn_Impl\src\StHlthSigNormn.c" Line="825" Column="0">
</Loc>
<Message>
#include statements in a file shall only be preceded by other preprocessor directives or comments.
</Message>
</Rule>

<Rule Name="19.1" Mode="advisory" Report="warning" Id="2">
<Loc File="C:\Users\nz4qtt\Desktop\ES105A_StHlthSigNormn_Impl\src\StHlthSigNormn.c" Line="1098" Column="0">
</Loc>
<Message>
#include statements in a file shall only be preceded by other preprocessor directives or comments.
</Message>
</Rule>

</CodeStruct>

<CodeStruct Name="PhaVltgStHlthCalc" File="C:\Users\nz4qtt\Desktop\ES105A_StHlthSigNormn_Impl\src\StHlthSigNormn.c" Line="1821" Column="12">

<Rule Name="21.1" Mode="required" Report="warning" Id="3">
<Loc File="C:\Users\nz4qtt\Desktop\ES105A_StHlthSigNormn_Impl\src\StHlthSigNormn.c" Line="1856" Column="12">
</Loc>
<Message>
Minimisation of run-time failures.
</Message>
</Rule>

<Rule Name="21.1" Mode="required" Report="warning" Id="4">
<Loc File="C:\Users\nz4qtt\Desktop\ES105A_StHlthSigNormn_Impl\src\StHlthSigNormn.c" Line="1856" Column="37">
</Loc>
<Message>
Minimisation of run-time failures.
</Message>
</Rule>

<Rule Name="21.1" Mode="required" Report="warning" Id="5">
<Loc File="C:\Users\nz4qtt\Desktop\ES105A_StHlthSigNormn_Impl\src\StHlthSigNormn.c" Line="1860" Column="12">
</Loc>
<Message>
Minimisation of run-time failures.
</Message>
</Rule>

<Rule Name="21.1" Mode="required" Report="warning" Id="6">
<Loc File="C:\Users\nz4qtt\Desktop\ES105A_StHlthSigNormn_Impl\src\StHlthSigNormn.c" Line="1860" Column="37">
</Loc>
<Message>
Minimisation of run-time failures.
</Message>
</Rule>

<Rule Name="21.1" Mode="required" Report="warning" Id="7">
<Loc File="C:\Users\nz4qtt\Desktop\ES105A_StHlthSigNormn_Impl\src\StHlthSigNormn.c" Line="1864" Column="12">
</Loc>
<Message>
Minimisation of run-time failures.
</Message>
</Rule>

<Rule Name="21.1" Mode="required" Report="warning" Id="8">
<Loc File="C:\Users\nz4qtt\Desktop\ES105A_StHlthSigNormn_Impl\src\StHlthSigNormn.c" Line="1864" Column="37">
</Loc>
<Message>
Minimisation of run-time failures.
</Message>
</Rule>

<Rule Name="21.1" Mode="required" Report="warning" Id="9">
<Loc File="C:\Users\nz4qtt\Desktop\ES105A_StHlthSigNormn_Impl\src\StHlthSigNormn.c" Line="1868" Column="12">
</Loc>
<Message>
Minimisation of run-time failures.
</Message>
</Rule>

<Rule Name="21.1" Mode="required" Report="warning" Id="10">
<Loc File="C:\Users\nz4qtt\Desktop\ES105A_StHlthSigNormn_Impl\src\StHlthSigNormn.c" Line="1868" Column="37">
</Loc>
<Message>
Minimisation of run-time failures.
</Message>
</Rule>

<Rule Name="21.1" Mode="required" Report="warning" Id="11">
<Loc File="C:\Users\nz4qtt\Desktop\ES105A_StHlthSigNormn_Impl\src\StHlthSigNormn.c" Line="1872" Column="12">
</Loc>
<Message>
Minimisation of run-time failures.
</Message>
</Rule>

<Rule Name="21.1" Mode="required" Report="warning" Id="12">
<Loc File="C:\Users\nz4qtt\Desktop\ES105A_StHlthSigNormn_Impl\src\StHlthSigNormn.c" Line="1872" Column="37">
</Loc>
<Message>
Minimisation of run-time failures.
</Message>
</Rule>

<Rule Name="21.1" Mode="required" Report="warning" Id="13">
<Loc File="C:\Users\nz4qtt\Desktop\ES105A_StHlthSigNormn_Impl\src\StHlthSigNormn.c" Line="1876" Column="12">
</Loc>
<Message>
Minimisation of run-time failures.
</Message>
</Rule>

<Rule Name="21.1" Mode="required" Report="warning" Id="14">
<Loc File="C:\Users\nz4qtt\Desktop\ES105A_StHlthSigNormn_Impl\src\StHlthSigNormn.c" Line="1876" Column="37">
</Loc>
<Message>
Minimisation of run-time failures.
</Message>
</Rule>

<Rule Name="21.1" Mode="required" Report="warning" Id="15">
<Loc File="C:\Users\nz4qtt\Desktop\ES105A_StHlthSigNormn_Impl\src\StHlthSigNormn.c" Line="1881" Column="9">
</Loc>
<Message>
Minimisation of run-time failures.
</Message>
</Rule>

<Rule Name="21.1" Mode="required" Report="warning" Id="16">
<Loc File="C:\Users\nz4qtt\Desktop\ES105A_StHlthSigNormn_Impl\src\StHlthSigNormn.c" Line="1882" Column="6">
</Loc>
<Message>
Minimisation of run-time failures.
</Message>
</Rule>

<Rule Name="12.4" Mode="required" Report="warning" Id="17">
<Loc File="C:\Users\nz4qtt\Desktop\ES105A_StHlthSigNormn_Impl\src\StHlthSigNormn.c" Line="1882" Column="53">
</Loc>
<Message>
The right hand operand of a logical &amp;&amp; or || operator shall not contain side effects.
</Message>
</Rule>

<Rule Name="21.1" Mode="required" Report="warning" Id="18">
<Loc File="C:\Users\nz4qtt\Desktop\ES105A_StHlthSigNormn_Impl\src\StHlthSigNormn.c" Line="1883" Column="6">
</Loc>
<Message>
Minimisation of run-time failures.
</Message>
</Rule>

<Rule Name="12.4" Mode="required" Report="warning" Id="19">
<Loc File="C:\Users\nz4qtt\Desktop\ES105A_StHlthSigNormn_Impl\src\StHlthSigNormn.c" Line="1883" Column="53">
</Loc>
<Message>
The right hand operand of a logical &amp;&amp; or || operator shall not contain side effects.
</Message>
</Rule>

<Rule Name="21.1" Mode="required" Report="warning" Id="20">
<Loc File="C:\Users\nz4qtt\Desktop\ES105A_StHlthSigNormn_Impl\src\StHlthSigNormn.c" Line="1884" Column="6">
</Loc>
<Message>
Minimisation of run-time failures.
</Message>
</Rule>

<Rule Name="12.4" Mode="required" Report="warning" Id="21">
<Loc File="C:\Users\nz4qtt\Desktop\ES105A_StHlthSigNormn_Impl\src\StHlthSigNormn.c" Line="1884" Column="53">
</Loc>
<Message>
The right hand operand of a logical &amp;&amp; or || operator shall not contain side effects.
</Message>
</Rule>

<Rule Name="21.1" Mode="required" Report="warning" Id="22">
<Loc File="C:\Users\nz4qtt\Desktop\ES105A_StHlthSigNormn_Impl\src\StHlthSigNormn.c" Line="1885" Column="6">
</Loc>
<Message>
Minimisation of run-time failures.
</Message>
</Rule>

<Rule Name="12.4" Mode="required" Report="warning" Id="23">
<Loc File="C:\Users\nz4qtt\Desktop\ES105A_StHlthSigNormn_Impl\src\StHlthSigNormn.c" Line="1885" Column="53">
</Loc>
<Message>
The right hand operand of a logical &amp;&amp; or || operator shall not contain side effects.
</Message>
</Rule>

<Rule Name="21.1" Mode="required" Report="warning" Id="24">
<Loc File="C:\Users\nz4qtt\Desktop\ES105A_StHlthSigNormn_Impl\src\StHlthSigNormn.c" Line="1886" Column="6">
</Loc>
<Message>
Minimisation of run-time failures.
</Message>
</Rule>

<Rule Name="12.4" Mode="required" Report="warning" Id="25">
<Loc File="C:\Users\nz4qtt\Desktop\ES105A_StHlthSigNormn_Impl\src\StHlthSigNormn.c" Line="1886" Column="53">
</Loc>
<Message>
The right hand operand of a logical &amp;&amp; or || operator shall not contain side effects.
</Message>
</Rule>

</CodeStruct>

<CodeStruct Name="StHlthSigNormnInit1" File="C:\Users\nz4qtt\Desktop\ES105A_StHlthSigNormn_Impl\src\StHlthSigNormn.c" Line="879" Column="5">

<Rule Name="21.1" Mode="required" Report="warning" Id="26">
<Loc File="C:\Users\nz4qtt\Desktop\ES105A_StHlthSigNormn_Impl\src\StHlthSigNormn.c" Line="891" Column="4">
</Loc>
<Message>
Minimisation of run-time failures.
</Message>
</Rule>

<Rule Name="21.1" Mode="required" Report="warning" Id="27">
<Loc File="C:\Users\nz4qtt\Desktop\ES105A_StHlthSigNormn_Impl\src\StHlthSigNormn.c" Line="891" Column="29">
</Loc>
<Message>
Minimisation of run-time failures.
</Message>
</Rule>

<Rule Name="21.1" Mode="required" Report="warning" Id="28">
<Loc File="C:\Users\nz4qtt\Desktop\ES105A_StHlthSigNormn_Impl\src\StHlthSigNormn.c" Line="892" Column="4">
</Loc>
<Message>
Minimisation of run-time failures.
</Message>
</Rule>

<Rule Name="21.1" Mode="required" Report="warning" Id="29">
<Loc File="C:\Users\nz4qtt\Desktop\ES105A_StHlthSigNormn_Impl\src\StHlthSigNormn.c" Line="893" Column="4">
</Loc>
<Message>
Minimisation of run-time failures.
</Message>
</Rule>

<Rule Name="21.1" Mode="required" Report="warning" Id="30">
<Loc File="C:\Users\nz4qtt\Desktop\ES105A_StHlthSigNormn_Impl\src\StHlthSigNormn.c" Line="894" Column="4">
</Loc>
<Message>
Minimisation of run-time failures.
</Message>
</Rule>

<Rule Name="21.1" Mode="required" Report="warning" Id="31">
<Loc File="C:\Users\nz4qtt\Desktop\ES105A_StHlthSigNormn_Impl\src\StHlthSigNormn.c" Line="895" Column="4">
</Loc>
<Message>
Minimisation of run-time failures.
</Message>
</Rule>

<Rule Name="21.1" Mode="required" Report="warning" Id="32">
<Loc File="C:\Users\nz4qtt\Desktop\ES105A_StHlthSigNormn_Impl\src\StHlthSigNormn.c" Line="896" Column="4">
</Loc>
<Message>
Minimisation of run-time failures.
</Message>
</Rule>

<Rule Name="21.1" Mode="required" Report="warning" Id="33">
<Loc File="C:\Users\nz4qtt\Desktop\ES105A_StHlthSigNormn_Impl\src\StHlthSigNormn.c" Line="897" Column="4">
</Loc>
<Message>
Minimisation of run-time failures.
</Message>
</Rule>

<Rule Name="21.1" Mode="required" Report="warning" Id="34">
<Loc File="C:\Users\nz4qtt\Desktop\ES105A_StHlthSigNormn_Impl\src\StHlthSigNormn.c" Line="898" Column="4">
</Loc>
<Message>
Minimisation of run-time failures.
</Message>
</Rule>

<Rule Name="21.1" Mode="required" Report="warning" Id="35">
<Loc File="C:\Users\nz4qtt\Desktop\ES105A_StHlthSigNormn_Impl\src\StHlthSigNormn.c" Line="899" Column="4">
</Loc>
<Message>
Minimisation of run-time failures.
</Message>
</Rule>

<Rule Name="21.1" Mode="required" Report="warning" Id="36">
<Loc File="C:\Users\nz4qtt\Desktop\ES105A_StHlthSigNormn_Impl\src\StHlthSigNormn.c" Line="900" Column="4">
</Loc>
<Message>
Minimisation of run-time failures.
</Message>
</Rule>

<Rule Name="21.1" Mode="required" Report="warning" Id="37">
<Loc File="C:\Users\nz4qtt\Desktop\ES105A_StHlthSigNormn_Impl\src\StHlthSigNormn.c" Line="901" Column="4">
</Loc>
<Message>
Minimisation of run-time failures.
</Message>
</Rule>

<Rule Name="21.1" Mode="required" Report="warning" Id="38">
<Loc File="C:\Users\nz4qtt\Desktop\ES105A_StHlthSigNormn_Impl\src\StHlthSigNormn.c" Line="902" Column="4">
</Loc>
<Message>
Minimisation of run-time failures.
</Message>
</Rule>

<Rule Name="21.1" Mode="required" Report="warning" Id="39">
<Loc File="C:\Users\nz4qtt\Desktop\ES105A_StHlthSigNormn_Impl\src\StHlthSigNormn.c" Line="903" Column="4">
</Loc>
<Message>
Minimisation of run-time failures.
</Message>
</Rule>

<Rule Name="21.1" Mode="required" Report="warning" Id="40">
<Loc File="C:\Users\nz4qtt\Desktop\ES105A_StHlthSigNormn_Impl\src\StHlthSigNormn.c" Line="904" Column="4">
</Loc>
<Message>
Minimisation of run-time failures.
</Message>
</Rule>

<Rule Name="21.1" Mode="required" Report="warning" Id="41">
<Loc File="C:\Users\nz4qtt\Desktop\ES105A_StHlthSigNormn_Impl\src\StHlthSigNormn.c" Line="905" Column="4">
</Loc>
<Message>
Minimisation of run-time failures.
</Message>
</Rule>

<Rule Name="21.1" Mode="required" Report="warning" Id="42">
<Loc File="C:\Users\nz4qtt\Desktop\ES105A_StHlthSigNormn_Impl\src\StHlthSigNormn.c" Line="908" Column="4">
</Loc>
<Message>
Minimisation of run-time failures.
</Message>
</Rule>

<Rule Name="21.1" Mode="required" Report="warning" Id="43">
<Loc File="C:\Users\nz4qtt\Desktop\ES105A_StHlthSigNormn_Impl\src\StHlthSigNormn.c" Line="908" Column="112">
</Loc>
<Message>
Minimisation of run-time failures.
</Message>
</Rule>

<Rule Name="9.1" Mode="required" Report="warning" Id="44">
<Loc File="C:\Users\nz4qtt\Desktop\ES105A_StHlthSigNormn_Impl\src\StHlthSigNormn.c" Line="912" Column="60">
</Loc>
<Message>
All automatic variables shall have been assigned a value before being used.
</Message>
</Rule>

</CodeStruct>

<CodeStruct Name="MotPosnStHlthCalc" File="C:\Users\nz4qtt\Desktop\ES105A_StHlthSigNormn_Impl\src\StHlthSigNormn.c" Line="1563" Column="12">

<Rule Name="12.4" Mode="required" Report="warning" Id="45">
<Loc File="C:\Users\nz4qtt\Desktop\ES105A_StHlthSigNormn_Impl\src\StHlthSigNormn.c" Line="1574" Column="32">
</Loc>
<Message>
The right hand operand of a logical &amp;&amp; or || operator shall not contain side effects.
</Message>
</Rule>

</CodeStruct>

<CodeStruct Name="EotImpctCntrStHlthCalc" File="C:\Users\nz4qtt\Desktop\ES105A_StHlthSigNormn_Impl\src\StHlthSigNormn.c" Line="1472" Column="12">

<Rule Name="12.4" Mode="required" Report="warning" Id="46">
<Loc File="C:\Users\nz4qtt\Desktop\ES105A_StHlthSigNormn_Impl\src\StHlthSigNormn.c" Line="1499" Column="34">
</Loc>
<Message>
The right hand operand of a logical &amp;&amp; or || operator shall not contain side effects.
</Message>
</Rule>

<Rule Name="21.1" Mode="required" Report="warning" Id="47">
<Loc File="C:\Users\nz4qtt\Desktop\ES105A_StHlthSigNormn_Impl\src\StHlthSigNormn.c" Line="1504" Column="23">
</Loc>
<Message>
Minimisation of run-time failures.
</Message>
</Rule>

<Rule Name="21.1" Mode="required" Report="warning" Id="48">
<Loc File="C:\Users\nz4qtt\Desktop\ES105A_StHlthSigNormn_Impl\src\StHlthSigNormn.c" Line="1504" Column="48">
</Loc>
<Message>
Minimisation of run-time failures.
</Message>
</Rule>

<Rule Name="21.1" Mode="required" Report="warning" Id="49">
<Loc File="C:\Users\nz4qtt\Desktop\ES105A_StHlthSigNormn_Impl\src\StHlthSigNormn.c" Line="1508" Column="27">
</Loc>
<Message>
Minimisation of run-time failures.
</Message>
</Rule>

<Rule Name="21.1" Mode="required" Report="warning" Id="50">
<Loc File="C:\Users\nz4qtt\Desktop\ES105A_StHlthSigNormn_Impl\src\StHlthSigNormn.c" Line="1517" Column="16">
</Loc>
<Message>
Minimisation of run-time failures.
</Message>
</Rule>

<Rule Name="21.1" Mode="required" Report="warning" Id="51">
<Loc File="C:\Users\nz4qtt\Desktop\ES105A_StHlthSigNormn_Impl\src\StHlthSigNormn.c" Line="1517" Column="41">
</Loc>
<Message>
Minimisation of run-time failures.
</Message>
</Rule>

<Rule Name="12.4" Mode="required" Report="warning" Id="52">
<Loc File="C:\Users\nz4qtt\Desktop\ES105A_StHlthSigNormn_Impl\src\StHlthSigNormn.c" Line="1523" Column="34">
</Loc>
<Message>
The right hand operand of a logical &amp;&amp; or || operator shall not contain side effects.
</Message>
</Rule>

<Rule Name="21.1" Mode="required" Report="warning" Id="53">
<Loc File="C:\Users\nz4qtt\Desktop\ES105A_StHlthSigNormn_Impl\src\StHlthSigNormn.c" Line="1527" Column="23">
</Loc>
<Message>
Minimisation of run-time failures.
</Message>
</Rule>

<Rule Name="21.1" Mode="required" Report="warning" Id="54">
<Loc File="C:\Users\nz4qtt\Desktop\ES105A_StHlthSigNormn_Impl\src\StHlthSigNormn.c" Line="1527" Column="48">
</Loc>
<Message>
Minimisation of run-time failures.
</Message>
</Rule>

<Rule Name="21.1" Mode="required" Report="warning" Id="55">
<Loc File="C:\Users\nz4qtt\Desktop\ES105A_StHlthSigNormn_Impl\src\StHlthSigNormn.c" Line="1531" Column="27">
</Loc>
<Message>
Minimisation of run-time failures.
</Message>
</Rule>

<Rule Name="21.1" Mode="required" Report="warning" Id="56">
<Loc File="C:\Users\nz4qtt\Desktop\ES105A_StHlthSigNormn_Impl\src\StHlthSigNormn.c" Line="1540" Column="16">
</Loc>
<Message>
Minimisation of run-time failures.
</Message>
</Rule>

<Rule Name="21.1" Mode="required" Report="warning" Id="57">
<Loc File="C:\Users\nz4qtt\Desktop\ES105A_StHlthSigNormn_Impl\src\StHlthSigNormn.c" Line="1540" Column="41">
</Loc>
<Message>
Minimisation of run-time failures.
</Message>
</Rule>

<Rule Name="21.1" Mode="required" Report="warning" Id="58">
<Loc File="C:\Users\nz4qtt\Desktop\ES105A_StHlthSigNormn_Impl\src\StHlthSigNormn.c" Line="1547" Column="8">
</Loc>
<Message>
Minimisation of run-time failures.
</Message>
</Rule>

<Rule Name="21.1" Mode="required" Report="warning" Id="59">
<Loc File="C:\Users\nz4qtt\Desktop\ES105A_StHlthSigNormn_Impl\src\StHlthSigNormn.c" Line="1547" Column="33">
</Loc>
<Message>
Minimisation of run-time failures.
</Message>
</Rule>

<Rule Name="21.1" Mode="required" Report="warning" Id="60">
<Loc File="C:\Users\nz4qtt\Desktop\ES105A_StHlthSigNormn_Impl\src\StHlthSigNormn.c" Line="1549" Column="31">
</Loc>
<Message>
Minimisation of run-time failures.
</Message>
</Rule>

<Rule Name="21.1" Mode="required" Report="warning" Id="61">
<Loc File="C:\Users\nz4qtt\Desktop\ES105A_StHlthSigNormn_Impl\src\StHlthSigNormn.c" Line="1549" Column="56">
</Loc>
<Message>
Minimisation of run-time failures.
</Message>
</Rule>

</CodeStruct>

<CodeStruct Name="FricEstimnStHlthCalc" File="C:\Users\nz4qtt\Desktop\ES105A_StHlthSigNormn_Impl\src\StHlthSigNormn.c" Line="1972" Column="13">

<Rule Name="9.1" Mode="required" Report="warning" Id="62">
<Loc File="C:\Users\nz4qtt\Desktop\ES105A_StHlthSigNormn_Impl\src\StHlthSigNormn.c" Line="1982" Column="7">
</Loc>
<Message>
All automatic variables shall have been assigned a value before being used.
</Message>
</Rule>

</CodeStruct>

<CodeStruct Name="CurrMotSumStHlthCalc" File="C:\Users\nz4qtt\Desktop\ES105A_StHlthSigNormn_Impl\src\StHlthSigNormn.c" Line="1739" Column="12">

<Rule Name="21.1" Mode="required" Report="warning" Id="63">
<Loc File="C:\Users\nz4qtt\Desktop\ES105A_StHlthSigNormn_Impl\src\StHlthSigNormn.c" Line="1790" Column="12">
</Loc>
<Message>
Minimisation of run-time failures.
</Message>
</Rule>

<Rule Name="21.1" Mode="required" Report="warning" Id="64">
<Loc File="C:\Users\nz4qtt\Desktop\ES105A_StHlthSigNormn_Impl\src\StHlthSigNormn.c" Line="1790" Column="37">
</Loc>
<Message>
Minimisation of run-time failures.
</Message>
</Rule>

<Rule Name="21.1" Mode="required" Report="warning" Id="65">
<Loc File="C:\Users\nz4qtt\Desktop\ES105A_StHlthSigNormn_Impl\src\StHlthSigNormn.c" Line="1795" Column="12">
</Loc>
<Message>
Minimisation of run-time failures.
</Message>
</Rule>

<Rule Name="21.1" Mode="required" Report="warning" Id="66">
<Loc File="C:\Users\nz4qtt\Desktop\ES105A_StHlthSigNormn_Impl\src\StHlthSigNormn.c" Line="1795" Column="37">
</Loc>
<Message>
Minimisation of run-time failures.
</Message>
</Rule>

<Rule Name="21.1" Mode="required" Report="warning" Id="67">
<Loc File="C:\Users\nz4qtt\Desktop\ES105A_StHlthSigNormn_Impl\src\StHlthSigNormn.c" Line="1801" Column="9">
</Loc>
<Message>
Minimisation of run-time failures.
</Message>
</Rule>

<Rule Name="21.1" Mode="required" Report="warning" Id="68">
<Loc File="C:\Users\nz4qtt\Desktop\ES105A_StHlthSigNormn_Impl\src\StHlthSigNormn.c" Line="1802" Column="9">
</Loc>
<Message>
Minimisation of run-time failures.
</Message>
</Rule>

<Rule Name="12.4" Mode="required" Report="warning" Id="69">
<Loc File="C:\Users\nz4qtt\Desktop\ES105A_StHlthSigNormn_Impl\src\StHlthSigNormn.c" Line="1802" Column="65">
</Loc>
<Message>
The right hand operand of a logical &amp;&amp; or || operator shall not contain side effects.
</Message>
</Rule>

</CodeStruct>

<CodeStruct Name="WhlImbRejctnStHlthCalc" File="C:\Users\nz4qtt\Desktop\ES105A_StHlthSigNormn_Impl\src\StHlthSigNormn.c" Line="2017" Column="12">

<Rule Name="9.1" Mode="required" Report="warning" Id="82">
<Loc File="C:\Users\nz4qtt\Desktop\ES105A_StHlthSigNormn_Impl\src\StHlthSigNormn.c" Line="2024" Column="21">
</Loc>
<Message>
All automatic variables shall have been assigned a value before being used.
</Message>
</Rule>

</CodeStruct>

<CodeStruct Name="OutpAssiMon" File="C:\Users\nz4qtt\Desktop\ES105A_StHlthSigNormn_Impl\src\StHlthSigNormn.c" Line="1226" Column="12">

<Rule Name="9.1" Mode="required" Report="warning" Id="70">
<Loc File="C:\Users\nz4qtt\Desktop\ES105A_StHlthSigNormn_Impl\src\StHlthSigNormn.c" Line="1244" Column="10">
</Loc>
<Message>
All automatic variables shall have been assigned a value before being used.
</Message>
</Rule>

<Rule Name="9.1" Mode="required" Report="warning" Id="71">
<Loc File="C:\Users\nz4qtt\Desktop\ES105A_StHlthSigNormn_Impl\src\StHlthSigNormn.c" Line="1245" Column="10">
</Loc>
<Message>
All automatic variables shall have been assigned a value before being used.
</Message>
</Rule>

<Rule Name="9.1" Mode="required" Report="warning" Id="72">
<Loc File="C:\Users\nz4qtt\Desktop\ES105A_StHlthSigNormn_Impl\src\StHlthSigNormn.c" Line="1246" Column="10">
</Loc>
<Message>
All automatic variables shall have been assigned a value before being used.
</Message>
</Rule>

<Rule Name="21.1" Mode="required" Report="warning" Id="73">
<Loc File="C:\Users\nz4qtt\Desktop\ES105A_StHlthSigNormn_Impl\src\StHlthSigNormn.c" Line="1258" Column="8">
</Loc>
<Message>
Minimisation of run-time failures.
</Message>
</Rule>

<Rule Name="21.1" Mode="required" Report="warning" Id="74">
<Loc File="C:\Users\nz4qtt\Desktop\ES105A_StHlthSigNormn_Impl\src\StHlthSigNormn.c" Line="1258" Column="33">
</Loc>
<Message>
Minimisation of run-time failures.
</Message>
</Rule>

<Rule Name="9.1" Mode="required" Report="warning" Id="75">
<Loc File="C:\Users\nz4qtt\Desktop\ES105A_StHlthSigNormn_Impl\src\StHlthSigNormn.c" Line="1263" Column="13">
</Loc>
<Message>
All automatic variables shall have been assigned a value before being used.
</Message>
</Rule>

<Rule Name="21.1" Mode="required" Report="warning" Id="76">
<Loc File="C:\Users\nz4qtt\Desktop\ES105A_StHlthSigNormn_Impl\src\StHlthSigNormn.c" Line="1268" Column="8">
</Loc>
<Message>
Minimisation of run-time failures.
</Message>
</Rule>

<Rule Name="21.1" Mode="required" Report="warning" Id="77">
<Loc File="C:\Users\nz4qtt\Desktop\ES105A_StHlthSigNormn_Impl\src\StHlthSigNormn.c" Line="1268" Column="33">
</Loc>
<Message>
Minimisation of run-time failures.
</Message>
</Rule>

<Rule Name="21.1" Mode="required" Report="warning" Id="78">
<Loc File="C:\Users\nz4qtt\Desktop\ES105A_StHlthSigNormn_Impl\src\StHlthSigNormn.c" Line="1277" Column="8">
</Loc>
<Message>
Minimisation of run-time failures.
</Message>
</Rule>

<Rule Name="21.1" Mode="required" Report="warning" Id="79">
<Loc File="C:\Users\nz4qtt\Desktop\ES105A_StHlthSigNormn_Impl\src\StHlthSigNormn.c" Line="1277" Column="33">
</Loc>
<Message>
Minimisation of run-time failures.
</Message>
</Rule>

<Rule Name="21.1" Mode="required" Report="warning" Id="80">
<Loc File="C:\Users\nz4qtt\Desktop\ES105A_StHlthSigNormn_Impl\src\StHlthSigNormn.c" Line="1286" Column="9">
</Loc>
<Message>
Minimisation of run-time failures.
</Message>
</Rule>

<Rule Name="21.1" Mode="required" Report="warning" Id="81">
<Loc File="C:\Users\nz4qtt\Desktop\ES105A_StHlthSigNormn_Impl\src\StHlthSigNormn.c" Line="1286" Column="34">
</Loc>
<Message>
Minimisation of run-time failures.
</Message>
</Rule>

</CodeStruct>

<CodeStruct Name="MotPosnErrStHlthCalc" File="C:\Users\nz4qtt\Desktop\ES105A_StHlthSigNormn_Impl\src\StHlthSigNormn.c" Line="1650" Column="12">

<Rule Name="21.1" Mode="required" Report="warning" Id="83">
<Loc File="C:\Users\nz4qtt\Desktop\ES105A_StHlthSigNormn_Impl\src\StHlthSigNormn.c" Line="1674" Column="44">
</Loc>
<Message>
Minimisation of run-time failures.
</Message>
</Rule>

<Rule Name="21.1" Mode="required" Report="warning" Id="84">
<Loc File="C:\Users\nz4qtt\Desktop\ES105A_StHlthSigNormn_Impl\src\StHlthSigNormn.c" Line="1674" Column="69">
</Loc>
<Message>
Minimisation of run-time failures.
</Message>
</Rule>

<Rule Name="21.1" Mode="required" Report="warning" Id="85">
<Loc File="C:\Users\nz4qtt\Desktop\ES105A_StHlthSigNormn_Impl\src\StHlthSigNormn.c" Line="1704" Column="12">
</Loc>
<Message>
Minimisation of run-time failures.
</Message>
</Rule>

<Rule Name="21.1" Mode="required" Report="warning" Id="86">
<Loc File="C:\Users\nz4qtt\Desktop\ES105A_StHlthSigNormn_Impl\src\StHlthSigNormn.c" Line="1704" Column="37">
</Loc>
<Message>
Minimisation of run-time failures.
</Message>
</Rule>

<Rule Name="21.1" Mode="required" Report="warning" Id="87">
<Loc File="C:\Users\nz4qtt\Desktop\ES105A_StHlthSigNormn_Impl\src\StHlthSigNormn.c" Line="1708" Column="12">
</Loc>
<Message>
Minimisation of run-time failures.
</Message>
</Rule>

<Rule Name="21.1" Mode="required" Report="warning" Id="88">
<Loc File="C:\Users\nz4qtt\Desktop\ES105A_StHlthSigNormn_Impl\src\StHlthSigNormn.c" Line="1708" Column="37">
</Loc>
<Message>
Minimisation of run-time failures.
</Message>
</Rule>

<Rule Name="21.1" Mode="required" Report="warning" Id="89">
<Loc File="C:\Users\nz4qtt\Desktop\ES105A_StHlthSigNormn_Impl\src\StHlthSigNormn.c" Line="1713" Column="12">
</Loc>
<Message>
Minimisation of run-time failures.
</Message>
</Rule>

<Rule Name="21.1" Mode="required" Report="warning" Id="90">
<Loc File="C:\Users\nz4qtt\Desktop\ES105A_StHlthSigNormn_Impl\src\StHlthSigNormn.c" Line="1713" Column="37">
</Loc>
<Message>
Minimisation of run-time failures.
</Message>
</Rule>

<Rule Name="21.1" Mode="required" Report="warning" Id="91">
<Loc File="C:\Users\nz4qtt\Desktop\ES105A_StHlthSigNormn_Impl\src\StHlthSigNormn.c" Line="1719" Column="9">
</Loc>
<Message>
Minimisation of run-time failures.
</Message>
</Rule>

<Rule Name="21.1" Mode="required" Report="warning" Id="92">
<Loc File="C:\Users\nz4qtt\Desktop\ES105A_StHlthSigNormn_Impl\src\StHlthSigNormn.c" Line="1720" Column="9">
</Loc>
<Message>
Minimisation of run-time failures.
</Message>
</Rule>

<Rule Name="12.4" Mode="required" Report="warning" Id="93">
<Loc File="C:\Users\nz4qtt\Desktop\ES105A_StHlthSigNormn_Impl\src\StHlthSigNormn.c" Line="1720" Column="69">
</Loc>
<Message>
The right hand operand of a logical &amp;&amp; or || operator shall not contain side effects.
</Message>
</Rule>

<Rule Name="21.1" Mode="required" Report="warning" Id="94">
<Loc File="C:\Users\nz4qtt\Desktop\ES105A_StHlthSigNormn_Impl\src\StHlthSigNormn.c" Line="1721" Column="9">
</Loc>
<Message>
Minimisation of run-time failures.
</Message>
</Rule>

<Rule Name="12.4" Mode="required" Report="warning" Id="95">
<Loc File="C:\Users\nz4qtt\Desktop\ES105A_StHlthSigNormn_Impl\src\StHlthSigNormn.c" Line="1721" Column="69">
</Loc>
<Message>
The right hand operand of a logical &amp;&amp; or || operator shall not contain side effects.
</Message>
</Rule>

</CodeStruct>

<CodeStruct Name="DigTqSnsrStHlthCalc" File="C:\Users\nz4qtt\Desktop\ES105A_StHlthSigNormn_Impl\src\StHlthSigNormn.c" Line="1325" Column="12">

<Rule Name="21.1" Mode="required" Report="warning" Id="96">
<Loc File="C:\Users\nz4qtt\Desktop\ES105A_StHlthSigNormn_Impl\src\StHlthSigNormn.c" Line="1361" Column="12">
</Loc>
<Message>
Minimisation of run-time failures.
</Message>
</Rule>

<Rule Name="21.1" Mode="required" Report="warning" Id="97">
<Loc File="C:\Users\nz4qtt\Desktop\ES105A_StHlthSigNormn_Impl\src\StHlthSigNormn.c" Line="1361" Column="37">
</Loc>
<Message>
Minimisation of run-time failures.
</Message>
</Rule>

<Rule Name="21.1" Mode="required" Report="warning" Id="98">
<Loc File="C:\Users\nz4qtt\Desktop\ES105A_StHlthSigNormn_Impl\src\StHlthSigNormn.c" Line="1392" Column="12">
</Loc>
<Message>
Minimisation of run-time failures.
</Message>
</Rule>

<Rule Name="21.1" Mode="required" Report="warning" Id="99">
<Loc File="C:\Users\nz4qtt\Desktop\ES105A_StHlthSigNormn_Impl\src\StHlthSigNormn.c" Line="1392" Column="37">
</Loc>
<Message>
Minimisation of run-time failures.
</Message>
</Rule>

<Rule Name="21.1" Mode="required" Report="warning" Id="100">
<Loc File="C:\Users\nz4qtt\Desktop\ES105A_StHlthSigNormn_Impl\src\StHlthSigNormn.c" Line="1411" Column="12">
</Loc>
<Message>
Minimisation of run-time failures.
</Message>
</Rule>

<Rule Name="21.1" Mode="required" Report="warning" Id="101">
<Loc File="C:\Users\nz4qtt\Desktop\ES105A_StHlthSigNormn_Impl\src\StHlthSigNormn.c" Line="1411" Column="37">
</Loc>
<Message>
Minimisation of run-time failures.
</Message>
</Rule>

<Rule Name="21.1" Mode="required" Report="warning" Id="102">
<Loc File="C:\Users\nz4qtt\Desktop\ES105A_StHlthSigNormn_Impl\src\StHlthSigNormn.c" Line="1418" Column="9">
</Loc>
<Message>
Minimisation of run-time failures.
</Message>
</Rule>

<Rule Name="21.1" Mode="required" Report="warning" Id="103">
<Loc File="C:\Users\nz4qtt\Desktop\ES105A_StHlthSigNormn_Impl\src\StHlthSigNormn.c" Line="1419" Column="9">
</Loc>
<Message>
Minimisation of run-time failures.
</Message>
</Rule>

<Rule Name="12.4" Mode="required" Report="warning" Id="104">
<Loc File="C:\Users\nz4qtt\Desktop\ES105A_StHlthSigNormn_Impl\src\StHlthSigNormn.c" Line="1419" Column="64">
</Loc>
<Message>
The right hand operand of a logical &amp;&amp; or || operator shall not contain side effects.
</Message>
</Rule>

<Rule Name="21.1" Mode="required" Report="warning" Id="105">
<Loc File="C:\Users\nz4qtt\Desktop\ES105A_StHlthSigNormn_Impl\src\StHlthSigNormn.c" Line="1420" Column="9">
</Loc>
<Message>
Minimisation of run-time failures.
</Message>
</Rule>

<Rule Name="12.4" Mode="required" Report="warning" Id="106">
<Loc File="C:\Users\nz4qtt\Desktop\ES105A_StHlthSigNormn_Impl\src\StHlthSigNormn.c" Line="1420" Column="64">
</Loc>
<Message>
The right hand operand of a logical &amp;&amp; or || operator shall not contain side effects.
</Message>
</Rule>

</CodeStruct>

<CodeStruct Name="RamEccSngBitCorrnStHlthCalc" File="C:\Users\nz4qtt\Desktop\ES105A_StHlthSigNormn_Impl\src\StHlthSigNormn.c" Line="1950" Column="12">

<Rule Name="9.1" Mode="required" Report="warning" Id="120">
<Loc File="C:\Users\nz4qtt\Desktop\ES105A_StHlthSigNormn_Impl\src\StHlthSigNormn.c" Line="1958" Column="59">
</Loc>
<Message>
All automatic variables shall have been assigned a value before being used.
</Message>
</Rule>

</CodeStruct>

<CodeStruct Name="EcuTFildMon" File="C:\Users\nz4qtt\Desktop\ES105A_StHlthSigNormn_Impl\src\StHlthSigNormn.c" Line="1116" Column="12">

<Rule Name="12.4" Mode="required" Report="warning" Id="107">
<Loc File="C:\Users\nz4qtt\Desktop\ES105A_StHlthSigNormn_Impl\src\StHlthSigNormn.c" Line="1127" Column="32">
</Loc>
<Message>
The right hand operand of a logical &amp;&amp; or || operator shall not contain side effects.
</Message>
</Rule>

<Rule Name="12.4" Mode="required" Report="warning" Id="108">
<Loc File="C:\Users\nz4qtt\Desktop\ES105A_StHlthSigNormn_Impl\src\StHlthSigNormn.c" Line="1138" Column="37">
</Loc>
<Message>
The right hand operand of a logical &amp;&amp; or || operator shall not contain side effects.
</Message>
</Rule>

<Rule Name="21.1" Mode="required" Report="warning" Id="109">
<Loc File="C:\Users\nz4qtt\Desktop\ES105A_StHlthSigNormn_Impl\src\StHlthSigNormn.c" Line="1143" Column="8">
</Loc>
<Message>
Minimisation of run-time failures.
</Message>
</Rule>

<Rule Name="21.1" Mode="required" Report="warning" Id="110">
<Loc File="C:\Users\nz4qtt\Desktop\ES105A_StHlthSigNormn_Impl\src\StHlthSigNormn.c" Line="1143" Column="33">
</Loc>
<Message>
Minimisation of run-time failures.
</Message>
</Rule>

<Rule Name="12.4" Mode="required" Report="warning" Id="111">
<Loc File="C:\Users\nz4qtt\Desktop\ES105A_StHlthSigNormn_Impl\src\StHlthSigNormn.c" Line="1150" Column="37">
</Loc>
<Message>
The right hand operand of a logical &amp;&amp; or || operator shall not contain side effects.
</Message>
</Rule>

<Rule Name="21.1" Mode="required" Report="warning" Id="112">
<Loc File="C:\Users\nz4qtt\Desktop\ES105A_StHlthSigNormn_Impl\src\StHlthSigNormn.c" Line="1155" Column="8">
</Loc>
<Message>
Minimisation of run-time failures.
</Message>
</Rule>

<Rule Name="21.1" Mode="required" Report="warning" Id="113">
<Loc File="C:\Users\nz4qtt\Desktop\ES105A_StHlthSigNormn_Impl\src\StHlthSigNormn.c" Line="1155" Column="33">
</Loc>
<Message>
Minimisation of run-time failures.
</Message>
</Rule>

<Rule Name="21.1" Mode="required" Report="warning" Id="114">
<Loc File="C:\Users\nz4qtt\Desktop\ES105A_StHlthSigNormn_Impl\src\StHlthSigNormn.c" Line="1166" Column="8">
</Loc>
<Message>
Minimisation of run-time failures.
</Message>
</Rule>

<Rule Name="21.1" Mode="required" Report="warning" Id="115">
<Loc File="C:\Users\nz4qtt\Desktop\ES105A_StHlthSigNormn_Impl\src\StHlthSigNormn.c" Line="1166" Column="33">
</Loc>
<Message>
Minimisation of run-time failures.
</Message>
</Rule>

<Rule Name="21.1" Mode="required" Report="warning" Id="116">
<Loc File="C:\Users\nz4qtt\Desktop\ES105A_StHlthSigNormn_Impl\src\StHlthSigNormn.c" Line="1177" Column="8">
</Loc>
<Message>
Minimisation of run-time failures.
</Message>
</Rule>

<Rule Name="21.1" Mode="required" Report="warning" Id="117">
<Loc File="C:\Users\nz4qtt\Desktop\ES105A_StHlthSigNormn_Impl\src\StHlthSigNormn.c" Line="1177" Column="33">
</Loc>
<Message>
Minimisation of run-time failures.
</Message>
</Rule>

<Rule Name="21.1" Mode="required" Report="warning" Id="118">
<Loc File="C:\Users\nz4qtt\Desktop\ES105A_StHlthSigNormn_Impl\src\StHlthSigNormn.c" Line="1185" Column="9">
</Loc>
<Message>
Minimisation of run-time failures.
</Message>
</Rule>

<Rule Name="21.1" Mode="required" Report="warning" Id="119">
<Loc File="C:\Users\nz4qtt\Desktop\ES105A_StHlthSigNormn_Impl\src\StHlthSigNormn.c" Line="1185" Column="34">
</Loc>
<Message>
Minimisation of run-time failures.
</Message>
</Rule>

</CodeStruct>

</MISRA-C-Report>
