<?xml version="1.0" encoding="UTF-8"?>
<!--EDRS Version 1.0-->
<global>
   <file name="C:\\component\\ES999A_ElecGlbPrm_Impl\\src\\ElecGlbPrm.c" comment="">
      <array name="ELECGLBPRM_GATEDRVOFFSTCHKDATA_CNT_U16" comment="" line="33" complete_type="const uint16 ([20])[8]">
         <array comment="" line="33" complete_type="const uint16 [8]">
            <scalar comment="" line="33" base_type="uint16" attributes="const" complete_type="uint16" init_mode="MAIN_GENERATOR" init_modes_allowed="15" init_range="min..max" global_assert="NO" assert_range=""/>
         </array>
      </array>
   </file>
   <file name="C:\\component\\ES999A_ElecGlbPrm_Impl\\tools\\contract\\ElecGlbPrm_StaticAnalysisStub.c" comment="">
      <scalar name="AdcFlt" comment="" line="138" base_type="uint8" attributes="static const" complete_type="uint8" init_mode="MAIN_GENERATOR" init_modes_allowed="15" init_range="min..max" global_assert="NO" assert_range=""/>
      <scalar name="DegPerRev" comment="" line="78" base_type="float32" attributes="static const" complete_type="float32" init_mode="MAIN_GENERATOR" init_modes_allowed="15" init_range="min..max" global_assert="NO" assert_range=""/>
      <scalar name="GateDrvCfgSt" comment="" line="150" base_type="uint8" attributes="static const" complete_type="uint8" init_mode="MAIN_GENERATOR" init_modes_allowed="15" init_range="min..max" global_assert="NO" assert_range=""/>
      <scalar name="GateDrvCfgStPrmBitStrtgIdx" comment="" line="147" base_type="uint8" attributes="static const" complete_type="uint8" init_mode="MAIN_GENERATOR" init_modes_allowed="15" init_range="min..max" global_assert="NO" assert_range=""/>
      <scalar name="GateDrvOffStChkDigPinVrfyCol" comment="" line="159" base_type="uint8" attributes="static const" complete_type="uint8" init_mode="MAIN_GENERATOR" init_modes_allowed="15" init_range="min..max" global_assert="NO" assert_range=""/>
      <scalar name="GateDrvOffStChkSize" comment="" line="177" base_type="uint8" attributes="static const" complete_type="uint8" init_mode="MAIN_GENERATOR" init_modes_allowed="15" init_range="min..max" global_assert="NO" assert_range=""/>
      <scalar name="GateDrvOffStChkStsRegCol" comment="" line="162" base_type="uint8" attributes="static const" complete_type="uint8" init_mode="MAIN_GENERATOR" init_modes_allowed="15" init_range="min..max" global_assert="NO" assert_range=""/>
      <scalar name="GateDrvOffStVrfySt" comment="" line="180" base_type="uint8" attributes="static const" complete_type="uint8" init_mode="MAIN_GENERATOR" init_modes_allowed="15" init_range="min..max" global_assert="NO" assert_range=""/>
      <scalar name="GateDrvOffstChkDiag1RegCol" comment="" line="165" base_type="uint8" attributes="static const" complete_type="uint8" init_mode="MAIN_GENERATOR" init_modes_allowed="15" init_range="min..max" global_assert="NO" assert_range=""/>
      <scalar name="GateDrvOffstChkDiag2RegCol" comment="" line="168" base_type="uint8" attributes="static const" complete_type="uint8" init_mode="MAIN_GENERATOR" init_modes_allowed="15" init_range="min..max" global_assert="NO" assert_range=""/>
      <scalar name="GateDrvOffstChkRegWr2Col" comment="" line="156" base_type="uint8" attributes="static const" complete_type="uint8" init_mode="MAIN_GENERATOR" init_modes_allowed="15" init_range="min..max" global_assert="NO" assert_range=""/>
      <scalar name="GateDrvOffstChkVrfyRes0Col" comment="" line="171" base_type="uint8" attributes="static const" complete_type="uint8" init_mode="MAIN_GENERATOR" init_modes_allowed="15" init_range="min..max" global_assert="NO" assert_range=""/>
      <scalar name="GateDrvOffstChkVrfyRes1Col" comment="" line="174" base_type="uint8" attributes="static const" complete_type="uint8" init_mode="MAIN_GENERATOR" init_modes_allowed="15" init_range="min..max" global_assert="NO" assert_range=""/>
      <scalar name="GateDrvOperFltMonrSt" comment="" line="183" base_type="uint8" attributes="static const" complete_type="uint8" init_mode="MAIN_GENERATOR" init_modes_allowed="15" init_range="min..max" global_assert="NO" assert_range=""/>
      <scalar name="HwAgCentrOffs" comment="" line="81" base_type="float32" attributes="static const" complete_type="float32" init_mode="MAIN_GENERATOR" init_modes_allowed="15" init_range="min..max" global_assert="NO" assert_range=""/>
      <scalar name="HwAgSatnLowrLim" comment="" line="84" base_type="float32" attributes="static const" complete_type="float32" init_mode="MAIN_GENERATOR" init_modes_allowed="15" init_range="min..max" global_assert="NO" assert_range=""/>
      <scalar name="HwAgSatnUpprLim" comment="" line="87" base_type="float32" attributes="static const" complete_type="float32" init_mode="MAIN_GENERATOR" init_modes_allowed="15" init_range="min..max" global_assert="NO" assert_range=""/>
      <scalar name="HwAgSca" comment="" line="90" base_type="float32" attributes="static const" complete_type="float32" init_mode="MAIN_GENERATOR" init_modes_allowed="15" init_range="min..max" global_assert="NO" assert_range=""/>
      <scalar name="HwAgSpurGearRat" comment="" line="93" base_type="float32" attributes="static const" complete_type="float32" init_mode="MAIN_GENERATOR" init_modes_allowed="15" init_range="min..max" global_assert="NO" assert_range=""/>
      <scalar name="HwAgSpurToRingGearRatSnsr0" comment="" line="96" base_type="float32" attributes="static const" complete_type="float32" init_mode="MAIN_GENERATOR" init_modes_allowed="15" init_range="min..max" global_assert="NO" assert_range=""/>
      <scalar name="HwAgSpurToRingGearRatSnsr1" comment="" line="99" base_type="float32" attributes="static const" complete_type="float32" init_mode="MAIN_GENERATOR" init_modes_allowed="15" init_range="min..max" global_assert="NO" assert_range=""/>
      <scalar name="HwTqBufSize" comment="" line="135" base_type="uint8" attributes="static const" complete_type="uint8" init_mode="MAIN_GENERATOR" init_modes_allowed="15" init_range="min..max" global_assert="NO" assert_range=""/>
      <scalar name="HwTqOffs" comment="" line="102" base_type="float32" attributes="static const" complete_type="float32" init_mode="MAIN_GENERATOR" init_modes_allowed="15" init_range="min..max" global_assert="NO" assert_range=""/>
      <scalar name="HwTqSatnLowrLim" comment="" line="105" base_type="float32" attributes="static const" complete_type="float32" init_mode="MAIN_GENERATOR" init_modes_allowed="15" init_range="min..max" global_assert="NO" assert_range=""/>
      <scalar name="HwTqSatnUpprLim" comment="" line="108" base_type="float32" attributes="static const" complete_type="float32" init_mode="MAIN_GENERATOR" init_modes_allowed="15" init_range="min..max" global_assert="NO" assert_range=""/>
      <scalar name="HwTqSca" comment="" line="111" base_type="float32" attributes="static const" complete_type="float32" init_mode="MAIN_GENERATOR" init_modes_allowed="15" init_range="min..max" global_assert="NO" assert_range=""/>
      <scalar name="IntrCnt" comment="" line="6" base_type="uint8" attributes="static const" complete_type="uint8" init_mode="MAIN_GENERATOR" init_modes_allowed="15" init_range="min..max" global_assert="NO" assert_range=""/>
      <scalar name="OffsTrimNotPrfm" comment="" line="141" base_type="uint8" attributes="static const" complete_type="uint8" init_mode="MAIN_GENERATOR" init_modes_allowed="15" init_range="min..max" global_assert="NO" assert_range=""/>
      <scalar name="OffsTrimNotPrfmd" comment="" line="117" base_type="uint8" attributes="static const" complete_type="uint8" init_mode="MAIN_GENERATOR" init_modes_allowed="15" init_range="min..max" global_assert="NO" assert_range=""/>
      <scalar name="PWMFrqMax" comment="" line="9" base_type="uint32" attributes="static const" complete_type="uint32" init_mode="MAIN_GENERATOR" init_modes_allowed="15" init_range="min..max" global_assert="NO" assert_range=""/>
      <scalar name="PWMFrqMin" comment="" line="12" base_type="uint32" attributes="static const" complete_type="uint32" init_mode="MAIN_GENERATOR" init_modes_allowed="15" init_range="min..max" global_assert="NO" assert_range=""/>
      <scalar name="PWMPerdMax" comment="" line="15" base_type="uint32" attributes="static const" complete_type="uint32" init_mode="MAIN_GENERATOR" init_modes_allowed="15" init_range="min..max" global_assert="NO" assert_range=""/>
      <scalar name="PWMPerdMin" comment="" line="18" base_type="uint32" attributes="static const" complete_type="uint32" init_mode="MAIN_GENERATOR" init_modes_allowed="15" init_range="min..max" global_assert="NO" assert_range=""/>
      <scalar name="PWMPerdNom" comment="" line="24" base_type="uint16" attributes="static const" complete_type="uint16" init_mode="MAIN_GENERATOR" init_modes_allowed="15" init_range="min..max" global_assert="NO" assert_range=""/>
      <scalar name="PWMPerdNomX2" comment="" line="21" base_type="float32" attributes="static const" complete_type="float32" init_mode="MAIN_GENERATOR" init_modes_allowed="15" init_range="min..max" global_assert="NO" assert_range=""/>
      <scalar name="PWMTmrFrq" comment="" line="27" base_type="uint32" attributes="static const" complete_type="uint32" init_mode="MAIN_GENERATOR" init_modes_allowed="15" init_range="min..max" global_assert="NO" assert_range=""/>
      <scalar name="PWMTmrperDivsCntperNanoSec" comment="" line="30" base_type="uint32" attributes="static const" complete_type="uint32" init_mode="MAIN_GENERATOR" init_modes_allowed="15" init_range="min..max" global_assert="NO" assert_range=""/>
      <scalar name="PrtclFlt" comment="" line="120" base_type="uint8" attributes="static const" complete_type="uint8" init_mode="MAIN_GENERATOR" init_modes_allowed="15" init_range="min..max" global_assert="NO" assert_range=""/>
      <scalar name="RevPer360Deg" comment="" line="123" base_type="float32" attributes="static const" complete_type="float32" init_mode="MAIN_GENERATOR" init_modes_allowed="15" init_range="min..max" global_assert="NO" assert_range=""/>
      <scalar name="SkipStepFlt" comment="" line="126" base_type="uint8" attributes="static const" complete_type="uint8" init_mode="MAIN_GENERATOR" init_modes_allowed="15" init_range="min..max" global_assert="NO" assert_range=""/>
      <scalar name="SnsrIntFlt" comment="" line="129" base_type="uint8" attributes="static const" complete_type="uint8" init_mode="MAIN_GENERATOR" init_modes_allowed="15" init_range="min..max" global_assert="NO" assert_range=""/>
      <scalar name="SnsrScanNotPrfm" comment="" line="144" base_type="uint8" attributes="static const" complete_type="uint8" init_mode="MAIN_GENERATOR" init_modes_allowed="15" init_range="min..max" global_assert="NO" assert_range=""/>
      <scalar name="StrtupStCurrMeasWrmIninTest" comment="" line="33" base_type="uint8" attributes="static const" complete_type="uint8" init_mode="MAIN_GENERATOR" init_modes_allowed="15" init_range="min..max" global_assert="NO" assert_range=""/>
      <scalar name="StrtupStCurrMeasWrmininTestStrt" comment="" line="36" base_type="uint8" attributes="static const" complete_type="uint8" init_mode="MAIN_GENERATOR" init_modes_allowed="15" init_range="min..max" global_assert="NO" assert_range=""/>
      <scalar name="StrtupStDi" comment="" line="39" base_type="uint8" attributes="static const" complete_type="uint8" init_mode="MAIN_GENERATOR" init_modes_allowed="15" init_range="min..max" global_assert="NO" assert_range=""/>
      <scalar name="StrtupStFlsMemIninStrt" comment="" line="42" base_type="uint8" attributes="static const" complete_type="uint8" init_mode="MAIN_GENERATOR" init_modes_allowed="15" init_range="min..max" global_assert="NO" assert_range=""/>
      <scalar name="StrtupStInit" comment="" line="45" base_type="uint8" attributes="static const" complete_type="uint8" init_mode="MAIN_GENERATOR" init_modes_allowed="15" init_range="min..max" global_assert="NO" assert_range=""/>
      <scalar name="StrtupStMtrDrvrIninCmpl" comment="" line="48" base_type="uint8" attributes="static const" complete_type="uint8" init_mode="MAIN_GENERATOR" init_modes_allowed="15" init_range="min..max" global_assert="NO" assert_range=""/>
      <scalar name="StrtupStMtrDrvrIninStrt" comment="" line="51" base_type="uint8" attributes="static const" complete_type="uint8" init_mode="MAIN_GENERATOR" init_modes_allowed="15" init_range="min..max" global_assert="NO" assert_range=""/>
      <scalar name="StrtupStPwrDiscnctATestCmpl" comment="" line="54" base_type="uint8" attributes="static const" complete_type="uint8" init_mode="MAIN_GENERATOR" init_modes_allowed="15" init_range="min..max" global_assert="NO" assert_range=""/>
      <scalar name="StrtupStPwrDiscnctATestStrt" comment="" line="57" base_type="uint8" attributes="static const" complete_type="uint8" init_mode="MAIN_GENERATOR" init_modes_allowed="15" init_range="min..max" global_assert="NO" assert_range=""/>
      <scalar name="StrtupStPwrDiscnctBTestCmpl" comment="" line="60" base_type="uint8" attributes="static const" complete_type="uint8" init_mode="MAIN_GENERATOR" init_modes_allowed="15" init_range="min..max" global_assert="NO" assert_range=""/>
      <scalar name="StrtupStPwrDiscnctBTestStrt" comment="" line="63" base_type="uint8" attributes="static const" complete_type="uint8" init_mode="MAIN_GENERATOR" init_modes_allowed="15" init_range="min..max" global_assert="NO" assert_range=""/>
      <scalar name="StrtupStRun" comment="" line="66" base_type="uint8" attributes="static const" complete_type="uint8" init_mode="MAIN_GENERATOR" init_modes_allowed="15" init_range="min..max" global_assert="NO" assert_range=""/>
      <scalar name="StrtupStTmplMonIninTestCmpl" comment="" line="69" base_type="uint8" attributes="static const" complete_type="uint8" init_mode="MAIN_GENERATOR" init_modes_allowed="15" init_range="min..max" global_assert="NO" assert_range=""/>
      <scalar name="StrtupStTmplMonIninTestStrt" comment="" line="72" base_type="uint8" attributes="static const" complete_type="uint8" init_mode="MAIN_GENERATOR" init_modes_allowed="15" init_range="min..max" global_assert="NO" assert_range=""/>
      <scalar name="StrtupStWarmIninCmpl" comment="" line="75" base_type="uint8" attributes="static const" complete_type="uint8" init_mode="MAIN_GENERATOR" init_modes_allowed="15" init_range="min..max" global_assert="NO" assert_range=""/>
      <scalar name="VrnrErrFlt" comment="" line="132" base_type="uint8" attributes="static const" complete_type="uint8" init_mode="MAIN_GENERATOR" init_modes_allowed="15" init_range="min..max" global_assert="NO" assert_range=""/>
   </file>
</global>
