<?xml version="1.0" encoding="UTF-8"?>
<!--EDRS Version 1.0-->
<global>
   <file name="C:\\component\\ES102A_PolarityCfg_Impl\\src\\PolarityCfg.c" comment="">
      <function name="GetPolarity" comment="" line="323" main_generator_called="MAIN_GENERATOR" attributes="static">
         <scalar name="arg1" comment="" line="323" base_type="uint32" attributes="static" complete_type="uint32" init_mode="MAIN_GENERATOR" init_modes_allowed="10" init_range="min..max" global_assert="unsupported" assert_range="unsupported"/>
         <scalar name="arg2" comment="" line="323" base_type="uint32" attributes="static" complete_type="uint32" init_mode="MAIN_GENERATOR" init_modes_allowed="10" init_range="min..max" global_assert="unsupported" assert_range="unsupported"/>
         <scalar name="return" comment="" line="323" base_type="int8" attributes="static" complete_type="int8" init_mode="disabled" init_range="disabled" global_assert="unsupported" assert_range="unsupported"/>
      </function>
      <function name="PolarityCfgInit1" comment="" line="163" main_generator_called="MAIN_GENERATOR" attributes="unused"/>
      <function name="PolarityCfgRead_Oper" comment="" line="235" main_generator_called="MAIN_GENERATOR" attributes="unused">
         <pointer name="arg1" comment="" line="235" complete_type="uint32 *" init_mode="MAIN_GENERATOR" init_modes_allowed="10" initialize_pointer="May-be NULL" number_allocated="max" init_pointed="MAIN_GENERATOR">
            <scalar comment="" line="235" base_type="uint32" complete_type="uint32" init_mode="MAIN_GENERATOR" init_modes_allowed="10" init_range="min..max" global_assert="unsupported" assert_range="unsupported"/>
         </pointer>
         <scalar name="return" comment="" line="235" base_type="uint8" complete_type="uint8" init_mode="disabled" init_range="disabled" global_assert="unsupported" assert_range="unsupported"/>
      </function>
      <function name="PolarityCfgWr_Oper" comment="" line="286" main_generator_called="MAIN_GENERATOR" attributes="unused">
         <scalar name="arg1" comment="" line="286" base_type="uint32" complete_type="uint32" init_mode="MAIN_GENERATOR" init_modes_allowed="10" init_range="min..max" global_assert="unsupported" assert_range="unsupported"/>
         <scalar name="return" comment="" line="286" base_type="uint8" complete_type="uint8" init_mode="disabled" init_range="disabled" global_assert="unsupported" assert_range="unsupported"/>
      </function>
   </file>
   <file name="C:\\component\\ES102A_PolarityCfg_Impl\\tools\\contract\\Rte_PolarityCfg.h" comment="">
      <function name="Rte_Call_PolarityCfg_PolarityCfgSaved_SetRamBlockStatus" comment="" line="130" main_generator_called="disabled" attributes="extern">
         <scalar name="arg1" comment="" line="130" base_type="uint8" complete_type="uint8" init_mode="disabled" init_range="disabled" global_assert="unsupported" assert_range="unsupported"/>
         <scalar name="return" comment="" line="130" base_type="uint8" complete_type="uint8" init_mode="PERMANENT" init_modes_allowed="4" init_range="min..max" global_assert="unsupported" assert_range="unsupported"/>
      </function>
      <pointer name="Rte_Inst_PolarityCfg" comment="" line="58" attributes="extern const" complete_type="const struct Rte_CDS_PolarityCfg *" init_mode="INIT" init_modes_allowed="2" initialize_pointer="May-be NULL" number_allocated="max" init_pointed="MULTI">
         <struct comment="" line="58" complete_type="struct Rte_CDS_PolarityCfg" attributes="extern const">
            <pointer name="Pim_PolarityCfgSaved" comment="" line="58" attributes="extern const" complete_type="uint32 *" init_mode="INIT" init_modes_allowed="2" initialize_pointer="May-be NULL" number_allocated="max" init_pointed="MULTI">
               <scalar comment="" line="58" base_type="uint32" attributes="extern" complete_type="uint32" init_mode="INIT" init_modes_allowed="2" init_range="min..max" global_assert="unsupported" assert_range="unsupported"/>
            </pointer>
         </struct>
      </pointer>
      <function name="Rte_Write_PolarityCfg_AssiMechPolarity_Val" comment="" line="104" main_generator_called="disabled" attributes="extern">
         <scalar name="arg1" comment="" line="104" base_type="int8" complete_type="int8" init_mode="disabled" init_range="disabled" global_assert="unsupported" assert_range="unsupported"/>
         <scalar name="return" comment="" line="104" base_type="uint8" complete_type="uint8" init_mode="PERMANENT" init_modes_allowed="4" init_range="min..max" global_assert="unsupported" assert_range="unsupported"/>
      </function>
      <function name="Rte_Write_PolarityCfg_HwAg0Polarity_Val" comment="" line="105" main_generator_called="disabled" attributes="extern">
         <scalar name="arg1" comment="" line="105" base_type="int8" complete_type="int8" init_mode="disabled" init_range="disabled" global_assert="unsupported" assert_range="unsupported"/>
         <scalar name="return" comment="" line="105" base_type="uint8" complete_type="uint8" init_mode="PERMANENT" init_modes_allowed="4" init_range="min..max" global_assert="unsupported" assert_range="unsupported"/>
      </function>
      <function name="Rte_Write_PolarityCfg_HwAg1Polarity_Val" comment="" line="106" main_generator_called="disabled" attributes="extern">
         <scalar name="arg1" comment="" line="106" base_type="int8" complete_type="int8" init_mode="disabled" init_range="disabled" global_assert="unsupported" assert_range="unsupported"/>
         <scalar name="return" comment="" line="106" base_type="uint8" complete_type="uint8" init_mode="PERMANENT" init_modes_allowed="4" init_range="min..max" global_assert="unsupported" assert_range="unsupported"/>
      </function>
      <function name="Rte_Write_PolarityCfg_HwAg2Polarity_Val" comment="" line="107" main_generator_called="disabled" attributes="extern">
         <scalar name="arg1" comment="" line="107" base_type="int8" complete_type="int8" init_mode="disabled" init_range="disabled" global_assert="unsupported" assert_range="unsupported"/>
         <scalar name="return" comment="" line="107" base_type="uint8" complete_type="uint8" init_mode="PERMANENT" init_modes_allowed="4" init_range="min..max" global_assert="unsupported" assert_range="unsupported"/>
      </function>
      <function name="Rte_Write_PolarityCfg_HwAg3Polarity_Val" comment="" line="108" main_generator_called="disabled" attributes="extern">
         <scalar name="arg1" comment="" line="108" base_type="int8" complete_type="int8" init_mode="disabled" init_range="disabled" global_assert="unsupported" assert_range="unsupported"/>
         <scalar name="return" comment="" line="108" base_type="uint8" complete_type="uint8" init_mode="PERMANENT" init_modes_allowed="4" init_range="min..max" global_assert="unsupported" assert_range="unsupported"/>
      </function>
      <function name="Rte_Write_PolarityCfg_HwAg4Polarity_Val" comment="" line="109" main_generator_called="disabled" attributes="extern">
         <scalar name="arg1" comment="" line="109" base_type="int8" complete_type="int8" init_mode="disabled" init_range="disabled" global_assert="unsupported" assert_range="unsupported"/>
         <scalar name="return" comment="" line="109" base_type="uint8" complete_type="uint8" init_mode="PERMANENT" init_modes_allowed="4" init_range="min..max" global_assert="unsupported" assert_range="unsupported"/>
      </function>
      <function name="Rte_Write_PolarityCfg_HwAg5Polarity_Val" comment="" line="110" main_generator_called="disabled" attributes="extern">
         <scalar name="arg1" comment="" line="110" base_type="int8" complete_type="int8" init_mode="disabled" init_range="disabled" global_assert="unsupported" assert_range="unsupported"/>
         <scalar name="return" comment="" line="110" base_type="uint8" complete_type="uint8" init_mode="PERMANENT" init_modes_allowed="4" init_range="min..max" global_assert="unsupported" assert_range="unsupported"/>
      </function>
      <function name="Rte_Write_PolarityCfg_HwAg6Polarity_Val" comment="" line="111" main_generator_called="disabled" attributes="extern">
         <scalar name="arg1" comment="" line="111" base_type="int8" complete_type="int8" init_mode="disabled" init_range="disabled" global_assert="unsupported" assert_range="unsupported"/>
         <scalar name="return" comment="" line="111" base_type="uint8" complete_type="uint8" init_mode="PERMANENT" init_modes_allowed="4" init_range="min..max" global_assert="unsupported" assert_range="unsupported"/>
      </function>
      <function name="Rte_Write_PolarityCfg_HwAg7Polarity_Val" comment="" line="112" main_generator_called="disabled" attributes="extern">
         <scalar name="arg1" comment="" line="112" base_type="int8" complete_type="int8" init_mode="disabled" init_range="disabled" global_assert="unsupported" assert_range="unsupported"/>
         <scalar name="return" comment="" line="112" base_type="uint8" complete_type="uint8" init_mode="PERMANENT" init_modes_allowed="4" init_range="min..max" global_assert="unsupported" assert_range="unsupported"/>
      </function>
      <function name="Rte_Write_PolarityCfg_HwTq0Polarity_Val" comment="" line="113" main_generator_called="disabled" attributes="extern">
         <scalar name="arg1" comment="" line="113" base_type="int8" complete_type="int8" init_mode="disabled" init_range="disabled" global_assert="unsupported" assert_range="unsupported"/>
         <scalar name="return" comment="" line="113" base_type="uint8" complete_type="uint8" init_mode="PERMANENT" init_modes_allowed="4" init_range="min..max" global_assert="unsupported" assert_range="unsupported"/>
      </function>
      <function name="Rte_Write_PolarityCfg_HwTq1Polarity_Val" comment="" line="114" main_generator_called="disabled" attributes="extern">
         <scalar name="arg1" comment="" line="114" base_type="int8" complete_type="int8" init_mode="disabled" init_range="disabled" global_assert="unsupported" assert_range="unsupported"/>
         <scalar name="return" comment="" line="114" base_type="uint8" complete_type="uint8" init_mode="PERMANENT" init_modes_allowed="4" init_range="min..max" global_assert="unsupported" assert_range="unsupported"/>
      </function>
      <function name="Rte_Write_PolarityCfg_HwTq2Polarity_Val" comment="" line="115" main_generator_called="disabled" attributes="extern">
         <scalar name="arg1" comment="" line="115" base_type="int8" complete_type="int8" init_mode="disabled" init_range="disabled" global_assert="unsupported" assert_range="unsupported"/>
         <scalar name="return" comment="" line="115" base_type="uint8" complete_type="uint8" init_mode="PERMANENT" init_modes_allowed="4" init_range="min..max" global_assert="unsupported" assert_range="unsupported"/>
      </function>
      <function name="Rte_Write_PolarityCfg_HwTq3Polarity_Val" comment="" line="116" main_generator_called="disabled" attributes="extern">
         <scalar name="arg1" comment="" line="116" base_type="int8" complete_type="int8" init_mode="disabled" init_range="disabled" global_assert="unsupported" assert_range="unsupported"/>
         <scalar name="return" comment="" line="116" base_type="uint8" complete_type="uint8" init_mode="PERMANENT" init_modes_allowed="4" init_range="min..max" global_assert="unsupported" assert_range="unsupported"/>
      </function>
      <function name="Rte_Write_PolarityCfg_HwTq4Polarity_Val" comment="" line="117" main_generator_called="disabled" attributes="extern">
         <scalar name="arg1" comment="" line="117" base_type="int8" complete_type="int8" init_mode="disabled" init_range="disabled" global_assert="unsupported" assert_range="unsupported"/>
         <scalar name="return" comment="" line="117" base_type="uint8" complete_type="uint8" init_mode="PERMANENT" init_modes_allowed="4" init_range="min..max" global_assert="unsupported" assert_range="unsupported"/>
      </function>
      <function name="Rte_Write_PolarityCfg_HwTq5Polarity_Val" comment="" line="118" main_generator_called="disabled" attributes="extern">
         <scalar name="arg1" comment="" line="118" base_type="int8" complete_type="int8" init_mode="disabled" init_range="disabled" global_assert="unsupported" assert_range="unsupported"/>
         <scalar name="return" comment="" line="118" base_type="uint8" complete_type="uint8" init_mode="PERMANENT" init_modes_allowed="4" init_range="min..max" global_assert="unsupported" assert_range="unsupported"/>
      </function>
      <function name="Rte_Write_PolarityCfg_HwTq6Polarity_Val" comment="" line="119" main_generator_called="disabled" attributes="extern">
         <scalar name="arg1" comment="" line="119" base_type="int8" complete_type="int8" init_mode="disabled" init_range="disabled" global_assert="unsupported" assert_range="unsupported"/>
         <scalar name="return" comment="" line="119" base_type="uint8" complete_type="uint8" init_mode="PERMANENT" init_modes_allowed="4" init_range="min..max" global_assert="unsupported" assert_range="unsupported"/>
      </function>
      <function name="Rte_Write_PolarityCfg_HwTq7Polarity_Val" comment="" line="120" main_generator_called="disabled" attributes="extern">
         <scalar name="arg1" comment="" line="120" base_type="int8" complete_type="int8" init_mode="disabled" init_range="disabled" global_assert="unsupported" assert_range="unsupported"/>
         <scalar name="return" comment="" line="120" base_type="uint8" complete_type="uint8" init_mode="PERMANENT" init_modes_allowed="4" init_range="min..max" global_assert="unsupported" assert_range="unsupported"/>
      </function>
      <function name="Rte_Write_PolarityCfg_MotAgMecl0Polarity_Val" comment="" line="121" main_generator_called="disabled" attributes="extern">
         <scalar name="arg1" comment="" line="121" base_type="int8" complete_type="int8" init_mode="disabled" init_range="disabled" global_assert="unsupported" assert_range="unsupported"/>
         <scalar name="return" comment="" line="121" base_type="uint8" complete_type="uint8" init_mode="PERMANENT" init_modes_allowed="4" init_range="min..max" global_assert="unsupported" assert_range="unsupported"/>
      </function>
      <function name="Rte_Write_PolarityCfg_MotAgMecl1Polarity_Val" comment="" line="122" main_generator_called="disabled" attributes="extern">
         <scalar name="arg1" comment="" line="122" base_type="int8" complete_type="int8" init_mode="disabled" init_range="disabled" global_assert="unsupported" assert_range="unsupported"/>
         <scalar name="return" comment="" line="122" base_type="uint8" complete_type="uint8" init_mode="PERMANENT" init_modes_allowed="4" init_range="min..max" global_assert="unsupported" assert_range="unsupported"/>
      </function>
      <function name="Rte_Write_PolarityCfg_MotAgMecl2Polarity_Val" comment="" line="123" main_generator_called="disabled" attributes="extern">
         <scalar name="arg1" comment="" line="123" base_type="int8" complete_type="int8" init_mode="disabled" init_range="disabled" global_assert="unsupported" assert_range="unsupported"/>
         <scalar name="return" comment="" line="123" base_type="uint8" complete_type="uint8" init_mode="PERMANENT" init_modes_allowed="4" init_range="min..max" global_assert="unsupported" assert_range="unsupported"/>
      </function>
      <function name="Rte_Write_PolarityCfg_MotAgMecl3Polarity_Val" comment="" line="124" main_generator_called="disabled" attributes="extern">
         <scalar name="arg1" comment="" line="124" base_type="int8" complete_type="int8" init_mode="disabled" init_range="disabled" global_assert="unsupported" assert_range="unsupported"/>
         <scalar name="return" comment="" line="124" base_type="uint8" complete_type="uint8" init_mode="PERMANENT" init_modes_allowed="4" init_range="min..max" global_assert="unsupported" assert_range="unsupported"/>
      </function>
      <function name="Rte_Write_PolarityCfg_MotAgMecl4Polarity_Val" comment="" line="125" main_generator_called="disabled" attributes="extern">
         <scalar name="arg1" comment="" line="125" base_type="int8" complete_type="int8" init_mode="disabled" init_range="disabled" global_assert="unsupported" assert_range="unsupported"/>
         <scalar name="return" comment="" line="125" base_type="uint8" complete_type="uint8" init_mode="PERMANENT" init_modes_allowed="4" init_range="min..max" global_assert="unsupported" assert_range="unsupported"/>
      </function>
      <function name="Rte_Write_PolarityCfg_MotAgMecl5Polarity_Val" comment="" line="126" main_generator_called="disabled" attributes="extern">
         <scalar name="arg1" comment="" line="126" base_type="int8" complete_type="int8" init_mode="disabled" init_range="disabled" global_assert="unsupported" assert_range="unsupported"/>
         <scalar name="return" comment="" line="126" base_type="uint8" complete_type="uint8" init_mode="PERMANENT" init_modes_allowed="4" init_range="min..max" global_assert="unsupported" assert_range="unsupported"/>
      </function>
      <function name="Rte_Write_PolarityCfg_MotAgMecl6Polarity_Val" comment="" line="127" main_generator_called="disabled" attributes="extern">
         <scalar name="arg1" comment="" line="127" base_type="int8" complete_type="int8" init_mode="disabled" init_range="disabled" global_assert="unsupported" assert_range="unsupported"/>
         <scalar name="return" comment="" line="127" base_type="uint8" complete_type="uint8" init_mode="PERMANENT" init_modes_allowed="4" init_range="min..max" global_assert="unsupported" assert_range="unsupported"/>
      </function>
      <function name="Rte_Write_PolarityCfg_MotAgMecl7Polarity_Val" comment="" line="128" main_generator_called="disabled" attributes="extern">
         <scalar name="arg1" comment="" line="128" base_type="int8" complete_type="int8" init_mode="disabled" init_range="disabled" global_assert="unsupported" assert_range="unsupported"/>
         <scalar name="return" comment="" line="128" base_type="uint8" complete_type="uint8" init_mode="PERMANENT" init_modes_allowed="4" init_range="min..max" global_assert="unsupported" assert_range="unsupported"/>
      </function>
      <function name="Rte_Write_PolarityCfg_MotElecMeclPolarity_Val" comment="" line="129" main_generator_called="disabled" attributes="extern">
         <scalar name="arg1" comment="" line="129" base_type="int8" complete_type="int8" init_mode="disabled" init_range="disabled" global_assert="unsupported" assert_range="unsupported"/>
         <scalar name="return" comment="" line="129" base_type="uint8" complete_type="uint8" init_mode="PERMANENT" init_modes_allowed="4" init_range="min..max" global_assert="unsupported" assert_range="unsupported"/>
      </function>
   </file>
</global>
