<?xml version="1.0" encoding="UTF-8"?>

<MISRA-C-Report version="1.3">


<CodeStruct Name="" File="C:\component\MM007A_GmMsg1F1BusHiSpd_Impl\src\GmMsg1F1BusHiSpd.c" Line="0" Column="0">

<Rule Name="19.1" Mode="advisory" Report="warning" Id="1">
<Loc File="C:\component\MM007A_GmMsg1F1BusHiSpd_Impl\src\GmMsg1F1BusHiSpd.c" Line="771" Column="0">
</Loc>
<Message>
#include statements in a file shall only be preceded by other preprocessor directives or comments.
</Message>
</Rule>

</CodeStruct>

<CodeStruct Name="GmMsg1F1BusHiSpdPer1" File="C:\component\MM007A_GmMsg1F1BusHiSpd_Impl\src\GmMsg1F1BusHiSpd.c" Line="690" Column="5">

<Rule Name="9.1" Mode="required" Report="warning" Id="2">
<Loc File="C:\component\MM007A_GmMsg1F1BusHiSpd_Impl\src\GmMsg1F1BusHiSpd.c" Line="717" Column="71">
</Loc>
<Message>
All automatic variables shall have been assigned a value before being used.
</Message>
</Rule>

<Rule Name="9.1" Mode="required" Report="warning" Id="3">
<Loc File="C:\component\MM007A_GmMsg1F1BusHiSpd_Impl\src\GmMsg1F1BusHiSpd.c" Line="718" Column="26">
</Loc>
<Message>
All automatic variables shall have been assigned a value before being used.
</Message>
</Rule>

<Rule Name="9.1" Mode="required" Report="warning" Id="4">
<Loc File="C:\component\MM007A_GmMsg1F1BusHiSpd_Impl\src\GmMsg1F1BusHiSpd.c" Line="722" Column="12">
</Loc>
<Message>
All automatic variables shall have been assigned a value before being used.
</Message>
</Rule>

<Rule Name="9.1" Mode="required" Report="warning" Id="5">
<Loc File="C:\component\MM007A_GmMsg1F1BusHiSpd_Impl\src\GmMsg1F1BusHiSpd.c" Line="742" Column="29">
</Loc>
<Message>
All automatic variables shall have been assigned a value before being used.
</Message>
</Rule>

<Rule Name="9.1" Mode="required" Report="warning" Id="6">
<Loc File="C:\component\MM007A_GmMsg1F1BusHiSpd_Impl\src\GmMsg1F1BusHiSpd.c" Line="744" Column="51">
</Loc>
<Message>
All automatic variables shall have been assigned a value before being used.
</Message>
</Rule>

<Rule Name="9.1" Mode="required" Report="warning" Id="7">
<Loc File="C:\component\MM007A_GmMsg1F1BusHiSpd_Impl\src\GmMsg1F1BusHiSpd.c" Line="748" Column="51">
</Loc>
<Message>
All automatic variables shall have been assigned a value before being used.
</Message>
</Rule>

</CodeStruct>

</MISRA-C-Report>
