<?xml version="1.0" encoding="UTF-8"?>
<Navig version="1.0">
<Files>
<F id="1" n="C:\Program Files\MATLAB\R2013b\polyspace\verifier\cxx\cinclude\stdarg.h"/>
<F id="2" n="C:\Component\AR201A_ArCplrSuprt_Impl\include\ASR4.0.3\Platform_Types.h"/>
<F id="3" n="C:\Component\AR200A_ArSuprt_Impl\include\ASR4.0.3\Std_Types.h"/>
<F id="4" n="C:\Component\SF001A_Assi_Impl\tools\contract\Rte_Type.h"/>
<F id="5" n="C:\Component\SF001A_Assi_Impl\tools\contract\Rte_Assi.h"/>
<F id="6" n="C:\Component\TL103A_CplrSuprt\include\2013.5.5\ansi\math.h"/>
<F id="7" n="C:\Component\AR100A_NxtrMath_Impl\include\NxtrMath.h"/>
<F id="8" n="C:\Component\AR101A_NxtrIntrpn_Impl\include\NxtrIntrpn.h"/>
<F id="9" n="C:\Component\AR103A_NxtrFixdPt_Impl\include\NxtrFixdPt.h"/>
<F id="10" n="C:\Component\SF001A_Assi_Impl\src\Assi.c"/>
<F id="11" n="C-STUBS\__polyspace__stdstubs.c"/>
<F id="12" n="C:\Program Files\MATLAB\R2013b\polyspace\verifier\cxx\cinclude\__polyspace__std_decls.h"/>
<F id="13" n="C:\Program Files\MATLAB\R2013b\polyspace\verifier\cxx\cinclude\assert.h"/>
<F id="14" n="C:\Program Files\MATLAB\R2013b\polyspace\verifier\cxx\cinclude\__polyspace__libc_defs.h"/>
<F id="15" n="C:\Component\SF001A_Assi_Impl\tools\contract\Rte_Assi_Type.h"/>
<F id="16" n="C:\Component\SF001A_Assi_Impl\tools\contract\Rte.h"/>
<F id="17" n="C:\Component\AR201A_ArCplrSuprt_Impl\include\ASR4.0.3\Compiler.h"/>
<F id="18" n="C:\Component\AR201A_ArCplrSuprt_Impl\tools\contract\Compiler_Cfg.h"/>
<F id="19" n="C:\Component\SF001A_Assi_Impl\tools\contract\Rte_DataHandleType.h"/>
<F id="20" n="C:\Component\AR200A_ArSuprt_Impl\tools\contract\MemMap.h"/>
<F id="21" n="C:\Component\SF001A_Assi_Impl\tools\contract\Assi_MemMap.h"/>
<F id="22" n="C:\Component\SF999A_SysGlbPrm_Impl\include\SysGlbPrm.h"/>
<F id="23" n="C:\Component\SF001A_Assi_Impl\tools\contract\FltInj.h"/>
</Files>
<Definitions>
<D id="1" f="11" l="322" c="21" n="size_t" t="7" d="1"/>
<D id="2" f="11" l="324" c="12" n="ptrdiff_t" t="7" d="1"/>
<D id="3" f="10" l="250" c="15" n="VehSpd_Kph_T_u9p7" t="4" d="1"/>
<D id="4" f="11" l="327" c="21" n="wchar_t" t="7" d="1"/>
<D id="5" f="11" l="732" c="13" n="_polyspace_random_int" t="5" d="1"/>
<D id="6" f="7" l="551" c="104" n="RngLo" t="4" d="1"/>
<D id="7" f="11" l="740" c="14" n="_polyspace_random_long" t="5" d="1"/>
<D id="8" f="10" l="261" c="15" n="WIRBlend_Uls_T_u2p14" t="4" d="1"/>
<D id="9" f="7" l="552" c="104" n="RngHi" t="4" d="1"/>
<D id="10" f="10" l="252" c="15" n="WhlImbRejctnAmp_MtrNm_T_u5p11" t="4" d="1"/>
<D id="11" f="10" l="260" c="16" n="WIR0_MtrNm_T_f32" t="4" d="1"/>
<D id="12" f="10" l="251" c="16" n="WhlImbRejctnAmp_MtrNm_T_f32" t="4" d="1"/>
<D id="13" f="11" l="3802" c="4" n="__polyspace_nb_varargs" t="1" d="1"/>
<D id="14" f="10" l="242" c="16" n="AssiCmdBasSca_Uls_T_f32" t="4" d="1"/>
<D id="15" f="11" l="724" c="23" n="_polyspace_random_uchar" t="5" d="1"/>
<D id="16" f="10" l="243" c="16" n="AssiLnrGain_Uls_T_f32" t="4" d="1"/>
<D id="17" f="10" l="263" c="15" n="WIR1_MtrNm_T_s4p11" t="4" d="1"/>
<D id="18" f="10" l="262" c="16" n="WIRBlend_Uls_T_f32" t="4" d="1"/>
<D id="19" f="10" l="253" c="16" n="ModHwTq_HwNm_T_f32" t="4" d="1"/>
<D id="20" f="10" l="256" c="14" n="SignHwTq_Uls_T_s08" t="4" d="1"/>
<D id="21" f="7" l="627" c="104" n="Denom" t="4" d="1"/>
<D id="22" f="10" l="244" c="16" n="AssiLnrGainEna_Cnt_T_lgc" t="4" d="1"/>
<D id="23" f="11" l="716" c="14" n="_polyspace_random_char" t="5" d="1"/>
<D id="24" f="11" l="750" c="34" n="random" t="4" d="1"/>
<D id="25" f="7" l="644" c="105" n="SinVal" t="4" d="1"/>
<D id="26" f="10" l="254" c="16" n="AssiTq_MtrNm_T_f32" t="4" d="1"/>
<D id="27" f="10" l="245" c="16" n="HwTq_HwNm_T_f32" t="4" d="1"/>
<D id="28" f="11" l="734" c="24" n="random" t="4" d="1"/>
<D id="29" f="7" l="645" c="105" n="CosVal" t="4" d="1"/>
<D id="30" f="10" l="265" c="15" n="ThermalAssistScl_Uls_T_u2p14" t="4" d="1"/>
<D id="31" f="11" l="3801" c="7" n="__polyspace_vararg" t="1" d="1"/>
<D id="32" f="7" l="566" c="104" n="Denom" t="4" d="1"/>
<D id="33" f="11" l="742" c="25" n="random" t="4" d="1"/>
<D id="34" f="10" l="264" c="16" n="WIR1_MtrNm_T_f32" t="4" d="1"/>
<D id="35" f="10" l="255" c="16" n="AbsModHwTq_HwNm_T_f32" t="4" d="1"/>
<D id="36" f="10" l="246" c="16" n="HwTqHysOvrl_HwNm_T_f32" t="4" d="1"/>
<D id="37" f="10" l="257" c="15" n="ModTq_HwNm_T_u8p8" t="4" d="1"/>
<D id="38" f="10" l="247" c="16" n="HwTqOvrl_HwNm_T_f32" t="4" d="1"/>
<D id="39" f="10" l="258" c="15" n="ThermLimSlowFilMax_Uls_T_u16p0" t="4" d="1"/>
<D id="40" f="11" l="726" c="34" n="random" t="4" d="1"/>
<D id="41" f="10" l="266" c="16" n="ThermalAssistScl_Uls_T_f32" t="4" d="1"/>
<D id="42" f="10" l="248" c="16" n="ThermLimSlowFilMax_Uls_T_f32" t="4" d="1"/>
<D id="43" f="10" l="259" c="15" n="WIR0_MtrNm_T_s4p11" t="4" d="1"/>
<D id="44" f="11" l="748" c="23" n="_polyspace_random_ulong" t="5" d="1"/>
<D id="45" f="11" l="718" c="25" n="random" t="4" d="1"/>
<D id="46" f="10" l="249" c="16" n="VehSpd_Kph_T_f32" t="4" d="1"/>
<D id="47" f="11" l="755" c="16" n="_polyspace_random_double" t="5" d="1"/>
<D id="48" f="11" l="757" c="27" n="random" t="4" d="1"/>
<D id="49" f="11" l="7147" c="14" n="_polyspace_compare_function_type" t="7" d="1"/>
<D id="50" f="5" l="48" c="7" n="Rte_CDS_Assi" t="6" d="1"/>
<D id="51" f="11" l="11607" c="21" n="HUGE_VAL" t="1" d="1"/>
<D id="52" f="11" l="11608" c="21" n="HUGE_VALF" t="1" d="1"/>
<D id="53" f="11" l="11609" c="21" n="HUGE_VALL" t="1" d="1"/>
<D id="54" f="11" l="12451" c="16" n="__polyspace_absolute_address" t="1" d="1"/>
<D id="55" f="11" l="11591" c="23" n="random" t="4" d="1"/>
<D id="56" f="11" l="11589" c="12" n="_polyspace_random_long_double" t="2" d="1"/>
<D id="57" f="4" l="111" c="2" n="MotPrmNomEolRec2" t="7" d="1"/>
<D id="58" f="5" l="51" c="11" n="Pim_dAssiThermAssiSca" t="9" d="1"/>
<D id="59" f="3" l="141" c="2" n="Std_VersionInfoType" t="7" d="1"/>
<D id="60" f="5" l="52" c="11" n="Pim_dAssiWhlImbRejctnBlnd" t="9" d="1"/>
<D id="61" f="4" l="80" c="22" n="Ary2D_u5p11_12_5" t="7" d="1"/>
<D id="62" f="4" l="71" c="13" n="Ary1D_u9p7_12" t="7" d="1"/>
<D id="63" f="4" l="50" c="15" n="u9p7" t="7" d="1"/>
<D id="64" f="4" l="41" c="15" n="u2p14" t="7" d="1"/>
<D id="65" f="4" l="118" c="2" n="MotPrmNomEolRec3" t="7" d="1"/>
<D id="66" f="4" l="62" c="14" n="Ary1D_u2p14_5" t="7" d="1"/>
<D id="67" f="4" l="53" c="14" n="Ary1D_s4p11_20" t="7" d="1"/>
<D id="68" f="4" l="83" c="22" n="Ary2D_u8p8_12_20" t="7" d="1"/>
<D id="69" f="8" l="43" c="14" n="LnrIntrpn_u16_u16VariXu16VariY" t="2" d="0"/>
<D id="70" f="1" l="45" c="14" n="__va_list" t="7" d="1"/>
<D id="71" f="4" l="44" c="15" n="u5p11" t="7" d="1"/>
<D id="72" f="5" l="90" c="15" n="Rte_Read_Assi_AssiLnrGain_Val" t="2" d="0"/>
<D id="73" f="4" l="35" c="15" n="s4p11" t="7" d="1"/>
<D id="74" f="4" l="74" c="23" n="Ary2D_s4p11_12_20" t="7" d="1"/>
<D id="75" f="4" l="65" c="14" n="Ary1D_u5p11_5" t="7" d="1"/>
<D id="76" f="4" l="56" c="14" n="Ary1D_u16p0_2" t="7" d="1"/>
<D id="77" f="5" l="91" c="15" n="Rte_Read_Assi_AssiLnrGainEna_Logl" t="2" d="0"/>
<D id="78" f="1" l="50" c="18" n="__gnuc_va_list" t="7" d="1"/>
<D id="79" f="4" l="77" c="22" n="Ary2D_u2p14_12_5" t="7" d="1"/>
<D id="80" f="6" l="51" c="17" n="double_t" t="7" d="1"/>
<D id="81" f="5" l="59" c="40" n="Rte_Inst_Assi" t="1" d="0"/>
<D id="82" f="4" l="68" c="13" n="Ary1D_u8p8_20" t="7" d="1"/>
<D id="83" f="5" l="92" c="15" n="Rte_Read_Assi_HwTq_Val" t="2" d="0"/>
<D id="84" f="6" l="52" c="17" n="float_t" t="7" d="1"/>
<D id="85" f="6" l="731" c="6" n="expf" t="2" d="0"/>
<D id="86" f="4" l="47" c="15" n="u8p8" t="7" d="1"/>
<D id="87" f="5" l="93" c="15" n="Rte_Read_Assi_HwTqHysOvrl_Val" t="2" d="0"/>
<D id="88" f="4" l="38" c="15" n="u16p0" t="7" d="1"/>
<D id="89" f="4" l="92" c="16" n="Ary1D_f32_8" t="7" d="1"/>
<D id="90" f="6" l="741" c="6" n="sqrtf" t="2" d="0"/>
<D id="91" f="4" l="59" c="14" n="Ary1D_u2p14_2" t="7" d="1"/>
<D id="92" f="5" l="94" c="15" n="Rte_Read_Assi_HwTqOvrl_Val" t="2" d="0"/>
<D id="93" f="4" l="95" c="15" n="Ary1D_s16_22" t="7" d="1"/>
<D id="94" f="5" l="64" c="35" n="Rte_Instance" t="7" d="1"/>
<D id="95" f="5" l="95" c="15" n="Rte_Read_Assi_ThermLimSlowFilMax_Val" t="2" d="0"/>
<D id="96" f="6" l="742" c="6" n="fabsf" t="2" d="0"/>
<D id="97" f="6" l="724" c="6" n="atan2f" t="2" d="0"/>
<D id="98" f="5" l="96" c="15" n="Rte_Read_Assi_VehSpd_Val" t="2" d="0"/>
<D id="99" f="6" l="725" c="6" n="cosf" t="2" d="0"/>
<D id="100" f="5" l="97" c="15" n="Rte_Read_Assi_WhlImbRejctnAmp_Val" t="2" d="0"/>
<D id="101" f="4" l="98" c="15" n="Ary1D_u16_257" t="7" d="1"/>
<D id="102" f="5" l="98" c="15" n="Rte_Write_Assi_AssiCmdBas_Val" t="2" d="0"/>
<D id="103" f="6" l="726" c="6" n="sinf" t="2" d="0"/>
<D id="104" f="5" l="89" c="15" n="Rte_Read_Assi_AssiCmdBasSca_Val" t="2" d="0"/>
<D id="105" f="1" l="49" c="18" n="va_list" t="7" d="1"/>
<D id="106" f="6" l="748" c="6" n="fmodf" t="2" d="0"/>
<D id="107" f="4" l="110" c="10" n="MotRNom" t="9" d="1"/>
<D id="108" f="3" l="140" c="10" n="sw_patch_version" t="9" d="1"/>
<D id="109" f="5" l="101" c="12" n="Rte_Prm_Assi_AssiMotTqWhlImbRejctnMaxX_Ary2D" t="2" d="0"/>
<D id="110" f="2" l="110" c="31" n="sint8" t="7" d="1"/>
<D id="111" f="5" l="111" c="12" n="Rte_Prm_Assi_AssiMotTqWhlImbRejctnMinX_Ary2D" t="2" d="0"/>
<D id="112" f="2" l="120" c="31" n="uint16_least" t="7" d="1"/>
<D id="113" f="2" l="111" c="31" n="uint8" t="7" d="1"/>
<D id="114" f="2" l="121" c="31" n="sint32_least" t="7" d="1"/>
<D id="115" f="2" l="112" c="31" n="sint16" t="7" d="1"/>
<D id="116" f="4" l="116" c="10" n="MotBackEmfConNom" t="9" d="1"/>
<D id="117" f="7" l="400" c="31" n="Inp1" t="4" d="1"/>
<D id="118" f="2" l="131" c="31" n="float32" t="7" d="1"/>
<D id="119" f="2" l="122" c="31" n="uint32_least" t="7" d="1"/>
<D id="120" f="5" l="121" c="13" n="Rte_Prm_Assi_AssiThermScaX_Ary1D" t="2" d="0"/>
<D id="121" f="5" l="141" c="12" n="Rte_Prm_Assi_SysGlbPrmVehSpd_Ary1D" t="2" d="0"/>
<D id="122" f="2" l="113" c="31" n="uint16" t="7" d="1"/>
<D id="123" f="4" l="117" c="10" n="MotRNom" t="9" d="1"/>
<D id="124" f="3" l="136" c="10" n="vendorID" t="9" d="1"/>
<D id="125" f="2" l="132" c="31" n="float64" t="7" d="1"/>
<D id="126" f="5" l="131" c="13" n="Rte_Prm_Assi_AssiWhlImbRejctnBlndScaX_Ary2D" t="2" d="0"/>
<D id="127" f="7" l="223" c="39" n="Inp" t="4" d="1"/>
<D id="128" f="4" l="220" c="14" n="Ary1D_s2p13_1025" t="7" d="1"/>
<D id="129" f="2" l="114" c="31" n="sint32" t="7" d="1"/>
<D id="130" f="4" l="130" c="14" n="Ary1D_u5p11_16" t="7" d="1"/>
<D id="131" f="4" l="101" c="15" n="Ary1D_u32_8" t="7" d="1"/>
<D id="132" f="4" l="109" c="10" n="MotKeNom" t="9" d="1"/>
<D id="133" f="4" l="121" c="14" n="Ary1D_u2p14_16" t="7" d="1"/>
<D id="134" f="3" l="137" c="10" n="moduleID" t="9" d="1"/>
<D id="135" f="4" l="160" c="22" n="Ary2D_u2p14_7_6" t="7" d="1"/>
<D id="136" f="2" l="115" c="31" n="uint32" t="7" d="1"/>
<D id="137" f="4" l="151" c="13" n="Ary1D_u9p7_6" t="7" d="1"/>
<D id="138" f="7" l="322" c="31" n="Inp1" t="4" d="1"/>
<D id="139" f="4" l="142" c="13" n="Ary1D_u8p8_8" t="7" d="1"/>
<D id="140" f="4" l="223" c="13" n="Ary1D_s8p7_14" t="7" d="1"/>
<D id="141" f="7" l="480" c="29" n="Inp" t="4" d="1"/>
<D id="142" f="3" l="138" c="10" n="sw_major_version" t="9" d="1"/>
<D id="143" f="4" l="133" c="13" n="Ary1D_u8p8_14" t="7" d="1"/>
<D id="144" f="4" l="104" c="14" n="Ary1D_u8_22" t="7" d="1"/>
<D id="145" f="4" l="211" c="15" n="u7p9" t="7" d="1"/>
<D id="146" f="3" l="132" c="14" n="Std_ReturnType" t="7" d="1"/>
<D id="147" f="4" l="172" c="21" n="Ary2D_u8p8_9_8" t="7" d="1"/>
<D id="148" f="4" l="202" c="15" n="u1p15" t="7" d="1"/>
<D id="149" f="7" l="413" c="31" n="Inp1" t="4" d="1"/>
<D id="150" f="3" l="125" c="22" n="StatusType" t="7" d="1"/>
<D id="151" f="4" l="250" c="14" n="Ary1D_u1p15_2" t="7" d="1"/>
<D id="152" f="5" l="106" c="13" n="Rte_Prm_Assi_AssiMotTqWhlImbRejctnMaxY_Ary2D" t="2" d="0"/>
<D id="153" f="7" l="522" c="31" n="Inp" t="4" d="1"/>
<D id="154" f="3" l="139" c="10" n="sw_minor_version" t="9" d="1"/>
<D id="155" f="4" l="241" c="14" n="Ary1D_u12p4_13" t="7" d="1"/>
<D id="156" f="4" l="232" c="14" n="Ary1D_u11p5_10" t="7" d="1"/>
<D id="157" f="7" l="210" c="16" n="Abslt_u32_s32" t="2" d="1"/>
<D id="158" f="2" l="117" c="31" n="sint8_least" t="7" d="1"/>
<D id="159" f="4" l="214" c="14" n="Ary1D_s11p4_14" t="7" d="1"/>
<D id="160" f="5" l="116" c="13" n="Rte_Prm_Assi_AssiMotTqWhlImbRejctnMinY_Ary2D" t="2" d="0"/>
<D id="161" f="7" l="283" c="29" n="Inp1" t="4" d="1"/>
<D id="162" f="2" l="108" c="31" n="boolean" t="7" d="1"/>
<D id="163" f="4" l="124" c="14" n="Ary1D_u2p14_6" t="7" d="1"/>
<D id="164" f="7" l="400" c="16" n="Max_s16" t="2" d="1"/>
<D id="165" f="5" l="126" c="13" n="Rte_Prm_Assi_AssiThermScaY_Ary1D" t="2" d="0"/>
<D id="166" f="7" l="374" c="29" n="Inp1" t="4" d="1"/>
<D id="167" f="2" l="118" c="31" n="uint8_least" t="7" d="1"/>
<D id="168" f="4" l="154" c="13" n="Ary1D_u9p7_7" t="7" d="1"/>
<D id="169" f="4" l="145" c="13" n="Ary1D_u9p7_16" t="7" d="1"/>
<D id="170" f="8" l="141" c="15" n="BilnrIntrpnWithRound_u16_u16MplXu16MplY" t="2" d="0"/>
<D id="171" f="4" l="136" c="13" n="Ary1D_u8p8_2" t="7" d="1"/>
<D id="172" f="4" l="274" c="21" n="Ary2D_u7p9_8_4" t="7" d="1"/>
<D id="173" f="7" l="602" c="33" n="Inp" t="4" d="1"/>
<D id="174" f="4" l="271" c="23" n="Ary2D_u12p4_9_16" t="7" d="1"/>
<D id="175" f="5" l="136" c="13" n="Rte_Prm_Assi_AssiWhlImbRejctnBlndScaY_Ary2D" t="2" d="0"/>
<D id="176" f="4" l="205" c="15" n="u3p13" t="7" d="1"/>
<D id="177" f="7" l="335" c="31" n="Inp1" t="4" d="1"/>
<D id="178" f="2" l="119" c="31" n="sint16_least" t="7" d="1"/>
<D id="179" f="4" l="262" c="14" n="Ary1D_u4p12_14" t="7" d="1"/>
<D id="180" f="4" l="163" c="23" n="Ary2D_u5p11_12_13" t="7" d="1"/>
<D id="181" f="4" l="253" c="14" n="Ary1D_u3p13_10" t="7" d="1"/>
<D id="182" f="4" l="244" c="14" n="Ary1D_u12p4_16" t="7" d="1"/>
<D id="183" f="4" l="235" c="14" n="Ary1D_u11p5_11" t="7" d="1"/>
<D id="184" f="7" l="426" c="31" n="Inp1" t="4" d="1"/>
<D id="185" f="7" l="466" c="29" n="Inp" t="4" d="1"/>
<D id="186" f="4" l="226" c="14" n="Ary1D_u0p16_8" t="7" d="1"/>
<D id="187" f="7" l="550" c="33" n="Inp" t="4" d="1"/>
<D id="188" f="4" l="217" c="14" n="Ary1D_s2p13_1024" t="7" d="1"/>
<D id="189" f="4" l="127" c="14" n="Ary1D_u5p11_13" t="7" d="1"/>
<D id="190" f="7" l="322" c="16" n="Min_u16" t="2" d="1"/>
<D id="191" f="4" l="190" c="15" n="u0p16" t="7" d="1"/>
<D id="192" f="4" l="265" c="13" n="Ary1D_u7p9_4" t="7" d="1"/>
<D id="193" f="9" l="204" c="16" n="FloatToFixdWithRound_s32_f32" t="2" d="1"/>
<D id="194" f="7" l="309" c="31" n="Inp1" t="4" d="1"/>
<D id="195" f="7" l="361" c="33" n="Inp1" t="4" d="1"/>
<D id="196" f="4" l="181" c="15" n="s18p13" t="7" d="1"/>
<D id="197" f="7" l="170" c="34" n="Inp1" t="4" d="1"/>
<D id="198" f="7" l="508" c="31" n="Inp" t="4" d="1"/>
<D id="199" f="9" l="232" c="16" n="FloatToFixdWithRound_u32_f32" t="2" d="1"/>
<D id="200" f="7" l="296" c="29" n="Inp1" t="4" d="1"/>
<D id="201" f="4" l="157" c="13" n="Ary1D_u9p7_9" t="7" d="1"/>
<D id="202" f="7" l="271" c="15" n="Sign_s08_f32" t="2" d="1"/>
<D id="203" f="7" l="413" c="16" n="Max_u16" t="2" d="1"/>
<D id="204" f="7" l="536" c="31" n="Inp" t="4" d="1"/>
<D id="205" f="9" l="303" c="44" n="Inp" t="4" d="1"/>
<D id="206" f="4" l="148" c="13" n="Ary1D_u9p7_4" t="7" d="1"/>
<D id="207" f="7" l="210" c="37" n="Inp" t="4" d="1"/>
<D id="208" f="7" l="452" c="33" n="Inp1" t="4" d="1"/>
<D id="209" f="9" l="204" c="53" n="Inp" t="4" d="1"/>
<D id="210" f="4" l="139" c="13" n="Ary1D_u8p8_4" t="7" d="1"/>
<D id="211" f="4" l="277" c="21" n="Ary2D_u7p9_9_4" t="7" d="1"/>
<D id="212" f="7" l="522" c="16" n="Lim_s32" t="2" d="1"/>
<D id="213" f="7" l="643" c="14" n="SinCos_f32" t="2" d="1"/>
<D id="214" f="9" l="331" c="44" n="Inp" t="4" d="1"/>
<D id="215" f="9" l="303" c="17" n="FixdToFloat_f32_s16" t="2" d="1"/>
<D id="216" f="10" l="236" c="5" n="AssiPer1" t="2" d="1"/>
<D id="217" f="7" l="387" c="29" n="Inp1" t="4" d="1"/>
<D id="218" f="9" l="232" c="53" n="Inp" t="4" d="1"/>
<D id="219" f="4" l="208" c="15" n="u4p12" t="7" d="1"/>
<D id="220" f="7" l="235" c="15" n="Sign_s08_s08" t="2" d="1"/>
<D id="221" f="4" l="169" c="21" n="Ary2D_u8p8_9_4" t="7" d="1"/>
<D id="222" f="7" l="480" c="15" n="Lim_u08" t="2" d="1"/>
<D id="223" f="7" l="602" c="17" n="Exp_f32" t="2" d="1"/>
<D id="224" f="9" l="331" c="17" n="FixdToFloat_f32_u16" t="2" d="1"/>
<D id="225" f="4" l="166" c="23" n="Ary2D_u5p11_9_16" t="7" d="1"/>
<D id="226" f="4" l="256" c="14" n="Ary1D_u4p12_11" t="7" d="1"/>
<D id="227" f="7" l="223" c="17" n="Abslt_f32_f32" t="2" d="1"/>
<D id="228" f="9" l="261" c="16" n="FloatToFixd_s32_f32" t="2" d="1"/>
<D id="229" f="4" l="247" c="14" n="Ary1D_u1p15_11" t="7" d="1"/>
<D id="230" f="4" l="238" c="14" n="Ary1D_u11p5_4" t="7" d="1"/>
<D id="231" f="7" l="170" c="17" n="Blnd_f32" t="2" d="1"/>
<D id="232" f="7" l="348" c="31" n="Inp1" t="4" d="1"/>
<D id="233" f="7" l="643" c="33" n="Inp" t="4" d="1"/>
<D id="234" f="4" l="229" c="14" n="Ary1D_u10p6_4" t="7" d="1"/>
<D id="235" f="7" l="614" c="34" n="Inp" t="4" d="1"/>
<D id="236" f="9" l="190" c="16" n="FloatToFixdWithRound_s16_f32" t="2" d="1"/>
<D id="237" f="7" l="235" c="34" n="Inp" t="4" d="1"/>
<D id="238" f="7" l="590" c="33" n="Inp" t="4" d="1"/>
<D id="239" f="7" l="494" c="31" n="Inp" t="4" d="1"/>
<D id="240" f="9" l="261" c="44" n="Inp" t="4" d="1"/>
<D id="241" f="4" l="193" c="15" n="u10p6" t="7" d="1"/>
<D id="242" f="7" l="550" c="17" n="Lim_f32" t="2" d="1"/>
<D id="243" f="7" l="439" c="31" n="Inp1" t="4" d="1"/>
<D id="244" f="4" l="184" c="15" n="s2p13" t="7" d="1"/>
<D id="245" f="4" l="175" c="15" n="s11p4" t="7" d="1"/>
<D id="246" f="7" l="283" c="15" n="Min_s08" t="2" d="1"/>
<D id="247" f="8" l="165" c="15" n="BilnrIntrpnWithRound_s16_u16MplXs16MplY" t="2" d="0"/>
<D id="248" f="9" l="190" c="53" n="Inp" t="4" d="1"/>
<D id="249" f="7" l="335" c="16" n="Min_s32" t="2" d="1"/>
<D id="250" f="7" l="361" c="17" n="Min_f32" t="2" d="1"/>
<D id="251" f="7" l="626" c="33" n="Numer" t="4" d="1"/>
<D id="252" f="7" l="650" c="17" n="InpSqd" t="4" d="1"/>
<D id="253" f="7" l="184" c="15" n="Abslt_u08_s08" t="2" d="1"/>
<D id="254" f="7" l="247" c="15" n="Sign_s08_s16" t="2" d="1"/>
<D id="255" f="7" l="374" c="15" n="Max_s08" t="2" d="1"/>
<D id="256" f="4" l="268" c="23" n="Ary2D_u12p4_12_13" t="7" d="1"/>
<D id="257" f="7" l="426" c="16" n="Max_s32" t="2" d="1"/>
<D id="258" f="7" l="452" c="17" n="Max_f32" t="2" d="1"/>
<D id="259" f="7" l="614" c="17" n="Sqrt_f32" t="2" d="1"/>
<D id="260" f="7" l="651" c="17" n="SinA" t="4" d="1"/>
<D id="261" f="4" l="259" c="14" n="Ary1D_u4p12_12" t="7" d="1"/>
<D id="262" f="9" l="218" c="16" n="FloatToFixdWithRound_u16_f32" t="2" d="1"/>
<D id="263" f="7" l="271" c="36" n="Inp" t="4" d="1"/>
<D id="264" f="7" l="309" c="16" n="Min_s16" t="2" d="1"/>
<D id="265" f="7" l="508" c="16" n="Lim_u16" t="2" d="1"/>
<D id="266" f="9" l="317" c="44" n="Inp" t="4" d="1"/>
<D id="267" f="7" l="652" c="17" n="CosA" t="4" d="1"/>
<D id="268" f="9" l="218" c="53" n="Inp" t="4" d="1"/>
<D id="269" f="7" l="536" c="16" n="Lim_u32" t="2" d="1"/>
<D id="270" f="9" l="345" c="44" n="Inp" t="4" d="1"/>
<D id="271" f="4" l="196" c="15" n="u11p5" t="7" d="1"/>
<D id="272" f="7" l="466" c="15" n="Lim_s08" t="2" d="1"/>
<D id="273" f="9" l="317" c="17" n="FixdToFloat_f32_s32" t="2" d="1"/>
<D id="274" f="4" l="187" c="15" n="s8p7" t="7" d="1"/>
<D id="275" f="7" l="590" c="17" n="Cos_f32" t="2" d="1"/>
<D id="276" f="9" l="247" c="16" n="FloatToFixd_s16_f32" t="2" d="1"/>
<D id="277" f="4" l="178" c="15" n="s15p16" t="7" d="1"/>
<D id="278" f="9" l="345" c="17" n="FixdToFloat_f32_u32" t="2" d="1"/>
<D id="279" f="9" l="275" c="16" n="FloatToFixd_u16_f32" t="2" d="1"/>
<D id="280" f="7" l="184" c="35" n="Inp" t="4" d="1"/>
<D id="281" f="7" l="310" c="95" n="Inp2" t="4" d="1"/>
<D id="282" f="7" l="653" c="17" n="Tmp" t="4" d="1"/>
<D id="283" f="9" l="303" c="57" n="Mplr" t="4" d="1"/>
<D id="284" f="7" l="259" c="15" n="Sign_s08_s32" t="2" d="1"/>
<D id="285" f="7" l="247" c="35" n="Inp" t="4" d="1"/>
<D id="286" f="9" l="204" c="66" n="Mplr" t="4" d="1"/>
<D id="287" f="7" l="296" c="15" n="Min_u08" t="2" d="1"/>
<D id="288" f="7" l="626" c="17" n="Mod_f32" t="2" d="1"/>
<D id="289" f="9" l="247" c="44" n="Inp" t="4" d="1"/>
<D id="290" f="9" l="331" c="57" n="Mplr" t="4" d="1"/>
<D id="291" f="7" l="348" c="16" n="Min_u32" t="2" d="1"/>
<D id="292" f="7" l="401" c="95" n="Inp2" t="4" d="1"/>
<D id="293" f="9" l="232" c="66" n="Mplr" t="4" d="1"/>
<D id="294" f="9" l="275" c="44" n="Inp" t="4" d="1"/>
<D id="295" f="7" l="510" c="95" n="RngHi" t="4" d="1"/>
<D id="296" f="7" l="387" c="15" n="Max_u08" t="2" d="1"/>
<D id="297" f="7" l="494" c="16" n="Lim_s16" t="2" d="1"/>
<D id="298" f="7" l="439" c="16" n="Max_u32" t="2" d="1"/>
<D id="299" f="7" l="649" c="15" n="Normdn" t="4" d="1"/>
<D id="300" f="7" l="565" c="17" n="Arctan2_f32" t="2" d="1"/>
<D id="301" f="4" l="199" c="15" n="u12p4" t="7" d="1"/>
<D id="302" f="7" l="578" c="33" n="Inp" t="4" d="1"/>
<D id="303" f="9" l="261" c="57" n="Mplr" t="4" d="1"/>
<D id="304" f="7" l="197" c="16" n="Abslt_u16_s16" t="2" d="1"/>
<D id="305" f="7" l="648" c="16" n="n" t="4" d="1"/>
<D id="306" f="7" l="440" c="95" n="Inp2" t="4" d="1"/>
<D id="307" f="9" l="190" c="66" n="Mplr" t="4" d="1"/>
<D id="308" f="7" l="259" c="35" n="Inp" t="4" d="1"/>
<D id="309" f="7" l="323" c="95" n="Inp2" t="4" d="1"/>
<D id="310" f="7" l="414" c="95" n="Inp2" t="4" d="1"/>
<D id="311" f="9" l="289" c="16" n="FloatToFixd_u32_f32" t="2" d="1"/>
<D id="312" f="11" l="698" c="4" n="errno" t="1" d="1"/>
<D id="313" f="7" l="523" c="95" n="RngLo" t="4" d="1"/>
<D id="314" f="7" l="565" c="37" n="Numer" t="4" d="1"/>
<D id="315" f="9" l="317" c="57" n="Mplr" t="4" d="1"/>
<D id="316" f="9" l="218" c="66" n="Mplr" t="4" d="1"/>
<D id="317" f="9" l="345" c="57" n="Mplr" t="4" d="1"/>
<D id="318" f="7" l="481" c="94" n="RngLo" t="4" d="1"/>
<D id="319" f="9" l="289" c="44" n="Inp" t="4" d="1"/>
<D id="320" f="7" l="578" c="17" n="Sin_f32" t="2" d="1"/>
<D id="321" f="7" l="524" c="95" n="RngHi" t="4" d="1"/>
<D id="322" f="7" l="482" c="94" n="RngHi" t="4" d="1"/>
<D id="323" f="9" l="247" c="57" n="Mplr" t="4" d="1"/>
<D id="324" f="7" l="197" c="37" n="Inp" t="4" d="1"/>
<D id="325" f="9" l="275" c="57" n="Mplr" t="4" d="1"/>
<D id="326" f="7" l="336" c="95" n="Inp2" t="4" d="1"/>
<D id="327" f="7" l="362" c="96" n="Inp2" t="4" d="1"/>
<D id="328" f="7" l="171" c="97" n="Inp2" t="4" d="1"/>
<D id="329" f="7" l="427" c="95" n="Inp2" t="4" d="1"/>
<D id="330" f="7" l="453" c="96" n="Inp2" t="4" d="1"/>
<D id="331" f="7" l="172" c="97" n="Fac" t="4" d="1"/>
<D id="332" f="7" l="284" c="86" n="Inp2" t="4" d="1"/>
<D id="333" f="7" l="509" c="95" n="RngLo" t="4" d="1"/>
<D id="334" f="7" l="537" c="95" n="RngLo" t="4" d="1"/>
<D id="335" f="7" l="375" c="86" n="Inp2" t="4" d="1"/>
<D id="336" f="7" l="467" c="94" n="RngLo" t="4" d="1"/>
<D id="337" f="7" l="538" c="95" n="RngHi" t="4" d="1"/>
<D id="338" f="7" l="468" c="94" n="RngHi" t="4" d="1"/>
<D id="339" f="7" l="349" c="95" n="Inp2" t="4" d="1"/>
<D id="340" f="7" l="495" c="95" n="RngLo" t="4" d="1"/>
<D id="341" f="9" l="289" c="57" n="Mplr" t="4" d="1"/>
<D id="342" f="7" l="297" c="86" n="Inp2" t="4" d="1"/>
<D id="343" f="7" l="496" c="95" n="RngHi" t="4" d="1"/>
<D id="344" f="7" l="388" c="86" n="Inp2" t="4" d="1"/>
</Definitions>
<Uses>
<U id="1" f="10" l="341" c="29" d="242" a="0"/>
<U id="2" f="10" l="342" c="29" d="118" a="0"/>
<U id="3" f="10" l="280" c="29" d="202" a="0"/>
<U id="4" f="10" l="343" c="29" d="26" a="0"/>
<U id="5" f="10" l="344" c="29" d="242" a="0"/>
<U id="6" f="7" l="700" c="122" d="267" a="0"/>
<U id="7" f="7" l="701" c="122" d="267" a="0"/>
<U id="8" f="11" l="751" c="11" d="24" a="0"/>
<U id="9" f="10" l="272" c="39" d="27" a="1"/>
<U id="10" f="7" l="705" c="120" d="267" a="0"/>
<U id="11" f="10" l="284" c="19" d="22" a="0"/>
<U id="12" f="7" l="720" c="122" d="267" a="0"/>
<U id="13" f="7" l="680" c="120" d="267" a="0"/>
<U id="14" f="10" l="342" c="59" d="26" a="0"/>
<U id="15" f="11" l="743" c="11" d="33" a="0"/>
<U id="16" f="7" l="721" c="122" d="267" a="0"/>
<U id="17" f="9" l="192" c="111" d="307" a="0"/>
<U id="18" f="7" l="740" c="122" d="267" a="0"/>
<U id="19" f="10" l="271" c="50" d="22" a="1"/>
<U id="20" f="10" l="343" c="50" d="14" a="0"/>
<U id="21" f="10" l="350" c="15" d="102" a="0"/>
<U id="22" f="11" l="735" c="11" d="28" a="0"/>
<U id="23" f="7" l="715" c="121" d="267" a="0"/>
<U id="24" f="7" l="706" c="121" d="267" a="0"/>
<U id="25" f="7" l="741" c="122" d="267" a="0"/>
<U id="26" f="10" l="319" c="39" d="170" a="0"/>
<U id="27" f="7" l="675" c="119" d="267" a="0"/>
<U id="28" f="10" l="331" c="16" d="30" a="1"/>
<U id="29" f="7" l="725" c="121" d="267" a="0"/>
<U id="30" f="10" l="270" c="15" d="72" a="0"/>
<U id="31" f="10" l="281" c="32" d="227" a="0"/>
<U id="32" f="7" l="681" c="121" d="267" a="0"/>
<U id="33" f="7" l="716" c="121" d="267" a="0"/>
<U id="34" f="10" l="280" c="42" d="19" a="0"/>
<U id="35" f="11" l="727" c="11" d="40" a="0"/>
<U id="36" f="7" l="685" c="119" d="267" a="0"/>
<U id="37" f="7" l="735" c="121" d="267" a="0"/>
<U id="38" f="7" l="726" c="121" d="267" a="0"/>
<U id="39" f="10" l="271" c="15" d="77" a="0"/>
<U id="40" f="10" l="293" c="49" d="279" a="0"/>
<U id="41" f="10" l="305" c="16" d="11" a="1"/>
<U id="42" f="7" l="736" c="121" d="267" a="0"/>
<U id="43" f="11" l="719" c="11" d="45" a="0"/>
<U id="44" f="10" l="272" c="15" d="83" a="0"/>
<U id="45" f="7" l="676" c="120" d="267" a="0"/>
<U id="46" f="7" l="746" c="121" d="267" a="0"/>
<U id="47" f="10" l="305" c="35" d="215" a="0"/>
<U id="48" f="7" l="695" c="120" d="267" a="0"/>
<U id="49" f="10" l="279" c="29" d="27" a="0"/>
<U id="50" f="7" l="686" c="120" d="267" a="0"/>
<U id="51" f="9" l="192" c="105" d="248" a="0"/>
<U id="52" f="7" l="747" c="121" d="267" a="0"/>
<U id="53" f="10" l="273" c="15" d="87" a="0"/>
<U id="54" f="10" l="350" c="45" d="26" a="0"/>
<U id="55" f="10" l="316" c="16" d="34" a="1"/>
<U id="56" f="10" l="331" c="82" d="76" a="0"/>
<U id="57" f="10" l="293" c="69" d="42" a="0"/>
<U id="58" f="11" l="758" c="11" d="48" a="0"/>
<U id="59" f="10" l="274" c="15" d="92" a="0"/>
<U id="60" f="10" l="276" c="41" d="46" a="1"/>
<U id="61" f="10" l="337" c="33" d="58" a="0"/>
<U id="62" f="10" l="328" c="33" d="60" a="0"/>
<U id="63" f="10" l="308" c="16" d="17" a="1"/>
<U id="64" f="10" l="316" c="35" d="215" a="0"/>
<U id="65" f="10" l="308" c="80" d="3" a="0"/>
<U id="66" f="10" l="277" c="50" d="12" a="1"/>
<U id="67" f="10" l="336" c="16" d="41" a="1"/>
<U id="68" f="10" l="341" c="37" d="26" a="0"/>
<U id="69" f="7" l="696" c="121" d="267" a="0"/>
<U id="70" f="10" l="274" c="43" d="38" a="1"/>
<U id="71" f="10" l="275" c="15" d="95" a="0"/>
<U id="72" f="10" l="327" c="16" d="18" a="1"/>
<U id="73" f="10" l="292" c="16" d="37" a="1"/>
<U id="74" f="10" l="305" c="55" d="43" a="0"/>
<U id="75" f="10" l="331" c="47" d="69" a="0"/>
<U id="76" f="10" l="270" c="46" d="16" a="1"/>
<U id="77" f="10" l="276" c="15" d="98" a="0"/>
<U id="78" f="10" l="293" c="16" d="39" a="1"/>
<U id="79" f="10" l="319" c="16" d="8" a="1"/>
<U id="80" f="10" l="328" c="62" d="18" a="0"/>
<U id="81" f="10" l="338" c="16" d="26" a="1"/>
<U id="82" f="10" l="277" c="15" d="100" a="0"/>
<U id="83" f="10" l="316" c="55" d="17" a="0"/>
<U id="84" f="10" l="294" c="16" d="3" a="1"/>
<U id="85" f="10" l="275" c="53" d="42" a="1"/>
<U id="86" f="10" l="281" c="46" d="19" a="0"/>
<U id="87" f="10" l="336" c="45" d="224" a="0"/>
<U id="88" f="10" l="342" c="38" d="20" a="0"/>
<U id="89" f="10" l="286" c="61" d="16" a="0"/>
<U id="90" f="10" l="292" c="36" d="279" a="0"/>
<U id="91" f="10" l="344" c="37" d="26" a="0"/>
<U id="92" f="10" l="269" c="15" d="104" a="0"/>
<U id="93" f="10" l="295" c="16" d="10" a="1"/>
<U id="94" f="10" l="286" c="16" d="26" a="1"/>
<U id="95" f="10" l="273" c="46" d="36" a="1"/>
<U id="96" f="10" l="308" c="37" d="247" a="0"/>
<U id="97" f="10" l="337" c="18" d="81" a="0"/>
<U id="98" f="10" l="328" c="18" d="81" a="0"/>
<U id="99" f="10" l="327" c="37" d="224" a="0"/>
<U id="100" f="10" l="336" c="65" d="30" a="0"/>
<U id="101" f="10" l="297" c="16" d="43" a="1"/>
<U id="102" f="10" l="292" c="56" d="35" a="0"/>
<U id="103" f="10" l="297" c="80" d="3" a="0"/>
<U id="104" f="10" l="319" c="83" d="3" a="0"/>
<U id="105" f="10" l="327" c="57" d="8" a="0"/>
<U id="106" f="10" l="279" c="72" d="38" a="0"/>
<U id="107" f="10" l="286" c="37" d="35" a="0"/>
<U id="108" f="10" l="338" c="38" d="41" a="0"/>
<U id="109" f="10" l="295" c="56" d="279" a="0"/>
<U id="110" f="10" l="294" c="48" d="279" a="0"/>
<U id="111" f="10" l="337" c="58" d="41" a="0"/>
<U id="112" f="10" l="297" c="37" d="247" a="0"/>
<U id="113" f="10" l="279" c="47" d="36" a="0"/>
<U id="114" f="10" l="338" c="95" d="34" a="0"/>
<U id="115" f="10" l="295" c="76" d="12" a="0"/>
<U id="116" f="10" l="338" c="77" d="11" a="0"/>
<U id="117" f="10" l="338" c="68" d="231" a="0"/>
<U id="118" f="10" l="269" c="48" d="14" a="1"/>
<U id="119" f="10" l="294" c="68" d="46" a="0"/>
<U id="120" f="10" l="321" c="149" d="62" a="0"/>
<U id="121" f="10" l="322" c="239" d="62" a="0"/>
<U id="122" f="10" l="300" c="260" d="121" a="0"/>
<U id="123" f="10" l="310" c="170" d="121" a="0"/>
<U id="124" f="10" l="301" c="161" d="68" a="0"/>
<U id="125" f="10" l="311" c="260" d="121" a="0"/>
<U id="126" f="10" l="300" c="162" d="62" a="0"/>
<U id="127" f="10" l="300" c="144" d="122" a="0"/>
<U id="128" f="10" l="302" c="161" d="74" a="0"/>
<U id="129" f="10" l="312" c="161" d="68" a="0"/>
<U id="130" f="10" l="331" c="106" d="120" a="0"/>
<U id="131" f="10" l="301" c="144" d="122" a="0"/>
<U id="132" f="10" l="302" c="189" d="160" a="0"/>
<U id="133" f="10" l="311" c="162" d="62" a="0"/>
<U id="134" f="10" l="311" c="144" d="122" a="0"/>
<U id="135" f="10" l="313" c="161" d="74" a="0"/>
<U id="136" f="10" l="302" c="144" d="115" a="0"/>
<U id="137" f="10" l="303" c="279" d="111" a="0"/>
<U id="138" f="10" l="303" c="189" d="111" a="0"/>
<U id="139" f="10" l="332" c="170" d="165" a="0"/>
<U id="140" f="10" l="303" c="252" d="68" a="0"/>
<U id="141" f="10" l="303" c="162" d="68" a="0"/>
<U id="142" f="10" l="312" c="144" d="122" a="0"/>
<U id="143" f="10" l="322" c="189" d="121" a="0"/>
<U id="144" f="10" l="303" c="144" d="122" a="0"/>
<U id="145" f="10" l="313" c="189" d="152" a="0"/>
<U id="146" f="10" l="300" c="236" d="62" a="0"/>
<U id="147" f="10" l="313" c="144" d="115" a="0"/>
<U id="148" f="10" l="314" c="279" d="109" a="0"/>
<U id="149" f="10" l="314" c="189" d="109" a="0"/>
<U id="150" f="10" l="310" c="146" d="62" a="0"/>
<U id="151" f="10" l="314" c="252" d="68" a="0"/>
<U id="152" f="10" l="338" c="113" d="18" a="0"/>
<U id="153" f="10" l="314" c="162" d="68" a="0"/>
<U id="154" f="10" l="314" c="144" d="122" a="0"/>
<U id="155" f="10" l="311" c="236" d="62" a="0"/>
<U id="156" f="10" l="333" c="162" d="76" a="0"/>
<U id="157" f="10" l="333" c="234" d="76" a="0"/>
<U id="158" f="10" l="321" c="173" d="121" a="0"/>
<U id="159" f="10" l="333" c="144" d="122" a="0"/>
<U id="160" f="10" l="322" c="263" d="121" a="0"/>
<U id="161" f="10" l="334" c="144" d="39" a="0"/>
<U id="162" f="10" l="320" c="147" d="10" a="0"/>
<U id="163" f="10" l="323" c="191" d="126" a="0"/>
<U id="164" f="10" l="323" c="164" d="61" a="0"/>
<U id="165" f="10" l="332" c="146" d="91" a="0"/>
<U id="166" f="10" l="324" c="191" d="175" a="0"/>
<U id="167" f="10" l="322" c="165" d="62" a="0"/>
<U id="168" f="10" l="322" c="147" d="122" a="0"/>
<U id="169" f="10" l="324" c="164" d="79" a="0"/>
<U id="170" f="10" l="309" c="144" d="37" a="0"/>
<U id="171" f="10" l="325" c="281" d="126" a="0"/>
<U id="172" f="10" l="300" c="186" d="121" a="0"/>
<U id="173" f="10" l="325" c="254" d="61" a="0"/>
<U id="174" f="10" l="323" c="147" d="122" a="0"/>
<U id="175" f="10" l="324" c="147" d="122" a="0"/>
<U id="176" f="10" l="325" c="192" d="126" a="0"/>
<U id="177" f="10" l="311" c="186" d="121" a="0"/>
<U id="178" f="10" l="325" c="165" d="61" a="0"/>
<U id="179" f="10" l="325" c="147" d="122" a="0"/>
<U id="180" f="10" l="299" c="170" d="121" a="0"/>
<U id="181" f="10" l="301" c="188" d="111" a="0"/>
<U id="182" f="10" l="298" c="144" d="37" a="0"/>
<U id="183" f="10" l="333" c="186" d="120" a="0"/>
<U id="184" f="10" l="333" c="258" d="120" a="0"/>
<U id="185" f="10" l="312" c="188" d="109" a="0"/>
<U id="186" f="10" l="299" c="146" d="62" a="0"/>
<U id="187" f="5" l="90" c="0" d="146" a="0"/>
<U id="188" f="5" l="51" c="2" d="118" a="0"/>
<U id="189" f="5" l="91" c="0" d="146" a="0"/>
<U id="190" f="5" l="52" c="2" d="118" a="0"/>
<U id="191" f="5" l="92" c="0" d="146" a="0"/>
<U id="192" f="5" l="93" c="0" d="146" a="0"/>
<U id="193" f="5" l="94" c="0" d="146" a="0"/>
<U id="194" f="5" l="95" c="0" d="146" a="0"/>
<U id="195" f="5" l="96" c="0" d="146" a="0"/>
<U id="196" f="5" l="97" c="0" d="146" a="0"/>
<U id="197" f="1" l="50" c="8" d="70" a="0"/>
<U id="198" f="5" l="98" c="0" d="146" a="0"/>
<U id="199" f="5" l="89" c="0" d="146" a="0"/>
<U id="200" f="4" l="50" c="8" d="122" a="0"/>
<U id="201" f="4" l="41" c="8" d="122" a="0"/>
<U id="202" f="5" l="99" c="0" d="146" a="0"/>
<U id="203" f="8" l="43" c="7" d="122" a="0"/>
<U id="204" f="8" l="34" c="7" d="115" a="0"/>
<U id="205" f="4" l="80" c="8" d="75" a="0"/>
<U id="206" f="4" l="71" c="8" d="63" a="0"/>
<U id="207" f="8" l="53" c="7" d="115" a="0"/>
<U id="208" f="4" l="62" c="8" d="64" a="0"/>
<U id="209" f="8" l="81" c="7" d="122" a="0"/>
<U id="210" f="4" l="53" c="8" d="73" a="0"/>
<U id="211" f="8" l="72" c="7" d="115" a="0"/>
<U id="212" f="4" l="44" c="8" d="122" a="0"/>
<U id="213" f="4" l="35" c="8" d="115" a="0"/>
<U id="214" f="8" l="91" c="7" d="115" a="0"/>
<U id="215" f="1" l="84" c="7" d="105" a="0"/>
<U id="216" f="4" l="92" c="8" d="118" a="0"/>
<U id="217" f="4" l="83" c="8" d="82" a="0"/>
<U id="218" f="4" l="74" c="8" d="67" a="0"/>
<U id="219" f="4" l="65" c="8" d="71" a="0"/>
<U id="220" f="4" l="56" c="8" d="88" a="0"/>
<U id="221" f="4" l="47" c="8" d="122" a="0"/>
<U id="222" f="8" l="29" c="7" d="122" a="0"/>
<U id="223" f="4" l="38" c="8" d="122" a="0"/>
<U id="224" f="8" l="48" c="7" d="122" a="0"/>
<U id="225" f="8" l="67" c="7" d="122" a="0"/>
<U id="226" f="1" l="49" c="8" d="70" a="0"/>
<U id="227" f="8" l="58" c="7" d="115" a="0"/>
<U id="228" f="8" l="86" c="7" d="122" a="0"/>
<U id="229" f="4" l="95" c="8" d="115" a="0"/>
<U id="230" f="4" l="77" c="8" d="66" a="0"/>
<U id="231" f="8" l="96" c="7" d="115" a="0"/>
<U id="232" f="4" l="68" c="8" d="86" a="0"/>
<U id="233" f="4" l="59" c="8" d="64" a="0"/>
<U id="234" f="4" l="98" c="8" d="122" a="0"/>
<U id="235" f="11" l="11592" c="9" d="55" a="0"/>
<U id="236" f="4" l="110" c="2" d="118" a="0"/>
<U id="237" f="3" l="140" c="3" d="113" a="0"/>
<U id="238" f="4" l="116" c="2" d="118" a="0"/>
<U id="239" f="5" l="101" c="6" d="86" a="0"/>
<U id="240" f="8" l="31" c="69" d="122" a="0"/>
<U id="241" f="5" l="111" c="6" d="86" a="0"/>
<U id="242" f="4" l="117" c="2" d="118" a="0"/>
<U id="243" f="5" l="64" c="21" d="50" a="0"/>
<U id="244" f="1" l="84" c="39" d="105" a="0"/>
<U id="245" f="8" l="50" c="69" d="122" a="0"/>
<U id="246" f="5" l="91" c="49" d="162" a="0"/>
<U id="247" f="8" l="32" c="69" d="122" a="0"/>
<U id="248" f="5" l="121" c="6" d="88" a="0"/>
<U id="249" f="8" l="60" c="69" d="122" a="0"/>
<U id="250" f="8" l="51" c="69" d="115" a="0"/>
<U id="251" f="4" l="109" c="2" d="118" a="0"/>
<U id="252" f="5" l="131" c="6" d="71" a="0"/>
<U id="253" f="8" l="61" c="69" d="122" a="0"/>
<U id="254" f="4" l="101" c="8" d="136" a="0"/>
<U id="255" f="3" l="136" c="3" d="122" a="0"/>
<U id="256" f="5" l="59" c="20" d="50" a="0"/>
<U id="257" f="5" l="141" c="6" d="63" a="0"/>
<U id="258" f="8" l="121" c="7" d="115" a="0"/>
<U id="259" f="3" l="137" c="3" d="122" a="0"/>
<U id="260" f="4" l="220" c="8" d="244" a="0"/>
<U id="261" f="4" l="130" c="8" d="71" a="0"/>
<U id="262" f="4" l="211" c="8" d="122" a="0"/>
<U id="263" f="4" l="121" c="8" d="64" a="0"/>
<U id="264" f="4" l="202" c="8" d="122" a="0"/>
<U id="265" f="8" l="45" c="69" d="122" a="0"/>
<U id="266" f="8" l="36" c="69" d="122" a="0"/>
<U id="267" f="8" l="43" c="52" d="122" a="0"/>
<U id="268" f="3" l="138" c="3" d="113" a="0"/>
<U id="269" f="8" l="113" c="7" d="115" a="0"/>
<U id="270" f="5" l="106" c="6" d="73" a="0"/>
<U id="271" f="8" l="55" c="69" d="122" a="0"/>
<U id="272" f="8" l="46" c="69" d="122" a="0"/>
<U id="273" f="8" l="53" c="52" d="115" a="0"/>
<U id="274" f="8" l="81" c="61" d="122" a="0"/>
<U id="275" f="5" l="96" c="40" d="118" a="0"/>
<U id="276" f="8" l="37" c="69" d="122" a="0"/>
<U id="277" f="4" l="104" c="8" d="113" a="0"/>
<U id="278" f="3" l="132" c="8" d="113" a="0"/>
<U id="279" f="3" l="139" c="3" d="113" a="0"/>
<U id="280" f="5" l="116" c="6" d="73" a="0"/>
<U id="281" f="8" l="56" c="69" d="115" a="0"/>
<U id="282" f="8" l="91" c="61" d="115" a="0"/>
<U id="283" f="5" l="97" c="49" d="118" a="0"/>
<U id="284" f="8" l="105" c="7" d="122" a="0"/>
<U id="285" f="4" l="250" c="8" d="148" a="0"/>
<U id="286" f="4" l="160" c="8" d="163" a="0"/>
<U id="287" f="4" l="241" c="8" d="301" a="0"/>
<U id="288" f="4" l="151" c="8" d="63" a="0"/>
<U id="289" f="4" l="232" c="8" d="271" a="0"/>
<U id="290" f="5" l="94" c="42" d="118" a="0"/>
<U id="291" f="5" l="126" c="6" d="64" a="0"/>
<U id="292" f="8" l="141" c="8" d="122" a="0"/>
<U id="293" f="4" l="142" c="8" d="86" a="0"/>
<U id="294" f="4" l="223" c="8" d="274" a="0"/>
<U id="295" f="4" l="133" c="8" d="86" a="0"/>
<U id="296" f="4" l="214" c="8" d="245" a="0"/>
<U id="297" f="4" l="124" c="8" d="64" a="0"/>
<U id="298" f="4" l="205" c="8" d="122" a="0"/>
<U id="299" f="5" l="136" c="6" d="64" a="0"/>
<U id="300" f="5" l="90" c="45" d="118" a="0"/>
<U id="301" f="8" l="30" c="75" d="122" a="0"/>
<U id="302" f="5" l="95" c="52" d="118" a="0"/>
<U id="303" f="8" l="48" c="52" d="115" a="0"/>
<U id="304" f="4" l="190" c="8" d="122" a="0"/>
<U id="305" f="4" l="271" c="8" d="182" a="0"/>
<U id="306" f="4" l="181" c="8" d="129" a="0"/>
<U id="307" f="4" l="262" c="8" d="219" a="0"/>
<U id="308" f="4" l="172" c="8" d="139" a="0"/>
<U id="309" f="4" l="253" c="8" d="176" a="0"/>
<U id="310" f="8" l="34" c="46" d="122" a="0"/>
<U id="311" f="8" l="58" c="52" d="122" a="0"/>
<U id="312" f="8" l="86" c="61" d="115" a="0"/>
<U id="313" f="7" l="650" c="8" d="118" a="0"/>
<U id="314" f="4" l="163" c="8" d="189" a="0"/>
<U id="315" f="4" l="244" c="8" d="301" a="0"/>
<U id="316" f="4" l="154" c="8" d="63" a="0"/>
<U id="317" f="4" l="235" c="8" d="271" a="0"/>
<U id="318" f="4" l="145" c="8" d="63" a="0"/>
<U id="319" f="4" l="226" c="8" d="191" a="0"/>
<U id="320" f="8" l="72" c="55" d="122" a="0"/>
<U id="321" f="8" l="96" c="61" d="122" a="0"/>
<U id="322" f="4" l="136" c="8" d="86" a="0"/>
<U id="323" f="4" l="217" c="8" d="244" a="0"/>
<U id="324" f="5" l="93" c="45" d="118" a="0"/>
<U id="325" f="4" l="127" c="8" d="71" a="0"/>
<U id="326" f="4" l="208" c="8" d="122" a="0"/>
<U id="327" f="7" l="651" c="8" d="118" a="0"/>
<U id="328" f="7" l="661" c="8" d="252" a="1"/>
<U id="329" f="7" l="652" c="8" d="118" a="0"/>
<U id="330" f="8" l="129" c="7" d="122" a="0"/>
<U id="331" f="4" l="193" c="8" d="122" a="0"/>
<U id="332" f="4" l="274" c="8" d="192" a="0"/>
<U id="333" f="4" l="184" c="8" d="115" a="0"/>
<U id="334" f="4" l="265" c="8" d="145" a="0"/>
<U id="335" f="8" l="44" c="75" d="122" a="0"/>
<U id="336" f="8" l="157" c="7" d="115" a="0"/>
<U id="337" f="4" l="175" c="8" d="115" a="0"/>
<U id="338" f="4" l="256" c="8" d="219" a="0"/>
<U id="339" f="5" l="92" c="38" d="118" a="0"/>
<U id="340" f="8" l="35" c="75" d="115" a="0"/>
<U id="341" f="8" l="165" c="8" d="115" a="0"/>
<U id="342" f="7" l="653" c="8" d="118" a="0"/>
<U id="343" f="4" l="166" c="8" d="130" a="0"/>
<U id="344" f="4" l="247" c="8" d="148" a="0"/>
<U id="345" f="4" l="157" c="8" d="63" a="0"/>
<U id="346" f="4" l="238" c="8" d="271" a="0"/>
<U id="347" f="8" l="29" c="46" d="122" a="0"/>
<U id="348" f="8" l="54" c="75" d="115" a="0"/>
<U id="349" f="8" l="82" c="84" d="122" a="0"/>
<U id="350" f="4" l="148" c="8" d="63" a="0"/>
<U id="351" f="4" l="229" c="8" d="241" a="0"/>
<U id="352" f="8" l="73" c="84" d="115" a="0"/>
<U id="353" f="4" l="139" c="8" d="86" a="0"/>
<U id="354" f="7" l="663" c="8" d="260" a="1"/>
<U id="355" f="8" l="67" c="55" d="122" a="0"/>
<U id="356" f="8" l="92" c="84" d="115" a="0"/>
<U id="357" f="8" l="149" c="7" d="122" a="0"/>
<U id="358" f="5" l="98" c="45" d="118" a="0"/>
<U id="359" f="7" l="664" c="8" d="267" a="1"/>
<U id="360" f="4" l="196" c="8" d="122" a="0"/>
<U id="361" f="4" l="277" c="8" d="192" a="0"/>
<U id="362" f="5" l="99" c="45" d="118" a="0"/>
<U id="363" f="8" l="70" c="78" d="122" a="0"/>
<U id="364" f="4" l="187" c="8" d="115" a="0"/>
<U id="365" f="4" l="268" c="8" d="155" a="0"/>
<U id="366" f="4" l="178" c="8" d="129" a="0"/>
<U id="367" f="4" l="259" c="8" d="219" a="0"/>
<U id="368" f="7" l="656" c="8" d="282" a="1"/>
<U id="369" f="4" l="169" c="8" d="210" a="0"/>
<U id="370" f="8" l="49" c="75" d="122" a="0"/>
<U id="371" f="8" l="68" c="84" d="122" a="0"/>
<U id="372" f="7" l="657" c="8" d="305" a="1"/>
<U id="373" f="7" l="648" c="8" d="129" a="0"/>
<U id="374" f="8" l="59" c="75" d="115" a="0"/>
<U id="375" f="8" l="87" c="84" d="122" a="0"/>
<U id="376" f="5" l="89" c="47" d="118" a="0"/>
<U id="377" f="8" l="97" c="84" d="115" a="0"/>
<U id="378" f="7" l="658" c="8" d="233" a="1"/>
<U id="379" f="7" l="649" c="8" d="113" a="0"/>
<U id="380" f="4" l="199" c="8" d="122" a="0"/>
<U id="381" f="8" l="83" c="78" d="122" a="0"/>
<U id="382" f="8" l="74" c="78" d="122" a="0"/>
<U id="383" f="7" l="659" c="8" d="299" a="1"/>
<U id="384" f="8" l="93" c="78" d="122" a="0"/>
<U id="385" f="5" l="99" c="66" d="122" a="0"/>
<U id="386" f="8" l="84" c="78" d="122" a="0"/>
<U id="387" f="8" l="75" c="78" d="122" a="0"/>
<U id="388" f="8" l="94" c="78" d="115" a="0"/>
<U id="389" f="8" l="69" c="78" d="122" a="0"/>
<U id="390" f="8" l="88" c="78" d="122" a="0"/>
<U id="391" f="8" l="98" c="78" d="122" a="0"/>
<U id="392" f="8" l="89" c="78" d="115" a="0"/>
<U id="393" f="8" l="99" c="78" d="122" a="0"/>
<U id="394" f="7" l="210" c="9" d="136" a="0"/>
<U id="395" f="7" l="400" c="9" d="115" a="0"/>
<U id="396" f="9" l="220" c="10" d="122" a="0"/>
<U id="397" f="9" l="303" c="9" d="118" a="0"/>
<U id="398" f="7" l="322" c="9" d="122" a="0"/>
<U id="399" f="7" l="602" c="9" d="118" a="0"/>
<U id="400" f="9" l="204" c="9" d="129" a="0"/>
<U id="401" f="9" l="331" c="9" d="118" a="0"/>
<U id="402" f="7" l="223" c="9" d="118" a="0"/>
<U id="403" f="9" l="232" c="9" d="136" a="0"/>
<U id="404" f="7" l="170" c="9" d="118" a="0"/>
<U id="405" f="7" l="413" c="9" d="122" a="0"/>
<U id="406" f="7" l="210" c="30" d="129" a="0"/>
<U id="407" f="7" l="522" c="9" d="129" a="0"/>
<U id="408" f="7" l="550" c="9" d="118" a="0"/>
<U id="409" f="7" l="200" c="40" d="122" a="0"/>
<U id="410" f="9" l="261" c="9" d="129" a="0"/>
<U id="411" f="7" l="361" c="9" d="118" a="0"/>
<U id="412" f="7" l="271" c="9" d="110" a="0"/>
<U id="413" f="9" l="190" c="9" d="115" a="0"/>
<U id="414" f="7" l="200" c="59" d="324" a="0"/>
<U id="415" f="7" l="452" c="9" d="118" a="0"/>
<U id="416" f="7" l="614" c="9" d="118" a="0"/>
<U id="417" f="7" l="235" c="9" d="110" a="0"/>
<U id="418" f="7" l="480" c="9" d="113" a="0"/>
<U id="419" f="9" l="305" c="10" d="118" a="0"/>
<U id="420" f="7" l="312" c="30" d="194" a="0"/>
<U id="421" f="7" l="335" c="9" d="129" a="0"/>
<U id="422" f="7" l="200" c="14" d="324" a="0"/>
<U id="423" f="9" l="333" c="10" d="118" a="0"/>
<U id="424" f="9" l="234" c="10" d="136" a="0"/>
<U id="425" f="7" l="403" c="30" d="117" a="0"/>
<U id="426" f="7" l="426" c="9" d="129" a="0"/>
<U id="427" f="9" l="317" c="9" d="118" a="0"/>
<U id="428" f="9" l="305" c="29" d="205" a="0"/>
<U id="429" f="7" l="590" c="9" d="118" a="0"/>
<U id="430" f="7" l="512" c="30" d="295" a="0"/>
<U id="431" f="9" l="305" c="20" d="118" a="0"/>
<U id="432" f="9" l="218" c="9" d="122" a="0"/>
<U id="433" f="9" l="345" c="9" d="118" a="0"/>
<U id="434" f="7" l="200" c="33" d="324" a="0"/>
<U id="435" f="7" l="512" c="21" d="295" a="0"/>
<U id="436" f="9" l="333" c="29" d="214" a="0"/>
<U id="437" f="7" l="283" c="9" d="110" a="0"/>
<U id="438" f="7" l="200" c="24" d="122" a="0"/>
<U id="439" f="7" l="540" c="30" d="337" a="0"/>
<U id="440" f="9" l="333" c="20" d="118" a="0"/>
<U id="441" f="7" l="309" c="9" d="115" a="0"/>
<U id="442" f="9" l="303" c="49" d="118" a="0"/>
<U id="443" f="7" l="213" c="40" d="136" a="0"/>
<U id="444" f="7" l="312" c="22" d="281" a="0"/>
<U id="445" f="7" l="540" c="21" d="337" a="0"/>
<U id="446" f="9" l="234" c="29" d="218" a="0"/>
<U id="447" f="7" l="184" c="9" d="113" a="0"/>
<U id="448" f="7" l="508" c="9" d="122" a="0"/>
<U id="449" f="9" l="263" c="10" d="129" a="0"/>
<U id="450" f="7" l="626" c="9" d="118" a="0"/>
<U id="451" f="9" l="331" c="49" d="118" a="0"/>
<U id="452" f="7" l="351" c="30" d="232" a="0"/>
<U id="453" f="7" l="247" c="9" d="110" a="0"/>
<U id="454" f="7" l="374" c="9" d="110" a="0"/>
<U id="455" f="7" l="536" c="9" d="136" a="0"/>
<U id="456" f="9" l="291" c="10" d="136" a="0"/>
<U id="457" f="7" l="403" c="22" d="292" a="0"/>
<U id="458" f="7" l="512" c="40" d="198" a="0"/>
<U id="459" f="7" l="223" c="31" d="118" a="0"/>
<U id="460" f="7" l="400" c="24" d="115" a="0"/>
<U id="461" f="9" l="247" c="9" d="115" a="0"/>
<U id="462" f="7" l="213" c="59" d="207" a="0"/>
<U id="463" f="7" l="442" c="30" d="243" a="0"/>
<U id="464" f="7" l="540" c="40" d="204" a="0"/>
<U id="465" f="9" l="275" c="9" d="122" a="0"/>
<U id="466" f="7" l="470" c="30" d="338" a="0"/>
<U id="467" f="7" l="604" c="12" d="85" a="0"/>
<U id="468" f="7" l="225" c="12" d="96" a="0"/>
<U id="469" f="7" l="312" c="14" d="194" a="0"/>
<U id="470" f="7" l="470" c="21" d="338" a="0"/>
<U id="471" f="9" l="291" c="29" d="319" a="0"/>
<U id="472" f="7" l="565" c="9" d="118" a="0"/>
<U id="473" f="7" l="325" c="30" d="138" a="0"/>
<U id="474" f="7" l="348" c="9" d="136" a="0"/>
<U id="475" f="9" l="261" c="49" d="118" a="0"/>
<U id="476" f="7" l="174" c="29" d="331" a="0"/>
<U id="477" f="7" l="213" c="14" d="207" a="0"/>
<U id="478" f="7" l="351" c="22" d="339" a="0"/>
<U id="479" f="7" l="466" c="9" d="110" a="0"/>
<U id="480" f="7" l="390" c="30" d="217" a="0"/>
<U id="481" f="7" l="403" c="14" d="117" a="0"/>
<U id="482" f="7" l="494" c="9" d="115" a="0"/>
<U id="483" f="7" l="416" c="30" d="149" a="0"/>
<U id="484" f="9" l="319" c="10" d="118" a="0"/>
<U id="485" f="7" l="184" c="29" d="110" a="0"/>
<U id="486" f="7" l="439" c="9" d="136" a="0"/>
<U id="487" f="7" l="442" c="22" d="306" a="0"/>
<U id="488" f="7" l="470" c="40" d="185" a="0"/>
<U id="489" f="7" l="512" c="14" d="198" a="0"/>
<U id="490" f="9" l="220" c="43" d="316" a="0"/>
<U id="491" f="9" l="206" c="13" d="209" a="0"/>
<U id="492" f="9" l="347" c="10" d="118" a="0"/>
<U id="493" f="7" l="259" c="9" d="110" a="0"/>
<U id="494" f="7" l="213" c="33" d="207" a="0"/>
<U id="495" f="7" l="540" c="14" d="204" a="0"/>
<U id="496" f="7" l="580" c="12" d="103" a="0"/>
<U id="497" f="7" l="296" c="9" d="113" a="0"/>
<U id="498" f="7" l="213" c="24" d="136" a="0"/>
<U id="499" f="7" l="325" c="22" d="309" a="0"/>
<U id="500" f="7" l="197" c="9" d="122" a="0"/>
<U id="501" f="7" l="322" c="24" d="122" a="0"/>
<U id="502" f="7" l="351" c="14" d="232" a="0"/>
<U id="503" f="9" l="319" c="29" d="266" a="0"/>
<U id="504" f="7" l="261" c="14" d="308" a="0"/>
<U id="505" f="7" l="364" c="30" d="195" a="0"/>
<U id="506" f="7" l="526" c="30" d="321" a="0"/>
<U id="507" f="9" l="319" c="20" d="118" a="0"/>
<U id="508" f="7" l="387" c="9" d="113" a="0"/>
<U id="509" f="7" l="390" c="22" d="344" a="0"/>
<U id="510" f="7" l="526" c="21" d="321" a="0"/>
<U id="511" f="7" l="616" c="12" d="90" a="0"/>
<U id="512" f="7" l="700" c="25" d="25" a="0"/>
<U id="513" f="9" l="347" c="29" d="270" a="0"/>
<U id="514" f="7" l="416" c="22" d="310" a="0"/>
<U id="515" f="7" l="554" c="30" d="9" a="0"/>
<U id="516" f="9" l="249" c="10" d="115" a="0"/>
<U id="517" f="9" l="347" c="20" d="118" a="0"/>
<U id="518" f="7" l="413" c="24" d="122" a="0"/>
<U id="519" f="7" l="565" c="29" d="118" a="0"/>
<U id="520" f="9" l="317" c="49" d="118" a="0"/>
<U id="521" f="7" l="273" c="40" d="110" a="0"/>
<U id="522" f="7" l="442" c="14" d="243" a="0"/>
<U id="523" f="7" l="554" c="21" d="9" a="0"/>
<U id="524" f="8" l="142" c="79" d="122" a="0"/>
<U id="525" f="7" l="455" c="30" d="208" a="0"/>
<U id="526" f="9" l="220" c="26" d="118" a="0"/>
<U id="527" f="9" l="277" c="10" d="122" a="0"/>
<U id="528" f="7" l="522" c="24" d="129" a="0"/>
<U id="529" f="9" l="345" c="49" d="118" a="0"/>
<U id="530" f="7" l="470" c="14" d="185" a="0"/>
<U id="531" f="7" l="710" c="25" d="25" a="0"/>
<U id="532" f="7" l="701" c="25" d="29" a="0"/>
<U id="533" f="7" l="261" c="24" d="110" a="0"/>
<U id="534" f="7" l="325" c="14" d="138" a="0"/>
<U id="535" f="7" l="526" c="40" d="153" a="0"/>
<U id="536" f="7" l="480" c="23" d="113" a="0"/>
<U id="537" f="7" l="578" c="9" d="118" a="0"/>
<U id="538" f="7" l="602" c="25" d="118" a="0"/>
<U id="539" f="7" l="338" c="30" d="177" a="0"/>
<U id="540" f="9" l="192" c="13" d="248" a="0"/>
<U id="541" f="7" l="364" c="22" d="327" a="0"/>
<U id="542" f="7" l="554" c="40" d="187" a="0"/>
<U id="543" f="7" l="720" c="25" d="25" a="0"/>
<U id="544" f="9" l="289" c="9" d="136" a="0"/>
<U id="545" f="7" l="390" c="14" d="217" a="0"/>
<U id="546" f="7" l="592" c="12" d="99" a="0"/>
<U id="547" f="7" l="711" c="25" d="29" a="0"/>
<U id="548" f="8" l="171" c="79" d="122" a="0"/>
<U id="549" f="7" l="416" c="14" d="149" a="0"/>
<U id="550" f="7" l="484" c="30" d="322" a="0"/>
<U id="551" f="7" l="568" c="19" d="314" a="0"/>
<U id="552" f="7" l="661" c="23" d="233" a="0"/>
<U id="553" f="9" l="247" c="49" d="118" a="0"/>
<U id="554" f="7" l="429" c="30" d="184" a="0"/>
<U id="555" f="7" l="484" c="21" d="322" a="0"/>
<U id="556" f="7" l="663" c="31" d="252" a="0"/>
<U id="557" f="7" l="710" c="35" d="260" a="0"/>
<U id="558" f="7" l="455" c="22" d="330" a="0"/>
<U id="559" f="7" l="657" c="20" d="282" a="0"/>
<U id="560" f="7" l="730" c="25" d="25" a="0"/>
<U id="561" f="9" l="206" c="70" d="129" a="0"/>
<U id="562" f="9" l="220" c="18" d="136" a="0"/>
<U id="563" f="10" l="250" c="8" d="122" a="0"/>
<U id="564" f="8" l="144" c="79" d="122" a="0"/>
<U id="565" f="9" l="275" c="49" d="118" a="0"/>
<U id="566" f="7" l="273" c="14" d="263" a="0"/>
<U id="567" f="7" l="721" c="25" d="29" a="0"/>
<U id="568" f="7" l="550" c="25" d="118" a="0"/>
<U id="569" f="7" l="286" c="30" d="161" a="0"/>
<U id="570" f="7" l="174" c="14" d="197" a="0"/>
<U id="571" f="7" l="187" c="39" d="113" a="0"/>
<U id="572" f="7" l="171" c="89" d="118" a="0"/>
<U id="573" f="7" l="283" c="23" d="110" a="0"/>
<U id="574" f="7" l="338" c="22" d="326" a="0"/>
<U id="575" f="7" l="711" c="35" d="267" a="0"/>
<U id="576" f="7" l="740" c="25" d="25" a="0"/>
<U id="577" f="7" l="335" c="24" d="129" a="0"/>
<U id="578" f="7" l="361" c="25" d="118" a="0"/>
<U id="579" f="8" l="121" c="55" d="122" a="0"/>
<U id="580" f="7" l="237" c="14" d="237" a="0"/>
<U id="581" f="7" l="364" c="14" d="195" a="0"/>
<U id="582" f="7" l="484" c="40" d="141" a="0"/>
<U id="583" f="7" l="526" c="14" d="153" a="0"/>
<U id="584" f="7" l="731" c="25" d="29" a="0"/>
<U id="585" f="10" l="260" c="8" d="118" a="0"/>
<U id="586" f="10" l="341" c="8" d="26" a="1"/>
<U id="587" f="7" l="170" c="26" d="118" a="0"/>
<U id="588" f="7" l="377" c="30" d="166" a="0"/>
<U id="589" f="9" l="206" c="89" d="209" a="0"/>
<U id="590" f="9" l="220" c="37" d="268" a="0"/>
<U id="591" f="10" l="251" c="8" d="118" a="0"/>
<U id="592" f="7" l="554" c="14" d="187" a="0"/>
<U id="593" f="7" l="629" c="12" d="106" a="0"/>
<U id="594" f="7" l="730" c="35" d="267" a="0"/>
<U id="595" f="10" l="242" c="8" d="118" a="0"/>
<U id="596" f="7" l="197" c="30" d="115" a="0"/>
<U id="597" f="7" l="374" c="23" d="110" a="0"/>
<U id="598" f="7" l="429" c="22" d="329" a="0"/>
<U id="599" f="7" l="172" c="89" d="118" a="0"/>
<U id="600" f="7" l="426" c="24" d="129" a="0"/>
<U id="601" f="7" l="452" c="25" d="118" a="0"/>
<U id="602" f="8" l="110" c="84" d="122" a="0"/>
<U id="603" f="9" l="204" c="45" d="118" a="0"/>
<U id="604" f="7" l="455" c="14" d="208" a="0"/>
<U id="605" f="7" l="657" c="12" d="129" a="0"/>
<U id="606" f="7" l="741" c="25" d="29" a="0"/>
<U id="607" f="9" l="206" c="53" d="286" a="0"/>
<U id="608" f="9" l="305" c="35" d="283" a="0"/>
<U id="609" f="8" l="113" c="55" d="122" a="0"/>
<U id="610" f="9" l="232" c="45" d="118" a="0"/>
<U id="611" f="7" l="200" c="48" d="115" a="0"/>
<U id="612" f="7" l="286" c="22" d="332" a="0"/>
<U id="613" f="10" l="261" c="8" d="122" a="0"/>
<U id="614" f="10" l="342" c="8" d="26" a="1"/>
<U id="615" f="7" l="237" c="24" d="110" a="0"/>
<U id="616" f="7" l="658" c="30" d="305" a="0"/>
<U id="617" f="7" l="670" c="34" d="260" a="0"/>
<U id="618" f="7" l="731" c="35" d="260" a="0"/>
<U id="619" f="9" l="333" c="35" d="290" a="0"/>
<U id="620" f="10" l="252" c="8" d="122" a="0"/>
<U id="621" f="7" l="309" c="24" d="115" a="0"/>
<U id="622" f="7" l="312" c="37" d="281" a="0"/>
<U id="623" f="7" l="338" c="14" d="177" a="0"/>
<U id="624" f="7" l="658" c="21" d="118" a="0"/>
<U id="625" f="7" l="664" c="23" d="252" a="0"/>
<U id="626" f="7" l="670" c="25" d="25" a="0"/>
<U id="627" f="7" l="705" c="25" d="25" a="0"/>
<U id="628" f="9" l="263" c="34" d="303" a="0"/>
<U id="629" f="10" l="243" c="8" d="118" a="0"/>
<U id="630" f="7" l="508" c="24" d="122" a="0"/>
<U id="631" f="7" l="604" c="17" d="173" a="0"/>
<U id="632" f="9" l="192" c="61" d="307" a="0"/>
<U id="633" f="9" l="234" c="35" d="293" a="0"/>
<U id="634" f="7" l="377" c="22" d="335" a="0"/>
<U id="635" f="7" l="568" c="12" d="97" a="0"/>
<U id="636" f="7" l="700" c="74" d="260" a="0"/>
<U id="637" f="10" l="280" c="8" d="20" a="1"/>
<U id="638" f="7" l="536" c="24" d="136" a="0"/>
<U id="639" f="7" l="643" c="25" d="118" a="0"/>
<U id="640" f="8" l="147" c="79" d="122" a="0"/>
<U id="641" f="9" l="303" c="37" d="115" a="0"/>
<U id="642" f="7" l="484" c="14" d="141" a="0"/>
<U id="643" f="7" l="512" c="64" d="198" a="0"/>
<U id="644" f="7" l="466" c="23" d="110" a="0"/>
<U id="645" f="7" l="614" c="26" d="118" a="0"/>
<U id="646" f="8" l="105" c="55" d="122" a="0"/>
<U id="647" f="7" l="403" c="37" d="292" a="0"/>
<U id="648" f="7" l="429" c="14" d="184" a="0"/>
<U id="649" f="7" l="663" c="15" d="233" a="0"/>
<U id="650" f="7" l="671" c="34" d="267" a="0"/>
<U id="651" f="7" l="680" c="25" d="25" a="0"/>
<U id="652" f="7" l="715" c="25" d="25" a="0"/>
<U id="653" f="10" l="262" c="8" d="118" a="0"/>
<U id="654" f="10" l="343" c="8" d="26" a="1"/>
<U id="655" f="7" l="590" c="25" d="118" a="0"/>
<U id="656" f="9" l="331" c="37" d="122" a="0"/>
<U id="657" f="7" l="540" c="64" d="204" a="0"/>
<U id="658" f="7" l="656" c="32" d="233" a="0"/>
<U id="659" f="7" l="671" c="25" d="29" a="0"/>
<U id="660" f="7" l="706" c="25" d="29" a="0"/>
<U id="661" f="10" l="253" c="8" d="118" a="0"/>
<U id="662" f="8" l="166" c="79" d="122" a="0"/>
<U id="663" f="9" l="261" c="36" d="118" a="0"/>
<U id="664" f="7" l="249" c="14" d="285" a="0"/>
<U id="665" f="10" l="244" c="8" d="162" a="0"/>
<U id="666" f="7" l="187" c="32" d="280" a="0"/>
<U id="667" f="7" l="286" c="14" d="161" a="0"/>
<U id="668" f="7" l="690" c="34" d="267" a="0"/>
<U id="669" f="7" l="701" c="74" d="260" a="0"/>
<U id="670" f="9" l="206" c="36" d="118" a="0"/>
<U id="671" f="8" l="141" c="56" d="122" a="0"/>
<U id="672" f="7" l="299" c="30" d="200" a="0"/>
<U id="673" f="7" l="690" c="25" d="25" a="0"/>
<U id="674" f="7" l="725" c="25" d="25" a="0"/>
<U id="675" f="10" l="281" c="8" d="35" a="1"/>
<U id="676" f="8" l="131" c="84" d="122" a="0"/>
<U id="677" f="9" l="190" c="45" d="118" a="0"/>
<U id="678" f="7" l="187" c="14" d="280" a="0"/>
<U id="679" f="7" l="498" c="30" d="343" a="0"/>
<U id="680" f="7" l="681" c="25" d="29" a="0"/>
<U id="681" f="7" l="716" c="25" d="29" a="0"/>
<U id="682" f="7" l="296" c="23" d="113" a="0"/>
<U id="683" f="7" l="626" c="25" d="118" a="0"/>
<U id="684" f="7" l="225" c="18" d="127" a="0"/>
<U id="685" f="7" l="498" c="21" d="343" a="0"/>
<U id="686" f="7" l="580" c="17" d="302" a="0"/>
<U id="687" f="7" l="661" c="17" d="233" a="0"/>
<U id="688" f="7" l="720" c="74" d="260" a="0"/>
<U id="689" f="9" l="291" c="35" d="341" a="0"/>
<U id="690" f="10" l="263" c="8" d="115" a="0"/>
<U id="691" f="10" l="344" c="8" d="26" a="1"/>
<U id="692" f="7" l="348" c="24" d="136" a="0"/>
<U id="693" f="7" l="351" c="37" d="339" a="0"/>
<U id="694" f="7" l="377" c="14" d="166" a="0"/>
<U id="695" f="9" l="192" c="44" d="118" a="0"/>
<U id="696" f="9" l="234" c="18" d="118" a="0"/>
<U id="697" f="10" l="254" c="8" d="118" a="0"/>
<U id="698" f="9" l="289" c="49" d="118" a="0"/>
<U id="699" f="7" l="261" c="37" d="110" a="0"/>
<U id="700" f="7" l="512" c="56" d="333" a="0"/>
<U id="701" f="7" l="735" c="25" d="25" a="0"/>
<U id="702" f="10" l="245" c="8" d="118" a="0"/>
<U id="703" f="7" l="249" c="24" d="110" a="0"/>
<U id="704" f="7" l="512" c="47" d="333" a="0"/>
<U id="705" f="7" l="691" c="25" d="29" a="0"/>
<U id="706" f="7" l="726" c="25" d="29" a="0"/>
<U id="707" f="9" l="249" c="42" d="323" a="0"/>
<U id="708" f="7" l="284" c="80" d="110" a="0"/>
<U id="709" f="7" l="387" c="23" d="113" a="0"/>
<U id="710" f="7" l="494" c="24" d="115" a="0"/>
<U id="711" f="7" l="470" c="64" d="185" a="0"/>
<U id="712" f="7" l="540" c="56" d="334" a="0"/>
<U id="713" f="7" l="439" c="24" d="136" a="0"/>
<U id="714" f="8" l="123" c="84" d="122" a="0"/>
<U id="715" f="7" l="442" c="37" d="306" a="0"/>
<U id="716" f="7" l="540" c="47" d="334" a="0"/>
<U id="717" f="7" l="656" c="15" d="233" a="0"/>
<U id="718" f="7" l="721" c="74" d="260" a="0"/>
<U id="719" f="9" l="277" c="42" d="325" a="0"/>
<U id="720" f="8" l="168" c="79" d="122" a="0"/>
<U id="721" f="7" l="187" c="24" d="113" a="0"/>
<U id="722" f="7" l="498" c="40" d="239" a="0"/>
<U id="723" f="9" l="206" c="28" d="129" a="0"/>
<U id="724" f="10" l="264" c="8" d="118" a="0"/>
<U id="725" f="7" l="271" c="28" d="118" a="0"/>
<U id="726" f="8" l="151" c="84" d="122" a="0"/>
<U id="727" f="7" l="213" c="48" d="129" a="0"/>
<U id="728" f="7" l="299" c="22" d="342" a="0"/>
<U id="729" f="7" l="658" c="14" d="233" a="0"/>
<U id="730" f="7" l="736" c="25" d="29" a="0"/>
<U id="731" f="10" l="255" c="8" d="118" a="0"/>
<U id="732" f="7" l="375" c="80" d="110" a="0"/>
<U id="733" f="7" l="740" c="74" d="260" a="0"/>
<U id="734" f="9" l="263" c="18" d="118" a="0"/>
<U id="735" f="10" l="246" c="8" d="118" a="0"/>
<U id="736" f="8" l="133" c="84" d="115" a="0"/>
<U id="737" f="7" l="174" c="45" d="331" a="0"/>
<U id="738" f="7" l="273" c="27" d="110" a="0"/>
<U id="739" f="7" l="325" c="37" d="309" a="0"/>
<U id="740" f="9" l="218" c="45" d="118" a="0"/>
<U id="741" f="7" l="691" c="35" d="260" a="0"/>
<U id="742" f="9" l="192" c="36" d="129" a="0"/>
<U id="743" f="9" l="291" c="18" d="118" a="0"/>
<U id="744" f="7" l="235" c="28" d="110" a="0"/>
<U id="745" f="8" l="115" c="84" d="122" a="0"/>
<U id="746" f="8" l="161" c="84" d="115" a="0"/>
<U id="747" f="7" l="746" c="25" d="25" a="0"/>
<U id="748" f="9" l="319" c="35" d="315" a="0"/>
<U id="749" f="7" l="390" c="37" d="344" a="0"/>
<U id="750" f="9" l="206" c="47" d="209" a="0"/>
<U id="751" f="10" l="265" c="8" d="122" a="0"/>
<U id="752" f="7" l="416" c="37" d="310" a="0"/>
<U id="753" f="7" l="470" c="56" d="336" a="0"/>
<U id="754" f="7" l="616" c="18" d="235" a="0"/>
<U id="755" f="7" l="656" c="89" d="233" a="0"/>
<U id="756" f="7" l="680" c="73" d="260" a="0"/>
<U id="757" f="7" l="741" c="74" d="260" a="0"/>
<U id="758" f="9" l="347" c="35" d="317" a="0"/>
<U id="759" f="10" l="256" c="8" d="110" a="0"/>
<U id="760" f="8" l="134" c="84" d="122" a="0"/>
<U id="761" f="7" l="470" c="47" d="336" a="0"/>
<U id="762" f="7" l="592" c="17" d="238" a="0"/>
<U id="763" f="7" l="706" c="73" d="260" a="0"/>
<U id="764" f="10" l="247" c="8" d="118" a="0"/>
<U id="765" f="8" l="125" c="84" d="115" a="0"/>
<U id="766" f="7" l="629" c="25" d="21" a="0"/>
<U id="767" f="7" l="675" c="25" d="25" a="0"/>
<U id="768" f="9" l="263" c="28" d="240" a="0"/>
<U id="769" f="8" l="111" c="78" d="122" a="0"/>
<U id="770" f="8" l="162" c="84" d="115" a="0"/>
<U id="771" f="7" l="299" c="14" d="200" a="0"/>
<U id="772" f="7" l="747" c="25" d="29" a="0"/>
<U id="773" f="9" l="192" c="55" d="248" a="0"/>
<U id="774" f="8" l="107" c="84" d="122" a="0"/>
<U id="775" f="8" l="153" c="84" d="115" a="0"/>
<U id="776" f="9" l="204" c="58" d="118" a="0"/>
<U id="777" f="9" l="317" c="37" d="129" a="0"/>
<U id="778" f="7" l="498" c="14" d="239" a="0"/>
<U id="779" f="7" l="526" c="64" d="153" a="0"/>
<U id="780" f="7" l="705" c="74" d="260" a="0"/>
<U id="781" f="7" l="725" c="73" d="260" a="0"/>
<U id="782" f="8" l="170" c="85" d="115" a="0"/>
<U id="783" f="9" l="247" c="36" d="118" a="0"/>
<U id="784" f="7" l="716" c="73" d="260" a="0"/>
<U id="785" f="10" l="266" c="8" d="118" a="0"/>
<U id="786" f="8" l="130" c="78" d="115" a="0"/>
<U id="787" f="9" l="232" c="58" d="118" a="0"/>
<U id="788" f="9" l="345" c="37" d="136" a="0"/>
<U id="789" f="7" l="554" c="64" d="187" a="0"/>
<U id="790" f="7" l="685" c="25" d="25" a="0"/>
<U id="791" f="9" l="192" c="28" d="115" a="0"/>
<U id="792" f="10" l="257" c="8" d="122" a="0"/>
<U id="793" f="8" l="126" c="84" d="115" a="0"/>
<U id="794" f="9" l="275" c="36" d="118" a="0"/>
<U id="795" f="7" l="237" c="37" d="110" a="0"/>
<U id="796" f="7" l="364" c="37" d="327" a="0"/>
<U id="797" f="7" l="676" c="25" d="29" a="0"/>
<U id="798" f="10" l="248" c="8" d="118" a="0"/>
<U id="799" f="8" l="117" c="84" d="122" a="0"/>
<U id="800" f="8" l="143" c="85" d="122" a="0"/>
<U id="801" f="7" l="715" c="74" d="260" a="0"/>
<U id="802" f="7" l="735" c="73" d="260" a="0"/>
<U id="803" f="9" l="249" c="26" d="118" a="0"/>
<U id="804" f="8" l="129" c="55" d="122" a="0"/>
<U id="805" f="8" l="154" c="84" d="122" a="0"/>
<U id="806" f="7" l="297" c="80" d="113" a="0"/>
<U id="807" f="7" l="310" c="88" d="115" a="0"/>
<U id="808" f="7" l="695" c="25" d="25" a="0"/>
<U id="809" f="9" l="277" c="26" d="118" a="0"/>
<U id="810" f="8" l="157" c="55" d="122" a="0"/>
<U id="811" f="7" l="455" c="37" d="330" a="0"/>
<U id="812" f="7" l="686" c="25" d="29" a="0"/>
<U id="813" f="7" l="247" c="28" d="115" a="0"/>
<U id="814" f="8" l="122" c="78" d="115" a="0"/>
<U id="815" f="10" l="258" c="8" d="122" a="0"/>
<U id="816" f="8" l="118" c="84" d="115" a="0"/>
<U id="817" f="8" l="165" c="56" d="122" a="0"/>
<U id="818" f="7" l="174" c="38" d="328" a="0"/>
<U id="819" f="7" l="526" c="56" d="313" a="0"/>
<U id="820" f="7" l="659" c="34" d="305" a="0"/>
<U id="821" f="7" l="681" c="74" d="260" a="0"/>
<U id="822" f="10" l="249" c="8" d="118" a="0"/>
<U id="823" f="7" l="388" c="80" d="113" a="0"/>
<U id="824" f="7" l="401" c="88" d="115" a="0"/>
<U id="825" f="7" l="578" c="25" d="118" a="0"/>
<U id="826" f="8" l="109" c="84" d="122" a="0"/>
<U id="827" f="8" l="150" c="78" d="115" a="0"/>
<U id="828" f="7" l="526" c="47" d="313" a="0"/>
<U id="829" f="7" l="338" c="37" d="326" a="0"/>
<U id="830" f="7" l="484" c="64" d="141" a="0"/>
<U id="831" f="7" l="554" c="56" d="6" a="0"/>
<U id="832" f="7" l="696" c="25" d="29" a="0"/>
<U id="833" f="9" l="249" c="36" d="289" a="0"/>
<U id="834" f="7" l="510" c="88" d="122" a="0"/>
<U id="835" f="8" l="132" c="78" d="122" a="0"/>
<U id="836" f="7" l="554" c="47" d="6" a="0"/>
<U id="837" f="8" l="149" c="55" d="122" a="0"/>
<U id="838" f="9" l="190" c="58" d="118" a="0"/>
<U id="839" f="7" l="667" c="17" d="299" a="0"/>
<U id="840" f="7" l="685" c="72" d="260" a="0"/>
<U id="841" f="7" l="726" c="74" d="260" a="0"/>
<U id="842" f="9" l="249" c="18" d="129" a="0"/>
<U id="843" f="9" l="277" c="36" d="294" a="0"/>
<U id="844" f="8" l="114" c="78" d="122" a="0"/>
<U id="845" f="8" l="145" c="85" d="122" a="0"/>
<U id="846" f="8" l="160" c="78" d="122" a="0"/>
<U id="847" f="7" l="568" c="26" d="32" a="0"/>
<U id="848" f="9" l="206" c="95" d="286" a="0"/>
<U id="849" f="10" l="259" c="8" d="115" a="0"/>
<U id="850" f="7" l="429" c="37" d="329" a="0"/>
<U id="851" f="7" l="629" c="18" d="251" a="0"/>
<U id="852" f="9" l="277" c="18" d="136" a="0"/>
<U id="853" f="7" l="249" c="37" d="110" a="0"/>
<U id="854" f="7" l="675" c="73" d="260" a="0"/>
<U id="855" f="7" l="736" c="74" d="260" a="0"/>
<U id="856" f="8" l="124" c="78" d="122" a="0"/>
<U id="857" f="7" l="286" c="37" d="332" a="0"/>
<U id="858" f="7" l="659" c="26" d="136" a="0"/>
<U id="859" f="7" l="747" c="73" d="260" a="0"/>
<U id="860" f="8" l="146" c="85" d="122" a="0"/>
<U id="861" f="7" l="187" c="46" d="110" a="0"/>
<U id="862" f="7" l="659" c="17" d="113" a="0"/>
<U id="863" f="9" l="192" c="94" d="118" a="0"/>
<U id="864" f="8" l="106" c="78" d="122" a="0"/>
<U id="865" f="8" l="152" c="78" d="122" a="0"/>
<U id="866" f="7" l="484" c="56" d="318" a="0"/>
<U id="867" f="7" l="440" c="88" d="136" a="0"/>
<U id="868" f="7" l="484" c="47" d="318" a="0"/>
<U id="869" f="7" l="746" c="74" d="260" a="0"/>
<U id="870" f="7" l="259" c="28" d="129" a="0"/>
<U id="871" f="7" l="377" c="37" d="335" a="0"/>
<U id="872" f="7" l="676" c="73" d="260" a="0"/>
<U id="873" f="7" l="551" c="96" d="118" a="0"/>
<U id="874" f="8" l="116" c="78" d="122" a="0"/>
<U id="875" f="9" l="218" c="58" d="118" a="0"/>
<U id="876" f="9" l="206" c="78" d="118" a="0"/>
<U id="877" f="10" l="279" c="8" d="19" a="1"/>
<U id="878" f="7" l="323" c="88" d="122" a="0"/>
<U id="879" f="7" l="695" c="73" d="260" a="0"/>
<U id="880" f="7" l="187" c="56" d="280" a="0"/>
<U id="881" f="8" l="135" c="78" d="122" a="0"/>
<U id="882" f="9" l="289" c="36" d="118" a="0"/>
<U id="883" f="9" l="192" c="86" d="129" a="0"/>
<U id="884" f="7" l="414" c="88" d="122" a="0"/>
<U id="885" f="7" l="552" c="96" d="118" a="0"/>
<U id="886" f="8" l="163" c="78" d="122" a="0"/>
<U id="887" f="8" l="108" c="78" d="122" a="0"/>
<U id="888" f="8" l="159" c="84" d="122" a="0"/>
<U id="889" f="7" l="523" c="88" d="129" a="0"/>
<U id="890" f="8" l="167" c="85" d="122" a="0"/>
<U id="891" f="8" l="127" c="78" d="122" a="0"/>
<U id="892" f="7" l="686" c="74" d="260" a="0"/>
<U id="893" f="8" l="155" c="78" d="122" a="0"/>
<U id="894" f="7" l="498" c="64" d="239" a="0"/>
<U id="895" f="7" l="362" c="88" d="118" a="0"/>
<U id="896" f="7" l="524" c="88" d="129" a="0"/>
<U id="897" f="7" l="299" c="37" d="342" a="0"/>
<U id="898" f="9" l="192" c="78" d="115" a="0"/>
<U id="899" f="7" l="644" c="96" d="118" a="0"/>
<U id="900" f="7" l="696" c="74" d="260" a="0"/>
<U id="901" f="8" l="119" c="78" d="122" a="0"/>
<U id="902" f="7" l="453" c="88" d="118" a="0"/>
<U id="903" f="7" l="481" c="88" d="113" a="0"/>
<U id="904" f="8" l="169" c="85" d="122" a="0"/>
<U id="905" f="7" l="645" c="96" d="118" a="0"/>
<U id="906" f="7" l="336" c="88" d="129" a="0"/>
<U id="907" f="7" l="498" c="56" d="340" a="0"/>
<U id="908" f="7" l="627" c="96" d="118" a="0"/>
<U id="909" f="7" l="498" c="47" d="340" a="0"/>
<U id="910" f="7" l="482" c="88" d="113" a="0"/>
<U id="911" f="7" l="427" c="88" d="129" a="0"/>
<U id="912" f="8" l="158" c="78" d="115" a="0"/>
<U id="913" f="7" l="509" c="88" d="122" a="0"/>
<U id="914" f="7" l="566" c="96" d="118" a="0"/>
<U id="915" f="7" l="537" c="88" d="136" a="0"/>
<U id="916" f="7" l="538" c="88" d="136" a="0"/>
<U id="917" f="7" l="349" c="88" d="136" a="0"/>
<U id="918" f="7" l="467" c="88" d="110" a="0"/>
<U id="919" f="7" l="495" c="88" d="115" a="0"/>
<U id="920" f="7" l="468" c="88" d="110" a="0"/>
<U id="921" f="7" l="496" c="88" d="115" a="0"/>
</Uses>
<Blocks>
<B id="1" t="ppcrmif" f="10" l="346" c="8">
<BEGIN l="346" c="41"/>
<END l="348" c="8"/>
</B>
<B id="2" t="else" f="10" l="290" c="8">
<BEGIN l="291" c="8"/>
<END l="339" c="8"/>
</B>
<B id="3" t="if" f="10" l="284" c="8">
<BEGIN l="285" c="8"/>
<END l="287" c="8"/>
<ELSE d="2"/>
</B>
<B id="4" t="routine" f="10" l="236" c="5">
<BEGIN l="237" c="0"/>
<END l="355" c="0"/>
<SUB d="3"/>
</B>
<B id="5" t="ppcif" f="12" l="15" c="0">
<BEGIN l="15" c="27"/>
<END l="330" c="0"/>
</B>
<B id="6" t="ppcif" f="12" l="25" c="0">
<BEGIN l="25" c="19"/>
<END l="155" c="0"/>
</B>
<B id="7" t="ppcrmif" f="12" l="46" c="0">
<BEGIN l="46" c="93"/>
<END l="91" c="0"/>
</B>
<B id="8" t="ppcrmif" f="12" l="94" c="0">
<BEGIN l="94" c="91"/>
<END l="153" c="0"/>
</B>
<B id="9" t="ppcrmelse" f="12" l="155" c="0">
<BEGIN l="155" c="35"/>
<END l="328" c="0"/>
</B>
<B id="10" t="ppcif" f="13" l="11" c="0">
<BEGIN l="11" c="27"/>
<END l="36" c="0"/>
</B>
<B id="11" t="ppcrmif" f="13" l="14" c="0">
<BEGIN l="14" c="19"/>
<END l="29" c="0"/>
</B>
<B id="12" t="ppcelse" f="13" l="29" c="0">
<BEGIN l="29" c="5"/>
<END l="33" c="0"/>
</B>
<B id="13" t="ppcif" f="1" l="22" c="0">
<BEGIN l="22" c="17"/>
<END l="109" c="0"/>
</B>
<B id="14" t="ppcrmif" f="1" l="39" c="0">
<BEGIN l="39" c="66"/>
<END l="43" c="0"/>
</B>
<B id="15" t="ppcelse" f="1" l="43" c="0">
<BEGIN l="43" c="60"/>
<END l="47" c="0"/>
</B>
<B id="16" t="ppcrmif" f="1" l="52" c="0">
<BEGIN l="52" c="18"/>
<END l="58" c="0"/>
</B>
<B id="17" t="ppcrmif" f="1" l="62" c="0">
<BEGIN l="62" c="33"/>
<END l="80" c="0"/>
</B>
<B id="18" t="ppcelse" f="1" l="80" c="0">
<BEGIN l="80" c="31"/>
<END l="93" c="0"/>
</B>
<B id="19" t="ppcrmif" f="1" l="96" c="0">
<BEGIN l="96" c="14"/>
<END l="106" c="0"/>
</B>
<B id="20" t="ppcif" f="14" l="3" c="0">
<BEGIN l="3" c="29"/>
<END l="348" c="0"/>
</B>
<B id="21" t="ppcif" f="14" l="61" c="0">
<BEGIN l="63" c="27"/>
<END l="66" c="0"/>
</B>
<B id="22" t="ppcrmif" f="14" l="165" c="0">
<BEGIN l="165" c="17"/>
<END l="206" c="0"/>
</B>
<B id="23" t="ppcrmif" f="14" l="209" c="0">
<BEGIN l="209" c="37"/>
<END l="211" c="0"/>
</B>
<B id="24" t="ppcrmif" f="14" l="213" c="0">
<BEGIN l="213" c="44"/>
<END l="321" c="0"/>
</B>
<B id="25" t="ppcif" f="14" l="323" c="0">
<BEGIN l="323" c="18"/>
<END l="346" c="0"/>
</B>
<B id="26" t="ppcrmif" f="14" l="326" c="0">
<BEGIN l="326" c="18"/>
<END l="328" c="0"/>
</B>
<B id="27" t="ppcrmif" f="14" l="329" c="0">
<BEGIN l="329" c="63"/>
<END l="331" c="0"/>
</B>
<B id="28" t="ppcrmif" f="14" l="332" c="0">
<BEGIN l="332" c="64"/>
<END l="334" c="0"/>
</B>
<B id="29" t="ppcrmif" f="14" l="335" c="0">
<BEGIN l="335" c="16"/>
<END l="340" c="0"/>
</B>
<B id="30" t="ppcif" f="14" l="343" c="0">
<BEGIN l="343" c="57"/>
<END l="345" c="0"/>
</B>
<B id="31" t="type" f="5" l="48" c="7">
<BEGIN l="48" c="18"/>
<END l="54" c="0"/>
</B>
<B id="32" t="ppcif" f="5" l="24" c="0">
<BEGIN l="24" c="19"/>
<END l="307" c="0"/>
</B>
<B id="33" t="ppcrmif" f="5" l="27" c="0">
<BEGIN l="27" c="35"/>
<END l="29" c="0"/>
</B>
<B id="34" t="ppcrmif" f="5" l="33" c="0">
<BEGIN l="33" c="19"/>
<END l="36" c="0"/>
</B>
<B id="35" t="ppcif" f="5" l="100" c="0">
<BEGIN l="100" c="37"/>
<END l="102" c="0"/>
</B>
<B id="36" t="ppcrmelse" f="5" l="102" c="0">
<BEGIN l="102" c="6"/>
<END l="104" c="0"/>
</B>
<B id="37" t="ppcif" f="5" l="105" c="0">
<BEGIN l="105" c="37"/>
<END l="107" c="0"/>
</B>
<B id="38" t="ppcrmelse" f="5" l="107" c="0">
<BEGIN l="107" c="6"/>
<END l="109" c="0"/>
</B>
<B id="39" t="ppcif" f="5" l="110" c="0">
<BEGIN l="110" c="37"/>
<END l="112" c="0"/>
</B>
<B id="40" t="ppcrmelse" f="5" l="112" c="0">
<BEGIN l="112" c="6"/>
<END l="114" c="0"/>
</B>
<B id="41" t="ppcif" f="5" l="115" c="0">
<BEGIN l="115" c="37"/>
<END l="117" c="0"/>
</B>
<B id="42" t="ppcrmelse" f="5" l="117" c="0">
<BEGIN l="117" c="6"/>
<END l="119" c="0"/>
</B>
<B id="43" t="ppcif" f="5" l="120" c="0">
<BEGIN l="120" c="37"/>
<END l="122" c="0"/>
</B>
<B id="44" t="ppcrmelse" f="5" l="122" c="0">
<BEGIN l="122" c="6"/>
<END l="124" c="0"/>
</B>
<B id="45" t="ppcif" f="5" l="125" c="0">
<BEGIN l="125" c="37"/>
<END l="127" c="0"/>
</B>
<B id="46" t="ppcrmelse" f="5" l="127" c="0">
<BEGIN l="127" c="6"/>
<END l="129" c="0"/>
</B>
<B id="47" t="ppcif" f="5" l="130" c="0">
<BEGIN l="130" c="37"/>
<END l="132" c="0"/>
</B>
<B id="48" t="ppcrmelse" f="5" l="132" c="0">
<BEGIN l="132" c="6"/>
<END l="134" c="0"/>
</B>
<B id="49" t="ppcif" f="5" l="135" c="0">
<BEGIN l="135" c="37"/>
<END l="137" c="0"/>
</B>
<B id="50" t="ppcrmelse" f="5" l="137" c="0">
<BEGIN l="137" c="6"/>
<END l="139" c="0"/>
</B>
<B id="51" t="ppcif" f="5" l="140" c="0">
<BEGIN l="140" c="37"/>
<END l="142" c="0"/>
</B>
<B id="52" t="ppcrmelse" f="5" l="142" c="0">
<BEGIN l="142" c="6"/>
<END l="144" c="0"/>
</B>
<B id="53" t="ppcrmif" f="5" l="291" c="0">
<BEGIN l="291" c="19"/>
<END l="293" c="0"/>
</B>
<B id="54" t="ppcif" f="5" l="296" c="0">
<BEGIN l="296" c="26"/>
<END l="304" c="0"/>
</B>
<B id="55" t="ppcif" f="5" l="297" c="0">
<BEGIN l="297" c="25"/>
<END l="301" c="0"/>
</B>
<B id="56" t="ppcrmif" f="5" l="298" c="0">
<BEGIN l="298" c="37"/>
<END l="300" c="0"/>
</B>
<B id="57" t="ppcrmelse" f="5" l="301" c="0">
<BEGIN l="301" c="7"/>
<END l="303" c="0"/>
</B>
<B id="58" t="ppcif" f="15" l="24" c="0">
<BEGIN l="24" c="24"/>
<END l="97" c="0"/>
</B>
<B id="59" t="ppcrmif" f="15" l="27" c="0">
<BEGIN l="27" c="19"/>
<END l="30" c="0"/>
</B>
<B id="60" t="ppcrmif" f="15" l="81" c="0">
<BEGIN l="81" c="19"/>
<END l="83" c="0"/>
</B>
<B id="61" t="ppcif" f="15" l="86" c="0">
<BEGIN l="86" c="26"/>
<END l="94" c="0"/>
</B>
<B id="62" t="ppcif" f="15" l="87" c="0">
<BEGIN l="87" c="25"/>
<END l="91" c="0"/>
</B>
<B id="63" t="ppcrmif" f="15" l="88" c="0">
<BEGIN l="88" c="37"/>
<END l="90" c="0"/>
</B>
<B id="64" t="ppcrmelse" f="15" l="91" c="0">
<BEGIN l="91" c="7"/>
<END l="93" c="0"/>
</B>
<B id="65" t="type" f="4" l="108" c="0">
<BEGIN l="108" c="0"/>
<END l="111" c="0"/>
</B>
<B id="66" t="type" f="4" l="115" c="0">
<BEGIN l="115" c="0"/>
<END l="118" c="0"/>
</B>
<B id="67" t="ppcif" f="4" l="24" c="0">
<BEGIN l="24" c="19"/>
<END l="298" c="0"/>
</B>
<B id="68" t="ppcif" f="4" l="86" c="0">
<BEGIN l="86" c="38"/>
<END l="279" c="0"/>
</B>
<B id="69" t="ppcif" f="4" l="287" c="0">
<BEGIN l="287" c="26"/>
<END l="295" c="0"/>
</B>
<B id="70" t="ppcif" f="4" l="288" c="0">
<BEGIN l="288" c="25"/>
<END l="292" c="0"/>
</B>
<B id="71" t="ppcrmif" f="4" l="289" c="0">
<BEGIN l="289" c="37"/>
<END l="291" c="0"/>
</B>
<B id="72" t="ppcrmelse" f="4" l="292" c="0">
<BEGIN l="292" c="7"/>
<END l="294" c="0"/>
</B>
<B id="73" t="ppcif" f="16" l="25" c="0">
<BEGIN l="25" c="14"/>
<END l="95" c="0"/>
</B>
<B id="74" t="ppcrmif" f="16" l="41" c="0">
<BEGIN l="41" c="33"/>
<END l="43" c="0"/>
</B>
<B id="75" t="ppcrmif" f="16" l="45" c="0">
<BEGIN l="45" c="46"/>
<END l="47" c="0"/>
</B>
<B id="76" t="ppcrmif" f="16" l="49" c="0">
<BEGIN l="49" c="28"/>
<END l="51" c="0"/>
</B>
<B id="77" t="ppcif" f="16" l="84" c="0">
<BEGIN l="84" c="26"/>
<END l="92" c="0"/>
</B>
<B id="78" t="ppcrmif" f="16" l="85" c="0">
<BEGIN l="85" c="25"/>
<END l="89" c="0"/>
</B>
<B id="79" t="ppcelse" f="16" l="89" c="0">
<BEGIN l="89" c="7"/>
<END l="91" c="0"/>
</B>
<B id="80" t="type" f="3" l="135" c="0">
<BEGIN l="135" c="0"/>
<END l="141" c="0"/>
</B>
<B id="81" t="ppcif" f="3" l="56" c="0">
<BEGIN l="56" c="19"/>
<END l="154" c="0"/>
</B>
<B id="82" t="ppcif" f="3" l="122" c="0">
<BEGIN l="122" c="26"/>
<END l="126" c="0"/>
</B>
<B id="83" t="ppcif" f="2" l="45" c="0">
<BEGIN l="45" c="24"/>
<END l="146" c="0"/>
</B>
<B id="84" t="ppcif" f="2" l="84" c="0">
<BEGIN l="84" c="13"/>
<END l="86" c="0"/>
</B>
<B id="85" t="ppcif" f="2" l="88" c="0">
<BEGIN l="88" c="14"/>
<END l="90" c="0"/>
</B>
<B id="86" t="ppcrmif" f="2" l="124" c="0">
<BEGIN l="124" c="26"/>
<END l="130" c="0"/>
</B>
<B id="87" t="ppcelse" f="2" l="130" c="0">
<BEGIN l="130" c="6"/>
<END l="133" c="0"/>
</B>
<B id="88" t="ppcif" f="17" l="47" c="0">
<BEGIN l="47" c="18"/>
<END l="219" c="0"/>
</B>
<B id="89" t="ppcif" f="17" l="95" c="0">
<BEGIN l="95" c="17"/>
<END l="97" c="0"/>
</B>
<B id="90" t="ppcif" f="18" l="19" c="0">
<BEGIN l="19" c="22"/>
<END l="23" c="0"/>
</B>
<B id="91" t="ppcif" f="19" l="24" c="0">
<BEGIN l="24" c="31"/>
<END l="39" c="0"/>
</B>
<B id="92" t="ppcif" f="19" l="28" c="0">
<BEGIN l="28" c="26"/>
<END l="36" c="0"/>
</B>
<B id="93" t="ppcif" f="19" l="29" c="0">
<BEGIN l="29" c="25"/>
<END l="33" c="0"/>
</B>
<B id="94" t="ppcrmif" f="19" l="30" c="0">
<BEGIN l="30" c="37"/>
<END l="32" c="0"/>
</B>
<B id="95" t="ppcrmelse" f="19" l="33" c="0">
<BEGIN l="33" c="7"/>
<END l="35" c="0"/>
</B>
<B id="96" t="ppcif" f="20" l="19" c="0">
<BEGIN l="19" c="16"/>
<END l="24" c="0"/>
</B>
<B id="97" t="ppcif" f="21" l="53" c="0">
<BEGIN l="53" c="26"/>
<END l="57" c="0"/>
</B>
<B id="98" t="ppcrmif" f="21" l="67" c="0">
<BEGIN l="67" c="39"/>
<END l="71" c="0"/>
</B>
<B id="99" t="ppcrmif" f="21" l="81" c="0">
<BEGIN l="81" c="44"/>
<END l="85" c="0"/>
</B>
<B id="100" t="ppcrmif" f="21" l="95" c="0">
<BEGIN l="95" c="42"/>
<END l="99" c="0"/>
</B>
<B id="101" t="ppcrmif" f="21" l="109" c="0">
<BEGIN l="109" c="47"/>
<END l="113" c="0"/>
</B>
<B id="102" t="ppcif" f="21" l="125" c="0">
<BEGIN l="125" c="25"/>
<END l="129" c="0"/>
</B>
<B id="103" t="ppcrmif" f="21" l="139" c="0">
<BEGIN l="139" c="38"/>
<END l="143" c="0"/>
</B>
<B id="104" t="ppcrmif" f="21" l="153" c="0">
<BEGIN l="153" c="43"/>
<END l="157" c="0"/>
</B>
<B id="105" t="ppcrmif" f="21" l="167" c="0">
<BEGIN l="167" c="41"/>
<END l="171" c="0"/>
</B>
<B id="106" t="ppcrmif" f="21" l="181" c="0">
<BEGIN l="181" c="46"/>
<END l="185" c="0"/>
</B>
<B id="107" t="ppcif" f="21" l="201" c="0">
<BEGIN l="201" c="25"/>
<END l="209" c="0"/>
</B>
<B id="108" t="ppcif" f="21" l="202" c="0">
<BEGIN l="202" c="24"/>
<END l="206" c="0"/>
</B>
<B id="109" t="ppcrmif" f="21" l="203" c="0">
<BEGIN l="203" c="36"/>
<END l="205" c="0"/>
</B>
<B id="110" t="ppcrmelse" f="21" l="206" c="0">
<BEGIN l="206" c="6"/>
<END l="208" c="0"/>
</B>
<B id="111" t="ppcif" f="7" l="21" c="0">
<BEGIN l="21" c="18"/>
<END l="757" c="0"/>
</B>
<B id="112" t="routine" f="7" l="170" c="17">
<BEGIN l="173" c="0"/>
<END l="175" c="0"/>
</B>
<B id="113" t="routine" f="7" l="184" c="15">
<BEGIN l="185" c="0"/>
<END l="188" c="0"/>
</B>
<B id="114" t="routine" f="7" l="197" c="16">
<BEGIN l="198" c="0"/>
<END l="201" c="0"/>
</B>
<B id="115" t="else" f="7" l="213" c="40">
<BEGIN l="213" c="40"/>
<END l="213" c="63"/>
</B>
<B id="116" t="if" f="7" l="213" c="22">
<BEGIN l="213" c="24"/>
<END l="213" c="36"/>
<ELSE d="115"/>
</B>
<B id="117" t="routine" f="7" l="210" c="16">
<BEGIN l="211" c="0"/>
<END l="214" c="0"/>
<SUB d="116"/>
</B>
<B id="118" t="routine" f="7" l="223" c="17">
<BEGIN l="224" c="0"/>
<END l="226" c="0"/>
</B>
<B id="119" t="else" f="7" l="237" c="37">
<BEGIN l="237" c="37"/>
<END l="237" c="45"/>
</B>
<B id="120" t="if" f="7" l="237" c="22">
<BEGIN l="237" c="24"/>
<END l="237" c="32"/>
<ELSE d="119"/>
</B>
<B id="121" t="routine" f="7" l="235" c="15">
<BEGIN l="236" c="0"/>
<END l="238" c="0"/>
<SUB d="120"/>
</B>
<B id="122" t="else" f="7" l="249" c="37">
<BEGIN l="249" c="37"/>
<END l="249" c="45"/>
</B>
<B id="123" t="if" f="7" l="249" c="22">
<BEGIN l="249" c="24"/>
<END l="249" c="32"/>
<ELSE d="122"/>
</B>
<B id="124" t="routine" f="7" l="247" c="15">
<BEGIN l="248" c="0"/>
<END l="250" c="0"/>
<SUB d="123"/>
</B>
<B id="125" t="else" f="7" l="261" c="37">
<BEGIN l="261" c="37"/>
<END l="261" c="45"/>
</B>
<B id="126" t="if" f="7" l="261" c="22">
<BEGIN l="261" c="24"/>
<END l="261" c="32"/>
<ELSE d="125"/>
</B>
<B id="127" t="routine" f="7" l="259" c="15">
<BEGIN l="260" c="0"/>
<END l="262" c="0"/>
<SUB d="126"/>
</B>
<B id="128" t="else" f="7" l="273" c="40">
<BEGIN l="273" c="40"/>
<END l="273" c="48"/>
</B>
<B id="129" t="if" f="7" l="273" c="25">
<BEGIN l="273" c="27"/>
<END l="273" c="35"/>
<ELSE d="128"/>
</B>
<B id="130" t="routine" f="7" l="271" c="15">
<BEGIN l="272" c="0"/>
<END l="274" c="0"/>
<SUB d="129"/>
</B>
<B id="131" t="routine" f="7" l="283" c="15">
<BEGIN l="285" c="0"/>
<END l="287" c="0"/>
</B>
<B id="132" t="routine" f="7" l="296" c="15">
<BEGIN l="298" c="0"/>
<END l="300" c="0"/>
</B>
<B id="133" t="routine" f="7" l="309" c="16">
<BEGIN l="311" c="0"/>
<END l="313" c="0"/>
</B>
<B id="134" t="routine" f="7" l="322" c="16">
<BEGIN l="324" c="0"/>
<END l="326" c="0"/>
</B>
<B id="135" t="else" f="7" l="338" c="37">
<BEGIN l="338" c="37"/>
<END l="338" c="40"/>
</B>
<B id="136" t="if" f="7" l="338" c="28">
<BEGIN l="338" c="30"/>
<END l="338" c="33"/>
<ELSE d="135"/>
</B>
<B id="137" t="routine" f="7" l="335" c="16">
<BEGIN l="337" c="0"/>
<END l="339" c="0"/>
<SUB d="136"/>
</B>
<B id="138" t="else" f="7" l="351" c="37">
<BEGIN l="351" c="37"/>
<END l="351" c="40"/>
</B>
<B id="139" t="if" f="7" l="351" c="28">
<BEGIN l="351" c="30"/>
<END l="351" c="33"/>
<ELSE d="138"/>
</B>
<B id="140" t="routine" f="7" l="348" c="16">
<BEGIN l="350" c="0"/>
<END l="352" c="0"/>
<SUB d="139"/>
</B>
<B id="141" t="else" f="7" l="364" c="37">
<BEGIN l="364" c="37"/>
<END l="364" c="40"/>
</B>
<B id="142" t="if" f="7" l="364" c="28">
<BEGIN l="364" c="30"/>
<END l="364" c="33"/>
<ELSE d="141"/>
</B>
<B id="143" t="routine" f="7" l="361" c="17">
<BEGIN l="363" c="0"/>
<END l="365" c="0"/>
<SUB d="142"/>
</B>
<B id="144" t="routine" f="7" l="374" c="15">
<BEGIN l="376" c="0"/>
<END l="378" c="0"/>
</B>
<B id="145" t="routine" f="7" l="387" c="15">
<BEGIN l="389" c="0"/>
<END l="391" c="0"/>
</B>
<B id="146" t="routine" f="7" l="400" c="16">
<BEGIN l="402" c="0"/>
<END l="404" c="0"/>
</B>
<B id="147" t="routine" f="7" l="413" c="16">
<BEGIN l="415" c="0"/>
<END l="417" c="0"/>
</B>
<B id="148" t="else" f="7" l="429" c="37">
<BEGIN l="429" c="37"/>
<END l="429" c="40"/>
</B>
<B id="149" t="if" f="7" l="429" c="28">
<BEGIN l="429" c="30"/>
<END l="429" c="33"/>
<ELSE d="148"/>
</B>
<B id="150" t="routine" f="7" l="426" c="16">
<BEGIN l="428" c="0"/>
<END l="430" c="0"/>
<SUB d="149"/>
</B>
<B id="151" t="else" f="7" l="442" c="37">
<BEGIN l="442" c="37"/>
<END l="442" c="40"/>
</B>
<B id="152" t="if" f="7" l="442" c="28">
<BEGIN l="442" c="30"/>
<END l="442" c="33"/>
<ELSE d="151"/>
</B>
<B id="153" t="routine" f="7" l="439" c="16">
<BEGIN l="441" c="0"/>
<END l="443" c="0"/>
<SUB d="152"/>
</B>
<B id="154" t="else" f="7" l="455" c="37">
<BEGIN l="455" c="37"/>
<END l="455" c="40"/>
</B>
<B id="155" t="if" f="7" l="455" c="28">
<BEGIN l="455" c="30"/>
<END l="455" c="33"/>
<ELSE d="154"/>
</B>
<B id="156" t="routine" f="7" l="452" c="17">
<BEGIN l="454" c="0"/>
<END l="456" c="0"/>
<SUB d="155"/>
</B>
<B id="157" t="routine" f="7" l="466" c="15">
<BEGIN l="469" c="0"/>
<END l="471" c="0"/>
</B>
<B id="158" t="routine" f="7" l="480" c="15">
<BEGIN l="483" c="0"/>
<END l="485" c="0"/>
</B>
<B id="159" t="routine" f="7" l="494" c="16">
<BEGIN l="497" c="0"/>
<END l="499" c="0"/>
</B>
<B id="160" t="routine" f="7" l="508" c="16">
<BEGIN l="511" c="0"/>
<END l="513" c="0"/>
</B>
<B id="161" t="else" f="7" l="526" c="38">
<BEGIN l="526" c="38"/>
<END l="526" c="67"/>
</B>
<B id="162" t="if" f="7" l="526" c="28">
<BEGIN l="526" c="30"/>
<END l="526" c="34"/>
<ELSE d="161"/>
</B>
<B id="163" t="routine" f="7" l="522" c="16">
<BEGIN l="525" c="0"/>
<END l="527" c="0"/>
<SUB d="162"/>
</B>
<B id="164" t="else" f="7" l="540" c="38">
<BEGIN l="540" c="38"/>
<END l="540" c="67"/>
</B>
<B id="165" t="if" f="7" l="540" c="28">
<BEGIN l="540" c="30"/>
<END l="540" c="34"/>
<ELSE d="164"/>
</B>
<B id="166" t="routine" f="7" l="536" c="16">
<BEGIN l="539" c="0"/>
<END l="541" c="0"/>
<SUB d="165"/>
</B>
<B id="167" t="else" f="7" l="554" c="38">
<BEGIN l="554" c="38"/>
<END l="554" c="67"/>
</B>
<B id="168" t="if" f="7" l="554" c="28">
<BEGIN l="554" c="30"/>
<END l="554" c="34"/>
<ELSE d="167"/>
</B>
<B id="169" t="routine" f="7" l="550" c="17">
<BEGIN l="553" c="0"/>
<END l="555" c="0"/>
<SUB d="168"/>
</B>
<B id="170" t="routine" f="7" l="565" c="17">
<BEGIN l="567" c="0"/>
<END l="569" c="0"/>
</B>
<B id="171" t="routine" f="7" l="578" c="17">
<BEGIN l="579" c="0"/>
<END l="581" c="0"/>
</B>
<B id="172" t="routine" f="7" l="590" c="17">
<BEGIN l="591" c="0"/>
<END l="593" c="0"/>
</B>
<B id="173" t="routine" f="7" l="602" c="17">
<BEGIN l="603" c="0"/>
<END l="605" c="0"/>
</B>
<B id="174" t="routine" f="7" l="614" c="17">
<BEGIN l="615" c="0"/>
<END l="617" c="0"/>
</B>
<B id="175" t="routine" f="7" l="626" c="17">
<BEGIN l="628" c="0"/>
<END l="630" c="0"/>
</B>
<B id="176" t="case" f="7" l="745" c="16">
<BEGIN l="746" c="24"/>
<END l="748" c="29"/>
</B>
<B id="177" t="case" f="7" l="739" c="16">
<BEGIN l="740" c="24"/>
<END l="742" c="29"/>
</B>
<B id="178" t="case" f="7" l="734" c="16">
<BEGIN l="735" c="24"/>
<END l="737" c="29"/>
</B>
<B id="179" t="case" f="7" l="729" c="16">
<BEGIN l="730" c="24"/>
<END l="732" c="29"/>
</B>
<B id="180" t="case" f="7" l="724" c="16">
<BEGIN l="725" c="24"/>
<END l="727" c="29"/>
</B>
<B id="181" t="case" f="7" l="719" c="16">
<BEGIN l="720" c="24"/>
<END l="722" c="29"/>
</B>
<B id="182" t="case" f="7" l="714" c="16">
<BEGIN l="715" c="24"/>
<END l="717" c="29"/>
</B>
<B id="183" t="case" f="7" l="709" c="16">
<BEGIN l="710" c="24"/>
<END l="712" c="29"/>
</B>
<B id="184" t="case" f="7" l="704" c="16">
<BEGIN l="705" c="24"/>
<END l="707" c="29"/>
</B>
<B id="185" t="case" f="7" l="699" c="16">
<BEGIN l="700" c="24"/>
<END l="702" c="29"/>
</B>
<B id="186" t="case" f="7" l="694" c="16">
<BEGIN l="695" c="24"/>
<END l="697" c="29"/>
</B>
<B id="187" t="case" f="7" l="689" c="16">
<BEGIN l="690" c="24"/>
<END l="692" c="29"/>
</B>
<B id="188" t="case" f="7" l="684" c="16">
<BEGIN l="685" c="24"/>
<END l="687" c="29"/>
</B>
<B id="189" t="case" f="7" l="679" c="16">
<BEGIN l="680" c="24"/>
<END l="682" c="29"/>
</B>
<B id="190" t="case" f="7" l="674" c="16">
<BEGIN l="675" c="24"/>
<END l="677" c="29"/>
</B>
<B id="191" t="case" f="7" l="669" c="16">
<BEGIN l="670" c="24"/>
<END l="672" c="29"/>
</B>
<B id="192" t="switch" f="7" l="667" c="8">
<BEGIN l="668" c="8"/>
<END l="750" c="8"/>
<CASE d="176"/>
<CASE d="177"/>
<CASE d="178"/>
<CASE d="179"/>
<CASE d="180"/>
<CASE d="181"/>
<CASE d="182"/>
<CASE d="183"/>
<CASE d="184"/>
<CASE d="185"/>
<CASE d="186"/>
<CASE d="187"/>
<CASE d="188"/>
<CASE d="189"/>
<CASE d="190"/>
<CASE d="191"/>
</B>
<B id="193" t="else" f="7" l="656" c="88">
<BEGIN l="656" c="88"/>
<END l="656" c="136"/>
</B>
<B id="194" t="if" f="7" l="656" c="27">
<BEGIN l="656" c="31"/>
<END l="656" c="79"/>
<ELSE d="193"/>
</B>
<B id="195" t="routine" f="7" l="643" c="14">
<BEGIN l="646" c="0"/>
<END l="752" c="0"/>
<SUB d="192"/>
<SUB d="194"/>
</B>
<B id="196" t="ppcif" f="6" l="13" c="0">
<BEGIN l="13" c="16"/>
<END l="823" c="0"/>
</B>
<B id="197" t="ppcrmif" f="6" l="14" c="0">
<BEGIN l="14" c="14"/>
<END l="16" c="0"/>
</B>
<B id="198" t="ppcif" f="6" l="18" c="0">
<BEGIN l="18" c="23"/>
<END l="819" c="0"/>
</B>
<B id="199" t="ppcrmif" f="6" l="20" c="0">
<BEGIN l="20" c="18"/>
<END l="22" c="0"/>
</B>
<B id="200" t="ppcrmif" f="6" l="26" c="0">
<BEGIN l="26" c="67"/>
<END l="28" c="0"/>
</B>
<B id="201" t="ppcrmelif" f="6" l="28" c="0">
<BEGIN l="28" c="5"/>
<END l="30" c="0"/>
</B>
<B id="202" t="ppcrmelif" f="6" l="30" c="0">
<BEGIN l="30" c="5"/>
<END l="33" c="0"/>
</B>
<B id="203" t="ppcrmelif" f="6" l="33" c="0">
<BEGIN l="33" c="5"/>
<END l="38" c="0"/>
</B>
<B id="204" t="ppcrmelse" f="6" l="38" c="0">
<BEGIN l="38" c="5"/>
<END l="40" c="0"/>
</B>
<B id="205" t="ppcrmif" f="6" l="42" c="0">
<BEGIN l="42" c="23"/>
<END l="44" c="0"/>
</B>
<B id="206" t="ppcrmelif" f="6" l="44" c="0">
<BEGIN l="44" c="5"/>
<END l="47" c="0"/>
</B>
<B id="207" t="ppcrmelif" f="6" l="47" c="0">
<BEGIN l="47" c="5"/>
<END l="50" c="0"/>
</B>
<B id="208" t="ppcrmelse" f="6" l="50" c="0">
<BEGIN l="50" c="5"/>
<END l="53" c="0"/>
</B>
<B id="209" t="ppcif" f="6" l="65" c="0">
<BEGIN l="65" c="20"/>
<END l="68" c="0"/>
</B>
<B id="210" t="ppcrmelse" f="6" l="68" c="0">
<BEGIN l="68" c="5"/>
<END l="76" c="0"/>
</B>
<B id="211" t="ppcrmif" f="6" l="78" c="0">
<BEGIN l="78" c="106"/>
<END l="82" c="0"/>
</B>
<B id="212" t="ppcelse" f="6" l="82" c="0">
<BEGIN l="82" c="5"/>
<END l="86" c="0"/>
</B>
<B id="213" t="ppcif" f="6" l="115" c="0">
<BEGIN l="116" c="51"/>
<END l="119" c="0"/>
</B>
<B id="214" t="ppcif" f="6" l="121" c="0">
<BEGIN l="121" c="68"/>
<END l="123" c="0"/>
</B>
<B id="215" t="ppcrmelse" f="6" l="123" c="0">
<BEGIN l="123" c="5"/>
<END l="126" c="0"/>
</B>
<B id="216" t="ppcrmif" f="6" l="128" c="0">
<BEGIN l="128" c="53"/>
<END l="131" c="0"/>
</B>
<B id="217" t="ppcrmif" f="6" l="133" c="0">
<BEGIN l="133" c="51"/>
<END l="135" c="0"/>
</B>
<B id="218" t="ppcif" f="6" l="137" c="0">
<BEGIN l="137" c="24"/>
<END l="265" c="0"/>
</B>
<B id="219" t="ppcif" f="6" l="138" c="0">
<BEGIN l="138" c="56"/>
<END l="140" c="0"/>
</B>
<B id="220" t="ppcrmif" f="6" l="171" c="0">
<BEGIN l="171" c="24"/>
<END l="173" c="0"/>
</B>
<B id="221" t="ppcrmif" f="6" l="188" c="0">
<BEGIN l="188" c="24"/>
<END l="190" c="0"/>
</B>
<B id="222" t="ppcif" f="6" l="196" c="0">
<BEGIN l="196" c="56"/>
<END l="263" c="0"/>
</B>
<B id="223" t="ppcrmif" f="6" l="217" c="0">
<BEGIN l="217" c="24"/>
<END l="219" c="0"/>
</B>
<B id="224" t="ppcrmif" f="6" l="260" c="0">
<BEGIN l="260" c="24"/>
<END l="262" c="0"/>
</B>
<B id="225" t="ppcrmif" f="6" l="268" c="0">
<BEGIN l="268" c="24"/>
<END l="270" c="0"/>
</B>
<B id="226" t="ppcrmif" f="6" l="284" c="0">
<BEGIN l="284" c="24"/>
<END l="286" c="0"/>
</B>
<B id="227" t="ppcif" f="6" l="291" c="0">
<BEGIN l="291" c="20"/>
<END l="750" c="0"/>
</B>
<B id="228" t="ppcif" f="6" l="292" c="0">
<BEGIN l="292" c="24"/>
<END l="307" c="0"/>
</B>
<B id="229" t="ppcrmif" f="6" l="310" c="0">
<BEGIN l="310" c="43"/>
<END l="317" c="0"/>
</B>
<B id="230" t="ppcelif" f="6" l="317" c="0">
<BEGIN l="317" c="5"/>
<END l="324" c="0"/>
</B>
<B id="231" t="ppcrmelif" f="6" l="324" c="0">
<BEGIN l="324" c="5"/>
<END l="337" c="0"/>
</B>
<B id="232" t="ppcrmelse" f="6" l="337" c="0">
<BEGIN l="337" c="5"/>
<END l="345" c="0"/>
</B>
<B id="233" t="ppcrmif" f="6" l="348" c="0">
<BEGIN l="348" c="43"/>
<END l="355" c="0"/>
</B>
<B id="234" t="ppcelif" f="6" l="355" c="0">
<BEGIN l="355" c="5"/>
<END l="364" c="0"/>
</B>
<B id="235" t="ppcrmelse" f="6" l="364" c="0">
<BEGIN l="364" c="5"/>
<END l="372" c="0"/>
</B>
<B id="236" t="ppcrmif" f="6" l="375" c="0">
<BEGIN l="375" c="23"/>
<END l="377" c="0"/>
</B>
<B id="237" t="ppcrmelif" f="6" l="377" c="0">
<BEGIN l="377" c="6"/>
<END l="379" c="0"/>
</B>
<B id="238" t="ppcrmelif" f="6" l="379" c="0">
<BEGIN l="379" c="6"/>
<END l="381" c="0"/>
</B>
<B id="239" t="ppcif" f="6" l="383" c="0">
<BEGIN l="383" c="64"/>
<END l="402" c="0"/>
</B>
<B id="240" t="ppcif" f="6" l="386" c="0">
<BEGIN l="386" c="24"/>
<END l="397" c="0"/>
</B>
<B id="241" t="ppcrmelse" f="6" l="402" c="0">
<BEGIN l="402" c="5"/>
<END l="682" c="0"/>
</B>
<B id="242" t="ppcif" f="6" l="685" c="0">
<BEGIN l="685" c="24"/>
<END l="698" c="0"/>
</B>
<B id="243" t="ppcif" f="6" l="695" c="0">
<BEGIN l="695" c="56"/>
<END l="697" c="0"/>
</B>
<B id="244" t="ppcrmif" f="6" l="708" c="0">
<BEGIN l="708" c="143"/>
<END l="716" c="0"/>
</B>
<B id="245" t="ppcif" f="6" l="740" c="0">
<BEGIN l="740" c="63"/>
<END l="743" c="0"/>
</B>
<B id="246" t="ppcrmif" f="6" l="752" c="0">
<BEGIN l="752" c="95"/>
<END l="772" c="0"/>
</B>
<B id="247" t="ppcrmif" f="6" l="774" c="0">
<BEGIN l="774" c="42"/>
<END l="776" c="0"/>
</B>
<B id="248" t="ppcrmif" f="6" l="778" c="0">
<BEGIN l="778" c="51"/>
<END l="780" c="0"/>
</B>
<B id="249" t="ppcrmif" f="6" l="782" c="0">
<BEGIN l="782" c="18"/>
<END l="816" c="0"/>
</B>
<B id="250" t="ppcrmif" f="6" l="820" c="0">
<BEGIN l="820" c="14"/>
<END l="822" c="0"/>
</B>
<B id="251" t="ppcif" f="8" l="20" c="0">
<BEGIN l="20" c="20"/>
<END l="173" c="0"/>
</B>
<B id="252" t="ppcif" f="9" l="20" c="0">
<BEGIN l="20" c="20"/>
<END l="351" c="0"/>
</B>
<B id="253" t="routine" f="9" l="190" c="16">
<BEGIN l="191" c="0"/>
<END l="193" c="0"/>
</B>
<B id="254" t="else" f="9" l="206" c="70">
<BEGIN l="206" c="70"/>
<END l="206" c="107"/>
</B>
<B id="255" t="if" f="9" l="206" c="25">
<BEGIN l="206" c="28"/>
<END l="206" c="65"/>
<ELSE d="254"/>
</B>
<B id="256" t="routine" f="9" l="204" c="16">
<BEGIN l="205" c="0"/>
<END l="207" c="0"/>
<SUB d="255"/>
</B>
<B id="257" t="routine" f="9" l="218" c="16">
<BEGIN l="219" c="0"/>
<END l="221" c="0"/>
</B>
<B id="258" t="routine" f="9" l="232" c="16">
<BEGIN l="233" c="0"/>
<END l="235" c="0"/>
</B>
<B id="259" t="routine" f="9" l="247" c="16">
<BEGIN l="248" c="0"/>
<END l="250" c="0"/>
</B>
<B id="260" t="routine" f="9" l="261" c="16">
<BEGIN l="262" c="0"/>
<END l="264" c="0"/>
</B>
<B id="261" t="routine" f="9" l="275" c="16">
<BEGIN l="276" c="0"/>
<END l="278" c="0"/>
</B>
<B id="262" t="routine" f="9" l="289" c="16">
<BEGIN l="290" c="0"/>
<END l="292" c="0"/>
</B>
<B id="263" t="routine" f="9" l="303" c="17">
<BEGIN l="304" c="0"/>
<END l="306" c="0"/>
</B>
<B id="264" t="routine" f="9" l="317" c="17">
<BEGIN l="318" c="0"/>
<END l="320" c="0"/>
</B>
<B id="265" t="routine" f="9" l="331" c="17">
<BEGIN l="332" c="0"/>
<END l="334" c="0"/>
</B>
<B id="266" t="routine" f="9" l="345" c="17">
<BEGIN l="346" c="0"/>
<END l="348" c="0"/>
</B>
<B id="267" t="ppcif" f="22" l="20" c="0">
<BEGIN l="20" c="19"/>
<END l="31" c="0"/>
</B>
<B id="268" t="ppcif" f="23" l="2" c="0">
<BEGIN l="2" c="16"/>
<END l="8" c="0"/>
</B>
</Blocks>
</Navig>
