<?xml version="1.0" encoding="UTF-8"?>

<MISRA-C-Report version="1.3">


<CodeStruct Name="" File="C:\Component\SF002A_Rtn_Impl_2.0.0_P\src\Rtn.c" Line="0" Column="0">

<Rule Name="19.11" Mode="required" Report="warning" Id="1">
<Loc File="C:\Component\SF002A_Rtn_Impl_2.0.0_P\src\Rtn.c" Line="451" Column="0">
</Loc>
<Message>
`FLTINJENA' is not defined.
</Message>
</Rule>

<Rule Name="19.1" Mode="advisory" Report="warning" Id="2">
<Loc File="C:\Component\SF002A_Rtn_Impl_2.0.0_P\src\Rtn.c" Line="465" Column="0">
</Loc>
<Message>
#include statements in a file shall only be preceded by other preprocessor directives or comments.
</Message>
</Rule>

</CodeStruct>

<CodeStruct Name="RtnPer1" File="C:\Component\SF002A_Rtn_Impl_2.0.0_P\src\Rtn.c" Line="283" Column="5">

<Rule Name="9.1" Mode="required" Report="warning" Id="3">
<Loc File="C:\Component\SF002A_Rtn_Impl_2.0.0_P\src\Rtn.c" Line="343" Column="47">
</Loc>
<Message>
All automatic variables shall have been assigned a value before being used.
</Message>
</Rule>

<Rule Name="21.1" Mode="required" Report="warning" Id="4">
<Loc File="C:\Component\SF002A_Rtn_Impl_2.0.0_P\src\Rtn.c" Line="347" Column="121">
</Loc>
<Message>
Minimisation of run-time failures.
</Message>
</Rule>

<Rule Name="21.1" Mode="required" Report="warning" Id="5">
<Loc File="C:\Component\SF002A_Rtn_Impl_2.0.0_P\src\Rtn.c" Line="347" Column="135">
</Loc>
<Message>
Minimisation of run-time failures.
</Message>
</Rule>

<Rule Name="9.1" Mode="required" Report="warning" Id="6">
<Loc File="C:\Component\SF002A_Rtn_Impl_2.0.0_P\src\Rtn.c" Line="353" Column="43">
</Loc>
<Message>
All automatic variables shall have been assigned a value before being used.
</Message>
</Rule>

<Rule Name="21.1" Mode="required" Report="warning" Id="7">
<Loc File="C:\Component\SF002A_Rtn_Impl_2.0.0_P\src\Rtn.c" Line="355" Column="9">
</Loc>
<Message>
Minimisation of run-time failures.
</Message>
</Rule>

<Rule Name="9.1" Mode="required" Report="warning" Id="8">
<Loc File="C:\Component\SF002A_Rtn_Impl_2.0.0_P\src\Rtn.c" Line="359" Column="49">
</Loc>
<Message>
All automatic variables shall have been assigned a value before being used.
</Message>
</Rule>

<Rule Name="11.5" Mode="required" Report="warning" Id="9">
<Loc File="C:\Component\SF002A_Rtn_Impl_2.0.0_P\src\Rtn.c" Line="363" Column="138">
</Loc>
<Message>
A cast shall not be performed that removes any const or volatile qualification
from the type addressed by a pointer.
</Message>
</Rule>

<Rule Name="12.3" Mode="required" Report="warning" Id="10">
<Loc File="C:\Component\SF002A_Rtn_Impl_2.0.0_P\src\Rtn.c" Line="364" Column="145">
</Loc>
<Message>
The sizeof operator should not be used on expressions that contain side effects.
</Message>
</Rule>

<Rule Name="11.5" Mode="required" Report="warning" Id="11">
<Loc File="C:\Component\SF002A_Rtn_Impl_2.0.0_P\src\Rtn.c" Line="364" Column="154">
</Loc>
<Message>
A cast shall not be performed that removes any const or volatile qualification
from the type addressed by a pointer.
</Message>
</Rule>

<Rule Name="12.3" Mode="required" Report="warning" Id="12">
<Loc File="C:\Component\SF002A_Rtn_Impl_2.0.0_P\src\Rtn.c" Line="364" Column="214">
</Loc>
<Message>
The sizeof operator should not be used on expressions that contain side effects.
</Message>
</Rule>

<Rule Name="11.5" Mode="required" Report="warning" Id="13">
<Loc File="C:\Component\SF002A_Rtn_Impl_2.0.0_P\src\Rtn.c" Line="364" Column="224">
</Loc>
<Message>
A cast shall not be performed that removes any const or volatile qualification
from the type addressed by a pointer.
</Message>
</Rule>

<Rule Name="12.3" Mode="required" Report="warning" Id="14">
<Loc File="C:\Component\SF002A_Rtn_Impl_2.0.0_P\src\Rtn.c" Line="367" Column="145">
</Loc>
<Message>
The sizeof operator should not be used on expressions that contain side effects.
</Message>
</Rule>

<Rule Name="11.5" Mode="required" Report="warning" Id="15">
<Loc File="C:\Component\SF002A_Rtn_Impl_2.0.0_P\src\Rtn.c" Line="367" Column="154">
</Loc>
<Message>
A cast shall not be performed that removes any const or volatile qualification
from the type addressed by a pointer.
</Message>
</Rule>

<Rule Name="12.3" Mode="required" Report="warning" Id="16">
<Loc File="C:\Component\SF002A_Rtn_Impl_2.0.0_P\src\Rtn.c" Line="367" Column="225">
</Loc>
<Message>
The sizeof operator should not be used on expressions that contain side effects.
</Message>
</Rule>

<Rule Name="11.5" Mode="required" Report="warning" Id="17">
<Loc File="C:\Component\SF002A_Rtn_Impl_2.0.0_P\src\Rtn.c" Line="367" Column="235">
</Loc>
<Message>
A cast shall not be performed that removes any const or volatile qualification
from the type addressed by a pointer.
</Message>
</Rule>

<Rule Name="21.1" Mode="required" Report="warning" Id="18">
<Loc File="C:\Component\SF002A_Rtn_Impl_2.0.0_P\src\Rtn.c" Line="370" Column="9">
</Loc>
<Message>
Minimisation of run-time failures.
</Message>
</Rule>

<Rule Name="9.1" Mode="required" Report="warning" Id="19">
<Loc File="C:\Component\SF002A_Rtn_Impl_2.0.0_P\src\Rtn.c" Line="373" Column="62">
</Loc>
<Message>
All automatic variables shall have been assigned a value before being used.
</Message>
</Rule>

<Rule Name="11.5" Mode="required" Report="warning" Id="20">
<Loc File="C:\Component\SF002A_Rtn_Impl_2.0.0_P\src\Rtn.c" Line="377" Column="138">
</Loc>
<Message>
A cast shall not be performed that removes any const or volatile qualification
from the type addressed by a pointer.
</Message>
</Rule>

<Rule Name="12.3" Mode="required" Report="warning" Id="21">
<Loc File="C:\Component\SF002A_Rtn_Impl_2.0.0_P\src\Rtn.c" Line="378" Column="145">
</Loc>
<Message>
The sizeof operator should not be used on expressions that contain side effects.
</Message>
</Rule>

<Rule Name="11.5" Mode="required" Report="warning" Id="22">
<Loc File="C:\Component\SF002A_Rtn_Impl_2.0.0_P\src\Rtn.c" Line="378" Column="154">
</Loc>
<Message>
A cast shall not be performed that removes any const or volatile qualification
from the type addressed by a pointer.
</Message>
</Rule>

<Rule Name="12.3" Mode="required" Report="warning" Id="23">
<Loc File="C:\Component\SF002A_Rtn_Impl_2.0.0_P\src\Rtn.c" Line="378" Column="214">
</Loc>
<Message>
The sizeof operator should not be used on expressions that contain side effects.
</Message>
</Rule>

<Rule Name="11.5" Mode="required" Report="warning" Id="24">
<Loc File="C:\Component\SF002A_Rtn_Impl_2.0.0_P\src\Rtn.c" Line="378" Column="224">
</Loc>
<Message>
A cast shall not be performed that removes any const or volatile qualification
from the type addressed by a pointer.
</Message>
</Rule>

<Rule Name="12.3" Mode="required" Report="warning" Id="25">
<Loc File="C:\Component\SF002A_Rtn_Impl_2.0.0_P\src\Rtn.c" Line="381" Column="145">
</Loc>
<Message>
The sizeof operator should not be used on expressions that contain side effects.
</Message>
</Rule>

<Rule Name="11.5" Mode="required" Report="warning" Id="26">
<Loc File="C:\Component\SF002A_Rtn_Impl_2.0.0_P\src\Rtn.c" Line="381" Column="154">
</Loc>
<Message>
A cast shall not be performed that removes any const or volatile qualification
from the type addressed by a pointer.
</Message>
</Rule>

<Rule Name="12.3" Mode="required" Report="warning" Id="27">
<Loc File="C:\Component\SF002A_Rtn_Impl_2.0.0_P\src\Rtn.c" Line="381" Column="215">
</Loc>
<Message>
The sizeof operator should not be used on expressions that contain side effects.
</Message>
</Rule>

<Rule Name="11.5" Mode="required" Report="warning" Id="28">
<Loc File="C:\Component\SF002A_Rtn_Impl_2.0.0_P\src\Rtn.c" Line="381" Column="225">
</Loc>
<Message>
A cast shall not be performed that removes any const or volatile qualification
from the type addressed by a pointer.
</Message>
</Rule>

<Rule Name="21.1" Mode="required" Report="warning" Id="29">
<Loc File="C:\Component\SF002A_Rtn_Impl_2.0.0_P\src\Rtn.c" Line="384" Column="9">
</Loc>
<Message>
Minimisation of run-time failures.
</Message>
</Rule>

<Rule Name="9.1" Mode="required" Report="warning" Id="30">
<Loc File="C:\Component\SF002A_Rtn_Impl_2.0.0_P\src\Rtn.c" Line="387" Column="66">
</Loc>
<Message>
All automatic variables shall have been assigned a value before being used.
</Message>
</Rule>

<Rule Name="11.5" Mode="required" Report="warning" Id="31">
<Loc File="C:\Component\SF002A_Rtn_Impl_2.0.0_P\src\Rtn.c" Line="391" Column="138">
</Loc>
<Message>
A cast shall not be performed that removes any const or volatile qualification
from the type addressed by a pointer.
</Message>
</Rule>

<Rule Name="12.3" Mode="required" Report="warning" Id="32">
<Loc File="C:\Component\SF002A_Rtn_Impl_2.0.0_P\src\Rtn.c" Line="392" Column="145">
</Loc>
<Message>
The sizeof operator should not be used on expressions that contain side effects.
</Message>
</Rule>

<Rule Name="11.5" Mode="required" Report="warning" Id="33">
<Loc File="C:\Component\SF002A_Rtn_Impl_2.0.0_P\src\Rtn.c" Line="392" Column="154">
</Loc>
<Message>
A cast shall not be performed that removes any const or volatile qualification
from the type addressed by a pointer.
</Message>
</Rule>

<Rule Name="12.3" Mode="required" Report="warning" Id="34">
<Loc File="C:\Component\SF002A_Rtn_Impl_2.0.0_P\src\Rtn.c" Line="392" Column="214">
</Loc>
<Message>
The sizeof operator should not be used on expressions that contain side effects.
</Message>
</Rule>

<Rule Name="11.5" Mode="required" Report="warning" Id="35">
<Loc File="C:\Component\SF002A_Rtn_Impl_2.0.0_P\src\Rtn.c" Line="392" Column="224">
</Loc>
<Message>
A cast shall not be performed that removes any const or volatile qualification
from the type addressed by a pointer.
</Message>
</Rule>

<Rule Name="12.3" Mode="required" Report="warning" Id="36">
<Loc File="C:\Component\SF002A_Rtn_Impl_2.0.0_P\src\Rtn.c" Line="395" Column="145">
</Loc>
<Message>
The sizeof operator should not be used on expressions that contain side effects.
</Message>
</Rule>

<Rule Name="11.5" Mode="required" Report="warning" Id="37">
<Loc File="C:\Component\SF002A_Rtn_Impl_2.0.0_P\src\Rtn.c" Line="395" Column="154">
</Loc>
<Message>
A cast shall not be performed that removes any const or volatile qualification
from the type addressed by a pointer.
</Message>
</Rule>

<Rule Name="12.3" Mode="required" Report="warning" Id="38">
<Loc File="C:\Component\SF002A_Rtn_Impl_2.0.0_P\src\Rtn.c" Line="395" Column="216">
</Loc>
<Message>
The sizeof operator should not be used on expressions that contain side effects.
</Message>
</Rule>

<Rule Name="11.5" Mode="required" Report="warning" Id="39">
<Loc File="C:\Component\SF002A_Rtn_Impl_2.0.0_P\src\Rtn.c" Line="395" Column="226">
</Loc>
<Message>
A cast shall not be performed that removes any const or volatile qualification
from the type addressed by a pointer.
</Message>
</Rule>

<Rule Name="21.1" Mode="required" Report="warning" Id="40">
<Loc File="C:\Component\SF002A_Rtn_Impl_2.0.0_P\src\Rtn.c" Line="398" Column="9">
</Loc>
<Message>
Minimisation of run-time failures.
</Message>
</Rule>

<Rule Name="9.1" Mode="required" Report="warning" Id="41">
<Loc File="C:\Component\SF002A_Rtn_Impl_2.0.0_P\src\Rtn.c" Line="401" Column="54">
</Loc>
<Message>
All automatic variables shall have been assigned a value before being used.
</Message>
</Rule>

<Rule Name="11.5" Mode="required" Report="warning" Id="42">
<Loc File="C:\Component\SF002A_Rtn_Impl_2.0.0_P\src\Rtn.c" Line="403" Column="59">
</Loc>
<Message>
A cast shall not be performed that removes any const or volatile qualification
from the type addressed by a pointer.
</Message>
</Rule>

<Rule Name="11.5" Mode="required" Report="warning" Id="43">
<Loc File="C:\Component\SF002A_Rtn_Impl_2.0.0_P\src\Rtn.c" Line="404" Column="114">
</Loc>
<Message>
A cast shall not be performed that removes any const or volatile qualification
from the type addressed by a pointer.
</Message>
</Rule>

<Rule Name="12.3" Mode="required" Report="warning" Id="44">
<Loc File="C:\Component\SF002A_Rtn_Impl_2.0.0_P\src\Rtn.c" Line="405" Column="121">
</Loc>
<Message>
The sizeof operator should not be used on expressions that contain side effects.
</Message>
</Rule>

<Rule Name="11.5" Mode="required" Report="warning" Id="45">
<Loc File="C:\Component\SF002A_Rtn_Impl_2.0.0_P\src\Rtn.c" Line="405" Column="130">
</Loc>
<Message>
A cast shall not be performed that removes any const or volatile qualification
from the type addressed by a pointer.
</Message>
</Rule>

<Rule Name="12.3" Mode="required" Report="warning" Id="46">
<Loc File="C:\Component\SF002A_Rtn_Impl_2.0.0_P\src\Rtn.c" Line="405" Column="187">
</Loc>
<Message>
The sizeof operator should not be used on expressions that contain side effects.
</Message>
</Rule>

<Rule Name="11.5" Mode="required" Report="warning" Id="47">
<Loc File="C:\Component\SF002A_Rtn_Impl_2.0.0_P\src\Rtn.c" Line="405" Column="197">
</Loc>
<Message>
A cast shall not be performed that removes any const or volatile qualification
from the type addressed by a pointer.
</Message>
</Rule>

<Rule Name="21.1" Mode="required" Report="warning" Id="48">
<Loc File="C:\Component\SF002A_Rtn_Impl_2.0.0_P\src\Rtn.c" Line="409" Column="9">
</Loc>
<Message>
Minimisation of run-time failures.
</Message>
</Rule>

<Rule Name="9.1" Mode="required" Report="warning" Id="49">
<Loc File="C:\Component\SF002A_Rtn_Impl_2.0.0_P\src\Rtn.c" Line="412" Column="56">
</Loc>
<Message>
All automatic variables shall have been assigned a value before being used.
</Message>
</Rule>

<Rule Name="11.5" Mode="required" Report="warning" Id="50">
<Loc File="C:\Component\SF002A_Rtn_Impl_2.0.0_P\src\Rtn.c" Line="414" Column="63">
</Loc>
<Message>
A cast shall not be performed that removes any const or volatile qualification
from the type addressed by a pointer.
</Message>
</Rule>

<Rule Name="11.5" Mode="required" Report="warning" Id="51">
<Loc File="C:\Component\SF002A_Rtn_Impl_2.0.0_P\src\Rtn.c" Line="415" Column="122">
</Loc>
<Message>
A cast shall not be performed that removes any const or volatile qualification
from the type addressed by a pointer.
</Message>
</Rule>

<Rule Name="12.3" Mode="required" Report="warning" Id="52">
<Loc File="C:\Component\SF002A_Rtn_Impl_2.0.0_P\src\Rtn.c" Line="416" Column="129">
</Loc>
<Message>
The sizeof operator should not be used on expressions that contain side effects.
</Message>
</Rule>

<Rule Name="11.5" Mode="required" Report="warning" Id="53">
<Loc File="C:\Component\SF002A_Rtn_Impl_2.0.0_P\src\Rtn.c" Line="416" Column="138">
</Loc>
<Message>
A cast shall not be performed that removes any const or volatile qualification
from the type addressed by a pointer.
</Message>
</Rule>

<Rule Name="12.3" Mode="required" Report="warning" Id="54">
<Loc File="C:\Component\SF002A_Rtn_Impl_2.0.0_P\src\Rtn.c" Line="416" Column="199">
</Loc>
<Message>
The sizeof operator should not be used on expressions that contain side effects.
</Message>
</Rule>

<Rule Name="11.5" Mode="required" Report="warning" Id="55">
<Loc File="C:\Component\SF002A_Rtn_Impl_2.0.0_P\src\Rtn.c" Line="416" Column="209">
</Loc>
<Message>
A cast shall not be performed that removes any const or volatile qualification
from the type addressed by a pointer.
</Message>
</Rule>

<Rule Name="21.1" Mode="required" Report="warning" Id="56">
<Loc File="C:\Component\SF002A_Rtn_Impl_2.0.0_P\src\Rtn.c" Line="423" Column="124">
</Loc>
<Message>
Minimisation of run-time failures.
</Message>
</Rule>

<Rule Name="21.1" Mode="required" Report="warning" Id="57">
<Loc File="C:\Component\SF002A_Rtn_Impl_2.0.0_P\src\Rtn.c" Line="428" Column="9">
</Loc>
<Message>
Minimisation of run-time failures.
</Message>
</Rule>

<Rule Name="9.1" Mode="required" Report="warning" Id="58">
<Loc File="C:\Component\SF002A_Rtn_Impl_2.0.0_P\src\Rtn.c" Line="432" Column="34">
</Loc>
<Message>
All automatic variables shall have been assigned a value before being used.
</Message>
</Rule>

<Rule Name="9.1" Mode="required" Report="warning" Id="59">
<Loc File="C:\Component\SF002A_Rtn_Impl_2.0.0_P\src\Rtn.c" Line="432" Column="56">
</Loc>
<Message>
All automatic variables shall have been assigned a value before being used.
</Message>
</Rule>

<Rule Name="21.1" Mode="required" Report="warning" Id="60">
<Loc File="C:\Component\SF002A_Rtn_Impl_2.0.0_P\src\Rtn.c" Line="435" Column="9">
</Loc>
<Message>
Minimisation of run-time failures.
</Message>
</Rule>

<Rule Name="9.1" Mode="required" Report="warning" Id="61">
<Loc File="C:\Component\SF002A_Rtn_Impl_2.0.0_P\src\Rtn.c" Line="439" Column="15">
</Loc>
<Message>
All automatic variables shall have been assigned a value before being used.
</Message>
</Rule>

<Rule Name="9.1" Mode="required" Report="warning" Id="62">
<Loc File="C:\Component\SF002A_Rtn_Impl_2.0.0_P\src\Rtn.c" Line="439" Column="50">
</Loc>
<Message>
All automatic variables shall have been assigned a value before being used.
</Message>
</Rule>

<Rule Name="9.1" Mode="required" Report="warning" Id="63">
<Loc File="C:\Component\SF002A_Rtn_Impl_2.0.0_P\src\Rtn.c" Line="439" Column="81">
</Loc>
<Message>
All automatic variables shall have been assigned a value before being used.
</Message>
</Rule>

</CodeStruct>

</MISRA-C-Report>
