<?xml version="1.0" encoding="UTF-8"?>
<Navig version="1.0">
<Files>
<F id="1" n="C:\Program Files\MATLAB\R2013b\polyspace\verifier\cxx\cinclude\stdarg.h"/>
<F id="2" n="C:\Component\AR201A_ArCplrSuprt_Impl\include\ASR4.0.3\Platform_Types.h"/>
<F id="3" n="C:\Component\AR200A_ArSuprt_Impl\include\ASR4.0.3\Std_Types.h"/>
<F id="4" n="C:\Component\SF052A_SnsrOffsCorrn_Impl\tools\contract\Rte_SnsrOffsCorrn.h"/>
<F id="5" n="C:\Component\TL103A_CplrSuprt\include\2013.5.5\ansi\math.h"/>
<F id="6" n="C:\Component\AR100A_NxtrMath_Impl\include\NxtrMath.h"/>
<F id="7" n="C:\Component\SF052A_SnsrOffsCorrn_Impl\src\SnsrOffsCorrn.c"/>
<F id="8" n="C-STUBS\__polyspace__stdstubs.c"/>
<F id="9" n="C:\Component\SF052A_SnsrOffsCorrn_Impl\doc\Polyspace_Results\CodeProver\C-ALL\C-STUBS\pst_stub_types.h"/>
<F id="10" n="C-STUBS\pst_stubs_0.c"/>
<F id="11" n="C-STUBS\__polyspace_main.c"/>
<F id="12" n="C:\Program Files\MATLAB\R2013b\polyspace\verifier\cxx\cinclude\__polyspace__std_decls.h"/>
<F id="13" n="C:\Program Files\MATLAB\R2013b\polyspace\verifier\cxx\cinclude\assert.h"/>
<F id="14" n="C:\Program Files\MATLAB\R2013b\polyspace\verifier\cxx\cinclude\__polyspace__libc_defs.h"/>
<F id="15" n="C:\Component\SF052A_SnsrOffsCorrn_Impl\tools\contract\Rte_SnsrOffsCorrn_Type.h"/>
<F id="16" n="C:\Component\SF052A_SnsrOffsCorrn_Impl\tools\contract\Rte_Type.h"/>
<F id="17" n="C:\Component\SF052A_SnsrOffsCorrn_Impl\tools\contract\Rte.h"/>
<F id="18" n="C:\Component\AR201A_ArCplrSuprt_Impl\include\ASR4.0.3\Compiler.h"/>
<F id="19" n="C:\Component\AR201A_ArCplrSuprt_Impl\tools\contract\Compiler_Cfg.h"/>
<F id="20" n="C:\Component\AR201A_ArCplrSuprt_Impl\tools\contract\Renesas_Compiler.h"/>
<F id="21" n="C:\Component\SF052A_SnsrOffsCorrn_Impl\tools\contract\Rte_DataHandleType.h"/>
<F id="22" n="C:\Component\AR200A_ArSuprt_Impl\tools\contract\MemMap.h"/>
<F id="23" n="C:\Component\SF052A_SnsrOffsCorrn_Impl\tools\contract\SnsrOffsCorrn_MemMap.h"/>
<F id="24" n="C:\Component\ES999A_ElecGlbPrm_Impl\include\ElecGlbPrm.h"/>
</Files>
<Definitions>
<D id="1" f="10" l="120" c="21" n="random_for_return" t="4" d="1"/>
<D id="2" f="10" l="203" c="30" n="real_random_for_return" t="4" d="1"/>
<D id="3" f="10" l="102" c="13" n="Rte_Read_SnsrOffsCorrn_HwTq_Val" t="2" d="1"/>
<D id="4" f="10" l="130" c="13" n="Rte_Read_SnsrOffsCorrn_HwTqOffs_Val" t="2" d="1"/>
<D id="5" f="10" l="204" c="21" n="random_for_return" t="4" d="1"/>
<D id="6" f="10" l="223" c="30" n="real_random_for_return" t="4" d="1"/>
<D id="7" f="10" l="224" c="21" n="random_for_return" t="4" d="1"/>
<D id="8" f="10" l="243" c="30" n="real_random_for_return" t="4" d="1"/>
<D id="9" f="10" l="303" c="32" n="real_random_for_return" t="4" d="1"/>
<D id="10" f="10" l="343" c="30" n="real_random_for_return" t="4" d="1"/>
<D id="11" f="10" l="244" c="21" n="random_for_return" t="4" d="1"/>
<D id="12" f="10" l="304" c="23" n="random_for_return" t="4" d="1"/>
<D id="13" f="10" l="263" c="30" n="real_random_for_return" t="4" d="1"/>
<D id="14" f="10" l="344" c="21" n="random_for_return" t="4" d="1"/>
<D id="15" f="10" l="323" c="32" n="real_random_for_return" t="4" d="1"/>
<D id="16" f="10" l="216" c="13" n="Rte_Write_SnsrOffsCorrn_HwAgCorrd_Val" t="2" d="1"/>
<D id="17" f="10" l="130" c="62" n="P_0" t="4" d="1"/>
<D id="18" f="10" l="119" c="30" n="real_random_for_return" t="4" d="1"/>
<D id="19" f="10" l="264" c="21" n="random_for_return" t="4" d="1"/>
<D id="20" f="10" l="324" c="23" n="random_for_return" t="4" d="1"/>
<D id="21" f="10" l="147" c="30" n="real_random_for_return" t="4" d="1"/>
<D id="22" f="6" l="551" c="104" n="RngLo" t="4" d="1"/>
<D id="23" f="10" l="175" c="30" n="real_random_for_return" t="4" d="1"/>
<D id="24" f="10" l="236" c="13" n="Rte_Write_SnsrOffsCorrn_HwTqCorrd_Val" t="2" d="1"/>
<D id="25" f="10" l="148" c="21" n="random_for_return" t="4" d="1"/>
<D id="26" f="6" l="552" c="104" n="RngHi" t="4" d="1"/>
<D id="27" f="10" l="336" c="13" n="Rte_Prm_SnsrOffsCorrn_SnsrOffsCorrnOffsEna_Logl" t="2" d="1"/>
<D id="28" f="10" l="176" c="21" n="random_for_return" t="4" d="1"/>
<D id="29" f="10" l="256" c="13" n="Rte_Write_SnsrOffsCorrn_VehYawRateCorrd_Val" t="2" d="1"/>
<D id="30" f="10" l="316" c="15" n="Rte_Prm_SnsrOffsCorrn_SnsrOffsCorrnVehYawRateLrndOffsLim_Val" t="2" d="1"/>
<D id="31" f="10" l="283" c="32" n="real_random_for_return" t="4" d="1"/>
<D id="32" f="10" l="158" c="13" n="Rte_Read_SnsrOffsCorrn_VehYawRate_Val" t="2" d="1"/>
<D id="33" f="6" l="627" c="104" n="Denom" t="4" d="1"/>
<D id="34" f="10" l="186" c="13" n="Rte_Read_SnsrOffsCorrn_VehYawRateOffs_Val" t="2" d="1"/>
<D id="35" f="10" l="284" c="23" n="random_for_return" t="4" d="1"/>
<D id="36" f="6" l="644" c="105" n="SinVal" t="4" d="1"/>
<D id="37" f="6" l="645" c="105" n="CosVal" t="4" d="1"/>
<D id="38" f="6" l="566" c="104" n="Denom" t="4" d="1"/>
<D id="39" f="10" l="102" c="58" n="P_0" t="4" d="1"/>
<D id="40" f="10" l="276" c="15" n="Rte_Prm_SnsrOffsCorrn_SnsrOffsCorrnHwAgLrndOffsLim_Val" t="2" d="1"/>
<D id="41" f="10" l="296" c="15" n="Rte_Prm_SnsrOffsCorrn_SnsrOffsCorrnHwTqLrndOffsLim_Val" t="2" d="1"/>
<D id="42" f="10" l="256" c="72" n="P_0" t="4" d="1"/>
<D id="43" f="10" l="216" c="66" n="P_0" t="4" d="1"/>
<D id="44" f="10" l="236" c="66" n="P_0" t="4" d="1"/>
<D id="45" f="10" l="158" c="64" n="P_0" t="4" d="1"/>
<D id="46" f="8" l="6986" c="14" n="_polyspace_compare_function_type" t="7" d="1"/>
<D id="47" f="10" l="186" c="68" n="P_0" t="4" d="1"/>
<D id="48" f="8" l="11430" c="23" n="random" t="4" d="1"/>
<D id="49" f="8" l="11446" c="21" n="HUGE_VAL" t="1" d="1"/>
<D id="50" f="8" l="11428" c="12" n="_polyspace_random_long_double" t="2" d="1"/>
<D id="51" f="8" l="11447" c="21" n="HUGE_VALF" t="1" d="1"/>
<D id="52" f="8" l="11448" c="21" n="HUGE_VALL" t="1" d="1"/>
<D id="53" f="8" l="12290" c="16" n="__polyspace_absolute_address" t="1" d="1"/>
<D id="54" f="9" l="3" c="20" n="__PST__SINT8" t="7" d="1"/>
<D id="55" f="9" l="5" c="19" n="__PST__SINT32" t="7" d="1"/>
<D id="56" f="9" l="1" c="13" n="__PST__CHAR" t="7" d="1"/>
<D id="57" f="9" l="4" c="21" n="__PST__SINT16" t="7" d="1"/>
<D id="58" f="9" l="2" c="13" n="__PST__VOID" t="7" d="1"/>
<D id="59" f="9" l="7" c="22" n="__PST__UINT8" t="7" d="1"/>
<D id="60" f="9" l="9" c="21" n="__PST__UINT32" t="7" d="1"/>
<D id="61" f="9" l="8" c="23" n="__PST__UINT16" t="7" d="1"/>
<D id="62" f="9" l="6" c="25" n="__PST__SINT64" t="7" d="1"/>
<D id="63" f="4" l="51" c="8" n="_dummy" t="9" d="1"/>
<D id="64" f="7" l="96" c="5" n="SnsrOffsCorrnInit1" t="2" d="1"/>
<D id="65" f="4" l="48" c="7" n="Rte_CDS_SnsrOffsCorrn" t="6" d="1"/>
<D id="66" f="9" l="20" c="20" n="__PST__g__22" t="7" d="1"/>
<D id="67" f="9" l="12" c="21" n="__PST__g__11" t="7" d="1"/>
<D id="68" f="3" l="141" c="2" n="Std_VersionInfoType" t="7" d="1"/>
<D id="69" f="9" l="14" c="20" n="__PST__g__15" t="7" d="1"/>
<D id="70" f="9" l="22" c="21" n="__PST__g__23" t="7" d="1"/>
<D id="71" f="9" l="30" c="22" n="__PST__g__32" t="7" d="1"/>
<D id="72" f="9" l="23" c="21" n="__PST__g__25" t="7" d="1"/>
<D id="73" f="9" l="31" c="22" n="__PST__g__33" t="7" d="1"/>
<D id="74" f="9" l="33" c="21" n="__PST__g__40" t="7" d="1"/>
<D id="75" f="9" l="11" c="14" n="__PST__FLOAT32" t="7" d="1"/>
<D id="76" f="9" l="32" c="31" n="__PST__g__34" t="7" d="1"/>
<D id="77" f="9" l="34" c="30" n="__PST__g__41" t="7" d="1"/>
<D id="78" f="9" l="25" c="21" n="__PST__g__27" t="7" d="1"/>
<D id="79" f="9" l="35" c="30" n="__PST__g__42" t="7" d="1"/>
<D id="80" f="9" l="21" c="24" n="__PST__g__24" t="7" d="1"/>
<D id="81" f="11" l="42" c="5" n="main" t="2" d="1"/>
<D id="82" f="9" l="16" c="22" n="__PST__g__18" t="7" d="1"/>
<D id="83" f="9" l="24" c="23" n="__PST__g__26" t="7" d="1"/>
<D id="84" f="7" l="141" c="5" n="SnsrOffsCorrnPer1" t="2" d="1"/>
<D id="85" f="9" l="13" c="15" n="__PST__FLOAT64" t="7" d="1"/>
<D id="86" f="9" l="15" c="23" n="__PST__g__16" t="7" d="1"/>
<D id="87" f="9" l="19" c="30" n="__PST__g__20" t="7" d="1"/>
<D id="88" f="1" l="45" c="14" n="__va_list" t="7" d="1"/>
<D id="89" f="9" l="36" c="22" n="__PST__g__43" t="7" d="1"/>
<D id="90" f="9" l="27" c="22" n="__PST__g__29" t="7" d="1"/>
<D id="91" f="9" l="18" c="22" n="__PST__g__21" t="7" d="1"/>
<D id="92" f="9" l="17" c="32" n="__PST__g__19" t="7" d="1"/>
<D id="93" f="9" l="26" c="23" n="__PST__g__28" t="7" d="1"/>
<D id="94" f="9" l="37" c="22" n="__PST__g__44" t="7" d="1"/>
<D id="95" f="9" l="10" c="27" n="__PST__UINT64" t="7" d="1"/>
<D id="96" f="9" l="28" c="22" n="__PST__g__30" t="7" d="1"/>
<D id="97" f="9" l="38" c="31" n="__PST__g__45" t="7" d="1"/>
<D id="98" f="9" l="29" c="22" n="__PST__g__31" t="7" d="1"/>
<D id="99" f="1" l="50" c="18" n="__gnuc_va_list" t="7" d="1"/>
<D id="100" f="5" l="51" c="17" n="double_t" t="7" d="1"/>
<D id="101" f="4" l="62" c="44" n="Rte_Instance" t="7" d="1"/>
<D id="102" f="5" l="52" c="17" n="float_t" t="7" d="1"/>
<D id="103" f="5" l="731" c="6" n="expf" t="2" d="0"/>
<D id="104" f="5" l="741" c="6" n="sqrtf" t="2" d="0"/>
<D id="105" f="5" l="742" c="6" n="fabsf" t="2" d="0"/>
<D id="106" f="5" l="724" c="6" n="atan2f" t="2" d="0"/>
<D id="107" f="8" l="537" c="4" n="errno" t="1" d="1"/>
<D id="108" f="5" l="725" c="6" n="cosf" t="2" d="0"/>
<D id="109" f="5" l="726" c="6" n="sinf" t="2" d="0"/>
<D id="110" f="1" l="49" c="18" n="va_list" t="7" d="1"/>
<D id="111" f="5" l="748" c="6" n="fmodf" t="2" d="0"/>
<D id="112" f="3" l="140" c="10" n="sw_patch_version" t="9" d="1"/>
<D id="113" f="2" l="110" c="31" n="uint32" t="7" d="1"/>
<D id="114" f="10" l="25" c="20" n="pst_random_int" t="3" d="1"/>
<D id="115" f="6" l="400" c="31" n="Inp1" t="4" d="1"/>
<D id="116" f="11" l="25" c="20" n="pst_random_int" t="3" d="1"/>
<D id="117" f="2" l="112" c="31" n="sint8_least" t="7" d="1"/>
<D id="118" f="2" l="103" c="31" n="boolean" t="7" d="1"/>
<D id="119" f="2" l="113" c="31" n="uint8_least" t="7" d="1"/>
<D id="120" f="3" l="136" c="10" n="vendorID" t="9" d="1"/>
<D id="121" f="6" l="223" c="39" n="Inp" t="4" d="1"/>
<D id="122" f="2" l="114" c="31" n="sint16_least" t="7" d="1"/>
<D id="123" f="10" l="63" c="30" n="real_random_for_return" t="4" d="1"/>
<D id="124" f="2" l="105" c="31" n="sint8" t="7" d="1"/>
<D id="125" f="3" l="137" c="10" n="moduleID" t="9" d="1"/>
<D id="126" f="10" l="91" c="30" n="real_random_for_return" t="4" d="1"/>
<D id="127" f="8" l="161" c="21" n="size_t" t="7" d="1"/>
<D id="128" f="6" l="322" c="31" n="Inp1" t="4" d="1"/>
<D id="129" f="2" l="115" c="31" n="uint16_least" t="7" d="1"/>
<D id="130" f="6" l="480" c="29" n="Inp" t="4" d="1"/>
<D id="131" f="2" l="106" c="31" n="uint8" t="7" d="1"/>
<D id="132" f="10" l="64" c="21" n="random_for_return" t="4" d="1"/>
<D id="133" f="3" l="138" c="10" n="sw_major_version" t="9" d="1"/>
<D id="134" f="6" l="413" c="31" n="Inp1" t="4" d="1"/>
<D id="135" f="10" l="92" c="21" n="random_for_return" t="4" d="1"/>
<D id="136" f="3" l="132" c="14" n="Std_ReturnType" t="7" d="1"/>
<D id="137" f="2" l="116" c="31" n="sint32_least" t="7" d="1"/>
<D id="138" f="6" l="522" c="31" n="Inp" t="4" d="1"/>
<D id="139" f="2" l="107" c="31" n="sint16" t="7" d="1"/>
<D id="140" f="3" l="125" c="22" n="StatusType" t="7" d="1"/>
<D id="141" f="3" l="139" c="10" n="sw_minor_version" t="9" d="1"/>
<D id="142" f="10" l="27" c="31" n="pst_random_g_10" t="3" d="1"/>
<D id="143" f="6" l="210" c="16" n="Abslt_u32_s32" t="2" d="1"/>
<D id="144" f="6" l="283" c="29" n="Inp1" t="4" d="1"/>
<D id="145" f="8" l="163" c="12" n="ptrdiff_t" t="7" d="1"/>
<D id="146" f="2" l="117" c="31" n="uint32_least" t="7" d="1"/>
<D id="147" f="6" l="400" c="16" n="Max_s16" t="2" d="1"/>
<D id="148" f="2" l="108" c="31" n="uint16" t="7" d="1"/>
<D id="149" f="10" l="46" c="13" n="Rte_Read_SnsrOffsCorrn_HwAg_Val" t="2" d="1"/>
<D id="150" f="6" l="374" c="29" n="Inp1" t="4" d="1"/>
<D id="151" f="2" l="127" c="31" n="sint64" t="7" d="1"/>
<D id="152" f="10" l="74" c="13" n="Rte_Read_SnsrOffsCorrn_HwAgOffs_Val" t="2" d="1"/>
<D id="153" f="2" l="109" c="31" n="sint32" t="7" d="1"/>
<D id="154" f="6" l="602" c="33" n="Inp" t="4" d="1"/>
<D id="155" f="6" l="335" c="31" n="Inp1" t="4" d="1"/>
<D id="156" f="2" l="128" c="31" n="uint64" t="7" d="1"/>
<D id="157" f="6" l="426" c="31" n="Inp1" t="4" d="1"/>
<D id="158" f="6" l="466" c="29" n="Inp" t="4" d="1"/>
<D id="159" f="7" l="150" c="16" n="HwTqOffs_HwNwtMtr_T_f32" t="4" d="1"/>
<D id="160" f="2" l="138" c="31" n="float32" t="7" d="1"/>
<D id="161" f="6" l="550" c="33" n="Inp" t="4" d="1"/>
<D id="162" f="8" l="166" c="21" n="wchar_t" t="7" d="1"/>
<D id="163" f="8" l="571" c="13" n="_polyspace_random_int" t="5" d="1"/>
<D id="164" f="6" l="322" c="16" n="Min_u16" t="2" d="1"/>
<D id="165" f="6" l="309" c="31" n="Inp1" t="4" d="1"/>
<D id="166" f="6" l="361" c="33" n="Inp1" t="4" d="1"/>
<D id="167" f="6" l="170" c="34" n="Inp1" t="4" d="1"/>
<D id="168" f="6" l="508" c="31" n="Inp" t="4" d="1"/>
<D id="169" f="7" l="151" c="16" n="VehYawRate_VehDegPerSec_T_f32" t="4" d="1"/>
<D id="170" f="2" l="139" c="31" n="float64" t="7" d="1"/>
<D id="171" f="6" l="296" c="29" n="Inp1" t="4" d="1"/>
<D id="172" f="6" l="271" c="15" n="Sign_s08_f32" t="2" d="1"/>
<D id="173" f="6" l="413" c="16" n="Max_u16" t="2" d="1"/>
<D id="174" f="6" l="536" c="31" n="Inp" t="4" d="1"/>
<D id="175" f="6" l="210" c="37" n="Inp" t="4" d="1"/>
<D id="176" f="6" l="452" c="33" n="Inp1" t="4" d="1"/>
<D id="177" f="6" l="522" c="16" n="Lim_s32" t="2" d="1"/>
<D id="178" f="6" l="643" c="14" n="SinCos_f32" t="2" d="1"/>
<D id="179" f="6" l="387" c="29" n="Inp1" t="4" d="1"/>
<D id="180" f="7" l="152" c="16" n="VehYawRateOffs_VehDegPerSec_T_f32" t="4" d="1"/>
<D id="181" f="6" l="235" c="15" n="Sign_s08_s08" t="2" d="1"/>
<D id="182" f="8" l="3641" c="4" n="__polyspace_nb_varargs" t="1" d="1"/>
<D id="183" f="6" l="480" c="15" n="Lim_u08" t="2" d="1"/>
<D id="184" f="6" l="602" c="17" n="Exp_f32" t="2" d="1"/>
<D id="185" f="6" l="223" c="17" n="Abslt_f32_f32" t="2" d="1"/>
<D id="186" f="10" l="23" c="28" n="pst_random_char" t="3" d="1"/>
<D id="187" f="8" l="563" c="23" n="_polyspace_random_uchar" t="5" d="1"/>
<D id="188" f="6" l="170" c="17" n="Blnd_f32" t="2" d="1"/>
<D id="189" f="6" l="348" c="31" n="Inp1" t="4" d="1"/>
<D id="190" f="6" l="643" c="33" n="Inp" t="4" d="1"/>
<D id="191" f="7" l="153" c="16" n="HwAgCorrd_HwDeg_T_f32" t="4" d="1"/>
<D id="192" f="6" l="614" c="34" n="Inp" t="4" d="1"/>
<D id="193" f="11" l="23" c="28" n="pst_random_char" t="3" d="1"/>
<D id="194" f="6" l="235" c="34" n="Inp" t="4" d="1"/>
<D id="195" f="6" l="590" c="33" n="Inp" t="4" d="1"/>
<D id="196" f="6" l="494" c="31" n="Inp" t="4" d="1"/>
<D id="197" f="10" l="355" c="5" n="__PST__MAIN__ENTRY__POINT__" t="2" d="1"/>
<D id="198" f="6" l="550" c="17" n="Lim_f32" t="2" d="1"/>
<D id="199" f="6" l="439" c="31" n="Inp1" t="4" d="1"/>
<D id="200" f="10" l="74" c="62" n="P_0" t="4" d="1"/>
<D id="201" f="7" l="154" c="16" n="HwTqCorrd_HwNwtMtr_T_f32" t="4" d="1"/>
<D id="202" f="6" l="283" c="15" n="Min_s08" t="2" d="1"/>
<D id="203" f="8" l="555" c="14" n="_polyspace_random_char" t="5" d="1"/>
<D id="204" f="6" l="335" c="16" n="Min_s32" t="2" d="1"/>
<D id="205" f="6" l="361" c="17" n="Min_f32" t="2" d="1"/>
<D id="206" f="6" l="626" c="33" n="Numer" t="4" d="1"/>
<D id="207" f="6" l="650" c="17" n="InpSqd" t="4" d="1"/>
<D id="208" f="6" l="184" c="15" n="Abslt_u08_s08" t="2" d="1"/>
<D id="209" f="6" l="247" c="15" n="Sign_s08_s16" t="2" d="1"/>
<D id="210" f="6" l="374" c="15" n="Max_s08" t="2" d="1"/>
<D id="211" f="7" l="155" c="16" n="VehYawRateCorrd_VehDegPerSec_T_f32" t="4" d="1"/>
<D id="212" f="6" l="426" c="16" n="Max_s32" t="2" d="1"/>
<D id="213" f="6" l="452" c="17" n="Max_f32" t="2" d="1"/>
<D id="214" f="6" l="614" c="17" n="Sqrt_f32" t="2" d="1"/>
<D id="215" f="8" l="573" c="24" n="random" t="4" d="1"/>
<D id="216" f="6" l="651" c="17" n="SinA" t="4" d="1"/>
<D id="217" f="8" l="581" c="25" n="random" t="4" d="1"/>
<D id="218" f="6" l="271" c="36" n="Inp" t="4" d="1"/>
<D id="219" f="8" l="3640" c="7" n="__polyspace_vararg" t="1" d="1"/>
<D id="220" f="6" l="309" c="16" n="Min_s16" t="2" d="1"/>
<D id="221" f="6" l="508" c="16" n="Lim_u16" t="2" d="1"/>
<D id="222" f="7" l="147" c="16" n="HwAg_HwDeg_T_f32" t="4" d="1"/>
<D id="223" f="6" l="652" c="17" n="CosA" t="4" d="1"/>
<D id="224" f="6" l="536" c="16" n="Lim_u32" t="2" d="1"/>
<D id="225" f="6" l="466" c="15" n="Lim_s08" t="2" d="1"/>
<D id="226" f="6" l="590" c="17" n="Cos_f32" t="2" d="1"/>
<D id="227" f="7" l="148" c="16" n="HwAgOffs_HwDeg_T_f32" t="4" d="1"/>
<D id="228" f="6" l="184" c="35" n="Inp" t="4" d="1"/>
<D id="229" f="6" l="310" c="95" n="Inp2" t="4" d="1"/>
<D id="230" f="6" l="653" c="17" n="Tmp" t="4" d="1"/>
<D id="231" f="6" l="259" c="15" n="Sign_s08_s32" t="2" d="1"/>
<D id="232" f="6" l="247" c="35" n="Inp" t="4" d="1"/>
<D id="233" f="8" l="565" c="34" n="random" t="4" d="1"/>
<D id="234" f="6" l="296" c="15" n="Min_u08" t="2" d="1"/>
<D id="235" f="6" l="626" c="17" n="Mod_f32" t="2" d="1"/>
<D id="236" f="6" l="348" c="16" n="Min_u32" t="2" d="1"/>
<D id="237" f="6" l="401" c="95" n="Inp2" t="4" d="1"/>
<D id="238" f="7" l="149" c="16" n="HwTq_HwNwtMtr_T_f32" t="4" d="1"/>
<D id="239" f="8" l="587" c="23" n="_polyspace_random_ulong" t="5" d="1"/>
<D id="240" f="6" l="510" c="95" n="RngHi" t="4" d="1"/>
<D id="241" f="6" l="387" c="15" n="Max_u08" t="2" d="1"/>
<D id="242" f="6" l="494" c="16" n="Lim_s16" t="2" d="1"/>
<D id="243" f="6" l="439" c="16" n="Max_u32" t="2" d="1"/>
<D id="244" f="8" l="557" c="25" n="random" t="4" d="1"/>
<D id="245" f="6" l="649" c="15" n="Normdn" t="4" d="1"/>
<D id="246" f="6" l="565" c="17" n="Arctan2_f32" t="2" d="1"/>
<D id="247" f="8" l="594" c="16" n="_polyspace_random_double" t="5" d="1"/>
<D id="248" f="6" l="578" c="33" n="Inp" t="4" d="1"/>
<D id="249" f="8" l="579" c="14" n="_polyspace_random_long" t="5" d="1"/>
<D id="250" f="6" l="197" c="16" n="Abslt_u16_s16" t="2" d="1"/>
<D id="251" f="6" l="648" c="16" n="n" t="4" d="1"/>
<D id="252" f="6" l="440" c="95" n="Inp2" t="4" d="1"/>
<D id="253" f="6" l="259" c="35" n="Inp" t="4" d="1"/>
<D id="254" f="6" l="323" c="95" n="Inp2" t="4" d="1"/>
<D id="255" f="10" l="46" c="58" n="P_0" t="4" d="1"/>
<D id="256" f="6" l="414" c="95" n="Inp2" t="4" d="1"/>
<D id="257" f="6" l="523" c="95" n="RngLo" t="4" d="1"/>
<D id="258" f="6" l="565" c="37" n="Numer" t="4" d="1"/>
<D id="259" f="6" l="481" c="94" n="RngLo" t="4" d="1"/>
<D id="260" f="6" l="578" c="17" n="Sin_f32" t="2" d="1"/>
<D id="261" f="6" l="524" c="95" n="RngHi" t="4" d="1"/>
<D id="262" f="8" l="589" c="34" n="random" t="4" d="1"/>
<D id="263" f="6" l="482" c="94" n="RngHi" t="4" d="1"/>
<D id="264" f="6" l="197" c="37" n="Inp" t="4" d="1"/>
<D id="265" f="8" l="596" c="27" n="random" t="4" d="1"/>
<D id="266" f="6" l="336" c="95" n="Inp2" t="4" d="1"/>
<D id="267" f="6" l="362" c="96" n="Inp2" t="4" d="1"/>
<D id="268" f="6" l="171" c="97" n="Inp2" t="4" d="1"/>
<D id="269" f="6" l="427" c="95" n="Inp2" t="4" d="1"/>
<D id="270" f="6" l="453" c="96" n="Inp2" t="4" d="1"/>
<D id="271" f="6" l="172" c="97" n="Fac" t="4" d="1"/>
<D id="272" f="6" l="284" c="86" n="Inp2" t="4" d="1"/>
<D id="273" f="6" l="509" c="95" n="RngLo" t="4" d="1"/>
<D id="274" f="6" l="537" c="95" n="RngLo" t="4" d="1"/>
<D id="275" f="6" l="375" c="86" n="Inp2" t="4" d="1"/>
<D id="276" f="6" l="467" c="94" n="RngLo" t="4" d="1"/>
<D id="277" f="6" l="538" c="95" n="RngHi" t="4" d="1"/>
<D id="278" f="6" l="468" c="94" n="RngHi" t="4" d="1"/>
<D id="279" f="6" l="349" c="95" n="Inp2" t="4" d="1"/>
<D id="280" f="6" l="495" c="95" n="RngLo" t="4" d="1"/>
<D id="281" f="6" l="297" c="86" n="Inp2" t="4" d="1"/>
<D id="282" f="6" l="496" c="95" n="RngHi" t="4" d="1"/>
<D id="283" f="6" l="388" c="86" n="Inp2" t="4" d="1"/>
</Definitions>
<Uses>
<U id="1" f="10" l="111" c="12" d="39" a="0"/>
<U id="2" f="10" l="130" c="49" d="80" a="0"/>
<U id="3" f="10" l="120" c="41" d="18" a="0"/>
<U id="4" f="6" l="700" c="122" d="223" a="0"/>
<U id="5" f="10" l="121" c="15" d="1" a="0"/>
<U id="6" f="10" l="204" c="41" d="2" a="0"/>
<U id="7" f="10" l="111" c="34" d="142" a="0"/>
<U id="8" f="6" l="701" c="122" d="223" a="0"/>
<U id="9" f="10" l="111" c="16" d="114" a="0"/>
<U id="10" f="6" l="705" c="120" d="223" a="0"/>
<U id="11" f="6" l="720" c="122" d="223" a="0"/>
<U id="12" f="6" l="680" c="120" d="223" a="0"/>
<U id="13" f="10" l="224" c="41" d="6" a="0"/>
<U id="14" f="6" l="721" c="122" d="223" a="0"/>
<U id="15" f="6" l="740" c="122" d="223" a="0"/>
<U id="16" f="10" l="205" c="15" d="5" a="0"/>
<U id="17" f="6" l="715" c="121" d="223" a="0"/>
<U id="18" f="6" l="706" c="121" d="223" a="0"/>
<U id="19" f="6" l="741" c="122" d="223" a="0"/>
<U id="20" f="10" l="102" c="45" d="80" a="0"/>
<U id="21" f="10" l="244" c="41" d="8" a="0"/>
<U id="22" f="6" l="675" c="119" d="223" a="0"/>
<U id="23" f="10" l="304" c="43" d="9" a="0"/>
<U id="24" f="10" l="305" c="15" d="12" a="0"/>
<U id="25" f="6" l="725" c="121" d="223" a="0"/>
<U id="26" f="6" l="681" c="121" d="223" a="0"/>
<U id="27" f="6" l="716" c="121" d="223" a="0"/>
<U id="28" f="10" l="203" c="17" d="59" a="0"/>
<U id="29" f="10" l="344" c="41" d="10" a="0"/>
<U id="30" f="10" l="113" c="17" d="142" a="0"/>
<U id="31" f="10" l="216" c="51" d="75" a="0"/>
<U id="32" f="6" l="685" c="119" d="223" a="0"/>
<U id="33" f="10" l="139" c="12" d="17" a="0"/>
<U id="34" f="6" l="735" c="121" d="223" a="0"/>
<U id="35" f="6" l="726" c="121" d="223" a="0"/>
<U id="36" f="10" l="358" c="20" d="81" a="0"/>
<U id="37" f="10" l="141" c="17" d="142" a="0"/>
<U id="38" f="10" l="303" c="17" d="75" a="0"/>
<U id="39" f="10" l="225" c="15" d="7" a="0"/>
<U id="40" f="10" l="167" c="12" d="45" a="0"/>
<U id="41" f="10" l="264" c="41" d="13" a="0"/>
<U id="42" f="6" l="736" c="121" d="223" a="0"/>
<U id="43" f="10" l="324" c="43" d="15" a="0"/>
<U id="44" f="10" l="325" c="15" d="20" a="0"/>
<U id="45" f="10" l="195" c="12" d="47" a="0"/>
<U id="46" f="10" l="223" c="17" d="59" a="0"/>
<U id="47" f="10" l="236" c="51" d="75" a="0"/>
<U id="48" f="6" l="676" c="120" d="223" a="0"/>
<U id="49" f="6" l="746" c="121" d="223" a="0"/>
<U id="50" f="10" l="109" c="15" d="114" a="0"/>
<U id="51" f="10" l="323" c="17" d="75" a="0"/>
<U id="52" f="10" l="245" c="15" d="11" a="0"/>
<U id="53" f="6" l="695" c="120" d="223" a="0"/>
<U id="54" f="6" l="686" c="120" d="223" a="0"/>
<U id="55" f="10" l="148" c="41" d="21" a="0"/>
<U id="56" f="6" l="747" c="121" d="223" a="0"/>
<U id="57" f="10" l="137" c="15" d="114" a="0"/>
<U id="58" f="10" l="345" c="15" d="14" a="0"/>
<U id="59" f="10" l="176" c="41" d="23" a="0"/>
<U id="60" f="10" l="243" c="17" d="59" a="0"/>
<U id="61" f="10" l="165" c="15" d="114" a="0"/>
<U id="62" f="10" l="193" c="15" d="114" a="0"/>
<U id="63" f="10" l="343" c="17" d="59" a="0"/>
<U id="64" f="10" l="265" c="15" d="19" a="0"/>
<U id="65" f="6" l="696" c="121" d="223" a="0"/>
<U id="66" f="10" l="158" c="51" d="80" a="0"/>
<U id="67" f="7" l="168" c="132" d="41" a="0"/>
<U id="68" f="10" l="263" c="17" d="59" a="0"/>
<U id="69" f="10" l="149" c="15" d="25" a="0"/>
<U id="70" f="10" l="284" c="43" d="31" a="0"/>
<U id="71" f="10" l="285" c="15" d="35" a="0"/>
<U id="72" f="10" l="139" c="34" d="142" a="0"/>
<U id="73" f="10" l="119" c="17" d="59" a="0"/>
<U id="74" f="10" l="177" c="15" d="28" a="0"/>
<U id="75" f="10" l="139" c="16" d="114" a="0"/>
<U id="76" f="10" l="167" c="34" d="142" a="0"/>
<U id="77" f="10" l="147" c="17" d="59" a="0"/>
<U id="78" f="10" l="283" c="17" d="75" a="0"/>
<U id="79" f="10" l="167" c="16" d="114" a="0"/>
<U id="80" f="10" l="195" c="34" d="142" a="0"/>
<U id="81" f="10" l="175" c="17" d="59" a="0"/>
<U id="82" f="10" l="195" c="16" d="114" a="0"/>
<U id="83" f="10" l="169" c="17" d="142" a="0"/>
<U id="84" f="7" l="169" c="126" d="40" a="0"/>
<U id="85" f="7" l="170" c="158" d="30" a="0"/>
<U id="86" f="10" l="197" c="17" d="142" a="0"/>
<U id="87" f="10" l="186" c="55" d="80" a="0"/>
<U id="88" f="10" l="256" c="57" d="75" a="0"/>
<U id="89" f="8" l="11431" c="9" d="48" a="0"/>
<U id="90" f="4" l="90" c="0" d="136" a="0"/>
<U id="91" f="4" l="51" c="2" d="131" a="0"/>
<U id="92" f="4" l="91" c="0" d="136" a="0"/>
<U id="93" f="4" l="92" c="0" d="136" a="0"/>
<U id="94" f="4" l="93" c="0" d="136" a="0"/>
<U id="95" f="4" l="94" c="0" d="136" a="0"/>
<U id="96" f="4" l="95" c="0" d="160" a="0"/>
<U id="97" f="4" l="86" c="0" d="136" a="0"/>
<U id="98" f="4" l="96" c="0" d="160" a="0"/>
<U id="99" f="4" l="87" c="0" d="136" a="0"/>
<U id="100" f="4" l="97" c="0" d="160" a="0"/>
<U id="101" f="4" l="88" c="0" d="136" a="0"/>
<U id="102" f="9" l="20" c="8" d="58" a="0"/>
<U id="103" f="4" l="98" c="0" d="118" a="0"/>
<U id="104" f="1" l="50" c="8" d="88" a="0"/>
<U id="105" f="4" l="89" c="0" d="136" a="0"/>
<U id="106" f="9" l="30" c="8" d="78" a="0"/>
<U id="107" f="9" l="21" c="8" d="75" a="0"/>
<U id="108" f="9" l="12" c="8" d="58" a="0"/>
<U id="109" f="9" l="31" c="8" d="72" a="0"/>
<U id="110" f="9" l="22" c="8" d="59" a="0"/>
<U id="111" f="9" l="23" c="8" d="59" a="0"/>
<U id="112" f="9" l="14" c="8" d="58" a="0"/>
<U id="113" f="9" l="33" c="8" d="54" a="0"/>
<U id="114" f="9" l="24" c="8" d="75" a="0"/>
<U id="115" f="9" l="15" c="8" d="85" a="0"/>
<U id="116" f="9" l="25" c="8" d="59" a="0"/>
<U id="117" f="1" l="84" c="7" d="110" a="0"/>
<U id="118" f="9" l="16" c="8" d="67" a="0"/>
<U id="119" f="9" l="26" c="8" d="75" a="0"/>
<U id="120" f="9" l="36" c="8" d="55" a="0"/>
<U id="121" f="9" l="27" c="8" d="70" a="0"/>
<U id="122" f="9" l="18" c="8" d="54" a="0"/>
<U id="123" f="9" l="37" c="8" d="60" a="0"/>
<U id="124" f="9" l="28" c="8" d="93" a="0"/>
<U id="125" f="1" l="49" c="8" d="88" a="0"/>
<U id="126" f="4" l="95" c="8" d="40" a="0"/>
<U id="127" f="9" l="29" c="8" d="83" a="0"/>
<U id="128" f="4" l="96" c="8" d="41" a="0"/>
<U id="129" f="4" l="97" c="8" d="30" a="0"/>
<U id="130" f="4" l="98" c="8" d="27" a="0"/>
<U id="131" f="3" l="140" c="3" d="131" a="0"/>
<U id="132" f="10" l="46" c="0" d="59" a="0"/>
<U id="133" f="10" l="74" c="0" d="59" a="0"/>
<U id="134" f="4" l="62" c="21" d="65" a="0"/>
<U id="135" f="9" l="20" c="33" d="55" a="0"/>
<U id="136" f="1" l="84" c="39" d="110" a="0"/>
<U id="137" f="3" l="136" c="3" d="148" a="0"/>
<U id="138" f="9" l="22" c="34" d="80" a="0"/>
<U id="139" f="4" l="90" c="15" d="32" a="0"/>
<U id="140" f="3" l="137" c="3" d="148" a="0"/>
<U id="141" f="9" l="23" c="34" d="75" a="0"/>
<U id="142" f="10" l="50" c="8" d="255" a="0"/>
<U id="143" f="4" l="91" c="15" d="34" a="0"/>
<U id="144" f="4" l="94" c="59" d="160" a="0"/>
<U id="145" f="3" l="138" c="3" d="131" a="0"/>
<U id="146" f="10" l="51" c="8" d="114" a="0"/>
<U id="147" f="4" l="92" c="15" d="16" a="0"/>
<U id="148" f="9" l="32" c="17" d="55" a="0"/>
<U id="149" f="3" l="132" c="8" d="131" a="0"/>
<U id="150" f="3" l="139" c="3" d="131" a="0"/>
<U id="151" f="4" l="90" c="53" d="160" a="0"/>
<U id="152" f="9" l="26" c="52" d="75" a="0"/>
<U id="153" f="4" l="93" c="15" d="24" a="0"/>
<U id="154" f="7" l="150" c="8" d="160" a="0"/>
<U id="155" f="4" l="94" c="15" d="29" a="0"/>
<U id="156" f="9" l="34" c="17" d="54" a="0"/>
<U id="157" f="7" l="151" c="8" d="160" a="0"/>
<U id="158" f="4" l="92" c="53" d="160" a="0"/>
<U id="159" f="4" l="86" c="15" d="149" a="0"/>
<U id="160" f="9" l="35" c="17" d="59" a="0"/>
<U id="161" f="4" l="87" c="51" d="160" a="0"/>
<U id="162" f="4" l="93" c="53" d="160" a="0"/>
<U id="163" f="7" l="152" c="8" d="160" a="0"/>
<U id="164" f="9" l="17" c="17" d="85" a="0"/>
<U id="165" f="4" l="87" c="15" d="152" a="0"/>
<U id="166" f="10" l="64" c="8" d="59" a="0"/>
<U id="167" f="6" l="650" c="8" d="160" a="0"/>
<U id="168" f="9" l="26" c="36" d="75" a="0"/>
<U id="169" f="10" l="92" c="8" d="59" a="0"/>
<U id="170" f="7" l="153" c="8" d="160" a="0"/>
<U id="171" f="4" l="88" c="15" d="3" a="0"/>
<U id="172" f="4" l="89" c="51" d="160" a="0"/>
<U id="173" f="9" l="19" c="17" d="91" a="0"/>
<U id="174" f="6" l="651" c="8" d="160" a="0"/>
<U id="175" f="7" l="154" c="8" d="160" a="0"/>
<U id="176" f="4" l="89" c="15" d="4" a="0"/>
<U id="177" f="9" l="38" c="17" d="60" a="0"/>
<U id="178" f="6" l="661" c="8" d="207" a="1"/>
<U id="179" f="10" l="57" c="8" d="255" a="0"/>
<U id="180" f="6" l="652" c="8" d="160" a="0"/>
<U id="181" f="7" l="155" c="8" d="160" a="0"/>
<U id="182" f="10" l="85" c="8" d="200" a="0"/>
<U id="183" f="6" l="653" c="8" d="160" a="0"/>
<U id="184" f="4" l="91" c="57" d="160" a="0"/>
<U id="185" f="7" l="147" c="8" d="160" a="0"/>
<U id="186" f="7" l="184" c="8" d="191" a="1"/>
<U id="187" f="6" l="663" c="8" d="216" a="1"/>
<U id="188" f="7" l="148" c="8" d="160" a="0"/>
<U id="189" f="10" l="78" c="8" d="200" a="0"/>
<U id="190" f="7" l="185" c="8" d="201" a="1"/>
<U id="191" f="6" l="664" c="8" d="223" a="1"/>
<U id="192" f="4" l="86" c="47" d="160" a="0"/>
<U id="193" f="7" l="149" c="8" d="160" a="0"/>
<U id="194" f="10" l="79" c="8" d="114" a="0"/>
<U id="195" f="7" l="186" c="8" d="211" a="1"/>
<U id="196" f="6" l="656" c="8" d="230" a="1"/>
<U id="197" f="9" l="26" c="68" d="75" a="0"/>
<U id="198" f="4" l="88" c="47" d="160" a="0"/>
<U id="199" f="6" l="657" c="8" d="251" a="1"/>
<U id="200" f="6" l="648" c="8" d="153" a="0"/>
<U id="201" f="6" l="658" c="8" d="190" a="1"/>
<U id="202" f="6" l="649" c="8" d="131" a="0"/>
<U id="203" f="6" l="659" c="8" d="245" a="1"/>
<U id="204" f="10" l="102" c="0" d="59" a="0"/>
<U id="205" f="6" l="210" c="9" d="113" a="0"/>
<U id="206" f="10" l="130" c="0" d="59" a="0"/>
<U id="207" f="6" l="400" c="9" d="139" a="0"/>
<U id="208" f="6" l="322" c="9" d="148" a="0"/>
<U id="209" f="6" l="602" c="9" d="160" a="0"/>
<U id="210" f="6" l="223" c="9" d="160" a="0"/>
<U id="211" f="6" l="170" c="9" d="160" a="0"/>
<U id="212" f="6" l="413" c="9" d="148" a="0"/>
<U id="213" f="6" l="210" c="30" d="153" a="0"/>
<U id="214" f="6" l="522" c="9" d="153" a="0"/>
<U id="215" f="6" l="550" c="9" d="160" a="0"/>
<U id="216" f="6" l="200" c="40" d="148" a="0"/>
<U id="217" f="11" l="62" c="19" d="58" a="0"/>
<U id="218" f="6" l="361" c="9" d="160" a="0"/>
<U id="219" f="6" l="271" c="9" d="124" a="0"/>
<U id="220" f="10" l="216" c="0" d="59" a="0"/>
<U id="221" f="6" l="200" c="59" d="264" a="0"/>
<U id="222" f="11" l="54" c="19" d="58" a="0"/>
<U id="223" f="6" l="452" c="9" d="160" a="0"/>
<U id="224" f="6" l="614" c="9" d="160" a="0"/>
<U id="225" f="11" l="60" c="12" d="116" a="0"/>
<U id="226" f="6" l="235" c="9" d="124" a="0"/>
<U id="227" f="6" l="480" c="9" d="131" a="0"/>
<U id="228" f="10" l="316" c="0" d="75" a="0"/>
<U id="229" f="6" l="312" c="30" d="165" a="0"/>
<U id="230" f="6" l="335" c="9" d="153" a="0"/>
<U id="231" f="6" l="200" c="14" d="264" a="0"/>
<U id="232" f="11" l="52" c="12" d="116" a="0"/>
<U id="233" f="6" l="403" c="30" d="115" a="0"/>
<U id="234" f="6" l="426" c="9" d="153" a="0"/>
<U id="235" f="10" l="236" c="0" d="59" a="0"/>
<U id="236" f="6" l="590" c="9" d="160" a="0"/>
<U id="237" f="6" l="512" c="30" d="240" a="0"/>
<U id="238" f="6" l="200" c="33" d="264" a="0"/>
<U id="239" f="6" l="512" c="21" d="240" a="0"/>
<U id="240" f="6" l="283" c="9" d="124" a="0"/>
<U id="241" f="6" l="200" c="24" d="148" a="0"/>
<U id="242" f="6" l="540" c="30" d="277" a="0"/>
<U id="243" f="6" l="309" c="9" d="139" a="0"/>
<U id="244" f="6" l="213" c="40" d="113" a="0"/>
<U id="245" f="6" l="312" c="22" d="229" a="0"/>
<U id="246" f="6" l="540" c="21" d="277" a="0"/>
<U id="247" f="10" l="336" c="0" d="59" a="0"/>
<U id="248" f="6" l="184" c="9" d="131" a="0"/>
<U id="249" f="6" l="508" c="9" d="148" a="0"/>
<U id="250" f="6" l="626" c="9" d="160" a="0"/>
<U id="251" f="6" l="351" c="30" d="189" a="0"/>
<U id="252" f="11" l="46" c="11" d="116" a="0"/>
<U id="253" f="6" l="247" c="9" d="124" a="0"/>
<U id="254" f="6" l="374" c="9" d="124" a="0"/>
<U id="255" f="6" l="536" c="9" d="113" a="0"/>
<U id="256" f="6" l="403" c="22" d="237" a="0"/>
<U id="257" f="6" l="512" c="40" d="168" a="0"/>
<U id="258" f="11" l="62" c="31" d="84" a="0"/>
<U id="259" f="6" l="223" c="31" d="160" a="0"/>
<U id="260" f="6" l="400" c="24" d="139" a="0"/>
<U id="261" f="6" l="213" c="59" d="175" a="0"/>
<U id="262" f="6" l="442" c="30" d="199" a="0"/>
<U id="263" f="6" l="540" c="40" d="174" a="0"/>
<U id="264" f="10" l="256" c="0" d="59" a="0"/>
<U id="265" f="10" l="55" c="12" d="255" a="0"/>
<U id="266" f="6" l="470" c="30" d="278" a="0"/>
<U id="267" f="6" l="604" c="12" d="103" a="0"/>
<U id="268" f="11" l="64" c="12" d="84" a="0"/>
<U id="269" f="6" l="225" c="12" d="105" a="0"/>
<U id="270" f="6" l="312" c="14" d="165" a="0"/>
<U id="271" f="6" l="470" c="21" d="278" a="0"/>
<U id="272" f="10" l="83" c="12" d="200" a="0"/>
<U id="273" f="6" l="565" c="9" d="160" a="0"/>
<U id="274" f="6" l="325" c="30" d="128" a="0"/>
<U id="275" f="11" l="54" c="31" d="64" a="0"/>
<U id="276" f="6" l="348" c="9" d="113" a="0"/>
<U id="277" f="6" l="174" c="29" d="271" a="0"/>
<U id="278" f="6" l="213" c="14" d="175" a="0"/>
<U id="279" f="6" l="351" c="22" d="279" a="0"/>
<U id="280" f="6" l="466" c="9" d="124" a="0"/>
<U id="281" f="6" l="390" c="30" d="179" a="0"/>
<U id="282" f="6" l="403" c="14" d="115" a="0"/>
<U id="283" f="6" l="494" c="9" d="139" a="0"/>
<U id="284" f="6" l="416" c="30" d="134" a="0"/>
<U id="285" f="7" l="160" c="14" d="3" a="0"/>
<U id="286" f="11" l="56" c="12" d="64" a="0"/>
<U id="287" f="10" l="158" c="0" d="59" a="0"/>
<U id="288" f="10" l="74" c="49" d="80" a="0"/>
<U id="289" f="8" l="590" c="11" d="262" a="0"/>
<U id="290" f="6" l="184" c="29" d="124" a="0"/>
<U id="291" f="6" l="439" c="9" d="113" a="0"/>
<U id="292" f="6" l="442" c="22" d="252" a="0"/>
<U id="293" f="6" l="470" c="40" d="158" a="0"/>
<U id="294" f="6" l="512" c="14" d="168" a="0"/>
<U id="295" f="10" l="120" c="8" d="59" a="0"/>
<U id="296" f="10" l="276" c="0" d="75" a="0"/>
<U id="297" f="6" l="259" c="9" d="124" a="0"/>
<U id="298" f="6" l="213" c="33" d="175" a="0"/>
<U id="299" f="6" l="540" c="14" d="174" a="0"/>
<U id="300" f="6" l="580" c="12" d="109" a="0"/>
<U id="301" f="7" l="172" c="40" d="222" a="0"/>
<U id="302" f="10" l="23" c="16" d="56" a="0"/>
<U id="303" f="10" l="186" c="0" d="59" a="0"/>
<U id="304" f="6" l="296" c="9" d="131" a="0"/>
<U id="305" f="6" l="213" c="24" d="113" a="0"/>
<U id="306" f="6" l="325" c="22" d="254" a="0"/>
<U id="307" f="7" l="161" c="14" d="4" a="0"/>
<U id="308" f="11" l="23" c="16" d="56" a="0"/>
<U id="309" f="10" l="64" c="41" d="123" a="0"/>
<U id="310" f="6" l="197" c="9" d="148" a="0"/>
<U id="311" f="6" l="322" c="24" d="148" a="0"/>
<U id="312" f="6" l="351" c="14" d="189" a="0"/>
<U id="313" f="8" l="582" c="11" d="217" a="0"/>
<U id="314" f="6" l="261" c="14" d="253" a="0"/>
<U id="315" f="6" l="364" c="30" d="166" a="0"/>
<U id="316" f="6" l="526" c="30" d="261" a="0"/>
<U id="317" f="7" l="170" c="60" d="180" a="0"/>
<U id="318" f="10" l="53" c="15" d="114" a="0"/>
<U id="319" f="10" l="92" c="41" d="126" a="0"/>
<U id="320" f="6" l="387" c="9" d="131" a="0"/>
<U id="321" f="6" l="390" c="22" d="283" a="0"/>
<U id="322" f="6" l="526" c="21" d="261" a="0"/>
<U id="323" f="6" l="616" c="12" d="104" a="0"/>
<U id="324" f="6" l="700" c="25" d="36" a="0"/>
<U id="325" f="6" l="416" c="22" d="256" a="0"/>
<U id="326" f="6" l="554" c="30" d="26" a="0"/>
<U id="327" f="7" l="161" c="51" d="159" a="1"/>
<U id="328" f="10" l="81" c="15" d="114" a="0"/>
<U id="329" f="6" l="413" c="24" d="148" a="0"/>
<U id="330" f="6" l="565" c="29" d="160" a="0"/>
<U id="331" f="6" l="273" c="40" d="124" a="0"/>
<U id="332" f="6" l="442" c="14" d="199" a="0"/>
<U id="333" f="6" l="554" c="21" d="26" a="0"/>
<U id="334" f="7" l="162" c="14" d="32" a="0"/>
<U id="335" f="6" l="455" c="30" d="176" a="0"/>
<U id="336" f="6" l="522" c="24" d="153" a="0"/>
<U id="337" f="6" l="470" c="14" d="158" a="0"/>
<U id="338" f="6" l="710" c="25" d="36" a="0"/>
<U id="339" f="7" l="190" c="14" d="24" a="0"/>
<U id="340" f="10" l="296" c="0" d="75" a="0"/>
<U id="341" f="8" l="574" c="11" d="215" a="0"/>
<U id="342" f="6" l="701" c="25" d="37" a="0"/>
<U id="343" f="6" l="261" c="24" d="124" a="0"/>
<U id="344" f="6" l="325" c="14" d="128" a="0"/>
<U id="345" f="6" l="526" c="40" d="138" a="0"/>
<U id="346" f="10" l="113" c="8" d="39" a="0"/>
<U id="347" f="6" l="480" c="23" d="131" a="0"/>
<U id="348" f="6" l="578" c="9" d="160" a="0"/>
<U id="349" f="6" l="602" c="25" d="160" a="0"/>
<U id="350" f="6" l="338" c="30" d="155" a="0"/>
<U id="351" f="7" l="163" c="14" d="34" a="0"/>
<U id="352" f="6" l="364" c="22" d="267" a="0"/>
<U id="353" f="6" l="554" c="40" d="161" a="0"/>
<U id="354" f="6" l="720" c="25" d="36" a="0"/>
<U id="355" f="7" l="170" c="52" d="198" a="0"/>
<U id="356" f="6" l="390" c="14" d="179" a="0"/>
<U id="357" f="6" l="592" c="12" d="108" a="0"/>
<U id="358" f="6" l="711" c="25" d="37" a="0"/>
<U id="359" f="7" l="184" c="40" d="191" a="0"/>
<U id="360" f="7" l="191" c="14" d="29" a="0"/>
<U id="361" f="10" l="141" c="8" d="17" a="0"/>
<U id="362" f="6" l="416" c="14" d="134" a="0"/>
<U id="363" f="6" l="484" c="30" d="263" a="0"/>
<U id="364" f="6" l="568" c="19" d="258" a="0"/>
<U id="365" f="6" l="661" c="23" d="190" a="0"/>
<U id="366" f="8" l="566" c="11" d="233" a="0"/>
<U id="367" f="6" l="429" c="30" d="157" a="0"/>
<U id="368" f="6" l="484" c="21" d="263" a="0"/>
<U id="369" f="6" l="663" c="31" d="207" a="0"/>
<U id="370" f="6" l="710" c="35" d="216" a="0"/>
<U id="371" f="10" l="204" c="8" d="59" a="0"/>
<U id="372" f="6" l="455" c="22" d="270" a="0"/>
<U id="373" f="6" l="657" c="20" d="230" a="0"/>
<U id="374" f="6" l="730" c="25" d="36" a="0"/>
<U id="375" f="7" l="170" c="16" d="180" a="1"/>
<U id="376" f="6" l="273" c="14" d="218" a="0"/>
<U id="377" f="6" l="721" c="25" d="37" a="0"/>
<U id="378" f="7" l="180" c="43" d="238" a="0"/>
<U id="379" f="10" l="65" c="15" d="132" a="0"/>
<U id="380" f="6" l="550" c="25" d="160" a="0"/>
<U id="381" f="6" l="286" c="30" d="144" a="0"/>
<U id="382" f="6" l="174" c="14" d="167" a="0"/>
<U id="383" f="6" l="187" c="39" d="131" a="0"/>
<U id="384" f="10" l="304" c="8" d="75" a="0"/>
<U id="385" f="10" l="27" c="16" d="75" a="0"/>
<U id="386" f="10" l="55" c="34" d="142" a="0"/>
<U id="387" f="10" l="93" c="15" d="135" a="0"/>
<U id="388" f="6" l="171" c="89" d="160" a="0"/>
<U id="389" f="6" l="283" c="23" d="124" a="0"/>
<U id="390" f="6" l="338" c="22" d="266" a="0"/>
<U id="391" f="6" l="711" c="35" d="223" a="0"/>
<U id="392" f="6" l="740" c="25" d="36" a="0"/>
<U id="393" f="7" l="180" c="16" d="201" a="1"/>
<U id="394" f="7" l="190" c="52" d="201" a="0"/>
<U id="395" f="8" l="558" c="11" d="244" a="0"/>
<U id="396" f="6" l="335" c="24" d="153" a="0"/>
<U id="397" f="6" l="361" c="25" d="160" a="0"/>
<U id="398" f="6" l="237" c="14" d="194" a="0"/>
<U id="399" f="6" l="364" c="14" d="166" a="0"/>
<U id="400" f="6" l="484" c="40" d="130" a="0"/>
<U id="401" f="6" l="526" c="14" d="138" a="0"/>
<U id="402" f="6" l="731" c="25" d="37" a="0"/>
<U id="403" f="10" l="55" c="16" d="114" a="0"/>
<U id="404" f="10" l="83" c="34" d="142" a="0"/>
<U id="405" f="6" l="170" c="26" d="160" a="0"/>
<U id="406" f="6" l="377" c="30" d="150" a="0"/>
<U id="407" f="7" l="169" c="39" d="198" a="0"/>
<U id="408" f="7" l="184" c="32" d="198" a="0"/>
<U id="409" f="6" l="554" c="14" d="161" a="0"/>
<U id="410" f="6" l="629" c="12" d="111" a="0"/>
<U id="411" f="6" l="730" c="35" d="223" a="0"/>
<U id="412" f="10" l="106" c="8" d="39" a="0"/>
<U id="413" f="10" l="63" c="17" d="59" a="0"/>
<U id="414" f="10" l="83" c="16" d="114" a="0"/>
<U id="415" f="6" l="197" c="30" d="139" a="0"/>
<U id="416" f="6" l="374" c="23" d="124" a="0"/>
<U id="417" f="6" l="429" c="22" d="269" a="0"/>
<U id="418" f="6" l="172" c="89" d="160" a="0"/>
<U id="419" f="6" l="426" c="24" d="153" a="0"/>
<U id="420" f="6" l="452" c="25" d="160" a="0"/>
<U id="421" f="6" l="455" c="14" d="176" a="0"/>
<U id="422" f="6" l="657" c="12" d="153" a="0"/>
<U id="423" f="6" l="741" c="25" d="37" a="0"/>
<U id="424" f="7" l="181" c="16" d="211" a="1"/>
<U id="425" f="10" l="224" c="8" d="59" a="0"/>
<U id="426" f="10" l="360" c="8" d="81" a="0"/>
<U id="427" f="10" l="91" c="17" d="59" a="0"/>
<U id="428" f="7" l="162" c="53" d="169" a="1"/>
<U id="429" f="7" l="172" c="16" d="191" a="1"/>
<U id="430" f="10" l="134" c="8" d="17" a="0"/>
<U id="431" f="6" l="200" c="48" d="139" a="0"/>
<U id="432" f="6" l="286" c="22" d="272" a="0"/>
<U id="433" f="6" l="237" c="24" d="124" a="0"/>
<U id="434" f="6" l="658" c="30" d="251" a="0"/>
<U id="435" f="6" l="670" c="34" d="216" a="0"/>
<U id="436" f="6" l="731" c="35" d="216" a="0"/>
<U id="437" f="7" l="173" c="43" d="238" a="0"/>
<U id="438" f="6" l="309" c="24" d="139" a="0"/>
<U id="439" f="6" l="312" c="37" d="229" a="0"/>
<U id="440" f="6" l="338" c="14" d="155" a="0"/>
<U id="441" f="6" l="658" c="21" d="160" a="0"/>
<U id="442" f="6" l="664" c="23" d="207" a="0"/>
<U id="443" f="6" l="670" c="25" d="36" a="0"/>
<U id="444" f="6" l="705" c="25" d="36" a="0"/>
<U id="445" f="7" l="181" c="53" d="169" a="0"/>
<U id="446" f="10" l="107" c="8" d="114" a="0"/>
<U id="447" f="10" l="162" c="8" d="45" a="0"/>
<U id="448" f="10" l="324" c="8" d="75" a="0"/>
<U id="449" f="6" l="508" c="24" d="148" a="0"/>
<U id="450" f="6" l="604" c="17" d="154" a="0"/>
<U id="451" f="6" l="377" c="22" d="275" a="0"/>
<U id="452" f="6" l="568" c="12" d="106" a="0"/>
<U id="453" f="6" l="700" c="74" d="216" a="0"/>
<U id="454" f="7" l="173" c="16" d="201" a="1"/>
<U id="455" f="8" l="597" c="11" d="265" a="0"/>
<U id="456" f="6" l="536" c="24" d="113" a="0"/>
<U id="457" f="6" l="643" c="25" d="160" a="0"/>
<U id="458" f="6" l="484" c="14" d="130" a="0"/>
<U id="459" f="6" l="512" c="64" d="168" a="0"/>
<U id="460" f="7" l="158" c="14" d="149" a="0"/>
<U id="461" f="7" l="168" c="50" d="159" a="0"/>
<U id="462" f="10" l="135" c="8" d="114" a="0"/>
<U id="463" f="10" l="190" c="8" d="47" a="0"/>
<U id="464" f="6" l="466" c="23" d="124" a="0"/>
<U id="465" f="6" l="614" c="26" d="160" a="0"/>
<U id="466" f="6" l="403" c="37" d="237" a="0"/>
<U id="467" f="6" l="429" c="14" d="157" a="0"/>
<U id="468" f="6" l="663" c="15" d="190" a="0"/>
<U id="469" f="6" l="671" c="34" d="223" a="0"/>
<U id="470" f="6" l="680" c="25" d="36" a="0"/>
<U id="471" f="6" l="715" c="25" d="36" a="0"/>
<U id="472" f="6" l="590" c="25" d="160" a="0"/>
<U id="473" f="6" l="540" c="64" d="174" a="0"/>
<U id="474" f="6" l="656" c="32" d="190" a="0"/>
<U id="475" f="6" l="671" c="25" d="37" a="0"/>
<U id="476" f="6" l="706" c="25" d="37" a="0"/>
<U id="477" f="7" l="179" c="40" d="222" a="0"/>
<U id="478" f="6" l="249" c="14" d="232" a="0"/>
<U id="479" f="10" l="163" c="8" d="114" a="0"/>
<U id="480" f="10" l="244" c="8" d="59" a="0"/>
<U id="481" f="10" l="46" c="45" d="80" a="0"/>
<U id="482" f="6" l="187" c="32" d="228" a="0"/>
<U id="483" f="6" l="286" c="14" d="144" a="0"/>
<U id="484" f="6" l="690" c="34" d="223" a="0"/>
<U id="485" f="6" l="701" c="74" d="216" a="0"/>
<U id="486" f="7" l="174" c="16" d="211" a="1"/>
<U id="487" f="6" l="299" c="30" d="171" a="0"/>
<U id="488" f="6" l="690" c="25" d="36" a="0"/>
<U id="489" f="6" l="725" c="25" d="36" a="0"/>
<U id="490" f="7" l="159" c="14" d="152" a="0"/>
<U id="491" f="6" l="187" c="14" d="228" a="0"/>
<U id="492" f="6" l="498" c="30" d="282" a="0"/>
<U id="493" f="6" l="681" c="25" d="37" a="0"/>
<U id="494" f="6" l="716" c="25" d="37" a="0"/>
<U id="495" f="10" l="191" c="8" d="114" a="0"/>
<U id="496" f="6" l="296" c="23" d="131" a="0"/>
<U id="497" f="6" l="626" c="25" d="160" a="0"/>
<U id="498" f="6" l="225" c="18" d="121" a="0"/>
<U id="499" f="6" l="498" c="21" d="282" a="0"/>
<U id="500" f="6" l="580" c="17" d="248" a="0"/>
<U id="501" f="6" l="661" c="17" d="190" a="0"/>
<U id="502" f="6" l="720" c="74" d="216" a="0"/>
<U id="503" f="10" l="344" c="8" d="59" a="0"/>
<U id="504" f="10" l="57" c="17" d="142" a="0"/>
<U id="505" f="6" l="348" c="24" d="113" a="0"/>
<U id="506" f="6" l="351" c="37" d="279" a="0"/>
<U id="507" f="6" l="377" c="14" d="150" a="0"/>
<U id="508" f="7" l="174" c="53" d="169" a="0"/>
<U id="509" f="6" l="261" c="37" d="124" a="0"/>
<U id="510" f="6" l="512" c="56" d="273" a="0"/>
<U id="511" f="6" l="735" c="25" d="36" a="0"/>
<U id="512" f="7" l="159" c="51" d="227" a="1"/>
<U id="513" f="7" l="160" c="47" d="238" a="1"/>
<U id="514" f="7" l="168" c="42" d="198" a="0"/>
<U id="515" f="10" l="85" c="17" d="142" a="0"/>
<U id="516" f="6" l="249" c="24" d="124" a="0"/>
<U id="517" f="6" l="512" c="47" d="273" a="0"/>
<U id="518" f="6" l="691" c="25" d="37" a="0"/>
<U id="519" f="6" l="726" c="25" d="37" a="0"/>
<U id="520" f="7" l="185" c="43" d="201" a="0"/>
<U id="521" f="6" l="284" c="80" d="124" a="0"/>
<U id="522" f="6" l="387" c="23" d="131" a="0"/>
<U id="523" f="6" l="494" c="24" d="139" a="0"/>
<U id="524" f="6" l="470" c="64" d="158" a="0"/>
<U id="525" f="6" l="540" c="56" d="274" a="0"/>
<U id="526" f="7" l="169" c="69" d="40" a="0"/>
<U id="527" f="6" l="439" c="24" d="113" a="0"/>
<U id="528" f="6" l="442" c="37" d="252" a="0"/>
<U id="529" f="6" l="540" c="47" d="274" a="0"/>
<U id="530" f="6" l="656" c="15" d="190" a="0"/>
<U id="531" f="6" l="721" c="74" d="216" a="0"/>
<U id="532" f="6" l="187" c="24" d="131" a="0"/>
<U id="533" f="6" l="498" c="40" d="196" a="0"/>
<U id="534" f="7" l="165" c="17" d="27" a="0"/>
<U id="535" f="7" l="172" c="64" d="227" a="0"/>
<U id="536" f="10" l="264" c="8" d="59" a="0"/>
<U id="537" f="6" l="271" c="28" d="160" a="0"/>
<U id="538" f="6" l="213" c="48" d="153" a="0"/>
<U id="539" f="6" l="299" c="22" d="281" a="0"/>
<U id="540" f="6" l="658" c="14" d="190" a="0"/>
<U id="541" f="6" l="736" c="25" d="37" a="0"/>
<U id="542" f="6" l="375" c="80" d="124" a="0"/>
<U id="543" f="6" l="740" c="74" d="216" a="0"/>
<U id="544" f="6" l="174" c="45" d="271" a="0"/>
<U id="545" f="6" l="273" c="27" d="124" a="0"/>
<U id="546" f="6" l="325" c="37" d="254" a="0"/>
<U id="547" f="6" l="691" c="35" d="216" a="0"/>
<U id="548" f="7" l="189" c="14" d="16" a="0"/>
<U id="549" f="6" l="235" c="28" d="124" a="0"/>
<U id="550" f="6" l="746" c="25" d="36" a="0"/>
<U id="551" f="6" l="390" c="37" d="283" a="0"/>
<U id="552" f="7" l="185" c="35" d="198" a="0"/>
<U id="553" f="6" l="416" c="37" d="256" a="0"/>
<U id="554" f="6" l="470" c="56" d="276" a="0"/>
<U id="555" f="6" l="616" c="18" d="192" a="0"/>
<U id="556" f="6" l="656" c="89" d="190" a="0"/>
<U id="557" f="6" l="680" c="73" d="216" a="0"/>
<U id="558" f="6" l="741" c="74" d="216" a="0"/>
<U id="559" f="7" l="168" c="16" d="159" a="1"/>
<U id="560" f="6" l="470" c="47" d="276" a="0"/>
<U id="561" f="6" l="592" c="17" d="195" a="0"/>
<U id="562" f="6" l="706" c="73" d="216" a="0"/>
<U id="563" f="6" l="629" c="25" d="33" a="0"/>
<U id="564" f="6" l="675" c="25" d="36" a="0"/>
<U id="565" f="7" l="186" c="53" d="211" a="0"/>
<U id="566" f="6" l="299" c="14" d="171" a="0"/>
<U id="567" f="6" l="747" c="25" d="37" a="0"/>
<U id="568" f="10" l="148" c="8" d="59" a="0"/>
<U id="569" f="10" l="284" c="8" d="75" a="0"/>
<U id="570" f="6" l="498" c="14" d="196" a="0"/>
<U id="571" f="6" l="526" c="64" d="138" a="0"/>
<U id="572" f="6" l="705" c="74" d="216" a="0"/>
<U id="573" f="6" l="725" c="73" d="216" a="0"/>
<U id="574" f="6" l="716" c="73" d="216" a="0"/>
<U id="575" f="7" l="169" c="16" d="227" a="1"/>
<U id="576" f="6" l="554" c="64" d="161" a="0"/>
<U id="577" f="6" l="685" c="25" d="36" a="0"/>
<U id="578" f="7" l="173" c="65" d="159" a="0"/>
<U id="579" f="10" l="176" c="8" d="59" a="0"/>
<U id="580" f="6" l="237" c="37" d="124" a="0"/>
<U id="581" f="6" l="364" c="37" d="267" a="0"/>
<U id="582" f="6" l="676" c="25" d="37" a="0"/>
<U id="583" f="6" l="715" c="74" d="216" a="0"/>
<U id="584" f="6" l="735" c="73" d="216" a="0"/>
<U id="585" f="7" l="179" c="16" d="191" a="1"/>
<U id="586" f="7" l="189" c="52" d="191" a="0"/>
<U id="587" f="6" l="297" c="80" d="131" a="0"/>
<U id="588" f="6" l="310" c="88" d="139" a="0"/>
<U id="589" f="6" l="695" c="25" d="36" a="0"/>
<U id="590" f="6" l="455" c="37" d="270" a="0"/>
<U id="591" f="6" l="686" c="25" d="37" a="0"/>
<U id="592" f="7" l="163" c="57" d="180" a="1"/>
<U id="593" f="7" l="186" c="45" d="198" a="0"/>
<U id="594" f="6" l="247" c="28" d="139" a="0"/>
<U id="595" f="7" l="170" c="95" d="30" a="0"/>
<U id="596" f="6" l="174" c="38" d="268" a="0"/>
<U id="597" f="6" l="526" c="56" d="257" a="0"/>
<U id="598" f="6" l="659" c="34" d="251" a="0"/>
<U id="599" f="6" l="681" c="74" d="216" a="0"/>
<U id="600" f="6" l="388" c="80" d="131" a="0"/>
<U id="601" f="6" l="401" c="88" d="139" a="0"/>
<U id="602" f="6" l="578" c="25" d="160" a="0"/>
<U id="603" f="6" l="526" c="47" d="257" a="0"/>
<U id="604" f="6" l="338" c="37" d="266" a="0"/>
<U id="605" f="6" l="484" c="64" d="130" a="0"/>
<U id="606" f="6" l="554" c="56" d="22" a="0"/>
<U id="607" f="6" l="696" c="25" d="37" a="0"/>
<U id="608" f="6" l="510" c="88" d="148" a="0"/>
<U id="609" f="6" l="554" c="47" d="22" a="0"/>
<U id="610" f="10" l="358" c="8" d="58" a="0"/>
<U id="611" f="6" l="667" c="17" d="245" a="0"/>
<U id="612" f="6" l="685" c="72" d="216" a="0"/>
<U id="613" f="6" l="726" c="74" d="216" a="0"/>
<U id="614" f="6" l="568" c="26" d="38" a="0"/>
<U id="615" f="6" l="429" c="37" d="269" a="0"/>
<U id="616" f="6" l="629" c="18" d="206" a="0"/>
<U id="617" f="10" l="169" c="8" d="45" a="0"/>
<U id="618" f="6" l="249" c="37" d="124" a="0"/>
<U id="619" f="6" l="675" c="73" d="216" a="0"/>
<U id="620" f="6" l="736" c="74" d="216" a="0"/>
<U id="621" f="7" l="191" c="58" d="211" a="0"/>
<U id="622" f="6" l="286" c="37" d="272" a="0"/>
<U id="623" f="6" l="659" c="26" d="113" a="0"/>
<U id="624" f="6" l="747" c="73" d="216" a="0"/>
<U id="625" f="10" l="197" c="8" d="47" a="0"/>
<U id="626" f="6" l="187" c="46" d="124" a="0"/>
<U id="627" f="6" l="659" c="17" d="131" a="0"/>
<U id="628" f="6" l="484" c="56" d="259" a="0"/>
<U id="629" f="6" l="440" c="88" d="113" a="0"/>
<U id="630" f="6" l="484" c="47" d="259" a="0"/>
<U id="631" f="6" l="746" c="74" d="216" a="0"/>
<U id="632" f="7" l="158" c="47" d="222" a="1"/>
<U id="633" f="7" l="174" c="85" d="180" a="0"/>
<U id="634" f="6" l="259" c="28" d="153" a="0"/>
<U id="635" f="6" l="377" c="37" d="275" a="0"/>
<U id="636" f="6" l="676" c="73" d="216" a="0"/>
<U id="637" f="6" l="551" c="96" d="160" a="0"/>
<U id="638" f="6" l="323" c="88" d="148" a="0"/>
<U id="639" f="6" l="695" c="73" d="216" a="0"/>
<U id="640" f="6" l="187" c="56" d="228" a="0"/>
<U id="641" f="6" l="414" c="88" d="148" a="0"/>
<U id="642" f="6" l="552" c="96" d="160" a="0"/>
<U id="643" f="7" l="168" c="75" d="41" a="0"/>
<U id="644" f="7" l="169" c="47" d="227" a="0"/>
<U id="645" f="6" l="523" c="88" d="153" a="0"/>
<U id="646" f="6" l="686" c="74" d="216" a="0"/>
<U id="647" f="6" l="498" c="64" d="196" a="0"/>
<U id="648" f="6" l="362" c="88" d="160" a="0"/>
<U id="649" f="6" l="524" c="88" d="153" a="0"/>
<U id="650" f="6" l="299" c="37" d="281" a="0"/>
<U id="651" f="6" l="644" c="96" d="160" a="0"/>
<U id="652" f="6" l="696" c="74" d="216" a="0"/>
<U id="653" f="6" l="453" c="88" d="160" a="0"/>
<U id="654" f="6" l="481" c="88" d="131" a="0"/>
<U id="655" f="6" l="645" c="96" d="160" a="0"/>
<U id="656" f="6" l="336" c="88" d="153" a="0"/>
<U id="657" f="6" l="498" c="56" d="280" a="0"/>
<U id="658" f="6" l="627" c="96" d="160" a="0"/>
<U id="659" f="6" l="498" c="47" d="280" a="0"/>
<U id="660" f="6" l="482" c="88" d="131" a="0"/>
<U id="661" f="6" l="427" c="88" d="153" a="0"/>
<U id="662" f="6" l="509" c="88" d="148" a="0"/>
<U id="663" f="6" l="566" c="96" d="160" a="0"/>
<U id="664" f="6" l="537" c="88" d="113" a="0"/>
<U id="665" f="6" l="538" c="88" d="113" a="0"/>
<U id="666" f="6" l="349" c="88" d="113" a="0"/>
<U id="667" f="6" l="467" c="88" d="124" a="0"/>
<U id="668" f="6" l="495" c="88" d="139" a="0"/>
<U id="669" f="6" l="468" c="88" d="124" a="0"/>
<U id="670" f="6" l="496" c="88" d="139" a="0"/>
</Uses>
<Blocks>
<B id="1" t="routine" f="7" l="96" c="5">
<BEGIN l="97" c="0"/>
<END l="107" c="0"/>
</B>
<B id="2" t="else" f="7" l="176" c="8">
<BEGIN l="177" c="8"/>
<END l="182" c="8"/>
</B>
<B id="3" t="if" f="7" l="165" c="8">
<BEGIN l="166" c="8"/>
<END l="175" c="8"/>
<ELSE d="2"/>
</B>
<B id="4" t="routine" f="7" l="141" c="5">
<BEGIN l="142" c="0"/>
<END l="196" c="0"/>
<SUB d="3"/>
</B>
<B id="5" t="ppcif" f="12" l="15" c="0">
<BEGIN l="15" c="27"/>
<END l="330" c="0"/>
</B>
<B id="6" t="ppcif" f="12" l="25" c="0">
<BEGIN l="25" c="19"/>
<END l="155" c="0"/>
</B>
<B id="7" t="ppcrmif" f="12" l="46" c="0">
<BEGIN l="46" c="93"/>
<END l="91" c="0"/>
</B>
<B id="8" t="ppcrmif" f="12" l="94" c="0">
<BEGIN l="94" c="91"/>
<END l="153" c="0"/>
</B>
<B id="9" t="ppcrmelse" f="12" l="155" c="0">
<BEGIN l="155" c="35"/>
<END l="328" c="0"/>
</B>
<B id="10" t="ppcif" f="13" l="11" c="0">
<BEGIN l="11" c="27"/>
<END l="36" c="0"/>
</B>
<B id="11" t="ppcrmif" f="13" l="14" c="0">
<BEGIN l="14" c="19"/>
<END l="29" c="0"/>
</B>
<B id="12" t="ppcelse" f="13" l="29" c="0">
<BEGIN l="29" c="5"/>
<END l="33" c="0"/>
</B>
<B id="13" t="ppcif" f="1" l="22" c="0">
<BEGIN l="22" c="17"/>
<END l="109" c="0"/>
</B>
<B id="14" t="ppcrmif" f="1" l="39" c="0">
<BEGIN l="39" c="66"/>
<END l="43" c="0"/>
</B>
<B id="15" t="ppcelse" f="1" l="43" c="0">
<BEGIN l="43" c="60"/>
<END l="47" c="0"/>
</B>
<B id="16" t="ppcrmif" f="1" l="52" c="0">
<BEGIN l="52" c="18"/>
<END l="58" c="0"/>
</B>
<B id="17" t="ppcrmif" f="1" l="62" c="0">
<BEGIN l="62" c="33"/>
<END l="80" c="0"/>
</B>
<B id="18" t="ppcelse" f="1" l="80" c="0">
<BEGIN l="80" c="31"/>
<END l="93" c="0"/>
</B>
<B id="19" t="ppcrmif" f="1" l="96" c="0">
<BEGIN l="96" c="14"/>
<END l="106" c="0"/>
</B>
<B id="20" t="ppcif" f="14" l="3" c="0">
<BEGIN l="3" c="29"/>
<END l="348" c="0"/>
</B>
<B id="21" t="ppcif" f="14" l="61" c="0">
<BEGIN l="63" c="27"/>
<END l="66" c="0"/>
</B>
<B id="22" t="ppcrmif" f="14" l="165" c="0">
<BEGIN l="165" c="17"/>
<END l="206" c="0"/>
</B>
<B id="23" t="ppcrmif" f="14" l="209" c="0">
<BEGIN l="209" c="37"/>
<END l="211" c="0"/>
</B>
<B id="24" t="ppcrmif" f="14" l="213" c="0">
<BEGIN l="213" c="44"/>
<END l="321" c="0"/>
</B>
<B id="25" t="ppcif" f="14" l="323" c="0">
<BEGIN l="323" c="18"/>
<END l="346" c="0"/>
</B>
<B id="26" t="ppcrmif" f="14" l="326" c="0">
<BEGIN l="326" c="18"/>
<END l="328" c="0"/>
</B>
<B id="27" t="ppcrmif" f="14" l="329" c="0">
<BEGIN l="329" c="63"/>
<END l="331" c="0"/>
</B>
<B id="28" t="ppcrmif" f="14" l="332" c="0">
<BEGIN l="332" c="64"/>
<END l="334" c="0"/>
</B>
<B id="29" t="ppcrmif" f="14" l="335" c="0">
<BEGIN l="335" c="16"/>
<END l="340" c="0"/>
</B>
<B id="30" t="ppcif" f="14" l="343" c="0">
<BEGIN l="343" c="57"/>
<END l="345" c="0"/>
</B>
<B id="31" t="type" f="4" l="48" c="7">
<BEGIN l="48" c="27"/>
<END l="52" c="0"/>
</B>
<B id="32" t="ppcif" f="4" l="24" c="0">
<BEGIN l="24" c="28"/>
<END l="226" c="0"/>
</B>
<B id="33" t="ppcrmif" f="4" l="27" c="0">
<BEGIN l="27" c="35"/>
<END l="29" c="0"/>
</B>
<B id="34" t="ppcrmif" f="4" l="33" c="0">
<BEGIN l="33" c="19"/>
<END l="36" c="0"/>
</B>
<B id="35" t="ppcrmif" f="4" l="210" c="0">
<BEGIN l="210" c="19"/>
<END l="212" c="0"/>
</B>
<B id="36" t="ppcif" f="4" l="215" c="0">
<BEGIN l="215" c="26"/>
<END l="223" c="0"/>
</B>
<B id="37" t="ppcif" f="4" l="216" c="0">
<BEGIN l="216" c="25"/>
<END l="220" c="0"/>
</B>
<B id="38" t="ppcrmif" f="4" l="217" c="0">
<BEGIN l="217" c="37"/>
<END l="219" c="0"/>
</B>
<B id="39" t="ppcrmelse" f="4" l="220" c="0">
<BEGIN l="220" c="7"/>
<END l="222" c="0"/>
</B>
<B id="40" t="ppcif" f="15" l="24" c="0">
<BEGIN l="24" c="33"/>
<END l="55" c="0"/>
</B>
<B id="41" t="ppcrmif" f="15" l="27" c="0">
<BEGIN l="27" c="19"/>
<END l="30" c="0"/>
</B>
<B id="42" t="ppcrmif" f="15" l="39" c="0">
<BEGIN l="39" c="19"/>
<END l="41" c="0"/>
</B>
<B id="43" t="ppcif" f="15" l="44" c="0">
<BEGIN l="44" c="26"/>
<END l="52" c="0"/>
</B>
<B id="44" t="ppcif" f="15" l="45" c="0">
<BEGIN l="45" c="25"/>
<END l="49" c="0"/>
</B>
<B id="45" t="ppcrmif" f="15" l="46" c="0">
<BEGIN l="46" c="37"/>
<END l="48" c="0"/>
</B>
<B id="46" t="ppcrmelse" f="15" l="49" c="0">
<BEGIN l="49" c="7"/>
<END l="51" c="0"/>
</B>
<B id="47" t="ppcif" f="16" l="24" c="0">
<BEGIN l="24" c="19"/>
<END l="41" c="0"/>
</B>
<B id="48" t="ppcif" f="16" l="30" c="0">
<BEGIN l="30" c="26"/>
<END l="38" c="0"/>
</B>
<B id="49" t="ppcif" f="16" l="31" c="0">
<BEGIN l="31" c="25"/>
<END l="35" c="0"/>
</B>
<B id="50" t="ppcrmif" f="16" l="32" c="0">
<BEGIN l="32" c="37"/>
<END l="34" c="0"/>
</B>
<B id="51" t="ppcrmelse" f="16" l="35" c="0">
<BEGIN l="35" c="7"/>
<END l="37" c="0"/>
</B>
<B id="52" t="ppcif" f="17" l="25" c="0">
<BEGIN l="25" c="14"/>
<END l="95" c="0"/>
</B>
<B id="53" t="ppcrmif" f="17" l="41" c="0">
<BEGIN l="41" c="33"/>
<END l="43" c="0"/>
</B>
<B id="54" t="ppcrmif" f="17" l="45" c="0">
<BEGIN l="45" c="46"/>
<END l="47" c="0"/>
</B>
<B id="55" t="ppcrmif" f="17" l="49" c="0">
<BEGIN l="49" c="28"/>
<END l="51" c="0"/>
</B>
<B id="56" t="ppcif" f="17" l="84" c="0">
<BEGIN l="84" c="26"/>
<END l="92" c="0"/>
</B>
<B id="57" t="ppcrmif" f="17" l="85" c="0">
<BEGIN l="85" c="25"/>
<END l="89" c="0"/>
</B>
<B id="58" t="ppcelse" f="17" l="89" c="0">
<BEGIN l="89" c="7"/>
<END l="91" c="0"/>
</B>
<B id="59" t="type" f="3" l="135" c="0">
<BEGIN l="135" c="0"/>
<END l="141" c="0"/>
</B>
<B id="60" t="ppcif" f="3" l="56" c="0">
<BEGIN l="56" c="19"/>
<END l="154" c="0"/>
</B>
<B id="61" t="ppcif" f="3" l="122" c="0">
<BEGIN l="122" c="26"/>
<END l="126" c="0"/>
</B>
<B id="62" t="ppcif" f="2" l="43" c="0">
<BEGIN l="43" c="24"/>
<END l="150" c="0"/>
</B>
<B id="63" t="ppcif" f="2" l="81" c="0">
<BEGIN l="81" c="13"/>
<END l="83" c="0"/>
</B>
<B id="64" t="ppcif" f="2" l="85" c="0">
<BEGIN l="85" c="14"/>
<END l="87" c="0"/>
</B>
<B id="65" t="ppcrmif" f="2" l="119" c="0">
<BEGIN l="119" c="46"/>
<END l="125" c="0"/>
</B>
<B id="66" t="ppcelse" f="2" l="125" c="0">
<BEGIN l="125" c="6"/>
<END l="129" c="0"/>
</B>
<B id="67" t="ppcrmif" f="2" l="131" c="0">
<BEGIN l="131" c="46"/>
<END l="137" c="0"/>
</B>
<B id="68" t="ppcelse" f="2" l="137" c="0">
<BEGIN l="137" c="6"/>
<END l="140" c="0"/>
</B>
<B id="69" t="ppcif" f="18" l="43" c="0">
<BEGIN l="43" c="18"/>
<END l="202" c="0"/>
</B>
<B id="70" t="ppcif" f="18" l="88" c="0">
<BEGIN l="88" c="17"/>
<END l="90" c="0"/>
</B>
<B id="71" t="ppcif" f="19" l="19" c="0">
<BEGIN l="19" c="22"/>
<END l="23" c="0"/>
</B>
<B id="72" t="ppcif" f="20" l="19" c="0">
<BEGIN l="19" c="26"/>
<END l="23" c="0"/>
</B>
<B id="73" t="ppcif" f="21" l="24" c="0">
<BEGIN l="24" c="31"/>
<END l="39" c="0"/>
</B>
<B id="74" t="ppcif" f="21" l="28" c="0">
<BEGIN l="28" c="26"/>
<END l="36" c="0"/>
</B>
<B id="75" t="ppcif" f="21" l="29" c="0">
<BEGIN l="29" c="25"/>
<END l="33" c="0"/>
</B>
<B id="76" t="ppcrmif" f="21" l="30" c="0">
<BEGIN l="30" c="37"/>
<END l="32" c="0"/>
</B>
<B id="77" t="ppcrmelse" f="21" l="33" c="0">
<BEGIN l="33" c="7"/>
<END l="35" c="0"/>
</B>
<B id="78" t="ppcif" f="22" l="19" c="0">
<BEGIN l="19" c="16"/>
<END l="24" c="0"/>
</B>
<B id="79" t="ppcif" f="23" l="53" c="0">
<BEGIN l="53" c="35"/>
<END l="57" c="0"/>
</B>
<B id="80" t="ppcrmif" f="23" l="67" c="0">
<BEGIN l="67" c="48"/>
<END l="71" c="0"/>
</B>
<B id="81" t="ppcrmif" f="23" l="81" c="0">
<BEGIN l="81" c="53"/>
<END l="85" c="0"/>
</B>
<B id="82" t="ppcrmif" f="23" l="95" c="0">
<BEGIN l="95" c="51"/>
<END l="99" c="0"/>
</B>
<B id="83" t="ppcrmif" f="23" l="109" c="0">
<BEGIN l="109" c="56"/>
<END l="113" c="0"/>
</B>
<B id="84" t="ppcif" f="23" l="125" c="0">
<BEGIN l="125" c="34"/>
<END l="129" c="0"/>
</B>
<B id="85" t="ppcrmif" f="23" l="139" c="0">
<BEGIN l="139" c="47"/>
<END l="143" c="0"/>
</B>
<B id="86" t="ppcrmif" f="23" l="153" c="0">
<BEGIN l="153" c="52"/>
<END l="157" c="0"/>
</B>
<B id="87" t="ppcrmif" f="23" l="167" c="0">
<BEGIN l="167" c="50"/>
<END l="171" c="0"/>
</B>
<B id="88" t="ppcrmif" f="23" l="181" c="0">
<BEGIN l="181" c="55"/>
<END l="185" c="0"/>
</B>
<B id="89" t="ppcif" f="23" l="201" c="0">
<BEGIN l="201" c="25"/>
<END l="209" c="0"/>
</B>
<B id="90" t="ppcif" f="23" l="202" c="0">
<BEGIN l="202" c="24"/>
<END l="206" c="0"/>
</B>
<B id="91" t="ppcrmif" f="23" l="203" c="0">
<BEGIN l="203" c="36"/>
<END l="205" c="0"/>
</B>
<B id="92" t="ppcrmelse" f="23" l="206" c="0">
<BEGIN l="206" c="6"/>
<END l="208" c="0"/>
</B>
<B id="93" t="ppcif" f="6" l="21" c="0">
<BEGIN l="21" c="18"/>
<END l="757" c="0"/>
</B>
<B id="94" t="routine" f="6" l="170" c="17">
<BEGIN l="173" c="0"/>
<END l="175" c="0"/>
</B>
<B id="95" t="routine" f="6" l="184" c="15">
<BEGIN l="185" c="0"/>
<END l="188" c="0"/>
</B>
<B id="96" t="routine" f="6" l="197" c="16">
<BEGIN l="198" c="0"/>
<END l="201" c="0"/>
</B>
<B id="97" t="else" f="6" l="213" c="40">
<BEGIN l="213" c="40"/>
<END l="213" c="63"/>
</B>
<B id="98" t="if" f="6" l="213" c="22">
<BEGIN l="213" c="24"/>
<END l="213" c="36"/>
<ELSE d="97"/>
</B>
<B id="99" t="routine" f="6" l="210" c="16">
<BEGIN l="211" c="0"/>
<END l="214" c="0"/>
<SUB d="98"/>
</B>
<B id="100" t="routine" f="6" l="223" c="17">
<BEGIN l="224" c="0"/>
<END l="226" c="0"/>
</B>
<B id="101" t="else" f="6" l="237" c="37">
<BEGIN l="237" c="37"/>
<END l="237" c="45"/>
</B>
<B id="102" t="if" f="6" l="237" c="22">
<BEGIN l="237" c="24"/>
<END l="237" c="32"/>
<ELSE d="101"/>
</B>
<B id="103" t="routine" f="6" l="235" c="15">
<BEGIN l="236" c="0"/>
<END l="238" c="0"/>
<SUB d="102"/>
</B>
<B id="104" t="else" f="6" l="249" c="37">
<BEGIN l="249" c="37"/>
<END l="249" c="45"/>
</B>
<B id="105" t="if" f="6" l="249" c="22">
<BEGIN l="249" c="24"/>
<END l="249" c="32"/>
<ELSE d="104"/>
</B>
<B id="106" t="routine" f="6" l="247" c="15">
<BEGIN l="248" c="0"/>
<END l="250" c="0"/>
<SUB d="105"/>
</B>
<B id="107" t="else" f="6" l="261" c="37">
<BEGIN l="261" c="37"/>
<END l="261" c="45"/>
</B>
<B id="108" t="if" f="6" l="261" c="22">
<BEGIN l="261" c="24"/>
<END l="261" c="32"/>
<ELSE d="107"/>
</B>
<B id="109" t="routine" f="6" l="259" c="15">
<BEGIN l="260" c="0"/>
<END l="262" c="0"/>
<SUB d="108"/>
</B>
<B id="110" t="else" f="6" l="273" c="40">
<BEGIN l="273" c="40"/>
<END l="273" c="48"/>
</B>
<B id="111" t="if" f="6" l="273" c="25">
<BEGIN l="273" c="27"/>
<END l="273" c="35"/>
<ELSE d="110"/>
</B>
<B id="112" t="routine" f="6" l="271" c="15">
<BEGIN l="272" c="0"/>
<END l="274" c="0"/>
<SUB d="111"/>
</B>
<B id="113" t="routine" f="6" l="283" c="15">
<BEGIN l="285" c="0"/>
<END l="287" c="0"/>
</B>
<B id="114" t="routine" f="6" l="296" c="15">
<BEGIN l="298" c="0"/>
<END l="300" c="0"/>
</B>
<B id="115" t="routine" f="6" l="309" c="16">
<BEGIN l="311" c="0"/>
<END l="313" c="0"/>
</B>
<B id="116" t="routine" f="6" l="322" c="16">
<BEGIN l="324" c="0"/>
<END l="326" c="0"/>
</B>
<B id="117" t="else" f="6" l="338" c="37">
<BEGIN l="338" c="37"/>
<END l="338" c="40"/>
</B>
<B id="118" t="if" f="6" l="338" c="28">
<BEGIN l="338" c="30"/>
<END l="338" c="33"/>
<ELSE d="117"/>
</B>
<B id="119" t="routine" f="6" l="335" c="16">
<BEGIN l="337" c="0"/>
<END l="339" c="0"/>
<SUB d="118"/>
</B>
<B id="120" t="else" f="6" l="351" c="37">
<BEGIN l="351" c="37"/>
<END l="351" c="40"/>
</B>
<B id="121" t="if" f="6" l="351" c="28">
<BEGIN l="351" c="30"/>
<END l="351" c="33"/>
<ELSE d="120"/>
</B>
<B id="122" t="routine" f="6" l="348" c="16">
<BEGIN l="350" c="0"/>
<END l="352" c="0"/>
<SUB d="121"/>
</B>
<B id="123" t="else" f="6" l="364" c="37">
<BEGIN l="364" c="37"/>
<END l="364" c="40"/>
</B>
<B id="124" t="if" f="6" l="364" c="28">
<BEGIN l="364" c="30"/>
<END l="364" c="33"/>
<ELSE d="123"/>
</B>
<B id="125" t="routine" f="6" l="361" c="17">
<BEGIN l="363" c="0"/>
<END l="365" c="0"/>
<SUB d="124"/>
</B>
<B id="126" t="routine" f="6" l="374" c="15">
<BEGIN l="376" c="0"/>
<END l="378" c="0"/>
</B>
<B id="127" t="routine" f="6" l="387" c="15">
<BEGIN l="389" c="0"/>
<END l="391" c="0"/>
</B>
<B id="128" t="routine" f="6" l="400" c="16">
<BEGIN l="402" c="0"/>
<END l="404" c="0"/>
</B>
<B id="129" t="routine" f="6" l="413" c="16">
<BEGIN l="415" c="0"/>
<END l="417" c="0"/>
</B>
<B id="130" t="else" f="6" l="429" c="37">
<BEGIN l="429" c="37"/>
<END l="429" c="40"/>
</B>
<B id="131" t="if" f="6" l="429" c="28">
<BEGIN l="429" c="30"/>
<END l="429" c="33"/>
<ELSE d="130"/>
</B>
<B id="132" t="routine" f="6" l="426" c="16">
<BEGIN l="428" c="0"/>
<END l="430" c="0"/>
<SUB d="131"/>
</B>
<B id="133" t="else" f="6" l="442" c="37">
<BEGIN l="442" c="37"/>
<END l="442" c="40"/>
</B>
<B id="134" t="if" f="6" l="442" c="28">
<BEGIN l="442" c="30"/>
<END l="442" c="33"/>
<ELSE d="133"/>
</B>
<B id="135" t="routine" f="6" l="439" c="16">
<BEGIN l="441" c="0"/>
<END l="443" c="0"/>
<SUB d="134"/>
</B>
<B id="136" t="else" f="6" l="455" c="37">
<BEGIN l="455" c="37"/>
<END l="455" c="40"/>
</B>
<B id="137" t="if" f="6" l="455" c="28">
<BEGIN l="455" c="30"/>
<END l="455" c="33"/>
<ELSE d="136"/>
</B>
<B id="138" t="routine" f="6" l="452" c="17">
<BEGIN l="454" c="0"/>
<END l="456" c="0"/>
<SUB d="137"/>
</B>
<B id="139" t="routine" f="6" l="466" c="15">
<BEGIN l="469" c="0"/>
<END l="471" c="0"/>
</B>
<B id="140" t="routine" f="6" l="480" c="15">
<BEGIN l="483" c="0"/>
<END l="485" c="0"/>
</B>
<B id="141" t="routine" f="6" l="494" c="16">
<BEGIN l="497" c="0"/>
<END l="499" c="0"/>
</B>
<B id="142" t="routine" f="6" l="508" c="16">
<BEGIN l="511" c="0"/>
<END l="513" c="0"/>
</B>
<B id="143" t="else" f="6" l="526" c="38">
<BEGIN l="526" c="38"/>
<END l="526" c="67"/>
</B>
<B id="144" t="if" f="6" l="526" c="28">
<BEGIN l="526" c="30"/>
<END l="526" c="34"/>
<ELSE d="143"/>
</B>
<B id="145" t="routine" f="6" l="522" c="16">
<BEGIN l="525" c="0"/>
<END l="527" c="0"/>
<SUB d="144"/>
</B>
<B id="146" t="else" f="6" l="540" c="38">
<BEGIN l="540" c="38"/>
<END l="540" c="67"/>
</B>
<B id="147" t="if" f="6" l="540" c="28">
<BEGIN l="540" c="30"/>
<END l="540" c="34"/>
<ELSE d="146"/>
</B>
<B id="148" t="routine" f="6" l="536" c="16">
<BEGIN l="539" c="0"/>
<END l="541" c="0"/>
<SUB d="147"/>
</B>
<B id="149" t="else" f="6" l="554" c="38">
<BEGIN l="554" c="38"/>
<END l="554" c="67"/>
</B>
<B id="150" t="if" f="6" l="554" c="28">
<BEGIN l="554" c="30"/>
<END l="554" c="34"/>
<ELSE d="149"/>
</B>
<B id="151" t="routine" f="6" l="550" c="17">
<BEGIN l="553" c="0"/>
<END l="555" c="0"/>
<SUB d="150"/>
</B>
<B id="152" t="routine" f="6" l="565" c="17">
<BEGIN l="567" c="0"/>
<END l="569" c="0"/>
</B>
<B id="153" t="routine" f="6" l="578" c="17">
<BEGIN l="579" c="0"/>
<END l="581" c="0"/>
</B>
<B id="154" t="routine" f="6" l="590" c="17">
<BEGIN l="591" c="0"/>
<END l="593" c="0"/>
</B>
<B id="155" t="routine" f="6" l="602" c="17">
<BEGIN l="603" c="0"/>
<END l="605" c="0"/>
</B>
<B id="156" t="routine" f="6" l="614" c="17">
<BEGIN l="615" c="0"/>
<END l="617" c="0"/>
</B>
<B id="157" t="routine" f="6" l="626" c="17">
<BEGIN l="628" c="0"/>
<END l="630" c="0"/>
</B>
<B id="158" t="case" f="6" l="745" c="16">
<BEGIN l="746" c="24"/>
<END l="748" c="29"/>
</B>
<B id="159" t="case" f="6" l="739" c="16">
<BEGIN l="740" c="24"/>
<END l="742" c="29"/>
</B>
<B id="160" t="case" f="6" l="734" c="16">
<BEGIN l="735" c="24"/>
<END l="737" c="29"/>
</B>
<B id="161" t="case" f="6" l="729" c="16">
<BEGIN l="730" c="24"/>
<END l="732" c="29"/>
</B>
<B id="162" t="case" f="6" l="724" c="16">
<BEGIN l="725" c="24"/>
<END l="727" c="29"/>
</B>
<B id="163" t="case" f="6" l="719" c="16">
<BEGIN l="720" c="24"/>
<END l="722" c="29"/>
</B>
<B id="164" t="case" f="6" l="714" c="16">
<BEGIN l="715" c="24"/>
<END l="717" c="29"/>
</B>
<B id="165" t="case" f="6" l="709" c="16">
<BEGIN l="710" c="24"/>
<END l="712" c="29"/>
</B>
<B id="166" t="case" f="6" l="704" c="16">
<BEGIN l="705" c="24"/>
<END l="707" c="29"/>
</B>
<B id="167" t="case" f="6" l="699" c="16">
<BEGIN l="700" c="24"/>
<END l="702" c="29"/>
</B>
<B id="168" t="case" f="6" l="694" c="16">
<BEGIN l="695" c="24"/>
<END l="697" c="29"/>
</B>
<B id="169" t="case" f="6" l="689" c="16">
<BEGIN l="690" c="24"/>
<END l="692" c="29"/>
</B>
<B id="170" t="case" f="6" l="684" c="16">
<BEGIN l="685" c="24"/>
<END l="687" c="29"/>
</B>
<B id="171" t="case" f="6" l="679" c="16">
<BEGIN l="680" c="24"/>
<END l="682" c="29"/>
</B>
<B id="172" t="case" f="6" l="674" c="16">
<BEGIN l="675" c="24"/>
<END l="677" c="29"/>
</B>
<B id="173" t="case" f="6" l="669" c="16">
<BEGIN l="670" c="24"/>
<END l="672" c="29"/>
</B>
<B id="174" t="switch" f="6" l="667" c="8">
<BEGIN l="668" c="8"/>
<END l="750" c="8"/>
<CASE d="158"/>
<CASE d="159"/>
<CASE d="160"/>
<CASE d="161"/>
<CASE d="162"/>
<CASE d="163"/>
<CASE d="164"/>
<CASE d="165"/>
<CASE d="166"/>
<CASE d="167"/>
<CASE d="168"/>
<CASE d="169"/>
<CASE d="170"/>
<CASE d="171"/>
<CASE d="172"/>
<CASE d="173"/>
</B>
<B id="175" t="else" f="6" l="656" c="88">
<BEGIN l="656" c="88"/>
<END l="656" c="136"/>
</B>
<B id="176" t="if" f="6" l="656" c="27">
<BEGIN l="656" c="31"/>
<END l="656" c="79"/>
<ELSE d="175"/>
</B>
<B id="177" t="routine" f="6" l="643" c="14">
<BEGIN l="646" c="0"/>
<END l="752" c="0"/>
<SUB d="174"/>
<SUB d="176"/>
</B>
<B id="178" t="ppcif" f="5" l="13" c="0">
<BEGIN l="13" c="16"/>
<END l="823" c="0"/>
</B>
<B id="179" t="ppcrmif" f="5" l="14" c="0">
<BEGIN l="14" c="14"/>
<END l="16" c="0"/>
</B>
<B id="180" t="ppcif" f="5" l="18" c="0">
<BEGIN l="18" c="23"/>
<END l="819" c="0"/>
</B>
<B id="181" t="ppcrmif" f="5" l="20" c="0">
<BEGIN l="20" c="18"/>
<END l="22" c="0"/>
</B>
<B id="182" t="ppcrmif" f="5" l="26" c="0">
<BEGIN l="26" c="67"/>
<END l="28" c="0"/>
</B>
<B id="183" t="ppcrmelif" f="5" l="28" c="0">
<BEGIN l="28" c="5"/>
<END l="30" c="0"/>
</B>
<B id="184" t="ppcrmelif" f="5" l="30" c="0">
<BEGIN l="30" c="5"/>
<END l="33" c="0"/>
</B>
<B id="185" t="ppcrmelif" f="5" l="33" c="0">
<BEGIN l="33" c="5"/>
<END l="38" c="0"/>
</B>
<B id="186" t="ppcrmelse" f="5" l="38" c="0">
<BEGIN l="38" c="5"/>
<END l="40" c="0"/>
</B>
<B id="187" t="ppcrmif" f="5" l="42" c="0">
<BEGIN l="42" c="23"/>
<END l="44" c="0"/>
</B>
<B id="188" t="ppcrmelif" f="5" l="44" c="0">
<BEGIN l="44" c="5"/>
<END l="47" c="0"/>
</B>
<B id="189" t="ppcrmelif" f="5" l="47" c="0">
<BEGIN l="47" c="5"/>
<END l="50" c="0"/>
</B>
<B id="190" t="ppcrmelse" f="5" l="50" c="0">
<BEGIN l="50" c="5"/>
<END l="53" c="0"/>
</B>
<B id="191" t="ppcif" f="5" l="65" c="0">
<BEGIN l="65" c="20"/>
<END l="68" c="0"/>
</B>
<B id="192" t="ppcrmelse" f="5" l="68" c="0">
<BEGIN l="68" c="5"/>
<END l="76" c="0"/>
</B>
<B id="193" t="ppcrmif" f="5" l="78" c="0">
<BEGIN l="78" c="106"/>
<END l="82" c="0"/>
</B>
<B id="194" t="ppcelse" f="5" l="82" c="0">
<BEGIN l="82" c="5"/>
<END l="86" c="0"/>
</B>
<B id="195" t="ppcif" f="5" l="115" c="0">
<BEGIN l="116" c="51"/>
<END l="119" c="0"/>
</B>
<B id="196" t="ppcif" f="5" l="121" c="0">
<BEGIN l="121" c="68"/>
<END l="123" c="0"/>
</B>
<B id="197" t="ppcrmelse" f="5" l="123" c="0">
<BEGIN l="123" c="5"/>
<END l="126" c="0"/>
</B>
<B id="198" t="ppcrmif" f="5" l="128" c="0">
<BEGIN l="128" c="53"/>
<END l="131" c="0"/>
</B>
<B id="199" t="ppcrmif" f="5" l="133" c="0">
<BEGIN l="133" c="51"/>
<END l="135" c="0"/>
</B>
<B id="200" t="ppcif" f="5" l="137" c="0">
<BEGIN l="137" c="24"/>
<END l="265" c="0"/>
</B>
<B id="201" t="ppcif" f="5" l="138" c="0">
<BEGIN l="138" c="56"/>
<END l="140" c="0"/>
</B>
<B id="202" t="ppcrmif" f="5" l="171" c="0">
<BEGIN l="171" c="24"/>
<END l="173" c="0"/>
</B>
<B id="203" t="ppcrmif" f="5" l="188" c="0">
<BEGIN l="188" c="24"/>
<END l="190" c="0"/>
</B>
<B id="204" t="ppcif" f="5" l="196" c="0">
<BEGIN l="196" c="56"/>
<END l="263" c="0"/>
</B>
<B id="205" t="ppcrmif" f="5" l="217" c="0">
<BEGIN l="217" c="24"/>
<END l="219" c="0"/>
</B>
<B id="206" t="ppcrmif" f="5" l="260" c="0">
<BEGIN l="260" c="24"/>
<END l="262" c="0"/>
</B>
<B id="207" t="ppcrmif" f="5" l="268" c="0">
<BEGIN l="268" c="24"/>
<END l="270" c="0"/>
</B>
<B id="208" t="ppcrmif" f="5" l="284" c="0">
<BEGIN l="284" c="24"/>
<END l="286" c="0"/>
</B>
<B id="209" t="ppcif" f="5" l="291" c="0">
<BEGIN l="291" c="20"/>
<END l="750" c="0"/>
</B>
<B id="210" t="ppcif" f="5" l="292" c="0">
<BEGIN l="292" c="24"/>
<END l="307" c="0"/>
</B>
<B id="211" t="ppcrmif" f="5" l="310" c="0">
<BEGIN l="310" c="43"/>
<END l="317" c="0"/>
</B>
<B id="212" t="ppcelif" f="5" l="317" c="0">
<BEGIN l="317" c="5"/>
<END l="324" c="0"/>
</B>
<B id="213" t="ppcrmelif" f="5" l="324" c="0">
<BEGIN l="324" c="5"/>
<END l="337" c="0"/>
</B>
<B id="214" t="ppcrmelse" f="5" l="337" c="0">
<BEGIN l="337" c="5"/>
<END l="345" c="0"/>
</B>
<B id="215" t="ppcrmif" f="5" l="348" c="0">
<BEGIN l="348" c="43"/>
<END l="355" c="0"/>
</B>
<B id="216" t="ppcelif" f="5" l="355" c="0">
<BEGIN l="355" c="5"/>
<END l="364" c="0"/>
</B>
<B id="217" t="ppcrmelse" f="5" l="364" c="0">
<BEGIN l="364" c="5"/>
<END l="372" c="0"/>
</B>
<B id="218" t="ppcrmif" f="5" l="375" c="0">
<BEGIN l="375" c="23"/>
<END l="377" c="0"/>
</B>
<B id="219" t="ppcrmelif" f="5" l="377" c="0">
<BEGIN l="377" c="6"/>
<END l="379" c="0"/>
</B>
<B id="220" t="ppcrmelif" f="5" l="379" c="0">
<BEGIN l="379" c="6"/>
<END l="381" c="0"/>
</B>
<B id="221" t="ppcif" f="5" l="383" c="0">
<BEGIN l="383" c="64"/>
<END l="402" c="0"/>
</B>
<B id="222" t="ppcif" f="5" l="386" c="0">
<BEGIN l="386" c="24"/>
<END l="397" c="0"/>
</B>
<B id="223" t="ppcrmelse" f="5" l="402" c="0">
<BEGIN l="402" c="5"/>
<END l="682" c="0"/>
</B>
<B id="224" t="ppcif" f="5" l="685" c="0">
<BEGIN l="685" c="24"/>
<END l="698" c="0"/>
</B>
<B id="225" t="ppcif" f="5" l="695" c="0">
<BEGIN l="695" c="56"/>
<END l="697" c="0"/>
</B>
<B id="226" t="ppcrmif" f="5" l="708" c="0">
<BEGIN l="708" c="143"/>
<END l="716" c="0"/>
</B>
<B id="227" t="ppcif" f="5" l="740" c="0">
<BEGIN l="740" c="63"/>
<END l="743" c="0"/>
</B>
<B id="228" t="ppcrmif" f="5" l="752" c="0">
<BEGIN l="752" c="95"/>
<END l="772" c="0"/>
</B>
<B id="229" t="ppcrmif" f="5" l="774" c="0">
<BEGIN l="774" c="42"/>
<END l="776" c="0"/>
</B>
<B id="230" t="ppcrmif" f="5" l="778" c="0">
<BEGIN l="778" c="51"/>
<END l="780" c="0"/>
</B>
<B id="231" t="ppcrmif" f="5" l="782" c="0">
<BEGIN l="782" c="18"/>
<END l="816" c="0"/>
</B>
<B id="232" t="ppcrmif" f="5" l="820" c="0">
<BEGIN l="820" c="14"/>
<END l="822" c="0"/>
</B>
<B id="233" t="ppcif" f="24" l="21" c="0">
<BEGIN l="21" c="20"/>
<END l="160" c="0"/>
</B>
</Blocks>
</Navig>
