<?xml version="1.0" encoding="UTF-8"?>
<MISRA-C-Report-Summary>
<File Mode="advisory" Error="0" Warning="51" Total="51">
<Name>
C:\Component\CM200A_DmaCfgAndUse_Impl\src\CDD_DmaCfgAndUse.c</Name>
</File>
<File Mode="required" Error="0" Warning="5" Total="5">
<Name>
C:\Component\CM200A_DmaCfgAndUse_Impl\src\CDD_DmaCfgAndUse.c</Name>
</File>
<Rule Name="11.3" Count="48" Mode="advisory" Severity="warning">
<Message>
A cast should not be performed between a pointer type and an integral type.</Message>
</Rule>
<Rule Name="8.10" Count="5" Mode="required" Severity="warning">
<Message>
</Message>
</Rule>
<Rule Name="19.1" Count="3" Mode="advisory" Severity="warning">
<Message>
#include statements in a file shall only be preceded by other preprocessor directives or comments.</Message>
</Rule>
</MISRA-C-Report-Summary>
