<?xml version="1.0" encoding="UTF-8"?>
<Navig version="1.0">
<Files>
<F id="1" n="C:\Program Files\MATLAB\R2013b\polyspace\verifier\cxx\cinclude\stdarg.h"/>
<F id="2" n="C:\Component\AR201A_ArCplrSuprt_Impl\include\ASR4.0.3\Platform_Types.h"/>
<F id="3" n="C:\Component\AR200A_ArSuprt_Impl\include\ASR4.0.3\Std_Types.h"/>
<F id="4" n="C:\Component\SF101A_MotQuadDetn_Impl\tools\contract\Rte_Type.h"/>
<F id="5" n="C:\Component\SF101A_MotQuadDetn_Impl\tools\contract\Rte_MotQuadDetn.h"/>
<F id="6" n="C:\Component\TL103A_CplrSuprt\include\2013.5.5\ansi\math.h"/>
<F id="7" n="C:\Component\AR100A_NxtrMath_Impl\include\NxtrMath.h"/>
<F id="8" n="C:\Component\SF101A_MotQuadDetn_Impl\src\MotQuadDetn.c"/>
<F id="9" n="C-STUBS\__polyspace__stdstubs.c"/>
<F id="10" n="C:\Component\SF101A_MotQuadDetn_Impl\doc\Polyspace_Results\CodeProver\C-ALL\C-STUBS\pst_stub_types.h"/>
<F id="11" n="C-STUBS\pst_stubs_1.c"/>
<F id="12" n="C-STUBS\pst_stubs_0.c"/>
<F id="13" n="C-STUBS\__polyspace_main.c"/>
<F id="14" n="C:\Program Files\MATLAB\R2013b\polyspace\verifier\cxx\cinclude\__polyspace__std_decls.h"/>
<F id="15" n="C:\Program Files\MATLAB\R2013b\polyspace\verifier\cxx\cinclude\assert.h"/>
<F id="16" n="C:\Program Files\MATLAB\R2013b\polyspace\verifier\cxx\cinclude\__polyspace__libc_defs.h"/>
<F id="17" n="C:\Component\SF101A_MotQuadDetn_Impl\tools\contract\Rte_MotQuadDetn_Type.h"/>
<F id="18" n="C:\Component\SF101A_MotQuadDetn_Impl\tools\contract\Rte.h"/>
<F id="19" n="C:\Component\AR201A_ArCplrSuprt_Impl\include\ASR4.0.3\Compiler.h"/>
<F id="20" n="C:\Component\AR201A_ArCplrSuprt_Impl\tools\contract\Compiler_Cfg.h"/>
<F id="21" n="C:\Component\SF101A_MotQuadDetn_Impl\tools\contract\Rte_DataHandleType.h"/>
<F id="22" n="C:\Component\AR200A_ArSuprt_Impl\tools\contract\MemMap.h"/>
<F id="23" n="C:\Component\SF101A_MotQuadDetn_Impl\tools\contract\MotQuadDetn_MemMap.h"/>
</Files>
<Definitions>
<D id="1" f="12" l="112" c="30" n="real_random_for_return" t="4" d="1"/>
<D id="2" f="12" l="113" c="21" n="random_for_return" t="4" d="1"/>
<D id="3" f="12" l="132" c="30" n="real_random_for_return" t="4" d="1"/>
<D id="4" f="12" l="133" c="21" n="random_for_return" t="4" d="1"/>
<D id="5" f="11" l="120" c="24" n="Rte_Inst_MotQuadDetn" t="1" d="0"/>
<D id="6" f="11" l="105" c="22" n="_i_main_gen_tmp_11" t="4" d="1"/>
<D id="7" f="12" l="105" c="13" n="Rte_Write_MotQuadDetn_MotDirInsts_Val" t="2" d="1"/>
<D id="8" f="12" l="152" c="31" n="real_random_for_return" t="4" d="1"/>
<D id="9" f="12" l="125" c="13" n="Rte_Write_MotQuadDetn_MotQuad_Val" t="2" d="1"/>
<D id="10" f="12" l="153" c="22" n="random_for_return" t="4" d="1"/>
<D id="11" f="11" l="118" c="12" n="_main_gen_init_sym_Rte_Inst_MotQuadDetn" t="5" d="1"/>
<D id="12" f="7" l="533" c="104" n="RngLo" t="4" d="1"/>
<D id="13" f="12" l="125" c="60" n="P_0" t="4" d="1"/>
<D id="14" f="12" l="172" c="32" n="real_random_for_return" t="4" d="1"/>
<D id="15" f="7" l="534" c="104" n="RngHi" t="4" d="1"/>
<D id="16" f="12" l="145" c="14" n="Rte_Prm_MotQuadDetn_MotQuadDetnMotDirHysInsts_Val" t="2" d="1"/>
<D id="17" f="12" l="173" c="23" n="random_for_return" t="4" d="1"/>
<D id="18" f="7" l="609" c="104" n="Denom" t="4" d="1"/>
<D id="19" f="11" l="104" c="28" n="_main_gen_tmp_10" t="4" d="1"/>
<D id="20" f="12" l="165" c="15" n="fabsf" t="2" d="1"/>
<D id="21" f="12" l="105" c="64" n="P_0" t="4" d="1"/>
<D id="22" f="7" l="548" c="104" n="Denom" t="4" d="1"/>
<D id="23" f="11" l="127" c="26" n="_i_main_gen_tmp_1" t="4" d="1"/>
<D id="24" f="11" l="126" c="46" n="_main_gen_tmp_0" t="4" d="1"/>
<D id="25" f="9" l="6905" c="14" n="_polyspace_compare_function_type" t="7" d="1"/>
<D id="26" f="12" l="165" c="36" n="P_0" t="4" d="1"/>
<D id="27" f="9" l="11365" c="21" n="HUGE_VAL" t="1" d="1"/>
<D id="28" f="9" l="11347" c="12" n="_polyspace_random_long_double" t="2" d="1"/>
<D id="29" f="9" l="11366" c="21" n="HUGE_VALF" t="1" d="1"/>
<D id="30" f="9" l="11367" c="21" n="HUGE_VALL" t="1" d="1"/>
<D id="31" f="9" l="12209" c="16" n="__polyspace_absolute_address" t="1" d="1"/>
<D id="32" f="9" l="11349" c="23" n="random" t="4" d="1"/>
<D id="33" f="5" l="48" c="7" n="Rte_CDS_MotQuadDetn" t="6" d="1"/>
<D id="34" f="10" l="3" c="20" n="__PST__SINT8" t="7" d="1"/>
<D id="35" f="10" l="5" c="19" n="__PST__SINT32" t="7" d="1"/>
<D id="36" f="5" l="52" c="9" n="Pim_MotDirInstsPrev" t="9" d="1"/>
<D id="37" f="10" l="1" c="13" n="__PST__CHAR" t="7" d="1"/>
<D id="38" f="5" l="51" c="10" n="Pim_MotAgCumPrev" t="9" d="1"/>
<D id="39" f="5" l="53" c="9" n="Pim_MotTqCmdSignPrev" t="9" d="1"/>
<D id="40" f="10" l="2" c="13" n="__PST__VOID" t="7" d="1"/>
<D id="41" f="10" l="4" c="21" n="__PST__SINT16" t="7" d="1"/>
<D id="42" f="3" l="141" c="2" n="Std_VersionInfoType" t="7" d="1"/>
<D id="43" f="5" l="55" c="9" n="Pim_dMotQuadDetnTqCmdSign" t="9" d="1"/>
<D id="44" f="5" l="54" c="10" n="Pim_dMotQuadDetnMotAgCumDelta" t="9" d="1"/>
<D id="45" f="9" l="80" c="21" n="size_t" t="7" d="1"/>
<D id="46" f="10" l="7" c="22" n="__PST__UINT8" t="7" d="1"/>
<D id="47" f="10" l="9" c="21" n="__PST__UINT32" t="7" d="1"/>
<D id="48" f="4" l="50" c="15" n="s2p13" t="7" d="1"/>
<D id="49" f="9" l="82" c="12" n="ptrdiff_t" t="7" d="1"/>
<D id="50" f="4" l="80" c="14" n="Ary1D_u16p0_2" t="7" d="1"/>
<D id="51" f="13" l="42" c="5" n="main" t="2" d="1"/>
<D id="52" f="10" l="8" c="23" n="__PST__UINT16" t="7" d="1"/>
<D id="53" f="8" l="141" c="5" n="MotQuadDetnInit1" t="2" d="1"/>
<D id="54" f="4" l="92" c="13" n="Ary1D_u8p8_20" t="7" d="1"/>
<D id="55" f="1" l="45" c="14" n="__va_list" t="7" d="1"/>
<D id="56" f="4" l="35" c="14" n="MotQuad1" t="7" d="1"/>
<D id="57" f="10" l="6" c="25" n="__PST__SINT64" t="7" d="1"/>
<D id="58" f="4" l="71" c="15" n="u9p7" t="7" d="1"/>
<D id="59" f="4" l="62" c="15" n="u2p14" t="7" d="1"/>
<D id="60" f="9" l="85" c="21" n="wchar_t" t="7" d="1"/>
<D id="61" f="4" l="53" c="15" n="s4p11" t="7" d="1"/>
<D id="62" f="10" l="24" c="7" n="Rte_CDS_MotQuadDetn" t="6" d="1"/>
<D id="63" f="4" l="83" c="14" n="Ary1D_u2p14_2" t="7" d="1"/>
<D id="64" f="4" l="74" c="14" n="Ary1D_s2p13_1024" t="7" d="1"/>
<D id="65" f="1" l="50" c="18" n="__gnuc_va_list" t="7" d="1"/>
<D id="66" f="4" l="95" c="13" n="Ary1D_u9p7_12" t="7" d="1"/>
<D id="67" f="6" l="51" c="17" n="double_t" t="7" d="1"/>
<D id="68" f="4" l="65" c="15" n="u5p11" t="7" d="1"/>
<D id="69" f="4" l="56" c="15" n="u0p16" t="7" d="1"/>
<D id="70" f="6" l="52" c="17" n="float_t" t="7" d="1"/>
<D id="71" f="6" l="731" c="6" n="expf" t="2" d="0"/>
<D id="72" f="4" l="47" c="15" n="s15p16" t="7" d="1"/>
<D id="73" f="4" l="38" c="15" n="s18p13" t="7" d="1"/>
<D id="74" f="4" l="86" c="14" n="Ary1D_u2p14_5" t="7" d="1"/>
<D id="75" f="8" l="182" c="5" n="MotQuadDetnPer1" t="2" d="1"/>
<D id="76" f="4" l="77" c="14" n="Ary1D_s4p11_20" t="7" d="1"/>
<D id="77" f="6" l="741" c="6" n="sqrtf" t="2" d="0"/>
<D id="78" f="5" l="67" c="42" n="Rte_Instance" t="7" d="1"/>
<D id="79" f="4" l="68" c="15" n="u8p8" t="7" d="1"/>
<D id="80" f="6" l="724" c="6" n="atan2f" t="2" d="0"/>
<D id="81" f="4" l="59" c="15" n="u16p0" t="7" d="1"/>
<D id="82" f="4" l="98" c="23" n="Ary2D_s4p11_12_20" t="7" d="1"/>
<D id="83" f="9" l="456" c="4" n="errno" t="1" d="1"/>
<D id="84" f="4" l="89" c="14" n="Ary1D_u5p11_5" t="7" d="1"/>
<D id="85" f="6" l="725" c="6" n="cosf" t="2" d="0"/>
<D id="86" f="5" l="62" c="47" n="Rte_Inst_MotQuadDetn" t="1" d="0"/>
<D id="87" f="6" l="726" c="6" n="sinf" t="2" d="0"/>
<D id="88" f="1" l="49" c="18" n="va_list" t="7" d="1"/>
<D id="89" f="6" l="748" c="6" n="fmodf" t="2" d="0"/>
<D id="90" f="3" l="140" c="10" n="sw_patch_version" t="9" d="1"/>
<D id="91" f="10" l="12" c="21" n="__PST__g__11" t="7" d="1"/>
<D id="92" f="10" l="32" c="20" n="__PST__g__27" t="7" d="1"/>
<D id="93" f="10" l="14" c="20" n="__PST__g__15" t="7" d="1"/>
<D id="94" f="2" l="110" c="31" n="sint8" t="7" d="1"/>
<D id="95" f="10" l="21" c="22" n="__PST__g__23" t="7" d="1"/>
<D id="96" f="2" l="120" c="31" n="uint16_least" t="7" d="1"/>
<D id="97" f="4" l="101" c="22" n="Ary2D_u2p14_12_5" t="7" d="1"/>
<D id="98" f="10" l="20" c="41" n="__PST__g__24" t="7" d="1"/>
<D id="99" f="2" l="111" c="31" n="uint8" t="7" d="1"/>
<D id="100" f="10" l="60" c="30" n="__PST__g__60" t="7" d="1"/>
<D id="101" f="10" l="40" c="22" n="__PST__g__35" t="7" d="1"/>
<D id="102" f="10" l="11" c="14" n="__PST__FLOAT32" t="7" d="1"/>
<D id="103" f="10" l="42" c="21" n="__PST__g__37" t="7" d="1"/>
<D id="104" f="2" l="121" c="31" n="sint32_least" t="7" d="1"/>
<D id="105" f="10" l="33" c="21" n="__PST__g__28" t="7" d="1"/>
<D id="106" f="11" l="25" c="20" n="pst_random_int" t="3" d="1"/>
<D id="107" f="2" l="112" c="31" n="sint16" t="7" d="1"/>
<D id="108" f="10" l="50" c="22" n="__PST__g__45" t="7" d="1"/>
<D id="109" f="12" l="25" c="20" n="pst_random_int" t="3" d="1"/>
<D id="110" f="10" l="41" c="22" n="__PST__g__36" t="7" d="1"/>
<D id="111" f="2" l="131" c="31" n="float32" t="7" d="1"/>
<D id="112" f="13" l="25" c="20" n="pst_random_int" t="3" d="1"/>
<D id="113" f="10" l="43" c="21" n="__PST__g__38" t="7" d="1"/>
<D id="114" f="11" l="50" c="13" n="_main_gen_init_g2" t="2" d="1"/>
<D id="115" f="2" l="122" c="31" n="uint32_least" t="7" d="1"/>
<D id="116" f="2" l="113" c="31" n="uint16" t="7" d="1"/>
<D id="117" f="10" l="51" c="22" n="__PST__g__46" t="7" d="1"/>
<D id="118" f="3" l="136" c="10" n="vendorID" t="9" d="1"/>
<D id="119" f="2" l="132" c="31" n="float64" t="7" d="1"/>
<D id="120" f="4" l="104" c="22" n="Ary2D_u5p11_12_5" t="7" d="1"/>
<D id="121" f="7" l="330" c="31" n="Inp1" t="4" d="1"/>
<D id="122" f="10" l="35" c="21" n="__PST__g__29" t="7" d="1"/>
<D id="123" f="10" l="61" c="22" n="__PST__g__61" t="7" d="1"/>
<D id="124" f="11" l="64" c="29" n="_main_gen_tmp_2" t="4" d="1"/>
<D id="125" f="2" l="114" c="31" n="sint32" t="7" d="1"/>
<D id="126" f="7" l="205" c="39" n="Inp" t="4" d="1"/>
<D id="127" f="10" l="52" c="22" n="__PST__g__47" t="7" d="1"/>
<D id="128" f="10" l="23" c="23" n="__PST__g__26" t="7" d="1"/>
<D id="129" f="3" l="137" c="10" n="moduleID" t="9" d="1"/>
<D id="130" f="7" l="421" c="31" n="Inp1" t="4" d="1"/>
<D id="131" f="10" l="62" c="31" n="__PST__g__62" t="7" d="1"/>
<D id="132" f="11" l="28" c="29" n="pst_random_g_2" t="3" d="1"/>
<D id="133" f="10" l="16" c="22" n="__PST__g__18" t="7" d="1"/>
<D id="134" f="10" l="36" c="21" n="__PST__g__31" t="7" d="1"/>
<D id="135" f="2" l="115" c="31" n="uint32" t="7" d="1"/>
<D id="136" f="10" l="53" c="22" n="__PST__g__48" t="7" d="1"/>
<D id="137" f="10" l="13" c="15" n="__PST__FLOAT64" t="7" d="1"/>
<D id="138" f="11" l="27" c="30" n="pst_random_g_4" t="3" d="1"/>
<D id="139" f="3" l="138" c="10" n="sw_major_version" t="9" d="1"/>
<D id="140" f="7" l="304" c="31" n="Inp1" t="4" d="1"/>
<D id="141" f="10" l="15" c="23" n="__PST__g__16" t="7" d="1"/>
<D id="142" f="11" l="42" c="14" n="_main_gen_init_g4" t="2" d="1"/>
<D id="143" f="7" l="462" c="29" n="Inp" t="4" d="1"/>
<D id="144" f="12" l="27" c="30" n="pst_random_g_4" t="3" d="1"/>
<D id="145" f="3" l="132" c="14" n="Std_ReturnType" t="7" d="1"/>
<D id="146" f="12" l="64" c="30" n="real_random_for_return" t="4" d="1"/>
<D id="147" f="10" l="37" c="21" n="__PST__g__32" t="7" d="1"/>
<D id="148" f="10" l="19" c="30" n="__PST__g__20" t="7" d="1"/>
<D id="149" f="10" l="54" c="22" n="__PST__g__49" t="7" d="1"/>
<D id="150" f="3" l="125" c="22" n="StatusType" t="7" d="1"/>
<D id="151" f="12" l="92" c="30" n="real_random_for_return" t="4" d="1"/>
<D id="152" f="10" l="45" c="22" n="__PST__g__40" t="7" d="1"/>
<D id="153" f="11" l="94" c="29" n="_main_gen_tmp_8" t="4" d="1"/>
<D id="154" f="3" l="139" c="10" n="sw_minor_version" t="9" d="1"/>
<D id="155" f="7" l="504" c="31" n="Inp" t="4" d="1"/>
<D id="156" f="4" l="107" c="22" n="Ary2D_u8p8_12_20" t="7" d="1"/>
<D id="157" f="10" l="10" c="27" n="__PST__UINT64" t="7" d="1"/>
<D id="158" f="10" l="18" c="22" n="__PST__g__21" t="7" d="1"/>
<D id="159" f="2" l="117" c="31" n="sint8_least" t="7" d="1"/>
<D id="160" f="12" l="65" c="21" n="random_for_return" t="4" d="1"/>
<D id="161" f="10" l="30" c="17" n="Pim_dMotQuadDetnTqCmdSign" t="9" d="1"/>
<D id="162" f="10" l="55" c="22" n="__PST__g__50" t="7" d="1"/>
<D id="163" f="2" l="108" c="31" n="boolean" t="7" d="1"/>
<D id="164" f="10" l="17" c="32" n="__PST__g__19" t="7" d="1"/>
<D id="165" f="10" l="46" c="22" n="__PST__g__41" t="7" d="1"/>
<D id="166" f="7" l="265" c="29" n="Inp1" t="4" d="1"/>
<D id="167" f="12" l="93" c="21" n="random_for_return" t="4" d="1"/>
<D id="168" f="10" l="57" c="21" n="__PST__g__57" t="7" d="1"/>
<D id="169" f="10" l="34" c="24" n="__PST__g__30" t="7" d="1"/>
<D id="170" f="10" l="56" c="31" n="__PST__g__51" t="7" d="1"/>
<D id="171" f="9" l="500" c="25" n="random" t="4" d="1"/>
<D id="172" f="2" l="118" c="31" n="uint8_least" t="7" d="1"/>
<D id="173" f="7" l="356" c="29" n="Inp1" t="4" d="1"/>
<D id="174" f="12" l="28" c="31" n="pst_random_g_10" t="3" d="1"/>
<D id="175" f="10" l="47" c="22" n="__PST__g__42" t="7" d="1"/>
<D id="176" f="10" l="58" c="30" n="__PST__g__58" t="7" d="1"/>
<D id="177" f="11" l="65" c="22" n="_i_main_gen_tmp_3" t="4" d="1"/>
<D id="178" f="11" l="143" c="5" n="_extern_init" t="2" d="1"/>
<D id="179" f="10" l="38" c="22" n="__PST__g__33" t="7" d="1"/>
<D id="180" f="7" l="241" c="15" n="Sign_s08_s32" t="2" d="1"/>
<D id="181" f="2" l="119" c="31" n="sint16_least" t="7" d="1"/>
<D id="182" f="7" l="330" c="16" n="Min_u32" t="2" d="1"/>
<D id="183" f="7" l="291" c="31" n="Inp1" t="4" d="1"/>
<D id="184" f="11" l="75" c="22" n="_i_main_gen_tmp_5" t="4" d="1"/>
<D id="185" f="7" l="317" c="31" n="Inp1" t="4" d="1"/>
<D id="186" f="7" l="490" c="31" n="Inp" t="4" d="1"/>
<D id="187" f="12" l="47" c="13" n="Rte_Read_MotQuadDetn_MotAgCumvAlgndMrf_Val" t="2" d="1"/>
<D id="188" f="10" l="59" c="21" n="__PST__g__59" t="7" d="1"/>
<D id="189" f="12" l="75" c="13" n="Rte_Read_MotQuadDetn_MotTqCmd_Val" t="2" d="1"/>
<D id="190" f="10" l="22" c="27" n="__PST__g__22" t="7" d="1"/>
<D id="191" f="7" l="421" c="16" n="Max_u32" t="2" d="1"/>
<D id="192" f="7" l="382" c="31" n="Inp1" t="4" d="1"/>
<D id="193" f="11" l="85" c="22" n="_i_main_gen_tmp_7" t="4" d="1"/>
<D id="194" f="9" l="490" c="13" n="_polyspace_random_int" t="5" d="1"/>
<D id="195" f="7" l="408" c="31" n="Inp1" t="4" d="1"/>
<D id="196" f="7" l="448" c="29" n="Inp" t="4" d="1"/>
<D id="197" f="7" l="532" c="33" n="Inp" t="4" d="1"/>
<D id="198" f="10" l="49" c="22" n="__PST__g__44" t="7" d="1"/>
<D id="199" f="7" l="304" c="16" n="Min_u16" t="2" d="1"/>
<D id="200" f="7" l="560" c="33" n="Inp" t="4" d="1"/>
<D id="201" f="11" l="95" c="22" n="_i_main_gen_tmp_9" t="4" d="1"/>
<D id="202" f="9" l="506" c="23" n="_polyspace_random_ulong" t="5" d="1"/>
<D id="203" f="7" l="343" c="33" n="Inp1" t="4" d="1"/>
<D id="204" f="7" l="152" c="34" n="Inp1" t="4" d="1"/>
<D id="205" f="11" l="52" c="17" n="x" t="4" d="1"/>
<D id="206" f="10" l="39" c="23" n="__PST__g__34" t="7" d="1"/>
<D id="207" f="7" l="278" c="29" n="Inp1" t="4" d="1"/>
<D id="208" f="12" l="47" c="69" n="P_0" t="4" d="1"/>
<D id="209" f="7" l="253" c="15" n="Sign_s08_f32" t="2" d="1"/>
<D id="210" f="7" l="241" c="35" n="Inp" t="4" d="1"/>
<D id="211" f="7" l="518" c="31" n="Inp" t="4" d="1"/>
<D id="212" f="7" l="434" c="33" n="Inp1" t="4" d="1"/>
<D id="213" f="7" l="504" c="16" n="Lim_s32" t="2" d="1"/>
<D id="214" f="12" l="75" c="60" n="P_0" t="4" d="1"/>
<D id="215" f="9" l="3560" c="4" n="__polyspace_nb_varargs" t="1" d="1"/>
<D id="216" f="9" l="513" c="16" n="_polyspace_random_double" t="5" d="1"/>
<D id="217" f="7" l="369" c="29" n="Inp1" t="4" d="1"/>
<D id="218" f="7" l="217" c="15" n="Sign_s08_s08" t="2" d="1"/>
<D id="219" f="8" l="191" c="15" n="MotPosnDeltaSign_Cnt_T_s08" t="4" d="1"/>
<D id="220" f="10" l="26" c="17" n="Pim_MotAgCumPrev" t="9" d="1"/>
<D id="221" f="7" l="462" c="15" n="Lim_u08" t="2" d="1"/>
<D id="222" f="9" l="482" c="23" n="_polyspace_random_uchar" t="5" d="1"/>
<D id="223" f="7" l="205" c="17" n="Abslt_f32_f32" t="2" d="1"/>
<D id="224" f="11" l="23" c="28" n="pst_random_char" t="3" d="1"/>
<D id="225" f="8" l="190" c="16" n="MotPosnDelta_MotDeg_T_s18p13" t="4" d="1"/>
<D id="226" f="7" l="152" c="17" n="Blnd_f32" t="2" d="1"/>
<D id="227" f="12" l="23" c="28" n="pst_random_char" t="3" d="1"/>
<D id="228" f="10" l="27" c="17" n="Pim_MotDirInstsPrev" t="9" d="1"/>
<D id="229" f="10" l="44" c="27" n="__PST__g__39" t="7" d="1"/>
<D id="230" f="7" l="217" c="34" n="Inp" t="4" d="1"/>
<D id="231" f="7" l="572" c="33" n="Inp" t="4" d="1"/>
<D id="232" f="13" l="23" c="28" n="pst_random_char" t="3" d="1"/>
<D id="233" f="7" l="395" c="31" n="Inp1" t="4" d="1"/>
<D id="234" f="7" l="476" c="31" n="Inp" t="4" d="1"/>
<D id="235" f="7" l="532" c="17" n="Lim_f32" t="2" d="1"/>
<D id="236" f="11" l="44" c="18" n="x" t="4" d="1"/>
<D id="237" f="9" l="474" c="14" n="_polyspace_random_char" t="5" d="1"/>
<D id="238" f="12" l="184" c="5" n="__PST__MAIN__ENTRY__POINT__" t="2" d="1"/>
<D id="239" f="7" l="265" c="15" n="Min_s08" t="2" d="1"/>
<D id="240" f="7" l="291" c="16" n="Min_s16" t="2" d="1"/>
<D id="241" f="7" l="560" c="17" n="Sin_f32" t="2" d="1"/>
<D id="242" f="10" l="28" c="17" n="Pim_MotTqCmdSignPrev" t="9" d="1"/>
<D id="243" f="11" l="60" c="38" n="x" t="4" d="1"/>
<D id="244" f="7" l="317" c="16" n="Min_s32" t="2" d="1"/>
<D id="245" f="7" l="343" c="17" n="Min_f32" t="2" d="1"/>
<D id="246" f="7" l="490" c="16" n="Lim_u16" t="2" d="1"/>
<D id="247" f="7" l="608" c="33" n="Numer" t="4" d="1"/>
<D id="248" f="7" l="166" c="15" n="Abslt_u08_s08" t="2" d="1"/>
<D id="249" f="7" l="192" c="16" n="Abslt_u32_s32" t="2" d="1"/>
<D id="250" f="9" l="492" c="24" n="random" t="4" d="1"/>
<D id="251" f="7" l="229" c="15" n="Sign_s08_s16" t="2" d="1"/>
<D id="252" f="7" l="356" c="15" n="Max_s08" t="2" d="1"/>
<D id="253" f="7" l="382" c="16" n="Max_s16" t="2" d="1"/>
<D id="254" f="7" l="408" c="16" n="Max_s32" t="2" d="1"/>
<D id="255" f="7" l="434" c="17" n="Max_f32" t="2" d="1"/>
<D id="256" f="10" l="29" c="17" n="Pim_dMotQuadDetnMotAgCumDelta" t="9" d="1"/>
<D id="257" f="9" l="508" c="34" n="random" t="4" d="1"/>
<D id="258" f="7" l="253" c="36" n="Inp" t="4" d="1"/>
<D id="259" f="7" l="584" c="33" n="Inp" t="4" d="1"/>
<D id="260" f="7" l="518" c="16" n="Lim_u32" t="2" d="1"/>
<D id="261" f="7" l="448" c="15" n="Lim_s08" t="2" d="1"/>
<D id="262" f="9" l="515" c="27" n="random" t="4" d="1"/>
<D id="263" f="7" l="572" c="17" n="Cos_f32" t="2" d="1"/>
<D id="264" f="10" l="48" c="27" n="__PST__g__43" t="7" d="1"/>
<D id="265" f="7" l="166" c="35" n="Inp" t="4" d="1"/>
<D id="266" f="9" l="484" c="34" n="random" t="4" d="1"/>
<D id="267" f="11" l="74" c="28" n="_main_gen_tmp_4" t="4" d="1"/>
<D id="268" f="7" l="229" c="35" n="Inp" t="4" d="1"/>
<D id="269" f="7" l="278" c="15" n="Min_u08" t="2" d="1"/>
<D id="270" f="7" l="608" c="17" n="Mod_f32" t="2" d="1"/>
<D id="271" f="8" l="192" c="18" n="MotQuad_Cnt_T_enum" t="4" d="1"/>
<D id="272" f="11" l="58" c="27" n="_main_gen_init_g25" t="2" d="1"/>
<D id="273" f="11" l="84" c="28" n="_main_gen_tmp_6" t="4" d="1"/>
<D id="274" f="7" l="369" c="15" n="Max_u08" t="2" d="1"/>
<D id="275" f="7" l="395" c="16" n="Max_u16" t="2" d="1"/>
<D id="276" f="7" l="476" c="16" n="Lim_s16" t="2" d="1"/>
<D id="277" f="9" l="476" c="25" n="random" t="4" d="1"/>
<D id="278" f="7" l="192" c="37" n="Inp" t="4" d="1"/>
<D id="279" f="7" l="520" c="95" n="RngHi" t="4" d="1"/>
<D id="280" f="7" l="450" c="94" n="RngHi" t="4" d="1"/>
<D id="281" f="9" l="498" c="14" n="_polyspace_random_long" t="5" d="1"/>
<D id="282" f="7" l="547" c="17" n="Arctan2_f32" t="2" d="1"/>
<D id="283" f="7" l="331" c="95" n="Inp2" t="4" d="1"/>
<D id="284" f="7" l="584" c="17" n="Exp_f32" t="2" d="1"/>
<D id="285" f="7" l="179" c="16" n="Abslt_u16_s16" t="2" d="1"/>
<D id="286" f="8" l="188" c="16" n="MotPosnCum_MotDeg_T_s18p13" t="4" d="1"/>
<D id="287" f="7" l="422" c="95" n="Inp2" t="4" d="1"/>
<D id="288" f="7" l="596" c="34" n="Inp" t="4" d="1"/>
<D id="289" f="7" l="305" c="95" n="Inp2" t="4" d="1"/>
<D id="290" f="7" l="370" c="86" n="Inp2" t="4" d="1"/>
<D id="291" f="7" l="505" c="95" n="RngLo" t="4" d="1"/>
<D id="292" f="7" l="547" c="37" n="Numer" t="4" d="1"/>
<D id="293" f="7" l="596" c="17" n="Sqrt_f32" t="2" d="1"/>
<D id="294" f="8" l="189" c="17" n="TqCmd_MotNwtMtr_T_f32" t="4" d="1"/>
<D id="295" f="7" l="463" c="94" n="RngLo" t="4" d="1"/>
<D id="296" f="7" l="506" c="95" n="RngHi" t="4" d="1"/>
<D id="297" f="7" l="464" c="94" n="RngHi" t="4" d="1"/>
<D id="298" f="7" l="179" c="37" n="Inp" t="4" d="1"/>
<D id="299" f="7" l="292" c="95" n="Inp2" t="4" d="1"/>
<D id="300" f="7" l="318" c="95" n="Inp2" t="4" d="1"/>
<D id="301" f="7" l="344" c="96" n="Inp2" t="4" d="1"/>
<D id="302" f="7" l="491" c="95" n="RngLo" t="4" d="1"/>
<D id="303" f="7" l="153" c="97" n="Inp2" t="4" d="1"/>
<D id="304" f="7" l="383" c="95" n="Inp2" t="4" d="1"/>
<D id="305" f="7" l="409" c="95" n="Inp2" t="4" d="1"/>
<D id="306" f="7" l="435" c="96" n="Inp2" t="4" d="1"/>
<D id="307" f="7" l="492" c="95" n="RngHi" t="4" d="1"/>
<D id="308" f="7" l="154" c="97" n="Fac" t="4" d="1"/>
<D id="309" f="9" l="3559" c="7" n="__polyspace_vararg" t="1" d="1"/>
<D id="310" f="7" l="266" c="86" n="Inp2" t="4" d="1"/>
<D id="311" f="7" l="519" c="95" n="RngLo" t="4" d="1"/>
<D id="312" f="7" l="357" c="86" n="Inp2" t="4" d="1"/>
<D id="313" f="7" l="449" c="94" n="RngLo" t="4" d="1"/>
<D id="314" f="7" l="396" c="95" n="Inp2" t="4" d="1"/>
<D id="315" f="7" l="477" c="95" n="RngLo" t="4" d="1"/>
<D id="316" f="7" l="279" c="86" n="Inp2" t="4" d="1"/>
<D id="317" f="7" l="478" c="95" n="RngHi" t="4" d="1"/>
</Definitions>
<Uses>
<U id="1" f="11" l="100" c="10" d="256" a="0"/>
<U id="2" f="11" l="110" c="10" d="161" a="0"/>
<U id="3" f="11" l="120" c="11" d="190" a="0"/>
<U id="4" f="11" l="112" c="11" d="243" a="0"/>
<U id="5" f="11" l="100" c="42" d="106" a="0"/>
<U id="6" f="11" l="110" c="60" d="19" a="1"/>
<U id="7" f="11" l="132" c="12" d="5" a="1"/>
<U id="8" f="11" l="130" c="32" d="23" a="0"/>
<U id="9" f="11" l="108" c="29" d="6" a="0"/>
<U id="10" f="12" l="113" c="41" d="1" a="0"/>
<U id="11" f="11" l="106" c="13" d="6" a="1"/>
<U id="12" f="11" l="108" c="12" d="19" a="1"/>
<U id="13" f="12" l="133" c="41" d="3" a="0"/>
<U id="14" f="11" l="104" c="15" d="34" a="0"/>
<U id="15" f="11" l="130" c="16" d="24" a="1"/>
<U id="16" f="11" l="127" c="12" d="47" a="0"/>
<U id="17" f="12" l="105" c="51" d="34" a="0"/>
<U id="18" f="11" l="130" c="53" d="272" a="0"/>
<U id="19" f="12" l="114" c="15" d="2" a="0"/>
<U id="20" f="11" l="100" c="64" d="153" a="1"/>
<U id="21" f="12" l="165" c="21" d="102" a="0"/>
<U id="22" f="12" l="112" c="17" d="46" a="0"/>
<U id="23" f="11" l="128" c="40" d="23" a="0"/>
<U id="24" f="12" l="134" c="15" d="4" a="0"/>
<U id="25" f="12" l="153" c="42" d="8" a="0"/>
<U id="26" f="11" l="132" c="35" d="106" a="0"/>
<U id="27" f="11" l="108" c="51" d="114" a="0"/>
<U id="28" f="12" l="187" c="20" d="51" a="0"/>
<U id="29" f="12" l="132" c="17" d="46" a="0"/>
<U id="30" f="11" l="110" c="38" d="106" a="0"/>
<U id="31" f="12" l="154" c="15" d="10" a="0"/>
<U id="32" f="12" l="152" c="17" d="35" a="0"/>
<U id="33" f="12" l="173" c="43" d="14" a="0"/>
<U id="34" f="12" l="174" c="15" d="17" a="0"/>
<U id="35" f="11" l="126" c="26" d="62" a="0"/>
<U id="36" f="11" l="76" c="179" d="184" a="1"/>
<U id="37" f="12" l="172" c="17" d="102" a="0"/>
<U id="38" f="11" l="86" c="179" d="193" a="1"/>
<U id="39" f="11" l="106" c="37" d="6" a="0"/>
<U id="40" f="11" l="128" c="17" d="23" a="1"/>
<U id="41" f="11" l="132" c="57" d="24" a="1"/>
<U id="42" f="11" l="66" c="181" d="177" a="1"/>
<U id="43" f="12" l="125" c="47" d="46" a="0"/>
<U id="44" f="11" l="96" c="181" d="201" a="1"/>
<U id="45" f="9" l="11350" c="9" d="32" a="0"/>
<U id="46" f="11" l="128" c="211" d="23" a="1"/>
<U id="47" f="11" l="106" c="181" d="6" a="1"/>
<U id="48" f="5" l="90" c="0" d="73" a="0"/>
<U id="49" f="5" l="51" c="2" d="73" a="0"/>
<U id="50" f="5" l="52" c="2" d="94" a="0"/>
<U id="51" f="5" l="53" c="2" d="94" a="0"/>
<U id="52" f="5" l="54" c="2" d="73" a="0"/>
<U id="53" f="5" l="55" c="2" d="94" a="0"/>
<U id="54" f="5" l="86" c="0" d="145" a="0"/>
<U id="55" f="5" l="87" c="0" d="145" a="0"/>
<U id="56" f="5" l="88" c="0" d="145" a="0"/>
<U id="57" f="1" l="50" c="8" d="55" a="0"/>
<U id="58" f="5" l="89" c="0" d="145" a="0"/>
<U id="59" f="4" l="50" c="8" d="107" a="0"/>
<U id="60" f="5" l="90" c="7" d="16" a="0"/>
<U id="61" f="4" l="80" c="8" d="81" a="0"/>
<U id="62" f="4" l="71" c="8" d="116" a="0"/>
<U id="63" f="4" l="62" c="8" d="116" a="0"/>
<U id="64" f="4" l="53" c="8" d="107" a="0"/>
<U id="65" f="4" l="35" c="8" d="99" a="0"/>
<U id="66" f="1" l="84" c="7" d="88" a="0"/>
<U id="67" f="4" l="92" c="8" d="79" a="0"/>
<U id="68" f="4" l="83" c="8" d="59" a="0"/>
<U id="69" f="4" l="74" c="8" d="48" a="0"/>
<U id="70" f="4" l="65" c="8" d="116" a="0"/>
<U id="71" f="4" l="56" c="8" d="116" a="0"/>
<U id="72" f="4" l="47" c="8" d="125" a="0"/>
<U id="73" f="4" l="38" c="8" d="125" a="0"/>
<U id="74" f="1" l="49" c="8" d="55" a="0"/>
<U id="75" f="4" l="95" c="8" d="58" a="0"/>
<U id="76" f="4" l="86" c="8" d="59" a="0"/>
<U id="77" f="4" l="77" c="8" d="61" a="0"/>
<U id="78" f="4" l="68" c="8" d="116" a="0"/>
<U id="79" f="4" l="59" c="8" d="116" a="0"/>
<U id="80" f="4" l="98" c="8" d="76" a="0"/>
<U id="81" f="4" l="89" c="8" d="68" a="0"/>
<U id="82" f="11" l="50" c="0" d="34" a="0"/>
<U id="83" f="11" l="42" c="0" d="35" a="0"/>
<U id="84" f="10" l="30" c="4" d="158" a="0"/>
<U id="85" f="3" l="140" c="3" d="99" a="0"/>
<U id="86" f="5" l="62" c="20" d="33" a="0"/>
<U id="87" f="12" l="47" c="0" d="46" a="0"/>
<U id="88" f="12" l="75" c="0" d="46" a="0"/>
<U id="89" f="11" l="52" c="4" d="34" a="0"/>
<U id="90" f="1" l="84" c="39" d="88" a="0"/>
<U id="91" f="10" l="26" c="4" d="128" a="0"/>
<U id="92" f="11" l="44" c="4" d="35" a="0"/>
<U id="93" f="10" l="21" c="8" d="98" a="0"/>
<U id="94" f="4" l="101" c="8" d="74" a="0"/>
<U id="95" f="10" l="12" c="8" d="40" a="0"/>
<U id="96" f="11" l="54" c="4" d="205" a="1"/>
<U id="97" f="3" l="136" c="3" d="116" a="0"/>
<U id="98" f="10" l="27" c="4" d="158" a="0"/>
<U id="99" f="10" l="40" c="8" d="47" a="0"/>
<U id="100" f="5" l="67" c="21" d="33" a="0"/>
<U id="101" f="3" l="137" c="3" d="116" a="0"/>
<U id="102" f="10" l="50" c="8" d="103" a="0"/>
<U id="103" f="10" l="28" c="4" d="158" a="0"/>
<U id="104" f="11" l="46" c="4" d="236" a="1"/>
<U id="105" f="10" l="41" c="8" d="206" a="0"/>
<U id="106" f="10" l="32" c="8" d="40" a="0"/>
<U id="107" f="10" l="23" c="8" d="35" a="0"/>
<U id="108" f="10" l="14" c="8" d="40" a="0"/>
<U id="109" f="3" l="138" c="3" d="99" a="0"/>
<U id="110" f="10" l="51" c="8" d="179" a="0"/>
<U id="111" f="10" l="29" c="4" d="128" a="0"/>
<U id="112" f="10" l="42" c="8" d="34" a="0"/>
<U id="113" f="10" l="33" c="8" d="46" a="0"/>
<U id="114" f="5" l="87" c="49" d="111" a="0"/>
<U id="115" f="4" l="104" c="8" d="84" a="0"/>
<U id="116" f="12" l="51" c="8" d="208" a="0"/>
<U id="117" f="10" l="15" c="8" d="137" a="0"/>
<U id="118" f="10" l="61" c="8" d="47" a="0"/>
<U id="119" f="3" l="132" c="8" d="99" a="0"/>
<U id="120" f="3" l="139" c="3" d="99" a="0"/>
<U id="121" f="10" l="52" c="8" d="101" a="0"/>
<U id="122" f="11" l="70" c="8" d="243" a="1"/>
<U id="123" f="10" l="43" c="8" d="34" a="0"/>
<U id="124" f="10" l="34" c="8" d="102" a="0"/>
<U id="125" f="12" l="52" c="8" d="109" a="0"/>
<U id="126" f="10" l="16" c="8" d="91" a="0"/>
<U id="127" f="11" l="80" c="8" d="243" a="1"/>
<U id="128" f="10" l="53" c="8" d="113" a="0"/>
<U id="129" f="5" l="89" c="49" d="56" a="0"/>
<U id="130" f="12" l="80" c="8" d="109" a="0"/>
<U id="131" f="10" l="35" c="8" d="46" a="0"/>
<U id="132" f="11" l="90" c="8" d="243" a="1"/>
<U id="133" f="6" l="742" c="6" d="20" a="0"/>
<U id="134" f="10" l="54" c="8" d="134" a="0"/>
<U id="135" f="5" l="86" c="15" d="187" a="0"/>
<U id="136" f="10" l="45" c="8" d="229" a="0"/>
<U id="137" f="10" l="36" c="8" d="46" a="0"/>
<U id="138" f="11" l="54" c="8" d="132" a="0"/>
<U id="139" f="4" l="107" c="8" d="54" a="0"/>
<U id="140" f="10" l="18" c="8" d="34" a="0"/>
<U id="141" f="5" l="87" c="15" d="189" a="0"/>
<U id="142" f="10" l="55" c="8" d="147" a="0"/>
<U id="143" f="10" l="46" c="8" d="105" a="0"/>
<U id="144" f="10" l="37" c="8" d="46" a="0"/>
<U id="145" f="11" l="46" c="8" d="138" a="0"/>
<U id="146" f="5" l="88" c="15" d="7" a="0"/>
<U id="147" f="10" l="47" c="8" d="122" a="0"/>
<U id="148" f="11" l="65" c="8" d="47" a="0"/>
<U id="149" f="10" l="38" c="8" d="35" a="0"/>
<U id="150" f="5" l="89" c="15" d="9" a="0"/>
<U id="151" f="12" l="65" c="8" d="46" a="0"/>
<U id="152" f="12" l="93" c="8" d="46" a="0"/>
<U id="153" f="10" l="57" c="8" d="34" a="0"/>
<U id="154" f="11" l="58" c="7" d="62" a="0"/>
<U id="155" f="11" l="75" c="8" d="47" a="0"/>
<U id="156" f="10" l="39" c="8" d="102" a="0"/>
<U id="157" f="11" l="85" c="8" d="47" a="0"/>
<U id="158" f="5" l="88" c="53" d="94" a="0"/>
<U id="159" f="10" l="49" c="8" d="264" a="0"/>
<U id="160" f="11" l="95" c="8" d="47" a="0"/>
<U id="161" f="12" l="58" c="8" d="208" a="0"/>
<U id="162" f="10" l="59" c="8" d="46" a="0"/>
<U id="163" f="12" l="86" c="8" d="214" a="0"/>
<U id="164" f="12" l="79" c="8" d="214" a="0"/>
<U id="165" f="5" l="86" c="58" d="73" a="0"/>
<U id="166" f="7" l="330" c="9" d="135" a="0"/>
<U id="167" f="10" l="20" c="21" d="62" a="0"/>
<U id="168" f="7" l="421" c="9" d="135" a="0"/>
<U id="169" f="7" l="241" c="9" d="94" a="0"/>
<U id="170" f="12" l="105" c="0" d="46" a="0"/>
<U id="171" f="7" l="304" c="9" d="116" a="0"/>
<U id="172" f="11" l="70" c="10" d="220" a="0"/>
<U id="173" f="7" l="205" c="9" d="111" a="0"/>
<U id="174" f="7" l="152" c="9" d="111" a="0"/>
<U id="175" f="8" l="202" c="11" d="86" a="0"/>
<U id="176" f="8" l="213" c="19" d="86" a="0"/>
<U id="177" f="11" l="80" c="10" d="228" a="0"/>
<U id="178" f="7" l="504" c="9" d="125" a="0"/>
<U id="179" f="11" l="70" c="29" d="106" a="0"/>
<U id="180" f="7" l="532" c="9" d="111" a="0"/>
<U id="181" f="8" l="206" c="9" d="219" a="1"/>
<U id="182" f="11" l="90" c="10" d="242" a="0"/>
<U id="183" f="9" l="501" c="11" d="171" a="0"/>
<U id="184" f="8" l="214" c="19" d="86" a="0"/>
<U id="185" f="13" l="62" c="19" d="40" a="0"/>
<U id="186" f="12" l="125" c="0" d="46" a="0"/>
<U id="187" f="7" l="560" c="9" d="111" a="0"/>
<U id="188" f="7" l="320" c="30" d="185" a="0"/>
<U id="189" f="7" l="343" c="9" d="111" a="0"/>
<U id="190" f="8" l="190" c="9" d="125" a="0"/>
<U id="191" f="7" l="253" c="9" d="94" a="0"/>
<U id="192" f="7" l="550" c="19" d="292" a="0"/>
<U id="193" f="7" l="411" c="30" d="195" a="0"/>
<U id="194" f="7" l="434" c="9" d="111" a="0"/>
<U id="195" f="13" l="54" c="19" d="40" a="0"/>
<U id="196" f="7" l="217" c="9" d="94" a="0"/>
<U id="197" f="8" l="191" c="9" d="94" a="0"/>
<U id="198" f="13" l="60" c="12" d="112" a="0"/>
<U id="199" f="7" l="462" c="9" d="99" a="0"/>
<U id="200" f="8" l="211" c="31" d="225" a="0"/>
<U id="201" f="7" l="291" c="9" d="107" a="0"/>
<U id="202" f="7" l="317" c="9" d="125" a="0"/>
<U id="203" f="7" l="490" c="9" d="116" a="0"/>
<U id="204" f="7" l="320" c="22" d="300" a="0"/>
<U id="205" f="12" l="145" c="0" d="35" a="0"/>
<U id="206" f="7" l="192" c="9" d="135" a="0"/>
<U id="207" f="10" l="22" c="14" d="95" a="0"/>
<U id="208" f="8" l="192" c="9" d="56" a="0"/>
<U id="209" f="7" l="382" c="9" d="107" a="0"/>
<U id="210" f="7" l="611" c="12" d="89" a="0"/>
<U id="211" f="13" l="52" c="12" d="112" a="0"/>
<U id="212" f="7" l="408" c="9" d="125" a="0"/>
<U id="213" f="7" l="411" c="22" d="305" a="0"/>
<U id="214" f="7" l="572" c="9" d="111" a="0"/>
<U id="215" f="8" l="223" c="12" d="223" a="0"/>
<U id="216" f="11" l="55" c="11" d="205" a="0"/>
<U id="217" f="7" l="265" c="9" d="94" a="0"/>
<U id="218" f="7" l="522" c="30" d="279" a="0"/>
<U id="219" f="7" l="522" c="21" d="279" a="0"/>
<U id="220" f="7" l="166" c="9" d="99" a="0"/>
<U id="221" f="7" l="320" c="14" d="185" a="0"/>
<U id="222" f="7" l="608" c="9" d="111" a="0"/>
<U id="223" f="7" l="333" c="30" d="121" a="0"/>
<U id="224" f="12" l="165" c="0" d="102" a="0"/>
<U id="225" f="7" l="229" c="9" d="94" a="0"/>
<U id="226" f="7" l="356" c="9" d="94" a="0"/>
<U id="227" f="7" l="518" c="9" d="135" a="0"/>
<U id="228" f="7" l="550" c="12" d="80" a="0"/>
<U id="229" f="8" l="209" c="19" d="86" a="0"/>
<U id="230" f="13" l="46" c="11" d="112" a="0"/>
<U id="231" f="10" l="32" c="33" d="35" a="0"/>
<U id="232" f="11" l="100" c="8" d="243" a="1"/>
<U id="233" f="11" l="47" c="11" d="236" a="0"/>
<U id="234" f="7" l="205" c="31" d="111" a="0"/>
<U id="235" f="7" l="411" c="14" d="195" a="0"/>
<U id="236" f="13" l="62" c="31" d="75" a="0"/>
<U id="237" f="7" l="424" c="30" d="130" a="0"/>
<U id="238" f="7" l="522" c="40" d="211" a="0"/>
<U id="239" f="7" l="231" c="14" d="268" a="0"/>
<U id="240" f="8" l="202" c="33" d="44" a="0"/>
<U id="241" f="8" l="213" c="41" d="38" a="0"/>
<U id="242" f="11" l="80" c="32" d="106" a="0"/>
<U id="243" f="7" l="452" c="30" d="280" a="0"/>
<U id="244" f="7" l="207" c="12" d="20" a="0"/>
<U id="245" f="7" l="281" c="30" d="207" a="0"/>
<U id="246" f="7" l="452" c="21" d="280" a="0"/>
<U id="247" f="13" l="64" c="12" d="75" a="0"/>
<U id="248" f="11" l="110" c="8" d="243" a="1"/>
<U id="249" f="11" l="70" c="51" d="124" a="1"/>
<U id="250" f="7" l="547" c="9" d="111" a="0"/>
<U id="251" f="7" l="307" c="30" d="140" a="0"/>
<U id="252" f="7" l="480" c="30" d="317" a="0"/>
<U id="253" f="9" l="516" c="11" d="262" a="0"/>
<U id="254" f="7" l="584" c="9" d="111" a="0"/>
<U id="255" f="7" l="156" c="29" d="308" a="0"/>
<U id="256" f="7" l="333" c="22" d="283" a="0"/>
<U id="257" f="7" l="480" c="21" d="317" a="0"/>
<U id="258" f="8" l="260" c="50" d="271" a="0"/>
<U id="259" f="13" l="54" c="31" d="53" a="0"/>
<U id="260" f="10" l="44" c="14" d="158" a="0"/>
<U id="261" f="7" l="330" c="24" d="135" a="0"/>
<U id="262" f="7" l="448" c="9" d="94" a="0"/>
<U id="263" f="8" l="214" c="41" d="36" a="0"/>
<U id="264" f="7" l="372" c="30" d="217" a="0"/>
<U id="265" f="8" l="225" c="40" d="39" a="0"/>
<U id="266" f="12" l="56" c="12" d="208" a="0"/>
<U id="267" f="10" l="40" c="35" d="35" a="0"/>
<U id="268" f="7" l="395" c="9" d="116" a="0"/>
<U id="269" f="7" l="476" c="9" d="107" a="0"/>
<U id="270" f="7" l="231" c="24" d="94" a="0"/>
<U id="271" f="7" l="166" c="29" d="94" a="0"/>
<U id="272" f="7" l="192" c="30" d="125" a="0"/>
<U id="273" f="7" l="424" c="22" d="287" a="0"/>
<U id="274" f="7" l="452" c="40" d="196" a="0"/>
<U id="275" f="8" l="147" c="11" d="86" a="0"/>
<U id="276" f="8" l="228" c="11" d="86" a="0"/>
<U id="277" f="13" l="56" c="12" d="53" a="0"/>
<U id="278" f="12" l="84" c="12" d="214" a="0"/>
<U id="279" f="10" l="42" c="34" d="35" a="0"/>
<U id="280" f="7" l="421" c="24" d="135" a="0"/>
<U id="281" f="8" l="236" c="21" d="86" a="0"/>
<U id="282" f="10" l="33" c="34" d="128" a="0"/>
<U id="283" f="11" l="23" c="16" d="37" a="0"/>
<U id="284" f="7" l="480" c="40" d="234" a="0"/>
<U id="285" f="7" l="522" c="14" d="211" a="0"/>
<U id="286" f="7" l="562" c="12" d="87" a="0"/>
<U id="287" f="7" l="278" c="9" d="99" a="0"/>
<U id="288" f="7" l="182" c="40" d="116" a="0"/>
<U id="289" f="7" l="281" c="22" d="316" a="0"/>
<U id="290" f="8" l="250" c="24" d="271" a="1"/>
<U id="291" f="12" l="23" c="16" d="37" a="0"/>
<U id="292" f="7" l="307" c="22" d="289" a="0"/>
<U id="293" f="11" l="90" c="33" d="106" a="0"/>
<U id="294" f="7" l="179" c="9" d="116" a="0"/>
<U id="295" f="7" l="304" c="24" d="116" a="0"/>
<U id="296" f="7" l="333" c="14" d="121" a="0"/>
<U id="297" f="8" l="148" c="11" d="86" a="0"/>
<U id="298" f="8" l="188" c="9" d="125" a="0"/>
<U id="299" f="13" l="23" c="16" d="37" a="0"/>
<U id="300" f="10" l="43" c="34" d="102" a="0"/>
<U id="301" f="7" l="243" c="14" d="210" a="0"/>
<U id="302" f="7" l="346" c="30" d="203" a="0"/>
<U id="303" f="7" l="508" c="30" d="296" a="0"/>
<U id="304" f="8" l="213" c="61" d="286" a="0"/>
<U id="305" f="9" l="509" c="11" d="257" a="0"/>
<U id="306" f="7" l="369" c="9" d="99" a="0"/>
<U id="307" f="7" l="372" c="22" d="290" a="0"/>
<U id="308" f="7" l="508" c="21" d="296" a="0"/>
<U id="309" f="7" l="536" c="30" d="15" a="0"/>
<U id="310" f="8" l="234" c="14" d="86" a="0"/>
<U id="311" f="10" l="60" c="17" d="46" a="0"/>
<U id="312" f="11" l="66" c="13" d="177" a="1"/>
<U id="313" f="7" l="547" c="29" d="111" a="0"/>
<U id="314" f="7" l="182" c="59" d="298" a="0"/>
<U id="315" f="7" l="255" c="40" d="94" a="0"/>
<U id="316" f="7" l="424" c="14" d="130" a="0"/>
<U id="317" f="7" l="536" c="21" d="15" a="0"/>
<U id="318" f="8" l="211" c="17" d="249" a="0"/>
<U id="319" f="8" l="242" c="24" d="271" a="1"/>
<U id="320" f="9" l="493" c="11" d="250" a="0"/>
<U id="321" f="7" l="596" c="9" d="111" a="0"/>
<U id="322" f="7" l="437" c="30" d="212" a="0"/>
<U id="323" f="8" l="189" c="9" d="111" a="0"/>
<U id="324" f="12" l="65" c="41" d="146" a="0"/>
<U id="325" f="11" l="68" c="12" d="124" a="1"/>
<U id="326" f="7" l="504" c="24" d="125" a="0"/>
<U id="327" f="7" l="452" c="14" d="196" a="0"/>
<U id="328" f="7" l="611" c="25" d="18" a="0"/>
<U id="329" f="8" l="207" c="14" d="86" a="0"/>
<U id="330" f="8" l="211" c="72" d="16" a="0"/>
<U id="331" f="10" l="35" c="34" d="169" a="0"/>
<U id="332" f="7" l="281" c="14" d="207" a="0"/>
<U id="333" f="12" l="54" c="15" d="109" a="0"/>
<U id="334" f="12" l="93" c="41" d="151" a="0"/>
<U id="335" f="11" l="76" c="13" d="184" a="1"/>
<U id="336" f="7" l="243" c="24" d="94" a="0"/>
<U id="337" f="7" l="294" c="30" d="183" a="0"/>
<U id="338" f="7" l="307" c="14" d="140" a="0"/>
<U id="339" f="7" l="480" c="14" d="234" a="0"/>
<U id="340" f="7" l="508" c="40" d="155" a="0"/>
<U id="341" f="7" l="462" c="23" d="99" a="0"/>
<U id="342" f="7" l="182" c="14" d="298" a="0"/>
<U id="343" f="8" l="199" c="9" d="225" a="1"/>
<U id="344" f="8" l="207" c="60" d="219" a="0"/>
<U id="345" f="12" l="113" c="8" d="46" a="0"/>
<U id="346" f="12" l="82" c="15" d="109" a="0"/>
<U id="347" f="11" l="64" c="15" d="35" a="0"/>
<U id="348" f="11" l="68" c="49" d="142" a="0"/>
<U id="349" f="11" l="78" c="12" d="267" a="1"/>
<U id="350" f="7" l="346" c="22" d="301" a="0"/>
<U id="351" f="7" l="536" c="40" d="197" a="0"/>
<U id="352" f="9" l="485" c="11" d="266" a="0"/>
<U id="353" f="7" l="372" c="14" d="217" a="0"/>
<U id="354" f="7" l="574" c="12" d="85" a="0"/>
<U id="355" f="8" l="260" c="16" d="9" a="0"/>
<U id="356" f="10" l="36" c="34" d="34" a="0"/>
<U id="357" f="10" l="48" c="14" d="128" a="0"/>
<U id="358" f="11" l="86" c="13" d="193" a="1"/>
<U id="359" f="7" l="385" c="30" d="192" a="0"/>
<U id="360" f="7" l="466" c="30" d="297" a="0"/>
<U id="361" f="7" l="466" c="21" d="297" a="0"/>
<U id="362" f="8" l="209" c="41" d="38" a="0"/>
<U id="363" f="10" l="62" c="17" d="47" a="0"/>
<U id="364" f="11" l="60" c="18" d="62" a="0"/>
<U id="365" f="11" l="74" c="15" d="34" a="0"/>
<U id="366" f="11" l="78" c="49" d="114" a="0"/>
<U id="367" f="11" l="88" c="12" d="273" a="1"/>
<U id="368" f="7" l="437" c="22" d="306" a="0"/>
<U id="369" f="7" l="494" c="30" d="307" a="0"/>
<U id="370" f="11" l="105" c="8" d="47" a="0"/>
<U id="371" f="7" l="182" c="33" d="298" a="0"/>
<U id="372" f="7" l="255" c="14" d="258" a="0"/>
<U id="373" f="7" l="494" c="21" d="307" a="0"/>
<U id="374" f="8" l="211" c="64" d="135" a="0"/>
<U id="375" f="11" l="96" c="13" d="201" a="1"/>
<U id="376" f="7" l="532" c="25" d="111" a="0"/>
<U id="377" f="7" l="182" c="24" d="116" a="0"/>
<U id="378" f="7" l="268" c="30" d="166" a="0"/>
<U id="379" f="10" l="37" c="34" d="46" a="0"/>
<U id="380" f="11" l="27" c="16" d="35" a="0"/>
<U id="381" f="9" l="477" c="11" d="277" a="0"/>
<U id="382" f="7" l="156" c="14" d="204" a="0"/>
<U id="383" f="7" l="169" c="39" d="99" a="0"/>
<U id="384" f="7" l="195" c="40" d="135" a="0"/>
<U id="385" f="7" l="294" c="22" d="299" a="0"/>
<U id="386" f="8" l="223" c="26" d="294" a="0"/>
<U id="387" f="11" l="80" c="54" d="267" a="1"/>
<U id="388" f="11" l="84" c="15" d="34" a="0"/>
<U id="389" f="11" l="88" c="49" d="114" a="0"/>
<U id="390" f="11" l="98" c="12" d="153" a="1"/>
<U id="391" f="7" l="153" c="89" d="111" a="0"/>
<U id="392" f="7" l="265" c="23" d="94" a="0"/>
<U id="393" f="7" l="291" c="24" d="107" a="0"/>
<U id="394" f="7" l="370" c="80" d="99" a="0"/>
<U id="395" f="7" l="560" c="25" d="111" a="0"/>
<U id="396" f="8" l="248" c="22" d="86" a="0"/>
<U id="397" f="8" l="254" c="24" d="271" a="1"/>
<U id="398" f="12" l="27" c="16" d="35" a="0"/>
<U id="399" f="10" l="17" c="17" d="137" a="0"/>
<U id="400" f="7" l="317" c="24" d="125" a="0"/>
<U id="401" f="7" l="343" c="25" d="111" a="0"/>
<U id="402" f="7" l="490" c="24" d="116" a="0"/>
<U id="403" f="7" l="219" c="14" d="230" a="0"/>
<U id="404" f="7" l="320" c="37" d="300" a="0"/>
<U id="405" f="7" l="346" c="14" d="203" a="0"/>
<U id="406" f="7" l="466" c="40" d="143" a="0"/>
<U id="407" f="7" l="508" c="14" d="155" a="0"/>
<U id="408" f="12" l="133" c="8" d="46" a="0"/>
<U id="409" f="7" l="152" c="26" d="111" a="0"/>
<U id="410" f="7" l="359" c="30" d="173" a="0"/>
<U id="411" f="11" l="148" c="4" d="11" a="0"/>
<U id="412" f="7" l="385" c="22" d="304" a="0"/>
<U id="413" f="7" l="494" c="40" d="186" a="0"/>
<U id="414" f="7" l="536" c="14" d="197" a="0"/>
<U id="415" f="12" l="66" c="15" d="160" a="0"/>
<U id="416" f="11" l="28" c="16" d="34" a="0"/>
<U id="417" f="11" l="94" c="15" d="35" a="0"/>
<U id="418" f="11" l="98" c="49" d="142" a="0"/>
<U id="419" f="7" l="179" c="30" d="107" a="0"/>
<U id="420" f="7" l="356" c="23" d="94" a="0"/>
<U id="421" f="7" l="382" c="24" d="107" a="0"/>
<U id="422" f="7" l="550" c="26" d="22" a="0"/>
<U id="423" f="8" l="225" c="71" d="209" a="0"/>
<U id="424" f="7" l="154" c="89" d="111" a="0"/>
<U id="425" f="7" l="408" c="24" d="125" a="0"/>
<U id="426" f="7" l="434" c="25" d="111" a="0"/>
<U id="427" f="7" l="195" c="59" d="278" a="0"/>
<U id="428" f="7" l="411" c="37" d="305" a="0"/>
<U id="429" f="7" l="437" c="14" d="212" a="0"/>
<U id="430" f="7" l="611" c="18" d="247" a="0"/>
<U id="431" f="12" l="28" c="16" d="102" a="0"/>
<U id="432" f="12" l="56" c="34" d="144" a="0"/>
<U id="433" f="12" l="94" c="15" d="167" a="0"/>
<U id="434" f="7" l="231" c="37" d="94" a="0"/>
<U id="435" f="7" l="268" c="22" d="310" a="0"/>
<U id="436" f="7" l="586" c="12" d="71" a="0"/>
<U id="437" f="8" l="147" c="33" d="36" a="0"/>
<U id="438" f="8" l="228" c="33" d="43" a="0"/>
<U id="439" f="12" l="56" c="16" d="109" a="0"/>
<U id="440" f="12" l="84" c="34" d="174" a="0"/>
<U id="441" f="7" l="219" c="24" d="94" a="0"/>
<U id="442" f="7" l="294" c="14" d="183" a="0"/>
<U id="443" f="8" l="236" c="43" d="39" a="0"/>
<U id="444" f="8" l="209" c="61" d="286" a="0"/>
<U id="445" f="12" l="64" c="17" d="46" a="0"/>
<U id="446" f="12" l="84" c="16" d="109" a="0"/>
<U id="447" f="7" l="195" c="14" d="278" a="0"/>
<U id="448" f="10" l="19" c="17" d="158" a="0"/>
<U id="449" f="7" l="359" c="22" d="312" a="0"/>
<U id="450" f="12" l="153" c="8" d="35" a="0"/>
<U id="451" f="12" l="92" c="17" d="46" a="0"/>
<U id="452" f="10" l="56" c="17" d="35" a="0"/>
<U id="453" f="11" l="90" c="55" d="273" a="1"/>
<U id="454" f="7" l="241" c="28" d="125" a="0"/>
<U id="455" f="7" l="518" c="24" d="135" a="0"/>
<U id="456" f="7" l="385" c="14" d="192" a="0"/>
<U id="457" f="7" l="466" c="14" d="143" a="0"/>
<U id="458" f="8" l="148" c="33" d="39" a="0"/>
<U id="459" f="8" l="206" c="45" d="180" a="0"/>
<U id="460" f="8" l="214" c="64" d="219" a="0"/>
<U id="461" f="8" l="234" c="63" d="86" a="0"/>
<U id="462" f="8" l="238" c="24" d="271" a="1"/>
<U id="463" f="7" l="448" c="23" d="94" a="0"/>
<U id="464" f="7" l="398" c="30" d="233" a="0"/>
<U id="465" f="7" l="572" c="25" d="111" a="0"/>
<U id="466" f="7" l="494" c="14" d="186" a="0"/>
<U id="467" f="7" l="522" c="64" d="211" a="0"/>
<U id="468" f="8" l="195" c="60" d="286" a="1"/>
<U id="469" f="8" l="202" c="66" d="225" a="0"/>
<U id="470" f="8" l="234" c="36" d="39" a="0"/>
<U id="471" f="7" l="169" c="32" d="265" a="0"/>
<U id="472" f="7" l="195" c="33" d="278" a="0"/>
<U id="473" f="7" l="268" c="14" d="166" a="0"/>
<U id="474" f="7" l="195" c="24" d="135" a="0"/>
<U id="475" f="7" l="169" c="14" d="265" a="0"/>
<U id="476" f="8" l="207" c="36" d="36" a="0"/>
<U id="477" f="8" l="225" c="18" d="86" a="0"/>
<U id="478" f="7" l="278" c="23" d="99" a="0"/>
<U id="479" f="7" l="608" c="25" d="111" a="0"/>
<U id="480" f="7" l="207" c="18" d="126" a="0"/>
<U id="481" f="7" l="562" c="17" d="200" a="0"/>
<U id="482" f="7" l="333" c="37" d="283" a="0"/>
<U id="483" f="7" l="359" c="14" d="173" a="0"/>
<U id="484" f="8" l="196" c="51" d="294" a="1"/>
<U id="485" f="8" l="199" c="40" d="286" a="0"/>
<U id="486" f="7" l="243" c="37" d="94" a="0"/>
<U id="487" f="7" l="598" c="12" d="77" a="0"/>
<U id="488" f="8" l="225" c="64" d="94" a="0"/>
<U id="489" f="12" l="173" c="8" d="102" a="0"/>
<U id="490" f="10" l="58" c="17" d="34" a="0"/>
<U id="491" f="7" l="398" c="22" d="314" a="0"/>
<U id="492" f="7" l="266" c="80" d="94" a="0"/>
<U id="493" f="7" l="369" c="23" d="99" a="0"/>
<U id="494" f="7" l="395" c="24" d="116" a="0"/>
<U id="495" f="7" l="476" c="24" d="107" a="0"/>
<U id="496" f="7" l="452" c="64" d="196" a="0"/>
<U id="497" f="7" l="522" c="56" d="311" a="0"/>
<U id="498" f="11" l="66" c="36" d="177" a="0"/>
<U id="499" f="7" l="424" c="37" d="287" a="0"/>
<U id="500" f="7" l="522" c="47" d="311" a="0"/>
<U id="501" f="10" l="39" c="36" d="102" a="0"/>
<U id="502" f="7" l="169" c="24" d="99" a="0"/>
<U id="503" f="7" l="480" c="64" d="234" a="0"/>
<U id="504" f="12" l="58" c="17" d="144" a="0"/>
<U id="505" f="7" l="253" c="28" d="111" a="0"/>
<U id="506" f="7" l="357" c="80" d="94" a="0"/>
<U id="507" f="7" l="281" c="37" d="316" a="0"/>
<U id="508" f="8" l="195" c="16" d="187" a="0"/>
<U id="509" f="12" l="86" c="17" d="174" a="0"/>
<U id="510" f="11" l="76" c="36" d="184" a="0"/>
<U id="511" f="7" l="584" c="25" d="111" a="0"/>
<U id="512" f="7" l="156" c="45" d="308" a="0"/>
<U id="513" f="7" l="255" c="27" d="94" a="0"/>
<U id="514" f="7" l="307" c="37" d="289" a="0"/>
<U id="515" f="8" l="206" c="38" d="94" a="0"/>
<U id="516" f="7" l="217" c="28" d="94" a="0"/>
<U id="517" f="8" l="248" c="44" d="39" a="0"/>
<U id="518" f="7" l="372" c="37" d="290" a="0"/>
<U id="519" f="7" l="398" c="14" d="233" a="0"/>
<U id="520" f="11" l="86" c="36" d="193" a="0"/>
<U id="521" f="7" l="452" c="56" d="313" a="0"/>
<U id="522" f="8" l="196" c="16" d="189" a="0"/>
<U id="523" f="7" l="452" c="47" d="313" a="0"/>
<U id="524" f="7" l="574" c="17" d="231" a="0"/>
<U id="525" f="7" l="480" c="56" d="315" a="0"/>
<U id="526" f="8" l="259" c="16" d="7" a="0"/>
<U id="527" f="7" l="480" c="47" d="315" a="0"/>
<U id="528" f="8" l="225" c="84" d="294" a="0"/>
<U id="529" f="11" l="96" c="36" d="201" a="0"/>
<U id="530" f="7" l="508" c="64" d="155" a="0"/>
<U id="531" f="8" l="228" c="64" d="86" a="0"/>
<U id="532" f="12" l="47" c="56" d="128" a="0"/>
<U id="533" f="7" l="536" c="64" d="197" a="0"/>
<U id="534" f="7" l="219" c="37" d="94" a="0"/>
<U id="535" f="7" l="346" c="37" d="301" a="0"/>
<U id="536" f="12" l="75" c="47" d="169" a="0"/>
<U id="537" f="7" l="279" c="80" d="99" a="0"/>
<U id="538" f="8" l="234" c="85" d="36" a="0"/>
<U id="539" f="11" l="68" c="28" d="177" a="0"/>
<U id="540" f="7" l="437" c="37" d="306" a="0"/>
<U id="541" f="8" l="206" c="58" d="225" a="0"/>
<U id="542" f="7" l="229" c="28" d="107" a="0"/>
<U id="543" f="7" l="182" c="48" d="107" a="0"/>
<U id="544" f="7" l="156" c="38" d="303" a="0"/>
<U id="545" f="7" l="508" c="56" d="291" a="0"/>
<U id="546" f="7" l="294" c="37" d="299" a="0"/>
<U id="547" f="7" l="508" c="47" d="291" a="0"/>
<U id="548" f="11" l="78" c="28" d="184" a="0"/>
<U id="549" f="7" l="466" c="64" d="143" a="0"/>
<U id="550" f="7" l="536" c="56" d="12" a="0"/>
<U id="551" f="7" l="586" c="17" d="259" a="0"/>
<U id="552" f="7" l="536" c="47" d="12" a="0"/>
<U id="553" f="7" l="494" c="64" d="186" a="0"/>
<U id="554" f="8" l="199" c="71" d="86" a="0"/>
<U id="555" f="7" l="520" c="88" d="135" a="0"/>
<U id="556" f="7" l="596" c="26" d="111" a="0"/>
<U id="557" f="7" l="385" c="37" d="304" a="0"/>
<U id="558" f="12" l="187" c="8" d="40" a="0"/>
<U id="559" f="11" l="88" c="28" d="193" a="0"/>
<U id="560" f="7" l="331" c="88" d="135" a="0"/>
<U id="561" f="7" l="268" c="37" d="310" a="0"/>
<U id="562" f="11" l="98" c="28" d="201" a="0"/>
<U id="563" f="7" l="169" c="46" d="94" a="0"/>
<U id="564" f="7" l="466" c="56" d="295" a="0"/>
<U id="565" f="7" l="422" c="88" d="135" a="0"/>
<U id="566" f="7" l="466" c="47" d="295" a="0"/>
<U id="567" f="7" l="359" c="37" d="312" a="0"/>
<U id="568" f="7" l="494" c="56" d="302" a="0"/>
<U id="569" f="7" l="450" c="88" d="94" a="0"/>
<U id="570" f="7" l="494" c="47" d="302" a="0"/>
<U id="571" f="7" l="533" c="96" d="111" a="0"/>
<U id="572" f="7" l="305" c="88" d="116" a="0"/>
<U id="573" f="7" l="169" c="56" d="265" a="0"/>
<U id="574" f="8" l="259" c="56" d="86" a="0"/>
<U id="575" f="12" l="189" c="8" d="51" a="0"/>
<U id="576" f="7" l="195" c="48" d="125" a="0"/>
<U id="577" f="7" l="534" c="96" d="111" a="0"/>
<U id="578" f="8" l="228" c="86" d="39" a="0"/>
<U id="579" f="7" l="505" c="88" d="125" a="0"/>
<U id="580" f="7" l="398" c="37" d="314" a="0"/>
<U id="581" f="7" l="598" c="18" d="288" a="0"/>
<U id="582" f="7" l="344" c="88" d="111" a="0"/>
<U id="583" f="7" l="506" c="88" d="125" a="0"/>
<U id="584" f="7" l="435" c="88" d="111" a="0"/>
<U id="585" f="7" l="463" c="88" d="99" a="0"/>
<U id="586" f="7" l="292" c="88" d="107" a="0"/>
<U id="587" f="8" l="199" c="93" d="38" a="0"/>
<U id="588" f="7" l="318" c="88" d="125" a="0"/>
<U id="589" f="7" l="491" c="88" d="116" a="0"/>
<U id="590" f="7" l="609" c="96" d="111" a="0"/>
<U id="591" f="7" l="383" c="88" d="107" a="0"/>
<U id="592" f="7" l="464" c="88" d="99" a="0"/>
<U id="593" f="7" l="409" c="88" d="125" a="0"/>
<U id="594" f="7" l="492" c="88" d="116" a="0"/>
<U id="595" f="7" l="548" c="96" d="111" a="0"/>
<U id="596" f="7" l="519" c="88" d="135" a="0"/>
<U id="597" f="8" l="259" c="78" d="36" a="0"/>
<U id="598" f="7" l="449" c="88" d="94" a="0"/>
<U id="599" f="7" l="396" c="88" d="116" a="0"/>
<U id="600" f="7" l="477" c="88" d="107" a="0"/>
<U id="601" f="7" l="478" c="88" d="107" a="0"/>
</Uses>
<Blocks>
<B id="1" t="routine" f="8" l="141" c="5">
<BEGIN l="142" c="0"/>
<END l="153" c="0"/>
</B>
<B id="2" t="else" f="8" l="240" c="16">
<BEGIN l="241" c="16"/>
<END l="243" c="16"/>
</B>
<B id="3" t="if" f="8" l="236" c="16">
<BEGIN l="237" c="16"/>
<END l="239" c="16"/>
<ELSE d="2"/>
</B>
<B id="4" t="else" f="8" l="252" c="16">
<BEGIN l="253" c="16"/>
<END l="255" c="16"/>
</B>
<B id="5" t="if" f="8" l="248" c="17">
<BEGIN l="249" c="16"/>
<END l="251" c="16"/>
<ELSE d="4"/>
</B>
<B id="6" t="else" f="8" l="246" c="9">
<BEGIN l="247" c="9"/>
<END l="256" c="9"/>
<SUB d="5"/>
</B>
<B id="7" t="if" f="8" l="234" c="9">
<BEGIN l="235" c="9"/>
<END l="244" c="9"/>
<SUB d="3"/>
<ELSE d="6"/>
</B>
<B id="8" t="if" f="8" l="223" c="9">
<BEGIN l="224" c="9"/>
<END l="226" c="9"/>
</B>
<B id="9" t="else" f="8" l="216" c="8">
<BEGIN l="217" c="9"/>
<END l="219" c="9"/>
</B>
<B id="10" t="if" f="8" l="211" c="14">
<BEGIN l="212" c="9"/>
<END l="215" c="9"/>
<ELSE d="9"/>
</B>
<B id="11" t="else" f="8" l="211" c="9">
<BEGIN l="211" c="14"/>
<END l="219" c="9"/>
<SUB d="10"/>
</B>
<B id="12" t="if" f="8" l="207" c="9">
<BEGIN l="208" c="9"/>
<END l="210" c="9"/>
<ELSE d="11"/>
</B>
<B id="13" t="routine" f="8" l="182" c="5">
<BEGIN l="183" c="0"/>
<END l="265" c="0"/>
<SUB d="7"/>
<SUB d="8"/>
<SUB d="12"/>
</B>
<B id="14" t="ppcif" f="14" l="15" c="0">
<BEGIN l="15" c="27"/>
<END l="330" c="0"/>
</B>
<B id="15" t="ppcif" f="14" l="25" c="0">
<BEGIN l="25" c="19"/>
<END l="155" c="0"/>
</B>
<B id="16" t="ppcrmif" f="14" l="46" c="0">
<BEGIN l="46" c="93"/>
<END l="91" c="0"/>
</B>
<B id="17" t="ppcrmif" f="14" l="94" c="0">
<BEGIN l="94" c="91"/>
<END l="153" c="0"/>
</B>
<B id="18" t="ppcrmelse" f="14" l="155" c="0">
<BEGIN l="155" c="35"/>
<END l="328" c="0"/>
</B>
<B id="19" t="ppcif" f="15" l="11" c="0">
<BEGIN l="11" c="27"/>
<END l="36" c="0"/>
</B>
<B id="20" t="ppcrmif" f="15" l="14" c="0">
<BEGIN l="14" c="19"/>
<END l="29" c="0"/>
</B>
<B id="21" t="ppcelse" f="15" l="29" c="0">
<BEGIN l="29" c="5"/>
<END l="33" c="0"/>
</B>
<B id="22" t="ppcif" f="1" l="22" c="0">
<BEGIN l="22" c="17"/>
<END l="109" c="0"/>
</B>
<B id="23" t="ppcrmif" f="1" l="39" c="0">
<BEGIN l="39" c="66"/>
<END l="43" c="0"/>
</B>
<B id="24" t="ppcelse" f="1" l="43" c="0">
<BEGIN l="43" c="60"/>
<END l="47" c="0"/>
</B>
<B id="25" t="ppcrmif" f="1" l="52" c="0">
<BEGIN l="52" c="18"/>
<END l="58" c="0"/>
</B>
<B id="26" t="ppcrmif" f="1" l="62" c="0">
<BEGIN l="62" c="33"/>
<END l="80" c="0"/>
</B>
<B id="27" t="ppcelse" f="1" l="80" c="0">
<BEGIN l="80" c="31"/>
<END l="93" c="0"/>
</B>
<B id="28" t="ppcrmif" f="1" l="96" c="0">
<BEGIN l="96" c="14"/>
<END l="106" c="0"/>
</B>
<B id="29" t="ppcif" f="16" l="3" c="0">
<BEGIN l="3" c="29"/>
<END l="348" c="0"/>
</B>
<B id="30" t="ppcif" f="16" l="61" c="0">
<BEGIN l="63" c="27"/>
<END l="66" c="0"/>
</B>
<B id="31" t="ppcrmif" f="16" l="165" c="0">
<BEGIN l="165" c="17"/>
<END l="206" c="0"/>
</B>
<B id="32" t="ppcrmif" f="16" l="209" c="0">
<BEGIN l="209" c="37"/>
<END l="211" c="0"/>
</B>
<B id="33" t="ppcrmif" f="16" l="213" c="0">
<BEGIN l="213" c="44"/>
<END l="321" c="0"/>
</B>
<B id="34" t="ppcif" f="16" l="323" c="0">
<BEGIN l="323" c="18"/>
<END l="346" c="0"/>
</B>
<B id="35" t="ppcrmif" f="16" l="326" c="0">
<BEGIN l="326" c="18"/>
<END l="328" c="0"/>
</B>
<B id="36" t="ppcrmif" f="16" l="329" c="0">
<BEGIN l="329" c="63"/>
<END l="331" c="0"/>
</B>
<B id="37" t="ppcrmif" f="16" l="332" c="0">
<BEGIN l="332" c="64"/>
<END l="334" c="0"/>
</B>
<B id="38" t="ppcrmif" f="16" l="335" c="0">
<BEGIN l="335" c="16"/>
<END l="340" c="0"/>
</B>
<B id="39" t="ppcif" f="16" l="343" c="0">
<BEGIN l="343" c="57"/>
<END l="345" c="0"/>
</B>
<B id="40" t="type" f="5" l="48" c="7">
<BEGIN l="48" c="25"/>
<END l="57" c="0"/>
</B>
<B id="41" t="ppcif" f="5" l="24" c="0">
<BEGIN l="24" c="26"/>
<END l="226" c="0"/>
</B>
<B id="42" t="ppcrmif" f="5" l="27" c="0">
<BEGIN l="27" c="35"/>
<END l="29" c="0"/>
</B>
<B id="43" t="ppcrmif" f="5" l="33" c="0">
<BEGIN l="33" c="19"/>
<END l="36" c="0"/>
</B>
<B id="44" t="ppcrmif" f="5" l="210" c="0">
<BEGIN l="210" c="19"/>
<END l="212" c="0"/>
</B>
<B id="45" t="ppcif" f="5" l="215" c="0">
<BEGIN l="215" c="26"/>
<END l="223" c="0"/>
</B>
<B id="46" t="ppcif" f="5" l="216" c="0">
<BEGIN l="216" c="25"/>
<END l="220" c="0"/>
</B>
<B id="47" t="ppcrmif" f="5" l="217" c="0">
<BEGIN l="217" c="37"/>
<END l="219" c="0"/>
</B>
<B id="48" t="ppcrmelse" f="5" l="220" c="0">
<BEGIN l="220" c="7"/>
<END l="222" c="0"/>
</B>
<B id="49" t="ppcif" f="17" l="24" c="0">
<BEGIN l="24" c="31"/>
<END l="83" c="0"/>
</B>
<B id="50" t="ppcrmif" f="17" l="27" c="0">
<BEGIN l="27" c="19"/>
<END l="30" c="0"/>
</B>
<B id="51" t="ppcif" f="17" l="50" c="0">
<BEGIN l="50" c="22"/>
<END l="52" c="0"/>
</B>
<B id="52" t="ppcif" f="17" l="54" c="0">
<BEGIN l="54" c="22"/>
<END l="56" c="0"/>
</B>
<B id="53" t="ppcif" f="17" l="58" c="0">
<BEGIN l="58" c="22"/>
<END l="60" c="0"/>
</B>
<B id="54" t="ppcif" f="17" l="62" c="0">
<BEGIN l="62" c="22"/>
<END l="64" c="0"/>
</B>
<B id="55" t="ppcrmif" f="17" l="67" c="0">
<BEGIN l="67" c="19"/>
<END l="69" c="0"/>
</B>
<B id="56" t="ppcif" f="17" l="72" c="0">
<BEGIN l="72" c="26"/>
<END l="80" c="0"/>
</B>
<B id="57" t="ppcif" f="17" l="73" c="0">
<BEGIN l="73" c="25"/>
<END l="77" c="0"/>
</B>
<B id="58" t="ppcrmif" f="17" l="74" c="0">
<BEGIN l="74" c="37"/>
<END l="76" c="0"/>
</B>
<B id="59" t="ppcrmelse" f="17" l="77" c="0">
<BEGIN l="77" c="7"/>
<END l="79" c="0"/>
</B>
<B id="60" t="ppcif" f="4" l="24" c="0">
<BEGIN l="24" c="19"/>
<END l="128" c="0"/>
</B>
<B id="61" t="ppcif" f="4" l="41" c="0">
<BEGIN l="41" c="38"/>
<END l="109" c="0"/>
</B>
<B id="62" t="ppcif" f="4" l="117" c="0">
<BEGIN l="117" c="26"/>
<END l="125" c="0"/>
</B>
<B id="63" t="ppcif" f="4" l="118" c="0">
<BEGIN l="118" c="25"/>
<END l="122" c="0"/>
</B>
<B id="64" t="ppcrmif" f="4" l="119" c="0">
<BEGIN l="119" c="37"/>
<END l="121" c="0"/>
</B>
<B id="65" t="ppcrmelse" f="4" l="122" c="0">
<BEGIN l="122" c="7"/>
<END l="124" c="0"/>
</B>
<B id="66" t="ppcif" f="18" l="25" c="0">
<BEGIN l="25" c="14"/>
<END l="95" c="0"/>
</B>
<B id="67" t="ppcrmif" f="18" l="41" c="0">
<BEGIN l="41" c="33"/>
<END l="43" c="0"/>
</B>
<B id="68" t="ppcrmif" f="18" l="45" c="0">
<BEGIN l="45" c="46"/>
<END l="47" c="0"/>
</B>
<B id="69" t="ppcrmif" f="18" l="49" c="0">
<BEGIN l="49" c="28"/>
<END l="51" c="0"/>
</B>
<B id="70" t="ppcif" f="18" l="84" c="0">
<BEGIN l="84" c="26"/>
<END l="92" c="0"/>
</B>
<B id="71" t="ppcrmif" f="18" l="85" c="0">
<BEGIN l="85" c="25"/>
<END l="89" c="0"/>
</B>
<B id="72" t="ppcelse" f="18" l="89" c="0">
<BEGIN l="89" c="7"/>
<END l="91" c="0"/>
</B>
<B id="73" t="type" f="3" l="135" c="0">
<BEGIN l="135" c="0"/>
<END l="141" c="0"/>
</B>
<B id="74" t="ppcif" f="3" l="56" c="0">
<BEGIN l="56" c="19"/>
<END l="154" c="0"/>
</B>
<B id="75" t="ppcif" f="3" l="122" c="0">
<BEGIN l="122" c="26"/>
<END l="126" c="0"/>
</B>
<B id="76" t="ppcif" f="2" l="45" c="0">
<BEGIN l="45" c="24"/>
<END l="146" c="0"/>
</B>
<B id="77" t="ppcif" f="2" l="84" c="0">
<BEGIN l="84" c="13"/>
<END l="86" c="0"/>
</B>
<B id="78" t="ppcif" f="2" l="88" c="0">
<BEGIN l="88" c="14"/>
<END l="90" c="0"/>
</B>
<B id="79" t="ppcrmif" f="2" l="124" c="0">
<BEGIN l="124" c="26"/>
<END l="130" c="0"/>
</B>
<B id="80" t="ppcelse" f="2" l="130" c="0">
<BEGIN l="130" c="6"/>
<END l="133" c="0"/>
</B>
<B id="81" t="ppcif" f="19" l="47" c="0">
<BEGIN l="47" c="18"/>
<END l="219" c="0"/>
</B>
<B id="82" t="ppcif" f="19" l="95" c="0">
<BEGIN l="95" c="17"/>
<END l="97" c="0"/>
</B>
<B id="83" t="ppcif" f="20" l="19" c="0">
<BEGIN l="19" c="22"/>
<END l="23" c="0"/>
</B>
<B id="84" t="ppcif" f="21" l="24" c="0">
<BEGIN l="24" c="31"/>
<END l="39" c="0"/>
</B>
<B id="85" t="ppcif" f="21" l="28" c="0">
<BEGIN l="28" c="26"/>
<END l="36" c="0"/>
</B>
<B id="86" t="ppcif" f="21" l="29" c="0">
<BEGIN l="29" c="25"/>
<END l="33" c="0"/>
</B>
<B id="87" t="ppcrmif" f="21" l="30" c="0">
<BEGIN l="30" c="37"/>
<END l="32" c="0"/>
</B>
<B id="88" t="ppcrmelse" f="21" l="33" c="0">
<BEGIN l="33" c="7"/>
<END l="35" c="0"/>
</B>
<B id="89" t="ppcif" f="22" l="19" c="0">
<BEGIN l="19" c="16"/>
<END l="24" c="0"/>
</B>
<B id="90" t="ppcif" f="23" l="53" c="0">
<BEGIN l="53" c="33"/>
<END l="57" c="0"/>
</B>
<B id="91" t="ppcrmif" f="23" l="67" c="0">
<BEGIN l="67" c="46"/>
<END l="71" c="0"/>
</B>
<B id="92" t="ppcrmif" f="23" l="81" c="0">
<BEGIN l="81" c="51"/>
<END l="85" c="0"/>
</B>
<B id="93" t="ppcrmif" f="23" l="95" c="0">
<BEGIN l="95" c="49"/>
<END l="99" c="0"/>
</B>
<B id="94" t="ppcrmif" f="23" l="109" c="0">
<BEGIN l="109" c="54"/>
<END l="113" c="0"/>
</B>
<B id="95" t="ppcif" f="23" l="125" c="0">
<BEGIN l="125" c="32"/>
<END l="129" c="0"/>
</B>
<B id="96" t="ppcrmif" f="23" l="139" c="0">
<BEGIN l="139" c="45"/>
<END l="143" c="0"/>
</B>
<B id="97" t="ppcrmif" f="23" l="153" c="0">
<BEGIN l="153" c="50"/>
<END l="157" c="0"/>
</B>
<B id="98" t="ppcrmif" f="23" l="167" c="0">
<BEGIN l="167" c="48"/>
<END l="171" c="0"/>
</B>
<B id="99" t="ppcrmif" f="23" l="181" c="0">
<BEGIN l="181" c="53"/>
<END l="185" c="0"/>
</B>
<B id="100" t="ppcif" f="23" l="201" c="0">
<BEGIN l="201" c="25"/>
<END l="209" c="0"/>
</B>
<B id="101" t="ppcif" f="23" l="202" c="0">
<BEGIN l="202" c="24"/>
<END l="206" c="0"/>
</B>
<B id="102" t="ppcrmif" f="23" l="203" c="0">
<BEGIN l="203" c="36"/>
<END l="205" c="0"/>
</B>
<B id="103" t="ppcrmelse" f="23" l="206" c="0">
<BEGIN l="206" c="6"/>
<END l="208" c="0"/>
</B>
<B id="104" t="ppcif" f="7" l="20" c="0">
<BEGIN l="20" c="18"/>
<END l="614" c="0"/>
</B>
<B id="105" t="routine" f="7" l="152" c="17">
<BEGIN l="155" c="0"/>
<END l="157" c="0"/>
</B>
<B id="106" t="routine" f="7" l="166" c="15">
<BEGIN l="167" c="0"/>
<END l="170" c="0"/>
</B>
<B id="107" t="routine" f="7" l="179" c="16">
<BEGIN l="180" c="0"/>
<END l="183" c="0"/>
</B>
<B id="108" t="else" f="7" l="195" c="40">
<BEGIN l="195" c="40"/>
<END l="195" c="63"/>
</B>
<B id="109" t="if" f="7" l="195" c="22">
<BEGIN l="195" c="24"/>
<END l="195" c="36"/>
<ELSE d="108"/>
</B>
<B id="110" t="routine" f="7" l="192" c="16">
<BEGIN l="193" c="0"/>
<END l="196" c="0"/>
<SUB d="109"/>
</B>
<B id="111" t="routine" f="7" l="205" c="17">
<BEGIN l="206" c="0"/>
<END l="208" c="0"/>
</B>
<B id="112" t="else" f="7" l="219" c="37">
<BEGIN l="219" c="37"/>
<END l="219" c="45"/>
</B>
<B id="113" t="if" f="7" l="219" c="22">
<BEGIN l="219" c="24"/>
<END l="219" c="32"/>
<ELSE d="112"/>
</B>
<B id="114" t="routine" f="7" l="217" c="15">
<BEGIN l="218" c="0"/>
<END l="220" c="0"/>
<SUB d="113"/>
</B>
<B id="115" t="else" f="7" l="231" c="37">
<BEGIN l="231" c="37"/>
<END l="231" c="45"/>
</B>
<B id="116" t="if" f="7" l="231" c="22">
<BEGIN l="231" c="24"/>
<END l="231" c="32"/>
<ELSE d="115"/>
</B>
<B id="117" t="routine" f="7" l="229" c="15">
<BEGIN l="230" c="0"/>
<END l="232" c="0"/>
<SUB d="116"/>
</B>
<B id="118" t="else" f="7" l="243" c="37">
<BEGIN l="243" c="37"/>
<END l="243" c="45"/>
</B>
<B id="119" t="if" f="7" l="243" c="22">
<BEGIN l="243" c="24"/>
<END l="243" c="32"/>
<ELSE d="118"/>
</B>
<B id="120" t="routine" f="7" l="241" c="15">
<BEGIN l="242" c="0"/>
<END l="244" c="0"/>
<SUB d="119"/>
</B>
<B id="121" t="else" f="7" l="255" c="40">
<BEGIN l="255" c="40"/>
<END l="255" c="48"/>
</B>
<B id="122" t="if" f="7" l="255" c="25">
<BEGIN l="255" c="27"/>
<END l="255" c="35"/>
<ELSE d="121"/>
</B>
<B id="123" t="routine" f="7" l="253" c="15">
<BEGIN l="254" c="0"/>
<END l="256" c="0"/>
<SUB d="122"/>
</B>
<B id="124" t="routine" f="7" l="265" c="15">
<BEGIN l="267" c="0"/>
<END l="269" c="0"/>
</B>
<B id="125" t="routine" f="7" l="278" c="15">
<BEGIN l="280" c="0"/>
<END l="282" c="0"/>
</B>
<B id="126" t="routine" f="7" l="291" c="16">
<BEGIN l="293" c="0"/>
<END l="295" c="0"/>
</B>
<B id="127" t="routine" f="7" l="304" c="16">
<BEGIN l="306" c="0"/>
<END l="308" c="0"/>
</B>
<B id="128" t="else" f="7" l="320" c="37">
<BEGIN l="320" c="37"/>
<END l="320" c="40"/>
</B>
<B id="129" t="if" f="7" l="320" c="28">
<BEGIN l="320" c="30"/>
<END l="320" c="33"/>
<ELSE d="128"/>
</B>
<B id="130" t="routine" f="7" l="317" c="16">
<BEGIN l="319" c="0"/>
<END l="321" c="0"/>
<SUB d="129"/>
</B>
<B id="131" t="else" f="7" l="333" c="37">
<BEGIN l="333" c="37"/>
<END l="333" c="40"/>
</B>
<B id="132" t="if" f="7" l="333" c="28">
<BEGIN l="333" c="30"/>
<END l="333" c="33"/>
<ELSE d="131"/>
</B>
<B id="133" t="routine" f="7" l="330" c="16">
<BEGIN l="332" c="0"/>
<END l="334" c="0"/>
<SUB d="132"/>
</B>
<B id="134" t="else" f="7" l="346" c="37">
<BEGIN l="346" c="37"/>
<END l="346" c="40"/>
</B>
<B id="135" t="if" f="7" l="346" c="28">
<BEGIN l="346" c="30"/>
<END l="346" c="33"/>
<ELSE d="134"/>
</B>
<B id="136" t="routine" f="7" l="343" c="17">
<BEGIN l="345" c="0"/>
<END l="347" c="0"/>
<SUB d="135"/>
</B>
<B id="137" t="routine" f="7" l="356" c="15">
<BEGIN l="358" c="0"/>
<END l="360" c="0"/>
</B>
<B id="138" t="routine" f="7" l="369" c="15">
<BEGIN l="371" c="0"/>
<END l="373" c="0"/>
</B>
<B id="139" t="routine" f="7" l="382" c="16">
<BEGIN l="384" c="0"/>
<END l="386" c="0"/>
</B>
<B id="140" t="routine" f="7" l="395" c="16">
<BEGIN l="397" c="0"/>
<END l="399" c="0"/>
</B>
<B id="141" t="else" f="7" l="411" c="37">
<BEGIN l="411" c="37"/>
<END l="411" c="40"/>
</B>
<B id="142" t="if" f="7" l="411" c="28">
<BEGIN l="411" c="30"/>
<END l="411" c="33"/>
<ELSE d="141"/>
</B>
<B id="143" t="routine" f="7" l="408" c="16">
<BEGIN l="410" c="0"/>
<END l="412" c="0"/>
<SUB d="142"/>
</B>
<B id="144" t="else" f="7" l="424" c="37">
<BEGIN l="424" c="37"/>
<END l="424" c="40"/>
</B>
<B id="145" t="if" f="7" l="424" c="28">
<BEGIN l="424" c="30"/>
<END l="424" c="33"/>
<ELSE d="144"/>
</B>
<B id="146" t="routine" f="7" l="421" c="16">
<BEGIN l="423" c="0"/>
<END l="425" c="0"/>
<SUB d="145"/>
</B>
<B id="147" t="else" f="7" l="437" c="37">
<BEGIN l="437" c="37"/>
<END l="437" c="40"/>
</B>
<B id="148" t="if" f="7" l="437" c="28">
<BEGIN l="437" c="30"/>
<END l="437" c="33"/>
<ELSE d="147"/>
</B>
<B id="149" t="routine" f="7" l="434" c="17">
<BEGIN l="436" c="0"/>
<END l="438" c="0"/>
<SUB d="148"/>
</B>
<B id="150" t="routine" f="7" l="448" c="15">
<BEGIN l="451" c="0"/>
<END l="453" c="0"/>
</B>
<B id="151" t="routine" f="7" l="462" c="15">
<BEGIN l="465" c="0"/>
<END l="467" c="0"/>
</B>
<B id="152" t="routine" f="7" l="476" c="16">
<BEGIN l="479" c="0"/>
<END l="481" c="0"/>
</B>
<B id="153" t="routine" f="7" l="490" c="16">
<BEGIN l="493" c="0"/>
<END l="495" c="0"/>
</B>
<B id="154" t="else" f="7" l="508" c="38">
<BEGIN l="508" c="38"/>
<END l="508" c="67"/>
</B>
<B id="155" t="if" f="7" l="508" c="28">
<BEGIN l="508" c="30"/>
<END l="508" c="34"/>
<ELSE d="154"/>
</B>
<B id="156" t="routine" f="7" l="504" c="16">
<BEGIN l="507" c="0"/>
<END l="509" c="0"/>
<SUB d="155"/>
</B>
<B id="157" t="else" f="7" l="522" c="38">
<BEGIN l="522" c="38"/>
<END l="522" c="67"/>
</B>
<B id="158" t="if" f="7" l="522" c="28">
<BEGIN l="522" c="30"/>
<END l="522" c="34"/>
<ELSE d="157"/>
</B>
<B id="159" t="routine" f="7" l="518" c="16">
<BEGIN l="521" c="0"/>
<END l="523" c="0"/>
<SUB d="158"/>
</B>
<B id="160" t="else" f="7" l="536" c="38">
<BEGIN l="536" c="38"/>
<END l="536" c="67"/>
</B>
<B id="161" t="if" f="7" l="536" c="28">
<BEGIN l="536" c="30"/>
<END l="536" c="34"/>
<ELSE d="160"/>
</B>
<B id="162" t="routine" f="7" l="532" c="17">
<BEGIN l="535" c="0"/>
<END l="537" c="0"/>
<SUB d="161"/>
</B>
<B id="163" t="routine" f="7" l="547" c="17">
<BEGIN l="549" c="0"/>
<END l="551" c="0"/>
</B>
<B id="164" t="routine" f="7" l="560" c="17">
<BEGIN l="561" c="0"/>
<END l="563" c="0"/>
</B>
<B id="165" t="routine" f="7" l="572" c="17">
<BEGIN l="573" c="0"/>
<END l="575" c="0"/>
</B>
<B id="166" t="routine" f="7" l="584" c="17">
<BEGIN l="585" c="0"/>
<END l="587" c="0"/>
</B>
<B id="167" t="routine" f="7" l="596" c="17">
<BEGIN l="597" c="0"/>
<END l="599" c="0"/>
</B>
<B id="168" t="routine" f="7" l="608" c="17">
<BEGIN l="610" c="0"/>
<END l="612" c="0"/>
</B>
<B id="169" t="ppcif" f="6" l="13" c="0">
<BEGIN l="13" c="16"/>
<END l="823" c="0"/>
</B>
<B id="170" t="ppcrmif" f="6" l="14" c="0">
<BEGIN l="14" c="14"/>
<END l="16" c="0"/>
</B>
<B id="171" t="ppcif" f="6" l="18" c="0">
<BEGIN l="18" c="23"/>
<END l="819" c="0"/>
</B>
<B id="172" t="ppcrmif" f="6" l="20" c="0">
<BEGIN l="20" c="18"/>
<END l="22" c="0"/>
</B>
<B id="173" t="ppcrmif" f="6" l="26" c="0">
<BEGIN l="26" c="67"/>
<END l="28" c="0"/>
</B>
<B id="174" t="ppcrmelif" f="6" l="28" c="0">
<BEGIN l="28" c="5"/>
<END l="30" c="0"/>
</B>
<B id="175" t="ppcrmelif" f="6" l="30" c="0">
<BEGIN l="30" c="5"/>
<END l="33" c="0"/>
</B>
<B id="176" t="ppcrmelif" f="6" l="33" c="0">
<BEGIN l="33" c="5"/>
<END l="38" c="0"/>
</B>
<B id="177" t="ppcrmelse" f="6" l="38" c="0">
<BEGIN l="38" c="5"/>
<END l="40" c="0"/>
</B>
<B id="178" t="ppcrmif" f="6" l="42" c="0">
<BEGIN l="42" c="23"/>
<END l="44" c="0"/>
</B>
<B id="179" t="ppcrmelif" f="6" l="44" c="0">
<BEGIN l="44" c="5"/>
<END l="47" c="0"/>
</B>
<B id="180" t="ppcrmelif" f="6" l="47" c="0">
<BEGIN l="47" c="5"/>
<END l="50" c="0"/>
</B>
<B id="181" t="ppcrmelse" f="6" l="50" c="0">
<BEGIN l="50" c="5"/>
<END l="53" c="0"/>
</B>
<B id="182" t="ppcif" f="6" l="65" c="0">
<BEGIN l="65" c="20"/>
<END l="68" c="0"/>
</B>
<B id="183" t="ppcrmelse" f="6" l="68" c="0">
<BEGIN l="68" c="5"/>
<END l="76" c="0"/>
</B>
<B id="184" t="ppcrmif" f="6" l="78" c="0">
<BEGIN l="78" c="106"/>
<END l="82" c="0"/>
</B>
<B id="185" t="ppcelse" f="6" l="82" c="0">
<BEGIN l="82" c="5"/>
<END l="86" c="0"/>
</B>
<B id="186" t="ppcif" f="6" l="115" c="0">
<BEGIN l="116" c="51"/>
<END l="119" c="0"/>
</B>
<B id="187" t="ppcif" f="6" l="121" c="0">
<BEGIN l="121" c="68"/>
<END l="123" c="0"/>
</B>
<B id="188" t="ppcrmelse" f="6" l="123" c="0">
<BEGIN l="123" c="5"/>
<END l="126" c="0"/>
</B>
<B id="189" t="ppcrmif" f="6" l="128" c="0">
<BEGIN l="128" c="53"/>
<END l="131" c="0"/>
</B>
<B id="190" t="ppcrmif" f="6" l="133" c="0">
<BEGIN l="133" c="51"/>
<END l="135" c="0"/>
</B>
<B id="191" t="ppcif" f="6" l="137" c="0">
<BEGIN l="137" c="24"/>
<END l="265" c="0"/>
</B>
<B id="192" t="ppcif" f="6" l="138" c="0">
<BEGIN l="138" c="56"/>
<END l="140" c="0"/>
</B>
<B id="193" t="ppcrmif" f="6" l="171" c="0">
<BEGIN l="171" c="24"/>
<END l="173" c="0"/>
</B>
<B id="194" t="ppcrmif" f="6" l="188" c="0">
<BEGIN l="188" c="24"/>
<END l="190" c="0"/>
</B>
<B id="195" t="ppcif" f="6" l="196" c="0">
<BEGIN l="196" c="56"/>
<END l="263" c="0"/>
</B>
<B id="196" t="ppcrmif" f="6" l="217" c="0">
<BEGIN l="217" c="24"/>
<END l="219" c="0"/>
</B>
<B id="197" t="ppcrmif" f="6" l="260" c="0">
<BEGIN l="260" c="24"/>
<END l="262" c="0"/>
</B>
<B id="198" t="ppcrmif" f="6" l="268" c="0">
<BEGIN l="268" c="24"/>
<END l="270" c="0"/>
</B>
<B id="199" t="ppcrmif" f="6" l="284" c="0">
<BEGIN l="284" c="24"/>
<END l="286" c="0"/>
</B>
<B id="200" t="ppcif" f="6" l="291" c="0">
<BEGIN l="291" c="20"/>
<END l="750" c="0"/>
</B>
<B id="201" t="ppcif" f="6" l="292" c="0">
<BEGIN l="292" c="24"/>
<END l="307" c="0"/>
</B>
<B id="202" t="ppcrmif" f="6" l="310" c="0">
<BEGIN l="310" c="43"/>
<END l="317" c="0"/>
</B>
<B id="203" t="ppcelif" f="6" l="317" c="0">
<BEGIN l="317" c="5"/>
<END l="324" c="0"/>
</B>
<B id="204" t="ppcrmelif" f="6" l="324" c="0">
<BEGIN l="324" c="5"/>
<END l="337" c="0"/>
</B>
<B id="205" t="ppcrmelse" f="6" l="337" c="0">
<BEGIN l="337" c="5"/>
<END l="345" c="0"/>
</B>
<B id="206" t="ppcrmif" f="6" l="348" c="0">
<BEGIN l="348" c="43"/>
<END l="355" c="0"/>
</B>
<B id="207" t="ppcelif" f="6" l="355" c="0">
<BEGIN l="355" c="5"/>
<END l="364" c="0"/>
</B>
<B id="208" t="ppcrmelse" f="6" l="364" c="0">
<BEGIN l="364" c="5"/>
<END l="372" c="0"/>
</B>
<B id="209" t="ppcrmif" f="6" l="375" c="0">
<BEGIN l="375" c="23"/>
<END l="377" c="0"/>
</B>
<B id="210" t="ppcrmelif" f="6" l="377" c="0">
<BEGIN l="377" c="6"/>
<END l="379" c="0"/>
</B>
<B id="211" t="ppcrmelif" f="6" l="379" c="0">
<BEGIN l="379" c="6"/>
<END l="381" c="0"/>
</B>
<B id="212" t="ppcif" f="6" l="383" c="0">
<BEGIN l="383" c="64"/>
<END l="402" c="0"/>
</B>
<B id="213" t="ppcif" f="6" l="386" c="0">
<BEGIN l="386" c="24"/>
<END l="397" c="0"/>
</B>
<B id="214" t="ppcrmelse" f="6" l="402" c="0">
<BEGIN l="402" c="5"/>
<END l="682" c="0"/>
</B>
<B id="215" t="ppcif" f="6" l="685" c="0">
<BEGIN l="685" c="24"/>
<END l="698" c="0"/>
</B>
<B id="216" t="ppcif" f="6" l="695" c="0">
<BEGIN l="695" c="56"/>
<END l="697" c="0"/>
</B>
<B id="217" t="ppcrmif" f="6" l="708" c="0">
<BEGIN l="708" c="143"/>
<END l="716" c="0"/>
</B>
<B id="218" t="ppcif" f="6" l="740" c="0">
<BEGIN l="740" c="63"/>
<END l="743" c="0"/>
</B>
<B id="219" t="ppcrmif" f="6" l="752" c="0">
<BEGIN l="752" c="95"/>
<END l="772" c="0"/>
</B>
<B id="220" t="ppcrmif" f="6" l="774" c="0">
<BEGIN l="774" c="42"/>
<END l="776" c="0"/>
</B>
<B id="221" t="ppcrmif" f="6" l="778" c="0">
<BEGIN l="778" c="51"/>
<END l="780" c="0"/>
</B>
<B id="222" t="ppcrmif" f="6" l="782" c="0">
<BEGIN l="782" c="18"/>
<END l="816" c="0"/>
</B>
<B id="223" t="ppcrmif" f="6" l="820" c="0">
<BEGIN l="820" c="14"/>
<END l="822" c="0"/>
</B>
</Blocks>
</Navig>
