<?xml version="1.0" encoding="UTF-8"?>

<MISRA-C-Report version="1.3">


<CodeStruct Name="" File="C:\Component\ES311A_GateDrv0Ctrl_Impl\src\GateDrv0Ctrl.c" Line="0" Column="0">

<Rule Name="19.1" Mode="advisory" Report="warning" Id="1">
<Loc File="C:\Component\ES311A_GateDrv0Ctrl_Impl\src\GateDrv0Ctrl.c" Line="733" Column="0">
</Loc>
<Message>
#include statements in a file shall only be preceded by other preprocessor directives or comments.
</Message>
</Rule>

<Rule Name="19.1" Mode="advisory" Report="warning" Id="2">
<Loc File="C:\Component\ES311A_GateDrv0Ctrl_Impl\src\GateDrv0Ctrl.c" Line="985" Column="0">
</Loc>
<Message>
#include statements in a file shall only be preceded by other preprocessor directives or comments.
</Message>
</Rule>

<Rule Name="19.1" Mode="advisory" Report="warning" Id="3">
<Loc File="C:\Component\ES311A_GateDrv0Ctrl_Impl\src\GateDrv0Ctrl.c" Line="993" Column="0">
</Loc>
<Message>
#include statements in a file shall only be preceded by other preprocessor directives or comments.
</Message>
</Rule>

<Rule Name="1.1" Mode="required" Report="warning" Id="4">
<Loc File="C:\Component\ES311A_GateDrv0Ctrl_Impl\src\GateDrv0Ctrl.c" Line="1004" Column="21">
</Loc>
<Message>
All code shall conform to ISO 9899:1990 Programming languages  C,
amended and corrected by ISO/IEC 9899/COR1:1995, ISO/IEC 9899/AMD1:1995,
and ISO/IEC 9899/COR2:1996.
Keyword 'inline' should not be used.
</Message>
</Rule>

<Rule Name="19.1" Mode="advisory" Report="warning" Id="5">
<Loc File="C:\Component\ES311A_GateDrv0Ctrl_Impl\src\GateDrv0Ctrl.c" Line="1738" Column="0">
</Loc>
<Message>
#include statements in a file shall only be preceded by other preprocessor directives or comments.
</Message>
</Rule>

</CodeStruct>

<CodeStruct Name="GateDrvDetermineVgsUvFlt" File="C:\Component\ES311A_GateDrv0Ctrl_Impl\src\GateDrv0Ctrl.c" Line="1710" Column="12">

<Rule Name="21.1" Mode="required" Report="warning" Id="6">
<Loc File="C:\Component\ES311A_GateDrv0Ctrl_Impl\src\GateDrv0Ctrl.c" Line="1718" Column="14">
</Loc>
<Message>
Minimisation of run-time failures.
</Message>
</Rule>

<Rule Name="21.1" Mode="required" Report="warning" Id="7">
<Loc File="C:\Component\ES311A_GateDrv0Ctrl_Impl\src\GateDrv0Ctrl.c" Line="1721" Column="70">
</Loc>
<Message>
Minimisation of run-time failures.
</Message>
</Rule>

<Rule Name="21.1" Mode="required" Report="warning" Id="8">
<Loc File="C:\Component\ES311A_GateDrv0Ctrl_Impl\src\GateDrv0Ctrl.c" Line="1727" Column="70">
</Loc>
<Message>
Minimisation of run-time failures.
</Message>
</Rule>

<Rule Name="21.1" Mode="required" Report="warning" Id="9">
<Loc File="C:\Component\ES311A_GateDrv0Ctrl_Impl\src\GateDrv0Ctrl.c" Line="1732" Column="70">
</Loc>
<Message>
Minimisation of run-time failures.
</Message>
</Rule>

</CodeStruct>

<CodeStruct Name="GateDrvDetermineVltgFlt" File="C:\Component\ES311A_GateDrv0Ctrl_Impl\src\GateDrv0Ctrl.c" Line="1536" Column="15">

<Rule Name="21.1" Mode="required" Report="warning" Id="10">
<Loc File="C:\Component\ES311A_GateDrv0Ctrl_Impl\src\GateDrv0Ctrl.c" Line="1547" Column="14">
</Loc>
<Message>
Minimisation of run-time failures.
</Message>
</Rule>

<Rule Name="21.1" Mode="required" Report="warning" Id="11">
<Loc File="C:\Component\ES311A_GateDrv0Ctrl_Impl\src\GateDrv0Ctrl.c" Line="1550" Column="16">
</Loc>
<Message>
Minimisation of run-time failures.
</Message>
</Rule>

<Rule Name="21.1" Mode="required" Report="warning" Id="12">
<Loc File="C:\Component\ES311A_GateDrv0Ctrl_Impl\src\GateDrv0Ctrl.c" Line="1550" Column="85">
</Loc>
<Message>
Minimisation of run-time failures.
</Message>
</Rule>

<Rule Name="21.1" Mode="required" Report="warning" Id="13">
<Loc File="C:\Component\ES311A_GateDrv0Ctrl_Impl\src\GateDrv0Ctrl.c" Line="1552" Column="20">
</Loc>
<Message>
Minimisation of run-time failures.
</Message>
</Rule>

<Rule Name="21.1" Mode="required" Report="warning" Id="14">
<Loc File="C:\Component\ES311A_GateDrv0Ctrl_Impl\src\GateDrv0Ctrl.c" Line="1559" Column="78">
</Loc>
<Message>
Minimisation of run-time failures.
</Message>
</Rule>

<Rule Name="21.1" Mode="required" Report="warning" Id="15">
<Loc File="C:\Component\ES311A_GateDrv0Ctrl_Impl\src\GateDrv0Ctrl.c" Line="1567" Column="22">
</Loc>
<Message>
Minimisation of run-time failures.
</Message>
</Rule>

<Rule Name="21.1" Mode="required" Report="warning" Id="16">
<Loc File="C:\Component\ES311A_GateDrv0Ctrl_Impl\src\GateDrv0Ctrl.c" Line="1571" Column="83">
</Loc>
<Message>
Minimisation of run-time failures.
</Message>
</Rule>

<Rule Name="21.1" Mode="required" Report="warning" Id="17">
<Loc File="C:\Component\ES311A_GateDrv0Ctrl_Impl\src\GateDrv0Ctrl.c" Line="1576" Column="78">
</Loc>
<Message>
Minimisation of run-time failures.
</Message>
</Rule>

<Rule Name="21.1" Mode="required" Report="warning" Id="18">
<Loc File="C:\Component\ES311A_GateDrv0Ctrl_Impl\src\GateDrv0Ctrl.c" Line="1584" Column="68">
</Loc>
<Message>
Minimisation of run-time failures.
</Message>
</Rule>

<Rule Name="21.1" Mode="required" Report="warning" Id="19">
<Loc File="C:\Component\ES311A_GateDrv0Ctrl_Impl\src\GateDrv0Ctrl.c" Line="1589" Column="16">
</Loc>
<Message>
Minimisation of run-time failures.
</Message>
</Rule>

<Rule Name="21.1" Mode="required" Report="warning" Id="20">
<Loc File="C:\Component\ES311A_GateDrv0Ctrl_Impl\src\GateDrv0Ctrl.c" Line="1590" Column="68">
</Loc>
<Message>
Minimisation of run-time failures.
</Message>
</Rule>

</CodeStruct>

<CodeStruct Name="OperFltMonrSt" File="C:\Component\ES311A_GateDrv0Ctrl_Impl\src\GateDrv0Ctrl.c" Line="1405" Column="12">

<Rule Name="21.1" Mode="required" Report="warning" Id="25">
<Loc File="C:\Component\ES311A_GateDrv0Ctrl_Impl\src\GateDrv0Ctrl.c" Line="1423" Column="41">
</Loc>
<Message>
Minimisation of run-time failures.
</Message>
</Rule>

<Rule Name="21.1" Mode="required" Report="warning" Id="26">
<Loc File="C:\Component\ES311A_GateDrv0Ctrl_Impl\src\GateDrv0Ctrl.c" Line="1424" Column="64">
</Loc>
<Message>
Minimisation of run-time failures.
</Message>
</Rule>

<Rule Name="21.1" Mode="required" Report="warning" Id="27">
<Loc File="C:\Component\ES311A_GateDrv0Ctrl_Impl\src\GateDrv0Ctrl.c" Line="1425" Column="64">
</Loc>
<Message>
Minimisation of run-time failures.
</Message>
</Rule>

<Rule Name="21.1" Mode="required" Report="warning" Id="28">
<Loc File="C:\Component\ES311A_GateDrv0Ctrl_Impl\src\GateDrv0Ctrl.c" Line="1426" Column="64">
</Loc>
<Message>
Minimisation of run-time failures.
</Message>
</Rule>

<Rule Name="21.1" Mode="required" Report="warning" Id="29">
<Loc File="C:\Component\ES311A_GateDrv0Ctrl_Impl\src\GateDrv0Ctrl.c" Line="1427" Column="64">
</Loc>
<Message>
Minimisation of run-time failures.
</Message>
</Rule>

<Rule Name="21.1" Mode="required" Report="warning" Id="30">
<Loc File="C:\Component\ES311A_GateDrv0Ctrl_Impl\src\GateDrv0Ctrl.c" Line="1428" Column="64">
</Loc>
<Message>
Minimisation of run-time failures.
</Message>
</Rule>

<Rule Name="21.1" Mode="required" Report="warning" Id="31">
<Loc File="C:\Component\ES311A_GateDrv0Ctrl_Impl\src\GateDrv0Ctrl.c" Line="1433" Column="16">
</Loc>
<Message>
Minimisation of run-time failures.
</Message>
</Rule>

<Rule Name="21.1" Mode="required" Report="warning" Id="32">
<Loc File="C:\Component\ES311A_GateDrv0Ctrl_Impl\src\GateDrv0Ctrl.c" Line="1434" Column="16">
</Loc>
<Message>
Minimisation of run-time failures.
</Message>
</Rule>

<Rule Name="21.1" Mode="required" Report="warning" Id="33">
<Loc File="C:\Component\ES311A_GateDrv0Ctrl_Impl\src\GateDrv0Ctrl.c" Line="1435" Column="16">
</Loc>
<Message>
Minimisation of run-time failures.
</Message>
</Rule>

<Rule Name="21.1" Mode="required" Report="warning" Id="34">
<Loc File="C:\Component\ES311A_GateDrv0Ctrl_Impl\src\GateDrv0Ctrl.c" Line="1436" Column="16">
</Loc>
<Message>
Minimisation of run-time failures.
</Message>
</Rule>

<Rule Name="21.1" Mode="required" Report="warning" Id="35">
<Loc File="C:\Component\ES311A_GateDrv0Ctrl_Impl\src\GateDrv0Ctrl.c" Line="1453" Column="16">
</Loc>
<Message>
Minimisation of run-time failures.
</Message>
</Rule>

<Rule Name="21.1" Mode="required" Report="warning" Id="36">
<Loc File="C:\Component\ES311A_GateDrv0Ctrl_Impl\src\GateDrv0Ctrl.c" Line="1454" Column="68">
</Loc>
<Message>
Minimisation of run-time failures.
</Message>
</Rule>

<Rule Name="21.1" Mode="required" Report="warning" Id="37">
<Loc File="C:\Component\ES311A_GateDrv0Ctrl_Impl\src\GateDrv0Ctrl.c" Line="1460" Column="16">
</Loc>
<Message>
Minimisation of run-time failures.
</Message>
</Rule>

<Rule Name="21.1" Mode="required" Report="warning" Id="38">
<Loc File="C:\Component\ES311A_GateDrv0Ctrl_Impl\src\GateDrv0Ctrl.c" Line="1461" Column="16">
</Loc>
<Message>
Minimisation of run-time failures.
</Message>
</Rule>

<Rule Name="21.1" Mode="required" Report="warning" Id="39">
<Loc File="C:\Component\ES311A_GateDrv0Ctrl_Impl\src\GateDrv0Ctrl.c" Line="1473" Column="68">
</Loc>
<Message>
Minimisation of run-time failures.
</Message>
</Rule>

<Rule Name="21.1" Mode="required" Report="warning" Id="40">
<Loc File="C:\Component\ES311A_GateDrv0Ctrl_Impl\src\GateDrv0Ctrl.c" Line="1478" Column="16">
</Loc>
<Message>
Minimisation of run-time failures.
</Message>
</Rule>

</CodeStruct>

<CodeStruct Name="GateDrv0CtrlPer1" File="C:\Component\ES311A_GateDrv0Ctrl_Impl\src\GateDrv0Ctrl.c" Line="798" Column="5">

<Rule Name="9.1" Mode="required" Report="warning" Id="21">
<Loc File="C:\Component\ES311A_GateDrv0Ctrl_Impl\src\GateDrv0Ctrl.c" Line="817" Column="15">
</Loc>
<Message>
All automatic variables shall have been assigned a value before being used.
</Message>
</Rule>

<Rule Name="9.1" Mode="required" Report="warning" Id="22">
<Loc File="C:\Component\ES311A_GateDrv0Ctrl_Impl\src\GateDrv0Ctrl.c" Line="817" Column="76">
</Loc>
<Message>
All automatic variables shall have been assigned a value before being used.
</Message>
</Rule>

<Rule Name="9.1" Mode="required" Report="warning" Id="23">
<Loc File="C:\Component\ES311A_GateDrv0Ctrl_Impl\src\GateDrv0Ctrl.c" Line="818" Column="20">
</Loc>
<Message>
All automatic variables shall have been assigned a value before being used.
</Message>
</Rule>

<Rule Name="9.1" Mode="required" Report="warning" Id="24">
<Loc File="C:\Component\ES311A_GateDrv0Ctrl_Impl\src\GateDrv0Ctrl.c" Line="838" Column="20">
</Loc>
<Message>
All automatic variables shall have been assigned a value before being used.
</Message>
</Rule>

</CodeStruct>

<CodeStruct Name="OffStVrfyData" File="C:\Component\ES311A_GateDrv0Ctrl_Impl\src\GateDrv0Ctrl.c" Line="1122" Column="15">

<Rule Name="21.1" Mode="required" Report="warning" Id="43">
<Loc File="C:\Component\ES311A_GateDrv0Ctrl_Impl\src\GateDrv0Ctrl.c" Line="1137" Column="62">
</Loc>
<Message>
Minimisation of run-time failures.
</Message>
</Rule>

<Rule Name="21.1" Mode="required" Report="warning" Id="44">
<Loc File="C:\Component\ES311A_GateDrv0Ctrl_Impl\src\GateDrv0Ctrl.c" Line="1137" Column="63">
</Loc>
<Message>
Minimisation of run-time failures.
</Message>
</Rule>

<Rule Name="9.1" Mode="required" Report="warning" Id="45">
<Loc File="C:\Component\ES311A_GateDrv0Ctrl_Impl\src\GateDrv0Ctrl.c" Line="1159" Column="20">
</Loc>
<Message>
All automatic variables shall have been assigned a value before being used.
</Message>
</Rule>

<Rule Name="21.1" Mode="required" Report="warning" Id="46">
<Loc File="C:\Component\ES311A_GateDrv0Ctrl_Impl\src\GateDrv0Ctrl.c" Line="1165" Column="44">
</Loc>
<Message>
Minimisation of run-time failures.
</Message>
</Rule>

<Rule Name="21.1" Mode="required" Report="warning" Id="47">
<Loc File="C:\Component\ES311A_GateDrv0Ctrl_Impl\src\GateDrv0Ctrl.c" Line="1169" Column="51">
</Loc>
<Message>
Minimisation of run-time failures.
</Message>
</Rule>

<Rule Name="21.1" Mode="required" Report="warning" Id="48">
<Loc File="C:\Component\ES311A_GateDrv0Ctrl_Impl\src\GateDrv0Ctrl.c" Line="1173" Column="51">
</Loc>
<Message>
Minimisation of run-time failures.
</Message>
</Rule>

<Rule Name="21.1" Mode="required" Report="warning" Id="49">
<Loc File="C:\Component\ES311A_GateDrv0Ctrl_Impl\src\GateDrv0Ctrl.c" Line="1177" Column="51">
</Loc>
<Message>
Minimisation of run-time failures.
</Message>
</Rule>

<Rule Name="21.1" Mode="required" Report="warning" Id="50">
<Loc File="C:\Component\ES311A_GateDrv0Ctrl_Impl\src\GateDrv0Ctrl.c" Line="1181" Column="51">
</Loc>
<Message>
Minimisation of run-time failures.
</Message>
</Rule>

</CodeStruct>

<CodeStruct Name="GateDrv0CtrlInit1" File="C:\Component\ES311A_GateDrv0Ctrl_Impl\src\GateDrv0Ctrl.c" Line="745" Column="5">

<Rule Name="21.1" Mode="required" Report="warning" Id="41">
<Loc File="C:\Component\ES311A_GateDrv0Ctrl_Impl\src\GateDrv0Ctrl.c" Line="752" Column="8">
</Loc>
<Message>
Minimisation of run-time failures.
</Message>
</Rule>

<Rule Name="21.1" Mode="required" Report="warning" Id="42">
<Loc File="C:\Component\ES311A_GateDrv0Ctrl_Impl\src\GateDrv0Ctrl.c" Line="752" Column="31">
</Loc>
<Message>
Minimisation of run-time failures.
</Message>
</Rule>

</CodeStruct>

<CodeStruct Name="ReadBackRegs" File="C:\Component\ES311A_GateDrv0Ctrl_Impl\src\GateDrv0Ctrl.c" Line="1286" Column="12">

<Rule Name="9.1" Mode="required" Report="warning" Id="51">
<Loc File="C:\Component\ES311A_GateDrv0Ctrl_Impl\src\GateDrv0Ctrl.c" Line="1320" Column="13">
</Loc>
<Message>
All automatic variables shall have been assigned a value before being used.
</Message>
</Rule>

<Rule Name="9.1" Mode="required" Report="warning" Id="52">
<Loc File="C:\Component\ES311A_GateDrv0Ctrl_Impl\src\GateDrv0Ctrl.c" Line="1324" Column="18">
</Loc>
<Message>
All automatic variables shall have been assigned a value before being used.
</Message>
</Rule>

<Rule Name="9.1" Mode="required" Report="warning" Id="53">
<Loc File="C:\Component\ES311A_GateDrv0Ctrl_Impl\src\GateDrv0Ctrl.c" Line="1328" Column="18">
</Loc>
<Message>
All automatic variables shall have been assigned a value before being used.
</Message>
</Rule>

<Rule Name="9.1" Mode="required" Report="warning" Id="54">
<Loc File="C:\Component\ES311A_GateDrv0Ctrl_Impl\src\GateDrv0Ctrl.c" Line="1332" Column="18">
</Loc>
<Message>
All automatic variables shall have been assigned a value before being used.
</Message>
</Rule>

<Rule Name="9.1" Mode="required" Report="warning" Id="55">
<Loc File="C:\Component\ES311A_GateDrv0Ctrl_Impl\src\GateDrv0Ctrl.c" Line="1336" Column="18">
</Loc>
<Message>
All automatic variables shall have been assigned a value before being used.
</Message>
</Rule>

<Rule Name="9.1" Mode="required" Report="warning" Id="56">
<Loc File="C:\Component\ES311A_GateDrv0Ctrl_Impl\src\GateDrv0Ctrl.c" Line="1340" Column="18">
</Loc>
<Message>
All automatic variables shall have been assigned a value before being used.
</Message>
</Rule>

<Rule Name="9.1" Mode="required" Report="warning" Id="57">
<Loc File="C:\Component\ES311A_GateDrv0Ctrl_Impl\src\GateDrv0Ctrl.c" Line="1344" Column="18">
</Loc>
<Message>
All automatic variables shall have been assigned a value before being used.
</Message>
</Rule>

<Rule Name="9.1" Mode="required" Report="warning" Id="58">
<Loc File="C:\Component\ES311A_GateDrv0Ctrl_Impl\src\GateDrv0Ctrl.c" Line="1348" Column="18">
</Loc>
<Message>
All automatic variables shall have been assigned a value before being used.
</Message>
</Rule>

<Rule Name="9.1" Mode="required" Report="warning" Id="59">
<Loc File="C:\Component\ES311A_GateDrv0Ctrl_Impl\src\GateDrv0Ctrl.c" Line="1352" Column="18">
</Loc>
<Message>
All automatic variables shall have been assigned a value before being used.
</Message>
</Rule>

<Rule Name="9.1" Mode="required" Report="warning" Id="60">
<Loc File="C:\Component\ES311A_GateDrv0Ctrl_Impl\src\GateDrv0Ctrl.c" Line="1356" Column="18">
</Loc>
<Message>
All automatic variables shall have been assigned a value before being used.
</Message>
</Rule>

<Rule Name="9.1" Mode="required" Report="warning" Id="61">
<Loc File="C:\Component\ES311A_GateDrv0Ctrl_Impl\src\GateDrv0Ctrl.c" Line="1360" Column="18">
</Loc>
<Message>
All automatic variables shall have been assigned a value before being used.
</Message>
</Rule>

<Rule Name="21.1" Mode="required" Report="warning" Id="62">
<Loc File="C:\Component\ES311A_GateDrv0Ctrl_Impl\src\GateDrv0Ctrl.c" Line="1372" Column="20">
</Loc>
<Message>
Minimisation of run-time failures.
</Message>
</Rule>

<Rule Name="21.1" Mode="required" Report="warning" Id="63">
<Loc File="C:\Component\ES311A_GateDrv0Ctrl_Impl\src\GateDrv0Ctrl.c" Line="1374" Column="24">
</Loc>
<Message>
Minimisation of run-time failures.
</Message>
</Rule>

<Rule Name="21.1" Mode="required" Report="warning" Id="64">
<Loc File="C:\Component\ES311A_GateDrv0Ctrl_Impl\src\GateDrv0Ctrl.c" Line="1382" Column="24">
</Loc>
<Message>
Minimisation of run-time failures.
</Message>
</Rule>

<Rule Name="21.1" Mode="required" Report="warning" Id="65">
<Loc File="C:\Component\ES311A_GateDrv0Ctrl_Impl\src\GateDrv0Ctrl.c" Line="1389" Column="16">
</Loc>
<Message>
Minimisation of run-time failures.
</Message>
</Rule>

</CodeStruct>

<CodeStruct Name="GateDrv0CtrlPer2" File="C:\Component\ES311A_GateDrv0Ctrl_Impl\src\GateDrv0Ctrl.c" Line="907" Column="5">

<Rule Name="21.1" Mode="required" Report="warning" Id="66">
<Loc File="C:\Component\ES311A_GateDrv0Ctrl_Impl\src\GateDrv0Ctrl.c" Line="929" Column="80">
</Loc>
<Message>
Minimisation of run-time failures.
</Message>
</Rule>

<Rule Name="21.1" Mode="required" Report="warning" Id="67">
<Loc File="C:\Component\ES311A_GateDrv0Ctrl_Impl\src\GateDrv0Ctrl.c" Line="938" Column="24">
</Loc>
<Message>
Minimisation of run-time failures.
</Message>
</Rule>

<Rule Name="9.1" Mode="required" Report="warning" Id="68">
<Loc File="C:\Component\ES311A_GateDrv0Ctrl_Impl\src\GateDrv0Ctrl.c" Line="960" Column="73">
</Loc>
<Message>
All automatic variables shall have been assigned a value before being used.
</Message>
</Rule>

<Rule Name="21.1" Mode="required" Report="warning" Id="69">
<Loc File="C:\Component\ES311A_GateDrv0Ctrl_Impl\src\GateDrv0Ctrl.c" Line="962" Column="16">
</Loc>
<Message>
Minimisation of run-time failures.
</Message>
</Rule>

<Rule Name="21.1" Mode="required" Report="warning" Id="70">
<Loc File="C:\Component\ES311A_GateDrv0Ctrl_Impl\src\GateDrv0Ctrl.c" Line="962" Column="39">
</Loc>
<Message>
Minimisation of run-time failures.
</Message>
</Rule>

<Rule Name="21.1" Mode="required" Report="warning" Id="71">
<Loc File="C:\Component\ES311A_GateDrv0Ctrl_Impl\src\GateDrv0Ctrl.c" Line="963" Column="16">
</Loc>
<Message>
Minimisation of run-time failures.
</Message>
</Rule>

<Rule Name="21.1" Mode="required" Report="warning" Id="72">
<Loc File="C:\Component\ES311A_GateDrv0Ctrl_Impl\src\GateDrv0Ctrl.c" Line="964" Column="16">
</Loc>
<Message>
Minimisation of run-time failures.
</Message>
</Rule>

<Rule Name="21.1" Mode="required" Report="warning" Id="73">
<Loc File="C:\Component\ES311A_GateDrv0Ctrl_Impl\src\GateDrv0Ctrl.c" Line="965" Column="16">
</Loc>
<Message>
Minimisation of run-time failures.
</Message>
</Rule>

<Rule Name="21.1" Mode="required" Report="warning" Id="74">
<Loc File="C:\Component\ES311A_GateDrv0Ctrl_Impl\src\GateDrv0Ctrl.c" Line="967" Column="20">
</Loc>
<Message>
Minimisation of run-time failures.
</Message>
</Rule>

<Rule Name="21.1" Mode="required" Report="warning" Id="75">
<Loc File="C:\Component\ES311A_GateDrv0Ctrl_Impl\src\GateDrv0Ctrl.c" Line="969" Column="24">
</Loc>
<Message>
Minimisation of run-time failures.
</Message>
</Rule>

<Rule Name="21.1" Mode="required" Report="warning" Id="76">
<Loc File="C:\Component\ES311A_GateDrv0Ctrl_Impl\src\GateDrv0Ctrl.c" Line="973" Column="24">
</Loc>
<Message>
Minimisation of run-time failures.
</Message>
</Rule>

</CodeStruct>

<CodeStruct Name="GateDrvDetermineGenericFlt" File="C:\Component\ES311A_GateDrv0Ctrl_Impl\src\GateDrv0Ctrl.c" Line="1606" Column="15">

<Rule Name="21.1" Mode="required" Report="warning" Id="77">
<Loc File="C:\Component\ES311A_GateDrv0Ctrl_Impl\src\GateDrv0Ctrl.c" Line="1621" Column="70">
</Loc>
<Message>
Minimisation of run-time failures.
</Message>
</Rule>

<Rule Name="21.1" Mode="required" Report="warning" Id="78">
<Loc File="C:\Component\ES311A_GateDrv0Ctrl_Impl\src\GateDrv0Ctrl.c" Line="1636" Column="70">
</Loc>
<Message>
Minimisation of run-time failures.
</Message>
</Rule>

<Rule Name="21.1" Mode="required" Report="warning" Id="79">
<Loc File="C:\Component\ES311A_GateDrv0Ctrl_Impl\src\GateDrv0Ctrl.c" Line="1650" Column="70">
</Loc>
<Message>
Minimisation of run-time failures.
</Message>
</Rule>

<Rule Name="21.1" Mode="required" Report="warning" Id="80">
<Loc File="C:\Component\ES311A_GateDrv0Ctrl_Impl\src\GateDrv0Ctrl.c" Line="1661" Column="14">
</Loc>
<Message>
Minimisation of run-time failures.
</Message>
</Rule>

<Rule Name="21.1" Mode="required" Report="warning" Id="81">
<Loc File="C:\Component\ES311A_GateDrv0Ctrl_Impl\src\GateDrv0Ctrl.c" Line="1664" Column="70">
</Loc>
<Message>
Minimisation of run-time failures.
</Message>
</Rule>

<Rule Name="21.1" Mode="required" Report="warning" Id="82">
<Loc File="C:\Component\ES311A_GateDrv0Ctrl_Impl\src\GateDrv0Ctrl.c" Line="1678" Column="70">
</Loc>
<Message>
Minimisation of run-time failures.
</Message>
</Rule>

</CodeStruct>

<CodeStruct Name="GateDrvDetermineOnStSngFETFlt" File="C:\Component\ES311A_GateDrv0Ctrl_Impl\src\GateDrv0Ctrl.c" Line="1494" Column="15">

<Rule Name="21.1" Mode="required" Report="warning" Id="83">
<Loc File="C:\Component\ES311A_GateDrv0Ctrl_Impl\src\GateDrv0Ctrl.c" Line="1502" Column="14">
</Loc>
<Message>
Minimisation of run-time failures.
</Message>
</Rule>

<Rule Name="21.1" Mode="required" Report="warning" Id="84">
<Loc File="C:\Component\ES311A_GateDrv0Ctrl_Impl\src\GateDrv0Ctrl.c" Line="1505" Column="50">
</Loc>
<Message>
Minimisation of run-time failures.
</Message>
</Rule>

<Rule Name="21.1" Mode="required" Report="warning" Id="85">
<Loc File="C:\Component\ES311A_GateDrv0Ctrl_Impl\src\GateDrv0Ctrl.c" Line="1515" Column="78">
</Loc>
<Message>
Minimisation of run-time failures.
</Message>
</Rule>

</CodeStruct>

<CodeStruct Name="CfgSt" File="C:\Component\ES311A_GateDrv0Ctrl_Impl\src\GateDrv0Ctrl.c" Line="1203" Column="12">

<Rule Name="21.1" Mode="required" Report="warning" Id="86">
<Loc File="C:\Component\ES311A_GateDrv0Ctrl_Impl\src\GateDrv0Ctrl.c" Line="1205" Column="16">
</Loc>
<Message>
Minimisation of run-time failures.
</Message>
</Rule>

</CodeStruct>

<CodeStruct Name="OffStVrfySt" File="C:\Component\ES311A_GateDrv0Ctrl_Impl\src\GateDrv0Ctrl.c" Line="1027" Column="12">

<Rule Name="21.1" Mode="required" Report="warning" Id="87">
<Loc File="C:\Component\ES311A_GateDrv0Ctrl_Impl\src\GateDrv0Ctrl.c" Line="1032" Column="12">
</Loc>
<Message>
Minimisation of run-time failures.
</Message>
</Rule>

<Rule Name="21.1" Mode="required" Report="warning" Id="88">
<Loc File="C:\Component\ES311A_GateDrv0Ctrl_Impl\src\GateDrv0Ctrl.c" Line="1044" Column="20">
</Loc>
<Message>
Minimisation of run-time failures.
</Message>
</Rule>

<Rule Name="21.1" Mode="required" Report="warning" Id="89">
<Loc File="C:\Component\ES311A_GateDrv0Ctrl_Impl\src\GateDrv0Ctrl.c" Line="1046" Column="28">
</Loc>
<Message>
Minimisation of run-time failures.
</Message>
</Rule>

<Rule Name="21.1" Mode="required" Report="warning" Id="90">
<Loc File="C:\Component\ES311A_GateDrv0Ctrl_Impl\src\GateDrv0Ctrl.c" Line="1071" Column="32">
</Loc>
<Message>
Minimisation of run-time failures.
</Message>
</Rule>

<Rule Name="21.1" Mode="required" Report="warning" Id="91">
<Loc File="C:\Component\ES311A_GateDrv0Ctrl_Impl\src\GateDrv0Ctrl.c" Line="1083" Column="28">
</Loc>
<Message>
Minimisation of run-time failures.
</Message>
</Rule>

<Rule Name="21.1" Mode="required" Report="warning" Id="92">
<Loc File="C:\Component\ES311A_GateDrv0Ctrl_Impl\src\GateDrv0Ctrl.c" Line="1086" Column="32">
</Loc>
<Message>
Minimisation of run-time failures.
</Message>
</Rule>

<Rule Name="21.1" Mode="required" Report="warning" Id="93">
<Loc File="C:\Component\ES311A_GateDrv0Ctrl_Impl\src\GateDrv0Ctrl.c" Line="1094" Column="84">
</Loc>
<Message>
Minimisation of run-time failures.
</Message>
</Rule>

<Rule Name="21.1" Mode="required" Report="warning" Id="94">
<Loc File="C:\Component\ES311A_GateDrv0Ctrl_Impl\src\GateDrv0Ctrl.c" Line="1095" Column="32">
</Loc>
<Message>
Minimisation of run-time failures.
</Message>
</Rule>

<Rule Name="21.1" Mode="required" Report="warning" Id="95">
<Loc File="C:\Component\ES311A_GateDrv0Ctrl_Impl\src\GateDrv0Ctrl.c" Line="1099" Column="24">
</Loc>
<Message>
Minimisation of run-time failures.
</Message>
</Rule>

<Rule Name="21.1" Mode="required" Report="warning" Id="96">
<Loc File="C:\Component\ES311A_GateDrv0Ctrl_Impl\src\GateDrv0Ctrl.c" Line="1099" Column="109">
</Loc>
<Message>
Minimisation of run-time failures.
</Message>
</Rule>

<Rule Name="21.1" Mode="required" Report="warning" Id="97">
<Loc File="C:\Component\ES311A_GateDrv0Ctrl_Impl\src\GateDrv0Ctrl.c" Line="1100" Column="24">
</Loc>
<Message>
Minimisation of run-time failures.
</Message>
</Rule>

<Rule Name="21.1" Mode="required" Report="warning" Id="98">
<Loc File="C:\Component\ES311A_GateDrv0Ctrl_Impl\src\GateDrv0Ctrl.c" Line="1100" Column="109">
</Loc>
<Message>
Minimisation of run-time failures.
</Message>
</Rule>

<Rule Name="21.1" Mode="required" Report="warning" Id="99">
<Loc File="C:\Component\ES311A_GateDrv0Ctrl_Impl\src\GateDrv0Ctrl.c" Line="1101" Column="24">
</Loc>
<Message>
Minimisation of run-time failures.
</Message>
</Rule>

<Rule Name="21.1" Mode="required" Report="warning" Id="100">
<Loc File="C:\Component\ES311A_GateDrv0Ctrl_Impl\src\GateDrv0Ctrl.c" Line="1101" Column="109">
</Loc>
<Message>
Minimisation of run-time failures.
</Message>
</Rule>

<Rule Name="21.1" Mode="required" Report="warning" Id="101">
<Loc File="C:\Component\ES311A_GateDrv0Ctrl_Impl\src\GateDrv0Ctrl.c" Line="1102" Column="24">
</Loc>
<Message>
Minimisation of run-time failures.
</Message>
</Rule>

<Rule Name="21.1" Mode="required" Report="warning" Id="102">
<Loc File="C:\Component\ES311A_GateDrv0Ctrl_Impl\src\GateDrv0Ctrl.c" Line="1102" Column="109">
</Loc>
<Message>
Minimisation of run-time failures.
</Message>
</Rule>

<Rule Name="21.1" Mode="required" Report="warning" Id="103">
<Loc File="C:\Component\ES311A_GateDrv0Ctrl_Impl\src\GateDrv0Ctrl.c" Line="1103" Column="24">
</Loc>
<Message>
Minimisation of run-time failures.
</Message>
</Rule>

<Rule Name="21.1" Mode="required" Report="warning" Id="104">
<Loc File="C:\Component\ES311A_GateDrv0Ctrl_Impl\src\GateDrv0Ctrl.c" Line="1103" Column="101">
</Loc>
<Message>
Minimisation of run-time failures.
</Message>
</Rule>

<Rule Name="21.1" Mode="required" Report="warning" Id="105">
<Loc File="C:\Component\ES311A_GateDrv0Ctrl_Impl\src\GateDrv0Ctrl.c" Line="1104" Column="24">
</Loc>
<Message>
Minimisation of run-time failures.
</Message>
</Rule>

<Rule Name="21.1" Mode="required" Report="warning" Id="106">
<Loc File="C:\Component\ES311A_GateDrv0Ctrl_Impl\src\GateDrv0Ctrl.c" Line="1104" Column="101">
</Loc>
<Message>
Minimisation of run-time failures.
</Message>
</Rule>

<Rule Name="21.1" Mode="required" Report="warning" Id="107">
<Loc File="C:\Component\ES311A_GateDrv0Ctrl_Impl\src\GateDrv0Ctrl.c" Line="1105" Column="24">
</Loc>
<Message>
Minimisation of run-time failures.
</Message>
</Rule>

<Rule Name="21.1" Mode="required" Report="warning" Id="108">
<Loc File="C:\Component\ES311A_GateDrv0Ctrl_Impl\src\GateDrv0Ctrl.c" Line="1105" Column="97">
</Loc>
<Message>
Minimisation of run-time failures.
</Message>
</Rule>

</CodeStruct>

</MISRA-C-Report>
