<?xml version="1.0" encoding="UTF-8"?>

<MISRA-C-Report version="1.3">


<CodeStruct Name="" File="C:\component\SF029A_StabyCmp_Impl\src\StabyCmp.c" Line="0" Column="0">

<Rule Name="19.1" Mode="advisory" Report="warning" Id="1">
<Loc File="C:\component\SF029A_StabyCmp_Impl\src\StabyCmp.c" Line="205" Column="0">
</Loc>
<Message>
#include statements in a file shall only be preceded by other preprocessor directives or comments.
</Message>
</Rule>

<Rule Name="19.11" Mode="required" Report="warning" Id="2">
<Loc File="C:\component\SF029A_StabyCmp_Impl\src\StabyCmp.c" Line="423" Column="0">
</Loc>
<Message>
`FLTINJENA' is not defined.
</Message>
</Rule>

<Rule Name="19.1" Mode="advisory" Report="warning" Id="3">
<Loc File="C:\component\SF029A_StabyCmp_Impl\src\StabyCmp.c" Line="436" Column="0">
</Loc>
<Message>
#include statements in a file shall only be preceded by other preprocessor directives or comments.
</Message>
</Rule>

</CodeStruct>

<CodeStruct Name="StabyCmpPer1" File="C:\component\SF029A_StabyCmp_Impl\src\StabyCmp.c" Line="271" Column="5">

<Rule Name="9.1" Mode="required" Report="warning" Id="4">
<Loc File="C:\component\SF029A_StabyCmp_Impl\src\StabyCmp.c" Line="316" Column="41">
</Loc>
<Message>
All automatic variables shall have been assigned a value before being used.
</Message>
</Rule>

<Rule Name="9.1" Mode="required" Report="warning" Id="5">
<Loc File="C:\component\SF029A_StabyCmp_Impl\src\StabyCmp.c" Line="318" Column="61">
</Loc>
<Message>
All automatic variables shall have been assigned a value before being used.
</Message>
</Rule>

<Rule Name="21.1" Mode="required" Report="warning" Id="6">
<Loc File="C:\component\SF029A_StabyCmp_Impl\src\StabyCmp.c" Line="318" Column="100">
</Loc>
<Message>
Minimisation of run-time failures.
</Message>
</Rule>

<Rule Name="9.1" Mode="required" Report="warning" Id="7">
<Loc File="C:\component\SF029A_StabyCmp_Impl\src\StabyCmp.c" Line="320" Column="49">
</Loc>
<Message>
All automatic variables shall have been assigned a value before being used.
</Message>
</Rule>

<Rule Name="9.1" Mode="required" Report="warning" Id="8">
<Loc File="C:\component\SF029A_StabyCmp_Impl\src\StabyCmp.c" Line="320" Column="75">
</Loc>
<Message>
All automatic variables shall have been assigned a value before being used.
</Message>
</Rule>

<Rule Name="11.5" Mode="required" Report="warning" Id="9">
<Loc File="C:\component\SF029A_StabyCmp_Impl\src\StabyCmp.c" Line="322" Column="61">
</Loc>
<Message>
A cast shall not be performed that removes any const or volatile qualification
from the type addressed by a pointer.
</Message>
</Rule>

<Rule Name="11.5" Mode="required" Report="warning" Id="10">
<Loc File="C:\component\SF029A_StabyCmp_Impl\src\StabyCmp.c" Line="323" Column="61">
</Loc>
<Message>
A cast shall not be performed that removes any const or volatile qualification
from the type addressed by a pointer.
</Message>
</Rule>

<Rule Name="12.3" Mode="required" Report="warning" Id="11">
<Loc File="C:\component\SF029A_StabyCmp_Impl\src\StabyCmp.c" Line="324" Column="68">
</Loc>
<Message>
The sizeof operator should not be used on expressions that contain side effects.
</Message>
</Rule>

<Rule Name="11.5" Mode="required" Report="warning" Id="12">
<Loc File="C:\component\SF029A_StabyCmp_Impl\src\StabyCmp.c" Line="324" Column="77">
</Loc>
<Message>
A cast shall not be performed that removes any const or volatile qualification
from the type addressed by a pointer.
</Message>
</Rule>

<Rule Name="12.3" Mode="required" Report="warning" Id="13">
<Loc File="C:\component\SF029A_StabyCmp_Impl\src\StabyCmp.c" Line="324" Column="149">
</Loc>
<Message>
The sizeof operator should not be used on expressions that contain side effects.
</Message>
</Rule>

<Rule Name="11.5" Mode="required" Report="warning" Id="14">
<Loc File="C:\component\SF029A_StabyCmp_Impl\src\StabyCmp.c" Line="324" Column="159">
</Loc>
<Message>
A cast shall not be performed that removes any const or volatile qualification
from the type addressed by a pointer.
</Message>
</Rule>

<Rule Name="21.1" Mode="required" Report="warning" Id="15">
<Loc File="C:\component\SF029A_StabyCmp_Impl\src\StabyCmp.c" Line="327" Column="4">
</Loc>
<Message>
Minimisation of run-time failures.
</Message>
</Rule>

<Rule Name="9.1" Mode="required" Report="warning" Id="16">
<Loc File="C:\component\SF029A_StabyCmp_Impl\src\StabyCmp.c" Line="331" Column="44">
</Loc>
<Message>
All automatic variables shall have been assigned a value before being used.
</Message>
</Rule>

<Rule Name="11.5" Mode="required" Report="warning" Id="17">
<Loc File="C:\component\SF029A_StabyCmp_Impl\src\StabyCmp.c" Line="335" Column="71">
</Loc>
<Message>
A cast shall not be performed that removes any const or volatile qualification
from the type addressed by a pointer.
</Message>
</Rule>

<Rule Name="12.3" Mode="required" Report="warning" Id="18">
<Loc File="C:\component\SF029A_StabyCmp_Impl\src\StabyCmp.c" Line="336" Column="78">
</Loc>
<Message>
The sizeof operator should not be used on expressions that contain side effects.
</Message>
</Rule>

<Rule Name="11.5" Mode="required" Report="warning" Id="19">
<Loc File="C:\component\SF029A_StabyCmp_Impl\src\StabyCmp.c" Line="336" Column="87">
</Loc>
<Message>
A cast shall not be performed that removes any const or volatile qualification
from the type addressed by a pointer.
</Message>
</Rule>

<Rule Name="12.3" Mode="required" Report="warning" Id="20">
<Loc File="C:\component\SF029A_StabyCmp_Impl\src\StabyCmp.c" Line="336" Column="169">
</Loc>
<Message>
The sizeof operator should not be used on expressions that contain side effects.
</Message>
</Rule>

<Rule Name="11.5" Mode="required" Report="warning" Id="21">
<Loc File="C:\component\SF029A_StabyCmp_Impl\src\StabyCmp.c" Line="336" Column="179">
</Loc>
<Message>
A cast shall not be performed that removes any const or volatile qualification
from the type addressed by a pointer.
</Message>
</Rule>

<Rule Name="12.3" Mode="required" Report="warning" Id="22">
<Loc File="C:\component\SF029A_StabyCmp_Impl\src\StabyCmp.c" Line="339" Column="78">
</Loc>
<Message>
The sizeof operator should not be used on expressions that contain side effects.
</Message>
</Rule>

<Rule Name="11.5" Mode="required" Report="warning" Id="23">
<Loc File="C:\component\SF029A_StabyCmp_Impl\src\StabyCmp.c" Line="339" Column="87">
</Loc>
<Message>
A cast shall not be performed that removes any const or volatile qualification
from the type addressed by a pointer.
</Message>
</Rule>

<Rule Name="12.3" Mode="required" Report="warning" Id="24">
<Loc File="C:\component\SF029A_StabyCmp_Impl\src\StabyCmp.c" Line="339" Column="165">
</Loc>
<Message>
The sizeof operator should not be used on expressions that contain side effects.
</Message>
</Rule>

<Rule Name="11.5" Mode="required" Report="warning" Id="25">
<Loc File="C:\component\SF029A_StabyCmp_Impl\src\StabyCmp.c" Line="339" Column="175">
</Loc>
<Message>
A cast shall not be performed that removes any const or volatile qualification
from the type addressed by a pointer.
</Message>
</Rule>

<Rule Name="21.1" Mode="required" Report="warning" Id="26">
<Loc File="C:\component\SF029A_StabyCmp_Impl\src\StabyCmp.c" Line="341" Column="4">
</Loc>
<Message>
Minimisation of run-time failures.
</Message>
</Rule>

<Rule Name="21.1" Mode="required" Report="warning" Id="27">
<Loc File="C:\component\SF029A_StabyCmp_Impl\src\StabyCmp.c" Line="345" Column="4">
</Loc>
<Message>
Minimisation of run-time failures.
</Message>
</Rule>

<Rule Name="11.5" Mode="required" Report="warning" Id="28">
<Loc File="C:\component\SF029A_StabyCmp_Impl\src\StabyCmp.c" Line="350" Column="71">
</Loc>
<Message>
A cast shall not be performed that removes any const or volatile qualification
from the type addressed by a pointer.
</Message>
</Rule>

<Rule Name="12.3" Mode="required" Report="warning" Id="29">
<Loc File="C:\component\SF029A_StabyCmp_Impl\src\StabyCmp.c" Line="351" Column="78">
</Loc>
<Message>
The sizeof operator should not be used on expressions that contain side effects.
</Message>
</Rule>

<Rule Name="11.5" Mode="required" Report="warning" Id="30">
<Loc File="C:\component\SF029A_StabyCmp_Impl\src\StabyCmp.c" Line="351" Column="87">
</Loc>
<Message>
A cast shall not be performed that removes any const or volatile qualification
from the type addressed by a pointer.
</Message>
</Rule>

<Rule Name="12.3" Mode="required" Report="warning" Id="31">
<Loc File="C:\component\SF029A_StabyCmp_Impl\src\StabyCmp.c" Line="351" Column="169">
</Loc>
<Message>
The sizeof operator should not be used on expressions that contain side effects.
</Message>
</Rule>

<Rule Name="11.5" Mode="required" Report="warning" Id="32">
<Loc File="C:\component\SF029A_StabyCmp_Impl\src\StabyCmp.c" Line="351" Column="179">
</Loc>
<Message>
A cast shall not be performed that removes any const or volatile qualification
from the type addressed by a pointer.
</Message>
</Rule>

<Rule Name="12.3" Mode="required" Report="warning" Id="33">
<Loc File="C:\component\SF029A_StabyCmp_Impl\src\StabyCmp.c" Line="354" Column="78">
</Loc>
<Message>
The sizeof operator should not be used on expressions that contain side effects.
</Message>
</Rule>

<Rule Name="11.5" Mode="required" Report="warning" Id="34">
<Loc File="C:\component\SF029A_StabyCmp_Impl\src\StabyCmp.c" Line="354" Column="87">
</Loc>
<Message>
A cast shall not be performed that removes any const or volatile qualification
from the type addressed by a pointer.
</Message>
</Rule>

<Rule Name="12.3" Mode="required" Report="warning" Id="35">
<Loc File="C:\component\SF029A_StabyCmp_Impl\src\StabyCmp.c" Line="354" Column="165">
</Loc>
<Message>
The sizeof operator should not be used on expressions that contain side effects.
</Message>
</Rule>

<Rule Name="11.5" Mode="required" Report="warning" Id="36">
<Loc File="C:\component\SF029A_StabyCmp_Impl\src\StabyCmp.c" Line="354" Column="175">
</Loc>
<Message>
A cast shall not be performed that removes any const or volatile qualification
from the type addressed by a pointer.
</Message>
</Rule>

<Rule Name="21.1" Mode="required" Report="warning" Id="37">
<Loc File="C:\component\SF029A_StabyCmp_Impl\src\StabyCmp.c" Line="356" Column="4">
</Loc>
<Message>
Minimisation of run-time failures.
</Message>
</Rule>

<Rule Name="21.1" Mode="required" Report="warning" Id="38">
<Loc File="C:\component\SF029A_StabyCmp_Impl\src\StabyCmp.c" Line="360" Column="4">
</Loc>
<Message>
Minimisation of run-time failures.
</Message>
</Rule>

<Rule Name="21.1" Mode="required" Report="warning" Id="39">
<Loc File="C:\component\SF029A_StabyCmp_Impl\src\StabyCmp.c" Line="370" Column="4">
</Loc>
<Message>
Minimisation of run-time failures.
</Message>
</Rule>

<Rule Name="11.5" Mode="required" Report="warning" Id="40">
<Loc File="C:\component\SF029A_StabyCmp_Impl\src\StabyCmp.c" Line="378" Column="71">
</Loc>
<Message>
A cast shall not be performed that removes any const or volatile qualification
from the type addressed by a pointer.
</Message>
</Rule>

<Rule Name="12.3" Mode="required" Report="warning" Id="41">
<Loc File="C:\component\SF029A_StabyCmp_Impl\src\StabyCmp.c" Line="379" Column="78">
</Loc>
<Message>
The sizeof operator should not be used on expressions that contain side effects.
</Message>
</Rule>

<Rule Name="11.5" Mode="required" Report="warning" Id="42">
<Loc File="C:\component\SF029A_StabyCmp_Impl\src\StabyCmp.c" Line="379" Column="87">
</Loc>
<Message>
A cast shall not be performed that removes any const or volatile qualification
from the type addressed by a pointer.
</Message>
</Rule>

<Rule Name="12.3" Mode="required" Report="warning" Id="43">
<Loc File="C:\component\SF029A_StabyCmp_Impl\src\StabyCmp.c" Line="379" Column="169">
</Loc>
<Message>
The sizeof operator should not be used on expressions that contain side effects.
</Message>
</Rule>

<Rule Name="11.5" Mode="required" Report="warning" Id="44">
<Loc File="C:\component\SF029A_StabyCmp_Impl\src\StabyCmp.c" Line="379" Column="179">
</Loc>
<Message>
A cast shall not be performed that removes any const or volatile qualification
from the type addressed by a pointer.
</Message>
</Rule>

<Rule Name="12.3" Mode="required" Report="warning" Id="45">
<Loc File="C:\component\SF029A_StabyCmp_Impl\src\StabyCmp.c" Line="382" Column="78">
</Loc>
<Message>
The sizeof operator should not be used on expressions that contain side effects.
</Message>
</Rule>

<Rule Name="11.5" Mode="required" Report="warning" Id="46">
<Loc File="C:\component\SF029A_StabyCmp_Impl\src\StabyCmp.c" Line="382" Column="87">
</Loc>
<Message>
A cast shall not be performed that removes any const or volatile qualification
from the type addressed by a pointer.
</Message>
</Rule>

<Rule Name="12.3" Mode="required" Report="warning" Id="47">
<Loc File="C:\component\SF029A_StabyCmp_Impl\src\StabyCmp.c" Line="382" Column="165">
</Loc>
<Message>
The sizeof operator should not be used on expressions that contain side effects.
</Message>
</Rule>

<Rule Name="11.5" Mode="required" Report="warning" Id="48">
<Loc File="C:\component\SF029A_StabyCmp_Impl\src\StabyCmp.c" Line="382" Column="175">
</Loc>
<Message>
A cast shall not be performed that removes any const or volatile qualification
from the type addressed by a pointer.
</Message>
</Rule>

<Rule Name="21.1" Mode="required" Report="warning" Id="49">
<Loc File="C:\component\SF029A_StabyCmp_Impl\src\StabyCmp.c" Line="384" Column="4">
</Loc>
<Message>
Minimisation of run-time failures.
</Message>
</Rule>

<Rule Name="21.1" Mode="required" Report="warning" Id="50">
<Loc File="C:\component\SF029A_StabyCmp_Impl\src\StabyCmp.c" Line="388" Column="4">
</Loc>
<Message>
Minimisation of run-time failures.
</Message>
</Rule>

<Rule Name="11.5" Mode="required" Report="warning" Id="51">
<Loc File="C:\component\SF029A_StabyCmp_Impl\src\StabyCmp.c" Line="393" Column="71">
</Loc>
<Message>
A cast shall not be performed that removes any const or volatile qualification
from the type addressed by a pointer.
</Message>
</Rule>

<Rule Name="12.3" Mode="required" Report="warning" Id="52">
<Loc File="C:\component\SF029A_StabyCmp_Impl\src\StabyCmp.c" Line="394" Column="78">
</Loc>
<Message>
The sizeof operator should not be used on expressions that contain side effects.
</Message>
</Rule>

<Rule Name="11.5" Mode="required" Report="warning" Id="53">
<Loc File="C:\component\SF029A_StabyCmp_Impl\src\StabyCmp.c" Line="394" Column="87">
</Loc>
<Message>
A cast shall not be performed that removes any const or volatile qualification
from the type addressed by a pointer.
</Message>
</Rule>

<Rule Name="12.3" Mode="required" Report="warning" Id="54">
<Loc File="C:\component\SF029A_StabyCmp_Impl\src\StabyCmp.c" Line="394" Column="169">
</Loc>
<Message>
The sizeof operator should not be used on expressions that contain side effects.
</Message>
</Rule>

<Rule Name="11.5" Mode="required" Report="warning" Id="55">
<Loc File="C:\component\SF029A_StabyCmp_Impl\src\StabyCmp.c" Line="394" Column="179">
</Loc>
<Message>
A cast shall not be performed that removes any const or volatile qualification
from the type addressed by a pointer.
</Message>
</Rule>

<Rule Name="12.3" Mode="required" Report="warning" Id="56">
<Loc File="C:\component\SF029A_StabyCmp_Impl\src\StabyCmp.c" Line="397" Column="78">
</Loc>
<Message>
The sizeof operator should not be used on expressions that contain side effects.
</Message>
</Rule>

<Rule Name="11.5" Mode="required" Report="warning" Id="57">
<Loc File="C:\component\SF029A_StabyCmp_Impl\src\StabyCmp.c" Line="397" Column="87">
</Loc>
<Message>
A cast shall not be performed that removes any const or volatile qualification
from the type addressed by a pointer.
</Message>
</Rule>

<Rule Name="12.3" Mode="required" Report="warning" Id="58">
<Loc File="C:\component\SF029A_StabyCmp_Impl\src\StabyCmp.c" Line="397" Column="165">
</Loc>
<Message>
The sizeof operator should not be used on expressions that contain side effects.
</Message>
</Rule>

<Rule Name="11.5" Mode="required" Report="warning" Id="59">
<Loc File="C:\component\SF029A_StabyCmp_Impl\src\StabyCmp.c" Line="397" Column="175">
</Loc>
<Message>
A cast shall not be performed that removes any const or volatile qualification
from the type addressed by a pointer.
</Message>
</Rule>

<Rule Name="21.1" Mode="required" Report="warning" Id="60">
<Loc File="C:\component\SF029A_StabyCmp_Impl\src\StabyCmp.c" Line="399" Column="4">
</Loc>
<Message>
Minimisation of run-time failures.
</Message>
</Rule>

<Rule Name="21.1" Mode="required" Report="warning" Id="61">
<Loc File="C:\component\SF029A_StabyCmp_Impl\src\StabyCmp.c" Line="403" Column="4">
</Loc>
<Message>
Minimisation of run-time failures.
</Message>
</Rule>

<Rule Name="21.1" Mode="required" Report="warning" Id="62">
<Loc File="C:\component\SF029A_StabyCmp_Impl\src\StabyCmp.c" Line="413" Column="4">
</Loc>
<Message>
Minimisation of run-time failures.
</Message>
</Rule>

</CodeStruct>

<CodeStruct Name="StabyCmpInit1" File="C:\component\SF029A_StabyCmp_Impl\src\StabyCmp.c" Line="217" Column="5">

<Rule Name="21.1" Mode="required" Report="warning" Id="63">
<Loc File="C:\component\SF029A_StabyCmp_Impl\src\StabyCmp.c" Line="224" Column="90">
</Loc>
<Message>
Minimisation of run-time failures.
</Message>
</Rule>

</CodeStruct>

<CodeStruct Name="FilNotchInit" File="C:\component\SF029A_StabyCmp_Impl\src\StabyCmp.c" Line="477" Column="12">

<Rule Name="21.1" Mode="required" Report="warning" Id="64">
<Loc File="C:\component\SF029A_StabyCmp_Impl\src\StabyCmp.c" Line="481" Column="20">
</Loc>
<Message>
Minimisation of run-time failures.
</Message>
</Rule>

<Rule Name="21.1" Mode="required" Report="warning" Id="65">
<Loc File="C:\component\SF029A_StabyCmp_Impl\src\StabyCmp.c" Line="481" Column="57">
</Loc>
<Message>
Minimisation of run-time failures.
</Message>
</Rule>

</CodeStruct>

<CodeStruct Name="FilNotchFullUpdOutp_f32" File="C:\component\SF029A_StabyCmp_Impl\src\StabyCmp.c" Line="451" Column="15">

<Rule Name="21.1" Mode="required" Report="warning" Id="66">
<Loc File="C:\component\SF029A_StabyCmp_Impl\src\StabyCmp.c" Line="458" Column="29">
</Loc>
<Message>
Minimisation of run-time failures.
</Message>
</Rule>

<Rule Name="21.1" Mode="required" Report="warning" Id="67">
<Loc File="C:\component\SF029A_StabyCmp_Impl\src\StabyCmp.c" Line="458" Column="59">
</Loc>
<Message>
Minimisation of run-time failures.
</Message>
</Rule>

</CodeStruct>

</MISRA-C-Report>
