<?xml version="1.0" encoding="UTF-8"?>

<MISRA-C-Report version="1.3">


<CodeStruct Name="" File="C:\Component\SF018A_EotProtn_Impl\src\EotProtn.c" Line="0" Column="0">

<Rule Name="19.1" Mode="advisory" Report="warning" Id="1">
<Loc File="C:\Component\SF018A_EotProtn_Impl\src\EotProtn.c" Line="275" Column="0">
</Loc>
<Message>
#include statements in a file shall only be preceded by other preprocessor directives or comments.
</Message>
</Rule>

<Rule Name="19.1" Mode="advisory" Report="warning" Id="2">
<Loc File="C:\Component\SF018A_EotProtn_Impl\src\EotProtn.c" Line="475" Column="0">
</Loc>
<Message>
#include statements in a file shall only be preceded by other preprocessor directives or comments.
</Message>
</Rule>

</CodeStruct>

<CodeStruct Name="CalcEntrGain" File="C:\Component\SF018A_EotProtn_Impl\src\EotProtn.c" Line="647" Column="15">

<Rule Name="21.1" Mode="required" Report="warning" Id="3">
<Loc File="C:\Component\SF018A_EotProtn_Impl\src\EotProtn.c" Line="657" Column="7">
</Loc>
<Message>
Minimisation of run-time failures.
</Message>
</Rule>

<Rule Name="11.5" Mode="required" Report="warning" Id="4">
<Loc File="C:\Component\SF018A_EotProtn_Impl\src\EotProtn.c" Line="667" Column="72">
</Loc>
<Message>
A cast shall not be performed that removes any const or volatile qualification
from the type addressed by a pointer.
</Message>
</Rule>

<Rule Name="12.3" Mode="required" Report="warning" Id="5">
<Loc File="C:\Component\SF018A_EotProtn_Impl\src\EotProtn.c" Line="668" Column="79">
</Loc>
<Message>
The sizeof operator should not be used on expressions that contain side effects.
</Message>
</Rule>

<Rule Name="11.5" Mode="required" Report="warning" Id="6">
<Loc File="C:\Component\SF018A_EotProtn_Impl\src\EotProtn.c" Line="668" Column="88">
</Loc>
<Message>
A cast shall not be performed that removes any const or volatile qualification
from the type addressed by a pointer.
</Message>
</Rule>

<Rule Name="12.3" Mode="required" Report="warning" Id="7">
<Loc File="C:\Component\SF018A_EotProtn_Impl\src\EotProtn.c" Line="668" Column="164">
</Loc>
<Message>
The sizeof operator should not be used on expressions that contain side effects.
</Message>
</Rule>

<Rule Name="11.5" Mode="required" Report="warning" Id="8">
<Loc File="C:\Component\SF018A_EotProtn_Impl\src\EotProtn.c" Line="668" Column="174">
</Loc>
<Message>
A cast shall not be performed that removes any const or volatile qualification
from the type addressed by a pointer.
</Message>
</Rule>

<Rule Name="12.3" Mode="required" Report="warning" Id="9">
<Loc File="C:\Component\SF018A_EotProtn_Impl\src\EotProtn.c" Line="671" Column="79">
</Loc>
<Message>
The sizeof operator should not be used on expressions that contain side effects.
</Message>
</Rule>

<Rule Name="11.5" Mode="required" Report="warning" Id="10">
<Loc File="C:\Component\SF018A_EotProtn_Impl\src\EotProtn.c" Line="671" Column="88">
</Loc>
<Message>
A cast shall not be performed that removes any const or volatile qualification
from the type addressed by a pointer.
</Message>
</Rule>

<Rule Name="12.3" Mode="required" Report="warning" Id="11">
<Loc File="C:\Component\SF018A_EotProtn_Impl\src\EotProtn.c" Line="671" Column="162">
</Loc>
<Message>
The sizeof operator should not be used on expressions that contain side effects.
</Message>
</Rule>

<Rule Name="11.5" Mode="required" Report="warning" Id="12">
<Loc File="C:\Component\SF018A_EotProtn_Impl\src\EotProtn.c" Line="671" Column="172">
</Loc>
<Message>
A cast shall not be performed that removes any const or volatile qualification
from the type addressed by a pointer.
</Message>
</Rule>

<Rule Name="21.1" Mode="required" Report="warning" Id="13">
<Loc File="C:\Component\SF018A_EotProtn_Impl\src\EotProtn.c" Line="681" Column="4">
</Loc>
<Message>
Minimisation of run-time failures.
</Message>
</Rule>

</CodeStruct>

<CodeStruct Name="CalcEotDampg" File="C:\Component\SF018A_EotProtn_Impl\src\EotProtn.c" Line="797" Column="15">

<Rule Name="21.1" Mode="required" Report="warning" Id="14">
<Loc File="C:\Component\SF018A_EotProtn_Impl\src\EotProtn.c" Line="824" Column="37">
</Loc>
<Message>
Minimisation of run-time failures.
</Message>
</Rule>

<Rule Name="11.5" Mode="required" Report="warning" Id="15">
<Loc File="C:\Component\SF018A_EotProtn_Impl\src\EotProtn.c" Line="824" Column="38">
</Loc>
<Message>
A cast shall not be performed that removes any const or volatile qualification
from the type addressed by a pointer.
</Message>
</Rule>

<Rule Name="21.1" Mode="required" Report="warning" Id="16">
<Loc File="C:\Component\SF018A_EotProtn_Impl\src\EotProtn.c" Line="837" Column="37">
</Loc>
<Message>
Minimisation of run-time failures.
</Message>
</Rule>

<Rule Name="11.5" Mode="required" Report="warning" Id="17">
<Loc File="C:\Component\SF018A_EotProtn_Impl\src\EotProtn.c" Line="837" Column="38">
</Loc>
<Message>
A cast shall not be performed that removes any const or volatile qualification
from the type addressed by a pointer.
</Message>
</Rule>

<Rule Name="21.1" Mode="required" Report="warning" Id="18">
<Loc File="C:\Component\SF018A_EotProtn_Impl\src\EotProtn.c" Line="846" Column="11">
</Loc>
<Message>
Minimisation of run-time failures.
</Message>
</Rule>

<Rule Name="11.5" Mode="required" Report="warning" Id="19">
<Loc File="C:\Component\SF018A_EotProtn_Impl\src\EotProtn.c" Line="856" Column="72">
</Loc>
<Message>
A cast shall not be performed that removes any const or volatile qualification
from the type addressed by a pointer.
</Message>
</Rule>

<Rule Name="12.3" Mode="required" Report="warning" Id="20">
<Loc File="C:\Component\SF018A_EotProtn_Impl\src\EotProtn.c" Line="857" Column="79">
</Loc>
<Message>
The sizeof operator should not be used on expressions that contain side effects.
</Message>
</Rule>

<Rule Name="11.5" Mode="required" Report="warning" Id="21">
<Loc File="C:\Component\SF018A_EotProtn_Impl\src\EotProtn.c" Line="857" Column="88">
</Loc>
<Message>
A cast shall not be performed that removes any const or volatile qualification
from the type addressed by a pointer.
</Message>
</Rule>

<Rule Name="12.3" Mode="required" Report="warning" Id="22">
<Loc File="C:\Component\SF018A_EotProtn_Impl\src\EotProtn.c" Line="857" Column="161">
</Loc>
<Message>
The sizeof operator should not be used on expressions that contain side effects.
</Message>
</Rule>

<Rule Name="11.5" Mode="required" Report="warning" Id="23">
<Loc File="C:\Component\SF018A_EotProtn_Impl\src\EotProtn.c" Line="857" Column="171">
</Loc>
<Message>
A cast shall not be performed that removes any const or volatile qualification
from the type addressed by a pointer.
</Message>
</Rule>

<Rule Name="11.5" Mode="required" Report="warning" Id="24">
<Loc File="C:\Component\SF018A_EotProtn_Impl\src\EotProtn.c" Line="868" Column="72">
</Loc>
<Message>
A cast shall not be performed that removes any const or volatile qualification
from the type addressed by a pointer.
</Message>
</Rule>

<Rule Name="12.3" Mode="required" Report="warning" Id="25">
<Loc File="C:\Component\SF018A_EotProtn_Impl\src\EotProtn.c" Line="869" Column="79">
</Loc>
<Message>
The sizeof operator should not be used on expressions that contain side effects.
</Message>
</Rule>

<Rule Name="11.5" Mode="required" Report="warning" Id="26">
<Loc File="C:\Component\SF018A_EotProtn_Impl\src\EotProtn.c" Line="869" Column="88">
</Loc>
<Message>
A cast shall not be performed that removes any const or volatile qualification
from the type addressed by a pointer.
</Message>
</Rule>

<Rule Name="12.3" Mode="required" Report="warning" Id="27">
<Loc File="C:\Component\SF018A_EotProtn_Impl\src\EotProtn.c" Line="869" Column="161">
</Loc>
<Message>
The sizeof operator should not be used on expressions that contain side effects.
</Message>
</Rule>

<Rule Name="11.5" Mode="required" Report="warning" Id="28">
<Loc File="C:\Component\SF018A_EotProtn_Impl\src\EotProtn.c" Line="869" Column="171">
</Loc>
<Message>
A cast shall not be performed that removes any const or volatile qualification
from the type addressed by a pointer.
</Message>
</Rule>

<Rule Name="21.1" Mode="required" Report="warning" Id="29">
<Loc File="C:\Component\SF018A_EotProtn_Impl\src\EotProtn.c" Line="883" Column="4">
</Loc>
<Message>
Minimisation of run-time failures.
</Message>
</Rule>

<Rule Name="21.1" Mode="required" Report="warning" Id="30">
<Loc File="C:\Component\SF018A_EotProtn_Impl\src\EotProtn.c" Line="888" Column="94">
</Loc>
<Message>
Minimisation of run-time failures.
</Message>
</Rule>

</CodeStruct>

<CodeStruct Name="SoftEndStopStCtrl" File="C:\Component\SF018A_EotProtn_Impl\src\EotProtn.c" Line="981" Column="12">

<Rule Name="21.1" Mode="required" Report="warning" Id="62">
<Loc File="C:\Component\SF018A_EotProtn_Impl\src\EotProtn.c" Line="999" Column="59">
</Loc>
<Message>
Minimisation of run-time failures.
</Message>
</Rule>

<Rule Name="11.5" Mode="required" Report="warning" Id="63">
<Loc File="C:\Component\SF018A_EotProtn_Impl\src\EotProtn.c" Line="999" Column="60">
</Loc>
<Message>
A cast shall not be performed that removes any const or volatile qualification
from the type addressed by a pointer.
</Message>
</Rule>

<Rule Name="21.1" Mode="required" Report="warning" Id="64">
<Loc File="C:\Component\SF018A_EotProtn_Impl\src\EotProtn.c" Line="1005" Column="56">
</Loc>
<Message>
Minimisation of run-time failures.
</Message>
</Rule>

<Rule Name="11.5" Mode="required" Report="warning" Id="65">
<Loc File="C:\Component\SF018A_EotProtn_Impl\src\EotProtn.c" Line="1005" Column="57">
</Loc>
<Message>
A cast shall not be performed that removes any const or volatile qualification
from the type addressed by a pointer.
</Message>
</Rule>

<Rule Name="11.5" Mode="required" Report="warning" Id="66">
<Loc File="C:\Component\SF018A_EotProtn_Impl\src\EotProtn.c" Line="1010" Column="68">
</Loc>
<Message>
A cast shall not be performed that removes any const or volatile qualification
from the type addressed by a pointer.
</Message>
</Rule>

<Rule Name="12.3" Mode="required" Report="warning" Id="67">
<Loc File="C:\Component\SF018A_EotProtn_Impl\src\EotProtn.c" Line="1012" Column="73">
</Loc>
<Message>
The sizeof operator should not be used on expressions that contain side effects.
</Message>
</Rule>

<Rule Name="11.5" Mode="required" Report="warning" Id="68">
<Loc File="C:\Component\SF018A_EotProtn_Impl\src\EotProtn.c" Line="1012" Column="82">
</Loc>
<Message>
A cast shall not be performed that removes any const or volatile qualification
from the type addressed by a pointer.
</Message>
</Rule>

<Rule Name="12.3" Mode="required" Report="warning" Id="69">
<Loc File="C:\Component\SF018A_EotProtn_Impl\src\EotProtn.c" Line="1012" Column="158">
</Loc>
<Message>
The sizeof operator should not be used on expressions that contain side effects.
</Message>
</Rule>

<Rule Name="11.5" Mode="required" Report="warning" Id="70">
<Loc File="C:\Component\SF018A_EotProtn_Impl\src\EotProtn.c" Line="1012" Column="168">
</Loc>
<Message>
A cast shall not be performed that removes any const or volatile qualification
from the type addressed by a pointer.
</Message>
</Rule>

<Rule Name="11.5" Mode="required" Report="warning" Id="71">
<Loc File="C:\Component\SF018A_EotProtn_Impl\src\EotProtn.c" Line="1015" Column="65">
</Loc>
<Message>
A cast shall not be performed that removes any const or volatile qualification
from the type addressed by a pointer.
</Message>
</Rule>

<Rule Name="12.3" Mode="required" Report="warning" Id="72">
<Loc File="C:\Component\SF018A_EotProtn_Impl\src\EotProtn.c" Line="1017" Column="73">
</Loc>
<Message>
The sizeof operator should not be used on expressions that contain side effects.
</Message>
</Rule>

<Rule Name="11.5" Mode="required" Report="warning" Id="73">
<Loc File="C:\Component\SF018A_EotProtn_Impl\src\EotProtn.c" Line="1017" Column="82">
</Loc>
<Message>
A cast shall not be performed that removes any const or volatile qualification
from the type addressed by a pointer.
</Message>
</Rule>

<Rule Name="12.3" Mode="required" Report="warning" Id="74">
<Loc File="C:\Component\SF018A_EotProtn_Impl\src\EotProtn.c" Line="1017" Column="155">
</Loc>
<Message>
The sizeof operator should not be used on expressions that contain side effects.
</Message>
</Rule>

<Rule Name="11.5" Mode="required" Report="warning" Id="75">
<Loc File="C:\Component\SF018A_EotProtn_Impl\src\EotProtn.c" Line="1017" Column="165">
</Loc>
<Message>
A cast shall not be performed that removes any const or volatile qualification
from the type addressed by a pointer.
</Message>
</Rule>

<Rule Name="12.4" Mode="required" Report="warning" Id="76">
<Loc File="C:\Component\SF018A_EotProtn_Impl\src\EotProtn.c" Line="1024" Column="103">
</Loc>
<Message>
The right hand operand of a logical &amp;&amp; or || operator shall not contain side effects.
</Message>
</Rule>

<Rule Name="21.1" Mode="required" Report="warning" Id="77">
<Loc File="C:\Component\SF018A_EotProtn_Impl\src\EotProtn.c" Line="1027" Column="8">
</Loc>
<Message>
Minimisation of run-time failures.
</Message>
</Rule>

<Rule Name="21.1" Mode="required" Report="warning" Id="78">
<Loc File="C:\Component\SF018A_EotProtn_Impl\src\EotProtn.c" Line="1029" Column="14">
</Loc>
<Message>
Minimisation of run-time failures.
</Message>
</Rule>

<Rule Name="12.4" Mode="required" Report="warning" Id="79">
<Loc File="C:\Component\SF018A_EotProtn_Impl\src\EotProtn.c" Line="1029" Column="93">
</Loc>
<Message>
The right hand operand of a logical &amp;&amp; or || operator shall not contain side effects.
</Message>
</Rule>

<Rule Name="12.4" Mode="required" Report="warning" Id="80">
<Loc File="C:\Component\SF018A_EotProtn_Impl\src\EotProtn.c" Line="1030" Column="45">
</Loc>
<Message>
The right hand operand of a logical &amp;&amp; or || operator shall not contain side effects.
</Message>
</Rule>

<Rule Name="21.1" Mode="required" Report="warning" Id="81">
<Loc File="C:\Component\SF018A_EotProtn_Impl\src\EotProtn.c" Line="1046" Column="4">
</Loc>
<Message>
Minimisation of run-time failures.
</Message>
</Rule>

<Rule Name="21.1" Mode="required" Report="warning" Id="82">
<Loc File="C:\Component\SF018A_EotProtn_Impl\src\EotProtn.c" Line="1046" Column="50">
</Loc>
<Message>
Minimisation of run-time failures.
</Message>
</Rule>

</CodeStruct>

<CodeStruct Name="CalcEotGain" File="C:\Component\SF018A_EotProtn_Impl\src\EotProtn.c" Line="721" Column="15">

<Rule Name="21.1" Mode="required" Report="warning" Id="60">
<Loc File="C:\Component\SF018A_EotProtn_Impl\src\EotProtn.c" Line="726" Column="18">
</Loc>
<Message>
Minimisation of run-time failures.
</Message>
</Rule>

<Rule Name="21.1" Mode="required" Report="warning" Id="61">
<Loc File="C:\Component\SF018A_EotProtn_Impl\src\EotProtn.c" Line="740" Column="4">
</Loc>
<Message>
Minimisation of run-time failures.
</Message>
</Rule>

</CodeStruct>

<CodeStruct Name="EotProtnPer1" File="C:\Component\SF018A_EotProtn_Impl\src\EotProtn.c" Line="340" Column="5">

<Rule Name="9.1" Mode="required" Report="warning" Id="31">
<Loc File="C:\Component\SF018A_EotProtn_Impl\src\EotProtn.c" Line="387" Column="14">
</Loc>
<Message>
All automatic variables shall have been assigned a value before being used.
</Message>
</Rule>

<Rule Name="9.1" Mode="required" Report="warning" Id="32">
<Loc File="C:\Component\SF018A_EotProtn_Impl\src\EotProtn.c" Line="387" Column="48">
</Loc>
<Message>
All automatic variables shall have been assigned a value before being used.
</Message>
</Rule>

<Rule Name="12.4" Mode="required" Report="warning" Id="33">
<Loc File="C:\Component\SF018A_EotProtn_Impl\src\EotProtn.c" Line="387" Column="78">
</Loc>
<Message>
The right hand operand of a logical &amp;&amp; or || operator shall not contain side effects.
</Message>
</Rule>

<Rule Name="21.1" Mode="required" Report="warning" Id="34">
<Loc File="C:\Component\SF018A_EotProtn_Impl\src\EotProtn.c" Line="395" Column="4">
</Loc>
<Message>
Minimisation of run-time failures.
</Message>
</Rule>

<Rule Name="21.1" Mode="required" Report="warning" Id="35">
<Loc File="C:\Component\SF018A_EotProtn_Impl\src\EotProtn.c" Line="395" Column="23">
</Loc>
<Message>
Minimisation of run-time failures.
</Message>
</Rule>

<Rule Name="21.1" Mode="required" Report="warning" Id="36">
<Loc File="C:\Component\SF018A_EotProtn_Impl\src\EotProtn.c" Line="400" Column="45">
</Loc>
<Message>
Minimisation of run-time failures.
</Message>
</Rule>

<Rule Name="12.4" Mode="required" Report="warning" Id="37">
<Loc File="C:\Component\SF018A_EotProtn_Impl\src\EotProtn.c" Line="401" Column="12">
</Loc>
<Message>
The right hand operand of a logical &amp;&amp; or || operator shall not contain side effects.
</Message>
</Rule>

<Rule Name="9.1" Mode="required" Report="warning" Id="38">
<Loc File="C:\Component\SF018A_EotProtn_Impl\src\EotProtn.c" Line="401" Column="88">
</Loc>
<Message>
All automatic variables shall have been assigned a value before being used.
</Message>
</Rule>

<Rule Name="9.1" Mode="required" Report="warning" Id="39">
<Loc File="C:\Component\SF018A_EotProtn_Impl\src\EotProtn.c" Line="407" Column="50">
</Loc>
<Message>
All automatic variables shall have been assigned a value before being used.
</Message>
</Rule>

<Rule Name="9.1" Mode="required" Report="warning" Id="40">
<Loc File="C:\Component\SF018A_EotProtn_Impl\src\EotProtn.c" Line="407" Column="73">
</Loc>
<Message>
All automatic variables shall have been assigned a value before being used.
</Message>
</Rule>

<Rule Name="9.1" Mode="required" Report="warning" Id="41">
<Loc File="C:\Component\SF018A_EotProtn_Impl\src\EotProtn.c" Line="407" Column="97">
</Loc>
<Message>
All automatic variables shall have been assigned a value before being used.
</Message>
</Rule>

<Rule Name="9.1" Mode="required" Report="warning" Id="42">
<Loc File="C:\Component\SF018A_EotProtn_Impl\src\EotProtn.c" Line="408" Column="48">
</Loc>
<Message>
All automatic variables shall have been assigned a value before being used.
</Message>
</Rule>

<Rule Name="9.1" Mode="required" Report="warning" Id="43">
<Loc File="C:\Component\SF018A_EotProtn_Impl\src\EotProtn.c" Line="408" Column="66">
</Loc>
<Message>
All automatic variables shall have been assigned a value before being used.
</Message>
</Rule>

<Rule Name="9.1" Mode="required" Report="warning" Id="44">
<Loc File="C:\Component\SF018A_EotProtn_Impl\src\EotProtn.c" Line="408" Column="87">
</Loc>
<Message>
All automatic variables shall have been assigned a value before being used.
</Message>
</Rule>

<Rule Name="9.1" Mode="required" Report="warning" Id="45">
<Loc File="C:\Component\SF018A_EotProtn_Impl\src\EotProtn.c" Line="416" Column="12">
</Loc>
<Message>
All automatic variables shall have been assigned a value before being used.
</Message>
</Rule>

<Rule Name="12.4" Mode="required" Report="warning" Id="46">
<Loc File="C:\Component\SF018A_EotProtn_Impl\src\EotProtn.c" Line="416" Column="94">
</Loc>
<Message>
The right hand operand of a logical &amp;&amp; or || operator shall not contain side effects.
</Message>
</Rule>

<Rule Name="9.1" Mode="required" Report="warning" Id="47">
<Loc File="C:\Component\SF018A_EotProtn_Impl\src\EotProtn.c" Line="417" Column="9">
</Loc>
<Message>
All automatic variables shall have been assigned a value before being used.
</Message>
</Rule>

<Rule Name="12.4" Mode="required" Report="warning" Id="48">
<Loc File="C:\Component\SF018A_EotProtn_Impl\src\EotProtn.c" Line="417" Column="26">
</Loc>
<Message>
The right hand operand of a logical &amp;&amp; or || operator shall not contain side effects.
</Message>
</Rule>

<Rule Name="21.1" Mode="required" Report="warning" Id="49">
<Loc File="C:\Component\SF018A_EotProtn_Impl\src\EotProtn.c" Line="417" Column="86">
</Loc>
<Message>
Minimisation of run-time failures.
</Message>
</Rule>

<Rule Name="21.1" Mode="required" Report="warning" Id="50">
<Loc File="C:\Component\SF018A_EotProtn_Impl\src\EotProtn.c" Line="429" Column="4">
</Loc>
<Message>
Minimisation of run-time failures.
</Message>
</Rule>

<Rule Name="12.4" Mode="required" Report="warning" Id="51">
<Loc File="C:\Component\SF018A_EotProtn_Impl\src\EotProtn.c" Line="432" Column="28">
</Loc>
<Message>
The right hand operand of a logical &amp;&amp; or || operator shall not contain side effects.
</Message>
</Rule>

<Rule Name="9.1" Mode="required" Report="warning" Id="52">
<Loc File="C:\Component\SF018A_EotProtn_Impl\src\EotProtn.c" Line="441" Column="69">
</Loc>
<Message>
All automatic variables shall have been assigned a value before being used.
</Message>
</Rule>

<Rule Name="9.1" Mode="required" Report="warning" Id="53">
<Loc File="C:\Component\SF018A_EotProtn_Impl\src\EotProtn.c" Line="441" Column="92">
</Loc>
<Message>
All automatic variables shall have been assigned a value before being used.
</Message>
</Rule>

<Rule Name="9.1" Mode="required" Report="warning" Id="54">
<Loc File="C:\Component\SF018A_EotProtn_Impl\src\EotProtn.c" Line="441" Column="116">
</Loc>
<Message>
All automatic variables shall have been assigned a value before being used.
</Message>
</Rule>

<Rule Name="9.1" Mode="required" Report="warning" Id="55">
<Loc File="C:\Component\SF018A_EotProtn_Impl\src\EotProtn.c" Line="442" Column="56">
</Loc>
<Message>
All automatic variables shall have been assigned a value before being used.
</Message>
</Rule>

<Rule Name="9.1" Mode="required" Report="warning" Id="56">
<Loc File="C:\Component\SF018A_EotProtn_Impl\src\EotProtn.c" Line="443" Column="38">
</Loc>
<Message>
All automatic variables shall have been assigned a value before being used.
</Message>
</Rule>

<Rule Name="9.1" Mode="required" Report="warning" Id="57">
<Loc File="C:\Component\SF018A_EotProtn_Impl\src\EotProtn.c" Line="453" Column="72">
</Loc>
<Message>
All automatic variables shall have been assigned a value before being used.
</Message>
</Rule>

<Rule Name="9.1" Mode="required" Report="warning" Id="58">
<Loc File="C:\Component\SF018A_EotProtn_Impl\src\EotProtn.c" Line="459" Column="61">
</Loc>
<Message>
All automatic variables shall have been assigned a value before being used.
</Message>
</Rule>

<Rule Name="9.1" Mode="required" Report="warning" Id="59">
<Loc File="C:\Component\SF018A_EotProtn_Impl\src\EotProtn.c" Line="460" Column="67">
</Loc>
<Message>
All automatic variables shall have been assigned a value before being used.
</Message>
</Rule>

</CodeStruct>

<CodeStruct Name="LimPosnDetd" File="C:\Component\SF018A_EotProtn_Impl\src\EotProtn.c" Line="588" Column="15">

<Rule Name="12.4" Mode="required" Report="warning" Id="83">
<Loc File="C:\Component\SF018A_EotProtn_Impl\src\EotProtn.c" Line="599" Column="99">
</Loc>
<Message>
The right hand operand of a logical &amp;&amp; or || operator shall not contain side effects.
</Message>
</Rule>

<Rule Name="12.4" Mode="required" Report="warning" Id="84">
<Loc File="C:\Component\SF018A_EotProtn_Impl\src\EotProtn.c" Line="608" Column="103">
</Loc>
<Message>
The right hand operand of a logical &amp;&amp; or || operator shall not contain side effects.
</Message>
</Rule>

<Rule Name="21.1" Mode="required" Report="warning" Id="85">
<Loc File="C:\Component\SF018A_EotProtn_Impl\src\EotProtn.c" Line="634" Column="4">
</Loc>
<Message>
Minimisation of run-time failures.
</Message>
</Rule>

</CodeStruct>

<CodeStruct Name="FildEotGain" File="C:\Component\SF018A_EotProtn_Impl\src\EotProtn.c" Line="752" Column="15">

<Rule Name="21.1" Mode="required" Report="warning" Id="87">
<Loc File="C:\Component\SF018A_EotProtn_Impl\src\EotProtn.c" Line="759" Column="11">
</Loc>
<Message>
Minimisation of run-time failures.
</Message>
</Rule>

<Rule Name="21.1" Mode="required" Report="warning" Id="88">
<Loc File="C:\Component\SF018A_EotProtn_Impl\src\EotProtn.c" Line="779" Column="4">
</Loc>
<Message>
Minimisation of run-time failures.
</Message>
</Rule>

<Rule Name="21.1" Mode="required" Report="warning" Id="89">
<Loc File="C:\Component\SF018A_EotProtn_Impl\src\EotProtn.c" Line="783" Column="4">
</Loc>
<Message>
Minimisation of run-time failures.
</Message>
</Rule>

</CodeStruct>

<CodeStruct Name="EotProtnInit1" File="C:\Component\SF018A_EotProtn_Impl\src\EotProtn.c" Line="287" Column="5">

<Rule Name="21.1" Mode="required" Report="warning" Id="86">
<Loc File="C:\Component\SF018A_EotProtn_Impl\src\EotProtn.c" Line="294" Column="93">
</Loc>
<Message>
Minimisation of run-time failures.
</Message>
</Rule>

</CodeStruct>

<CodeStruct Name="CalcExitGain" File="C:\Component\SF018A_EotProtn_Impl\src\EotProtn.c" Line="693" Column="15">

<Rule Name="11.5" Mode="required" Report="warning" Id="90">
<Loc File="C:\Component\SF018A_EotProtn_Impl\src\EotProtn.c" Line="702" Column="59">
</Loc>
<Message>
A cast shall not be performed that removes any const or volatile qualification
from the type addressed by a pointer.
</Message>
</Rule>

<Rule Name="12.3" Mode="required" Report="warning" Id="91">
<Loc File="C:\Component\SF018A_EotProtn_Impl\src\EotProtn.c" Line="704" Column="65">
</Loc>
<Message>
The sizeof operator should not be used on expressions that contain side effects.
</Message>
</Rule>

<Rule Name="11.5" Mode="required" Report="warning" Id="92">
<Loc File="C:\Component\SF018A_EotProtn_Impl\src\EotProtn.c" Line="704" Column="74">
</Loc>
<Message>
A cast shall not be performed that removes any const or volatile qualification
from the type addressed by a pointer.
</Message>
</Rule>

<Rule Name="12.3" Mode="required" Report="warning" Id="93">
<Loc File="C:\Component\SF018A_EotProtn_Impl\src\EotProtn.c" Line="704" Column="142">
</Loc>
<Message>
The sizeof operator should not be used on expressions that contain side effects.
</Message>
</Rule>

<Rule Name="11.5" Mode="required" Report="warning" Id="94">
<Loc File="C:\Component\SF018A_EotProtn_Impl\src\EotProtn.c" Line="704" Column="152">
</Loc>
<Message>
A cast shall not be performed that removes any const or volatile qualification
from the type addressed by a pointer.
</Message>
</Rule>

<Rule Name="21.1" Mode="required" Report="warning" Id="95">
<Loc File="C:\Component\SF018A_EotProtn_Impl\src\EotProtn.c" Line="708" Column="33">
</Loc>
<Message>
Minimisation of run-time failures.
</Message>
</Rule>

<Rule Name="21.1" Mode="required" Report="warning" Id="96">
<Loc File="C:\Component\SF018A_EotProtn_Impl\src\EotProtn.c" Line="709" Column="4">
</Loc>
<Message>
Minimisation of run-time failures.
</Message>
</Rule>

</CodeStruct>

<CodeStruct Name="EotVelImpct" File="C:\Component\SF018A_EotProtn_Impl\src\EotProtn.c" Line="491" Column="15">

<Rule Name="21.1" Mode="required" Report="warning" Id="97">
<Loc File="C:\Component\SF018A_EotProtn_Impl\src\EotProtn.c" Line="514" Column="63">
</Loc>
<Message>
Minimisation of run-time failures.
</Message>
</Rule>

<Rule Name="21.1" Mode="required" Report="warning" Id="98">
<Loc File="C:\Component\SF018A_EotProtn_Impl\src\EotProtn.c" Line="541" Column="75">
</Loc>
<Message>
Minimisation of run-time failures.
</Message>
</Rule>

<Rule Name="11.5" Mode="required" Report="warning" Id="99">
<Loc File="C:\Component\SF018A_EotProtn_Impl\src\EotProtn.c" Line="541" Column="76">
</Loc>
<Message>
A cast shall not be performed that removes any const or volatile qualification
from the type addressed by a pointer.
</Message>
</Rule>

<Rule Name="21.1" Mode="required" Report="warning" Id="100">
<Loc File="C:\Component\SF018A_EotProtn_Impl\src\EotProtn.c" Line="542" Column="75">
</Loc>
<Message>
Minimisation of run-time failures.
</Message>
</Rule>

<Rule Name="11.5" Mode="required" Report="warning" Id="101">
<Loc File="C:\Component\SF018A_EotProtn_Impl\src\EotProtn.c" Line="542" Column="76">
</Loc>
<Message>
A cast shall not be performed that removes any const or volatile qualification
from the type addressed by a pointer.
</Message>
</Rule>

<Rule Name="21.1" Mode="required" Report="warning" Id="102">
<Loc File="C:\Component\SF018A_EotProtn_Impl\src\EotProtn.c" Line="546" Column="71">
</Loc>
<Message>
Minimisation of run-time failures.
</Message>
</Rule>

<Rule Name="11.5" Mode="required" Report="warning" Id="103">
<Loc File="C:\Component\SF018A_EotProtn_Impl\src\EotProtn.c" Line="546" Column="72">
</Loc>
<Message>
A cast shall not be performed that removes any const or volatile qualification
from the type addressed by a pointer.
</Message>
</Rule>

<Rule Name="21.1" Mode="required" Report="warning" Id="104">
<Loc File="C:\Component\SF018A_EotProtn_Impl\src\EotProtn.c" Line="547" Column="71">
</Loc>
<Message>
Minimisation of run-time failures.
</Message>
</Rule>

<Rule Name="11.5" Mode="required" Report="warning" Id="105">
<Loc File="C:\Component\SF018A_EotProtn_Impl\src\EotProtn.c" Line="547" Column="72">
</Loc>
<Message>
A cast shall not be performed that removes any const or volatile qualification
from the type addressed by a pointer.
</Message>
</Rule>

<Rule Name="11.5" Mode="required" Report="warning" Id="106">
<Loc File="C:\Component\SF018A_EotProtn_Impl\src\EotProtn.c" Line="553" Column="66">
</Loc>
<Message>
A cast shall not be performed that removes any const or volatile qualification
from the type addressed by a pointer.
</Message>
</Rule>

<Rule Name="21.1" Mode="required" Report="warning" Id="107">
<Loc File="C:\Component\SF018A_EotProtn_Impl\src\EotProtn.c" Line="564" Column="14">
</Loc>
<Message>
Minimisation of run-time failures.
</Message>
</Rule>

<Rule Name="12.4" Mode="required" Report="warning" Id="108">
<Loc File="C:\Component\SF018A_EotProtn_Impl\src\EotProtn.c" Line="564" Column="82">
</Loc>
<Message>
The right hand operand of a logical &amp;&amp; or || operator shall not contain side effects.
</Message>
</Rule>

</CodeStruct>

<CodeStruct Name="EotActvCmdCalc" File="C:\Component\SF018A_EotProtn_Impl\src\EotProtn.c" Line="910" Column="15">

<Rule Name="21.1" Mode="required" Report="warning" Id="109">
<Loc File="C:\Component\SF018A_EotProtn_Impl\src\EotProtn.c" Line="936" Column="38">
</Loc>
<Message>
Minimisation of run-time failures.
</Message>
</Rule>

<Rule Name="21.1" Mode="required" Report="warning" Id="110">
<Loc File="C:\Component\SF018A_EotProtn_Impl\src\EotProtn.c" Line="940" Column="4">
</Loc>
<Message>
Minimisation of run-time failures.
</Message>
</Rule>

<Rule Name="21.1" Mode="required" Report="warning" Id="111">
<Loc File="C:\Component\SF018A_EotProtn_Impl\src\EotProtn.c" Line="946" Column="8">
</Loc>
<Message>
Minimisation of run-time failures.
</Message>
</Rule>

<Rule Name="21.1" Mode="required" Report="warning" Id="112">
<Loc File="C:\Component\SF018A_EotProtn_Impl\src\EotProtn.c" Line="966" Column="8">
</Loc>
<Message>
Minimisation of run-time failures.
</Message>
</Rule>

</CodeStruct>

</MISRA-C-Report>
