<?xml version="1.0" encoding="UTF-8"?>

<project name="Polyspace" files="2" includes="18" ap_cg_cycle="0" ap_cg_direct_cycle="0" pshv="0" unpshv="0">
<file name="C:\Component\ES248A_MotAgArbn_Impl\src\CDD_MotAgArbn_MotCtrl.c" total_lines="146" lines_without_cmt="95" comf="18" fco="1">
<function name="SigAvlChkRev" path="9" goto="0" vg="5" calling="1" calls="0" param="5" stmt="11" level="2" return="1" vocf="3.7" flin="29" fxln="14" ncalls="0">
</function>
<function name="MotAgArbnPer1" path="3" goto="0" vg="3" calling="0" calls="1" param="0" stmt="16" level="2" return="0" vocf="3.6" flin="48" fxln="25" ncalls="2">
</function>
</file>
<file name="C:\Component\ES248A_MotAgArbn_Impl\src\CDD_MotAgArbn.c" total_lines="152" lines_without_cmt="8" comf="100" fco="0">
<function name="CDD_MotAgArbnInit1" path="1" goto="0" vg="1" calling="0" calls="0" param="0" stmt="0" level="1" return="0" vocf="1.2" flin="12" fxln="0" ncalls="0">
</function>
</file>
</project>
