<?xml version="1.0" encoding="UTF-8"?>
<MISRA-C-Report-Summary>
<File Mode="advisory" Error="0" Warning="2" Total="2">
<Name>
C:\Component\SF106A_MotRplCoggCfg_Impl\src\MotRplCoggCfg.c</Name>
</File>
<File Mode="required" Error="0" Warning="153" Total="153">
<Name>
C:\Component\SF106A_MotRplCoggCfg_Impl\src\MotRplCoggCfg.c</Name>
</File>
<Rule Name="11.5" Count="82" Mode="required" Severity="warning">
<Message>
A cast shall not be performed that removes any const or volatile qualification</Message>
</Rule>
<Rule Name="12.3" Count="52" Mode="required" Severity="warning">
<Message>
The sizeof operator should not be used on expressions that contain side effects.</Message>
</Rule>
<Rule Name="5.1" Count="11" Mode="required" Severity="warning">
<Message>
</Message>
</Rule>
<Rule Name="19.4" Count="4" Mode="required" Severity="warning">
<Message>
</Message>
</Rule>
<Rule Name="8.10" Count="4" Mode="required" Severity="warning">
<Message>
</Message>
</Rule>
<Rule Name="19.1" Count="2" Mode="advisory" Severity="warning">
<Message>
#include statements in a file shall only be preceded by other preprocessor directives or comments.</Message>
</Rule>
</MISRA-C-Report-Summary>
